PGC,Vls,Vcmb,f,DMbest,e_DMbest,DM-r,e_DM-r,RMS-r,DM-i,e_DM-i,RMS-i,DM-z,e_DM-z,RMS-z,DM-W1,e_DM-W1,RMS-W1
2,5296,4726,1.013,34.24,0.29,,,,,,,,,,34.24,0.29,0.48
4,4706,4109,1.011,33.29,0.17,33.31,0.16,0.56,33.29,0.17,0.60,33.28,0.17,0.59,33.26,0.17,0.66
12,6685,6195,1.016,35.03,0.22,,,,,,,,,,35.03,0.22,0.48
16,5809,5312,1.014,34.70,0.24,34.70,0.23,0.39,34.70,0.24,0.40,34.69,0.24,0.40,34.71,0.25,0.53
55,5052,4454,1.012,34.00,0.24,34.00,0.23,0.56,34.00,0.24,0.59,34.01,0.24,0.59,34.09,0.25,0.65
68,7740,7338,1.019,34.81,0.37,34.80,0.36,0.52,34.82,0.37,0.52,34.81,0.38,0.52,34.72,0.41,0.61
70,7040,6447,1.017,35.12,0.12,35.10,0.12,0.35,35.12,0.12,0.39,35.12,0.12,0.40,35.08,0.10,0.48
76,7183,6583,1.017,34.73,0.16,34.73,0.16,0.35,34.73,0.16,0.39,34.74,0.16,0.40,34.77,0.15,0.48
92,5592,5015,1.013,33.25,0.18,33.27,0.17,0.56,33.24,0.18,0.60,33.23,0.18,0.59,,,
94,4367,3995,1.011,33.89,0.32,,,,,,,,,,33.89,0.32,0.65
96,14934,14380,1.038,36.17,0.13,36.19,0.13,0.35,36.16,0.13,0.39,36.16,0.13,0.40,,,
102,5323,4726,1.013,34.20,0.13,34.19,0.13,0.35,34.20,0.13,0.39,34.20,0.13,0.40,34.41,0.11,0.48
124,6529,5988,1.016,34.49,0.14,34.49,0.14,0.51,34.49,0.14,0.51,34.49,0.14,0.51,34.54,0.13,0.61
128,12829,12230,1.032,35.90,0.23,35.90,0.22,0.51,35.92,0.23,0.51,35.89,0.23,0.51,,,
146,6590,6004,1.016,34.39,0.27,34.40,0.26,0.55,34.38,0.27,0.57,34.38,0.27,0.56,34.24,0.29,0.64
155,8156,7582,1.020,34.51,0.37,34.52,0.35,0.54,34.52,0.37,0.55,34.50,0.37,0.55,34.34,0.40,0.63
165,7878,7280,1.019,34.69,0.13,34.69,0.13,0.48,34.69,0.13,0.48,34.69,0.13,0.47,34.72,0.12,0.58
171,2725,2326,1.006,33.29,0.29,,,,,,,,,,33.29,0.29,0.57
176,6612,6109,1.016,34.97,0.26,34.96,0.25,0.35,34.98,0.26,0.39,34.98,0.26,0.40,34.94,0.28,0.48
179,5736,5175,1.014,34.04,0.27,34.04,0.26,0.46,34.05,0.27,0.46,34.04,0.28,0.45,34.07,0.30,0.57
181,1745,1944,1.005,30.42,0.58,,,,,,,,,,30.42,0.58,0.66
186,8128,7539,1.020,35.16,0.16,35.16,0.16,0.35,35.16,0.16,0.39,35.16,0.16,0.40,35.29,0.16,0.48
201,8810,8267,1.022,35.30,0.31,35.30,0.30,0.35,35.31,0.31,0.39,35.29,0.31,0.40,35.32,0.34,0.49
205,7422,6910,1.018,34.72,0.23,34.71,0.23,0.35,34.73,0.23,0.39,34.73,0.24,0.40,34.73,0.25,0.48
212,11455,10872,1.029,35.77,0.14,35.80,0.14,0.35,35.76,0.14,0.39,35.75,0.14,0.40,35.95,0.13,0.48
216,8168,7628,1.020,34.16,0.19,34.17,0.19,0.44,34.17,0.19,0.45,34.15,0.20,0.44,33.87,0.20,0.56
218,1275,693,1.002,30.95,0.12,30.93,0.12,0.35,30.95,0.12,0.39,30.96,0.12,0.40,31.09,0.10,0.48
222,7368,6774,1.018,35.83,0.18,35.82,0.18,0.44,35.83,0.18,0.44,35.83,0.19,0.43,,,
247,17548,16978,1.044,37.25,0.28,37.28,0.27,0.35,37.25,0.28,0.39,37.23,0.28,0.40,,,
250,7512,6917,1.018,34.20,0.21,34.19,0.21,0.35,34.21,0.21,0.39,34.21,0.22,0.40,34.19,0.23,0.48
257,8210,7612,1.020,35.21,0.14,35.21,0.14,0.51,35.20,0.14,0.51,35.21,0.14,0.51,,,
258,11747,11205,1.029,35.93,0.13,35.95,0.12,0.35,35.93,0.13,0.39,35.91,0.13,0.40,,,
259,6632,6050,1.016,34.82,0.21,34.83,0.21,0.48,34.82,0.21,0.49,34.82,0.22,0.48,34.68,0.22,0.59
279,2550,1959,1.005,32.18,0.12,32.18,0.12,0.35,32.19,0.12,0.39,32.18,0.13,0.40,32.12,0.11,0.48
293,7388,6956,1.018,35.28,0.23,,,,,,,,,,35.28,0.23,0.48
298,4697,4103,1.011,33.75,0.24,33.74,0.24,0.55,33.75,0.24,0.56,33.75,0.25,0.56,33.32,0.26,0.64
301,5279,4730,1.013,34.19,0.13,34.20,0.13,0.50,34.19,0.13,0.50,34.17,0.14,0.50,,,
303,5241,4645,1.012,33.63,0.24,33.62,0.23,0.43,33.63,0.24,0.44,33.63,0.24,0.43,33.48,0.26,0.56
305,3308,2760,1.007,33.03,0.18,33.03,0.18,0.53,33.03,0.18,0.54,33.03,0.19,0.53,33.01,0.19,0.62
309,5037,4442,1.012,33.23,0.14,33.26,0.14,0.54,33.23,0.14,0.55,33.19,0.14,0.54,,,
312,3941,3460,1.009,33.22,0.23,33.20,0.22,0.40,33.22,0.23,0.40,33.23,0.23,0.40,33.23,0.24,0.54
329,7336,6823,1.018,34.30,0.22,34.29,0.21,0.45,34.30,0.22,0.45,34.31,0.22,0.44,34.03,0.23,0.57
345,6493,5908,1.016,34.82,0.34,34.81,0.33,0.56,34.83,0.34,0.58,34.84,0.35,0.58,,,
354,6345,5793,1.015,34.35,0.25,34.36,0.24,0.35,34.36,0.25,0.39,34.34,0.25,0.40,34.56,0.27,0.48
366,6478,5927,1.016,34.60,0.30,34.60,0.28,0.35,34.60,0.30,0.39,34.60,0.30,0.40,,,
367,7509,7092,1.019,34.76,0.15,,,,,,,,,,34.76,0.15,0.48
393,9817,9274,1.024,35.60,0.22,,,,,,,,,,35.60,0.22,0.48
415,7789,7193,1.019,35.14,0.20,35.16,0.19,0.35,35.15,0.20,0.39,35.13,0.20,0.40,35.18,0.21,0.48
431,6859,6267,1.017,34.58,0.14,34.58,0.14,0.51,34.58,0.14,0.52,34.57,0.14,0.51,34.62,0.13,0.61
448,9062,8763,1.023,35.36,0.26,,,,,,,,,,35.36,0.26,0.50
451,5501,4925,1.013,34.10,0.16,34.11,0.16,0.56,34.10,0.16,0.59,34.09,0.16,0.59,,,
461,5787,5249,1.014,34.30,0.30,,,,,,,,,,34.30,0.30,0.57
462,8173,7807,1.021,34.52,0.25,,,,,,,,,,34.52,0.25,0.50
465,11736,11177,1.029,35.87,0.23,35.87,0.22,0.35,35.87,0.23,0.39,35.87,0.23,0.40,36.01,0.25,0.48
507,7812,7218,1.019,35.06,0.16,35.06,0.16,0.35,35.06,0.16,0.39,35.05,0.17,0.40,34.92,0.16,0.48
511,5553,5010,1.013,34.38,0.24,34.37,0.23,0.39,34.38,0.24,0.40,34.37,0.24,0.40,34.39,0.25,0.54
527,4533,3952,1.010,34.08,0.33,,,,,,,,,,34.08,0.33,0.65
558,10213,9839,1.026,35.72,0.19,,,,,,,,,,35.72,0.19,0.48
559,5626,5053,1.013,34.06,0.15,34.06,0.15,0.56,34.06,0.15,0.58,34.05,0.15,0.57,34.11,0.15,0.64
567,7804,7209,1.019,35.11,0.19,35.11,0.19,0.35,35.11,0.19,0.39,35.11,0.19,0.40,35.13,0.20,0.48
569,5355,4761,1.013,34.07,0.12,34.06,0.12,0.35,34.07,0.12,0.39,34.07,0.12,0.40,34.14,0.11,0.48
613,6634,6074,1.016,34.61,0.21,34.61,0.20,0.35,34.62,0.21,0.39,34.61,0.21,0.40,34.63,0.22,0.48
616,12020,11468,1.030,35.52,0.25,35.54,0.24,0.35,35.52,0.25,0.39,35.51,0.25,0.40,,,
619,4897,4303,1.011,32.96,0.25,32.97,0.24,0.55,32.97,0.25,0.57,32.96,0.25,0.56,32.72,0.26,0.64
627,1514,1210,1.003,31.28,0.24,,,,,,,,,,31.28,0.24,0.66
634,6796,6529,1.017,34.55,0.25,,,,,,,,,,34.55,0.25,0.48
638,8501,7927,1.021,35.62,0.40,,,,,,,,,,35.62,0.40,0.59
642,4718,4130,1.011,34.06,0.19,34.03,0.18,0.35,34.06,0.19,0.39,34.08,0.19,0.40,34.18,0.19,0.48
644,4828,4237,1.011,33.81,0.28,33.81,0.27,0.56,33.81,0.28,0.58,33.82,0.29,0.58,33.78,0.31,0.65
650,5097,4505,1.012,33.67,0.13,33.66,0.12,0.35,33.67,0.13,0.39,33.67,0.13,0.40,33.91,0.11,0.48
657,11095,10533,1.028,35.90,0.31,35.90,0.30,0.36,35.89,0.31,0.39,35.89,0.31,0.40,35.78,0.34,0.52
658,6895,6332,1.017,34.54,0.12,34.53,0.12,0.35,34.54,0.12,0.39,34.54,0.12,0.40,34.81,0.11,0.48
676,5446,4882,1.013,33.70,0.28,,,,,,,,,,33.70,0.28,0.58
690,8578,7986,1.021,34.78,0.23,34.77,0.22,0.35,34.78,0.23,0.39,34.78,0.23,0.40,34.74,0.24,0.48
693,17477,16885,1.044,36.13,0.44,36.13,0.42,0.40,36.15,0.44,0.41,36.12,0.45,0.40,,,
701,595,250,1.001,29.79,0.22,,,,,,,,,,29.79,0.22,0.64
705,7100,6507,1.017,34.69,0.27,34.70,0.26,0.51,34.69,0.27,0.51,34.68,0.28,0.51,34.58,0.29,0.61
709,8460,7867,1.021,35.37,0.14,35.38,0.14,0.35,35.37,0.14,0.39,35.36,0.14,0.40,,,
727,11682,11116,1.029,36.25,0.30,36.27,0.29,0.35,36.26,0.30,0.39,36.24,0.30,0.40,36.33,0.33,0.48
731,7318,6725,1.018,35.23,0.13,35.23,0.13,0.35,35.24,0.13,0.39,35.23,0.13,0.40,35.30,0.11,0.48
743,8294,7815,1.021,35.41,0.31,35.39,0.30,0.35,35.42,0.31,0.39,35.43,0.32,0.40,35.33,0.34,0.51
759,5064,4474,1.012,33.73,0.21,33.73,0.20,0.38,33.73,0.21,0.39,33.73,0.21,0.40,,,
767,5038,4448,1.012,33.94,0.15,33.92,0.15,0.35,33.94,0.15,0.39,33.95,0.15,0.40,,,
772,10506,9915,1.026,35.80,0.19,35.80,0.19,0.35,35.80,0.19,0.39,35.80,0.20,0.40,35.84,0.20,0.48
776,2007,1420,1.004,34.54,0.19,34.56,0.19,0.56,34.54,0.19,0.58,34.53,0.19,0.58,,,
786,8378,7787,1.021,35.76,0.70,35.76,0.67,0.43,35.79,0.70,0.44,35.72,0.71,0.43,,,
789,7851,7582,1.020,35.23,0.19,,,,,,,,,,35.23,0.19,0.48
798,6224,5680,1.015,33.93,0.18,33.92,0.18,0.35,33.93,0.18,0.39,33.94,0.18,0.40,34.05,0.18,0.48
800,1423,1229,1.003,32.16,0.31,,,,,,,,,,32.16,0.31,0.66
810,7693,7102,1.019,35.22,0.13,35.23,0.13,0.35,35.22,0.13,0.39,35.22,0.13,0.40,,,
816,8169,7578,1.020,35.57,0.18,35.57,0.17,0.35,35.57,0.18,0.39,35.57,0.18,0.40,,,
817,7786,7487,1.020,35.29,0.28,,,,,,,,,,35.29,0.28,0.54
830,4763,4173,1.011,33.88,0.26,33.88,0.25,0.55,33.88,0.26,0.56,33.87,0.26,0.55,33.71,0.28,0.63
832,10996,10407,1.027,36.56,0.28,36.56,0.27,0.35,36.58,0.28,0.39,36.56,0.28,0.40,36.65,0.30,0.48
833,6558,5995,1.016,34.04,0.14,34.04,0.14,0.51,34.04,0.14,0.52,34.04,0.14,0.51,33.95,0.13,0.61
835,7655,7065,1.019,35.14,0.17,35.13,0.17,0.38,35.14,0.17,0.39,35.15,0.17,0.40,35.15,0.17,0.53
847,7887,7301,1.019,35.12,0.14,35.12,0.13,0.35,35.12,0.14,0.39,35.11,0.14,0.40,35.19,0.12,0.48
848,7417,6826,1.018,35.29,0.29,35.29,0.28,0.52,35.29,0.29,0.52,35.28,0.30,0.51,35.07,0.32,0.61
858,11965,11451,1.030,36.19,0.19,36.20,0.19,0.37,36.20,0.19,0.39,36.18,0.19,0.40,,,
859,8658,8119,1.021,35.00,0.14,35.00,0.13,0.35,35.01,0.14,0.39,35.01,0.14,0.40,34.98,0.12,0.51
865,6193,5608,1.015,34.67,0.25,34.67,0.24,0.35,34.68,0.25,0.39,34.68,0.25,0.40,34.67,0.27,0.48
866,7826,7236,1.019,35.72,0.26,35.73,0.25,0.56,35.70,0.26,0.58,35.71,0.26,0.57,,,
869,5034,4445,1.012,33.71,0.24,33.71,0.23,0.50,33.71,0.24,0.50,33.71,0.25,0.49,33.54,0.26,0.60
874,5285,4703,1.012,34.47,0.34,,,,,,,,,,34.47,0.34,0.58
897,5235,4659,1.012,33.63,0.26,33.62,0.25,0.41,33.63,0.26,0.41,33.63,0.26,0.40,33.48,0.28,0.54
902,5540,5055,1.013,34.25,0.29,34.23,0.28,0.35,34.26,0.29,0.39,34.27,0.29,0.40,34.36,0.31,0.51
906,5514,4957,1.013,34.85,0.33,,,,,,,,,,34.85,0.33,0.54
908,7395,6806,1.018,35.02,0.16,35.03,0.16,0.35,35.02,0.16,0.39,35.02,0.16,0.40,35.20,0.16,0.48
912,4939,4350,1.012,33.87,0.15,33.86,0.15,0.56,33.86,0.15,0.58,33.88,0.16,0.57,34.15,0.15,0.65
924,1905,1340,1.004,31.79,0.18,31.80,0.17,0.56,31.78,0.18,0.60,31.78,0.18,0.59,31.66,0.18,0.66
937,6026,5480,1.014,34.13,0.21,34.12,0.20,0.55,34.12,0.21,0.56,34.14,0.21,0.55,34.35,0.22,0.63
948,2606,2083,1.006,33.62,0.19,33.62,0.18,0.56,33.61,0.19,0.60,33.62,0.19,0.59,,,
963,4122,3614,1.010,33.75,0.19,33.74,0.19,0.42,33.75,0.19,0.43,33.77,0.20,0.42,33.82,0.20,0.55
976,5653,5105,1.014,34.68,0.18,34.68,0.17,0.54,34.68,0.18,0.55,34.69,0.18,0.54,,,
978,5626,5049,1.013,34.33,0.16,34.33,0.16,0.35,34.33,0.16,0.39,34.34,0.16,0.40,,,
997,17232,16659,1.044,37.04,0.24,37.07,0.24,0.35,37.03,0.24,0.39,37.01,0.25,0.40,36.96,0.26,0.48
1011,5465,4994,1.013,34.08,0.21,34.07,0.20,0.35,34.08,0.21,0.39,34.08,0.21,0.40,33.91,0.21,0.48
1014,95,-117,1.000,25.69,0.34,,,,,,,,,,25.69,0.34,0.66
1022,7907,7431,1.020,35.15,0.27,35.15,0.26,0.35,35.16,0.27,0.39,35.14,0.27,0.40,34.90,0.29,0.51
1051,4418,3846,1.010,33.14,0.13,33.14,0.13,0.43,33.14,0.13,0.43,33.15,0.13,0.42,33.02,0.11,0.56
1056,5686,5120,1.014,34.41,0.13,34.41,0.13,0.46,34.41,0.13,0.46,34.40,0.13,0.46,34.22,0.12,0.57
1089,5135,4548,1.012,34.10,0.15,34.10,0.15,0.53,34.10,0.15,0.54,34.10,0.15,0.53,34.20,0.14,0.62
1106,4179,3637,1.010,33.60,0.12,33.60,0.12,0.35,33.61,0.12,0.39,33.60,0.12,0.40,33.49,0.10,0.48
1107,1340,780,1.002,31.06,0.23,31.06,0.22,0.56,31.06,0.23,0.60,31.06,0.23,0.59,,,
1109,4075,3594,1.010,32.97,0.27,32.96,0.26,0.49,32.97,0.27,0.49,32.97,0.27,0.48,32.72,0.29,0.59
1123,5336,4764,1.013,34.42,0.23,,,,,,,,,,34.42,0.23,0.53
1130,3269,2884,1.008,33.15,0.38,,,,,,,,,,33.15,0.38,0.55
1139,5863,5324,1.014,34.59,0.25,34.58,0.24,0.51,34.60,0.25,0.52,34.60,0.25,0.51,34.75,0.27,0.61
1149,7431,6961,1.018,34.79,0.27,34.77,0.26,0.35,34.79,0.27,0.39,34.79,0.27,0.40,34.87,0.29,0.48
1152,6132,5649,1.015,34.41,0.35,34.40,0.34,0.51,34.42,0.35,0.52,34.42,0.36,0.51,34.49,0.39,0.61
1154,5102,4516,1.012,33.73,0.17,33.73,0.16,0.49,33.73,0.17,0.49,33.73,0.17,0.48,33.67,0.17,0.59
1158,6299,5715,1.015,34.15,0.20,34.14,0.19,0.41,34.16,0.20,0.41,34.16,0.20,0.40,34.09,0.20,0.54
1170,6043,5460,1.014,34.40,0.31,34.39,0.30,0.44,34.41,0.31,0.44,34.41,0.32,0.43,34.34,0.34,0.56
1172,8720,8708,1.023,35.04,0.19,,,,,,,,,,35.04,0.19,0.48
1176,6960,6735,1.018,34.59,0.27,,,,,,,,,,34.59,0.27,0.55
1198,5544,4990,1.013,33.90,0.33,,,,,,,,,,33.90,0.33,0.49
1226,5430,4875,1.013,35.01,0.23,,,,,,,,,,35.01,0.23,0.48
1231,4713,4132,1.011,34.24,0.22,34.23,0.21,0.51,34.24,0.22,0.52,34.25,0.22,0.51,34.24,0.23,0.61
1237,11123,10555,1.028,35.60,0.13,35.61,0.13,0.35,35.60,0.13,0.39,35.59,0.13,0.40,,,
1238,5579,5003,1.013,34.30,0.14,34.32,0.14,0.37,34.31,0.14,0.39,34.29,0.14,0.40,,,
1248,7187,6745,1.018,35.15,0.32,35.15,0.31,0.38,35.16,0.32,0.39,35.13,0.32,0.40,35.24,0.35,0.53
1258,5663,5094,1.013,34.17,0.46,34.20,0.45,0.55,34.18,0.46,0.56,34.13,0.47,0.55,33.98,0.52,0.63
1264,5427,4870,1.013,34.81,0.21,,,,,,,,,,34.81,0.21,0.48
1265,5458,4899,1.013,34.78,0.31,34.78,0.29,0.56,34.79,0.31,0.58,34.79,0.31,0.57,,,
1273,5471,4898,1.013,35.14,0.34,35.14,0.32,0.48,35.15,0.34,0.48,35.14,0.34,0.48,35.08,0.37,0.59
1276,6063,5482,1.014,34.86,0.24,34.86,0.24,0.35,34.86,0.24,0.39,34.86,0.25,0.40,35.02,0.26,0.48
1285,5644,5097,1.013,34.73,0.16,34.73,0.16,0.35,34.74,0.16,0.39,34.73,0.16,0.40,34.26,0.16,0.50
1286,8054,7479,1.020,34.77,0.17,34.75,0.17,0.54,34.77,0.17,0.55,34.79,0.18,0.55,35.01,0.17,0.63
1288,3837,3366,1.009,33.75,0.21,33.74,0.20,0.44,33.75,0.21,0.44,33.75,0.21,0.43,33.84,0.21,0.56
1294,5535,4961,1.013,34.48,0.24,34.49,0.23,0.39,34.48,0.24,0.40,34.46,0.24,0.40,,,
1301,5920,5379,1.014,34.17,0.14,34.17,0.13,0.44,34.17,0.14,0.45,34.18,0.14,0.44,34.26,0.12,0.56
1315,5435,4879,1.013,33.97,0.36,,,,,,,,,,33.97,0.36,0.53
1325,7723,7374,1.019,34.80,0.25,,,,,,,,,,34.80,0.25,0.48
1332,16638,16101,1.042,37.30,0.16,37.34,0.16,0.35,37.30,0.16,0.39,37.27,0.16,0.40,,,
1346,12018,11478,1.030,36.11,0.14,36.10,0.14,0.35,36.10,0.14,0.39,36.12,0.14,0.40,,,
1347,11914,11332,1.030,36.06,0.24,36.09,0.23,0.35,36.07,0.24,0.39,36.02,0.24,0.40,36.16,0.25,0.48
1361,7048,6466,1.017,34.38,0.39,34.39,0.38,0.56,34.39,0.39,0.58,34.37,0.40,0.57,34.06,0.43,0.65
1362,5978,5399,1.014,34.40,0.24,34.38,0.23,0.38,34.40,0.24,0.39,34.41,0.25,0.40,34.31,0.26,0.53
1372,5510,4941,1.013,33.70,0.22,33.71,0.21,0.56,33.70,0.22,0.58,33.69,0.22,0.57,,,
1381,11141,10619,1.028,35.77,0.15,35.78,0.15,0.37,35.77,0.15,0.39,35.76,0.15,0.40,,,
1382,6042,5464,1.014,34.73,0.24,34.73,0.23,0.35,34.73,0.24,0.39,34.73,0.24,0.40,34.58,0.26,0.50
1387,7281,6698,1.018,34.94,0.27,34.94,0.26,0.42,34.94,0.27,0.42,34.94,0.27,0.41,35.02,0.29,0.55
1404,6378,5928,1.016,34.44,0.20,34.45,0.19,0.40,34.44,0.20,0.41,34.43,0.20,0.40,34.25,0.21,0.54
1413,4732,4153,1.011,34.17,0.16,34.16,0.16,0.51,34.16,0.16,0.51,34.17,0.17,0.51,34.16,0.16,0.61
1414,5407,4857,1.013,33.01,0.31,,,,,,,,,,33.01,0.31,0.60
1419,4487,4006,1.011,34.00,0.50,34.00,0.48,0.53,34.01,0.50,0.53,33.98,0.51,0.53,34.09,0.56,0.62
1422,5893,5319,1.014,34.59,0.14,34.60,0.14,0.54,34.58,0.14,0.54,34.57,0.15,0.54,34.81,0.14,0.63
1439,7344,6762,1.018,34.64,0.21,34.64,0.20,0.35,34.64,0.21,0.39,34.62,0.21,0.40,34.77,0.22,0.48
1460,9455,8873,1.023,35.73,0.25,35.72,0.24,0.36,35.73,0.25,0.39,35.73,0.25,0.40,35.75,0.27,0.52
1461,7732,7197,1.019,35.25,0.16,35.25,0.15,0.35,35.25,0.16,0.39,35.24,0.16,0.40,35.30,0.15,0.48
1472,12430,11850,1.031,36.44,0.25,36.44,0.24,0.35,36.43,0.25,0.39,36.45,0.25,0.40,36.34,0.27,0.48
1478,5457,4893,1.013,34.57,0.14,34.57,0.14,0.48,34.57,0.14,0.48,34.57,0.14,0.47,34.62,0.13,0.58
1516,7468,6888,1.018,35.08,0.21,35.06,0.20,0.47,35.08,0.21,0.47,35.09,0.21,0.46,35.14,0.22,0.58
1520,5948,5370,1.014,34.58,0.26,34.56,0.25,0.38,34.58,0.26,0.39,34.59,0.26,0.40,34.58,0.28,0.53
1524,7619,7041,1.019,35.31,0.24,35.30,0.23,0.47,35.31,0.24,0.48,35.32,0.24,0.47,35.13,0.25,0.58
1525,1058,494,1.001,30.92,0.15,30.93,0.14,0.56,30.92,0.15,0.58,30.92,0.15,0.57,31.06,0.14,0.65
1534,4452,3971,1.011,33.73,0.32,33.72,0.30,0.51,33.73,0.32,0.52,33.73,0.32,0.51,33.75,0.35,0.61
1544,5017,4438,1.012,32.52,0.21,32.53,0.20,0.56,32.52,0.21,0.59,32.52,0.21,0.59,,,
1546,5122,4544,1.012,33.90,0.33,33.90,0.32,0.41,33.91,0.33,0.41,33.89,0.34,0.40,33.73,0.37,0.54
1547,8305,7837,1.021,35.03,0.33,35.00,0.32,0.35,35.04,0.33,0.39,35.05,0.34,0.40,35.07,0.37,0.49
1552,4921,4341,1.011,33.99,0.33,34.00,0.32,0.55,34.00,0.33,0.56,33.98,0.33,0.56,33.84,0.36,0.64
1553,5597,5024,1.013,34.32,0.19,34.32,0.18,0.44,34.32,0.19,0.44,34.32,0.19,0.43,33.76,0.19,0.56
1564,7411,6999,1.018,35.00,0.30,35.00,0.29,0.35,35.01,0.30,0.39,35.00,0.31,0.40,35.06,0.33,0.48
1572,7058,6479,1.017,34.13,0.13,34.13,0.13,0.35,34.13,0.13,0.39,34.13,0.13,0.40,34.16,0.11,0.48
1592,5357,4799,1.013,34.50,0.15,,,,,,,,,,34.50,0.15,0.48
1594,4790,4214,1.011,33.83,0.29,33.83,0.28,0.52,33.84,0.29,0.52,33.83,0.29,0.52,33.74,0.31,0.61
1606,6415,5962,1.016,34.49,0.40,34.48,0.38,0.48,34.49,0.40,0.48,34.48,0.40,0.48,34.45,0.44,0.59
1609,5470,4982,1.013,33.81,0.16,33.79,0.15,0.35,33.82,0.16,0.39,33.83,0.16,0.40,33.87,0.15,0.48
1621,11395,10838,1.028,35.80,0.15,35.79,0.15,0.40,35.80,0.15,0.41,35.80,0.15,0.40,35.95,0.14,0.54
1634,4116,3641,1.010,33.29,0.22,33.29,0.21,0.45,33.30,0.22,0.46,33.29,0.22,0.45,33.24,0.23,0.57
1651,1820,1566,1.004,32.15,0.19,,,,,,,,,,32.15,0.19,0.63
1654,6551,5974,1.016,34.33,0.14,34.33,0.14,0.35,34.33,0.14,0.39,34.32,0.14,0.40,34.34,0.13,0.49
1658,5458,4914,1.013,33.31,0.21,,,,,,,,,,33.31,0.21,0.53
1665,2330,1783,1.005,32.16,0.13,32.16,0.13,0.51,32.16,0.13,0.51,32.16,0.13,0.51,31.99,0.12,0.61
1713,4049,3558,1.009,33.90,0.24,33.88,0.23,0.52,33.89,0.24,0.52,33.92,0.24,0.52,34.03,0.25,0.61
1715,4208,3719,1.010,33.52,0.32,33.50,0.31,0.46,33.52,0.32,0.47,33.52,0.33,0.46,33.40,0.35,0.58
1723,4564,4054,1.011,32.90,0.16,32.91,0.16,0.54,32.90,0.16,0.55,32.90,0.16,0.54,32.82,0.15,0.63
1724,6561,5985,1.016,33.81,0.41,33.82,0.40,0.49,33.82,0.41,0.49,33.79,0.42,0.48,33.51,0.46,0.59
1726,7210,6759,1.018,34.41,0.37,34.43,0.36,0.47,34.42,0.37,0.47,34.39,0.38,0.47,34.56,0.41,0.58
1736,6562,5986,1.016,34.33,0.13,34.33,0.13,0.35,34.34,0.13,0.39,34.33,0.13,0.40,34.41,0.11,0.48
1737,4531,4018,1.011,34.17,0.19,34.18,0.19,0.50,34.17,0.19,0.50,34.17,0.19,0.49,34.15,0.20,0.60
1743,9839,9263,1.024,35.41,0.13,35.41,0.13,0.35,35.41,0.13,0.39,35.41,0.13,0.40,35.56,0.11,0.48
1748,4450,3940,1.010,33.82,0.16,33.83,0.15,0.55,33.82,0.16,0.56,33.82,0.16,0.56,33.86,0.15,0.64
1750,1511,990,1.003,31.23,0.30,31.22,0.29,0.56,31.22,0.30,0.60,31.24,0.30,0.59,31.05,0.32,0.66
1751,7756,7301,1.019,35.02,0.23,35.01,0.22,0.41,35.02,0.23,0.41,35.03,0.24,0.40,35.22,0.25,0.54
1758,6350,5774,1.015,33.92,0.19,33.93,0.19,0.54,33.92,0.19,0.55,33.93,0.20,0.55,33.83,0.20,0.63
1760,4671,4159,1.011,33.12,0.16,33.14,0.15,0.56,33.12,0.16,0.57,33.10,0.16,0.57,,,
1771,2437,1862,1.005,31.17,0.63,31.13,0.60,0.56,31.18,0.63,0.60,31.19,0.64,0.59,31.36,0.71,0.66
1774,3150,2575,1.007,33.02,0.36,33.02,0.34,0.56,33.02,0.36,0.60,33.02,0.36,0.59,,,
1797,6605,6030,1.016,34.80,0.14,34.82,0.14,0.52,34.80,0.14,0.52,34.79,0.14,0.52,34.90,0.13,0.61
1802,5400,4856,1.013,33.23,0.45,33.24,0.43,0.56,33.24,0.45,0.59,33.22,0.45,0.59,,,
1813,1418,1163,1.003,30.46,0.23,,,,,,,,,,30.46,0.23,0.66
1817,5820,5252,1.014,34.71,0.13,34.72,0.13,0.35,34.72,0.13,0.39,34.71,0.13,0.40,34.79,0.11,0.48
1828,6570,5995,1.016,35.37,0.19,35.36,0.19,0.35,35.37,0.19,0.39,35.38,0.19,0.40,35.56,0.20,0.48
1833,7347,7042,1.019,35.23,0.29,,,,,,,,,,35.23,0.29,0.53
1841,3611,3181,1.008,33.09,0.19,33.09,0.18,0.37,33.10,0.19,0.39,33.09,0.19,0.40,33.16,0.19,0.52
1844,5547,5042,1.013,33.95,0.23,33.93,0.23,0.35,33.95,0.23,0.39,33.97,0.24,0.40,33.92,0.25,0.48
1851,1572,1318,1.004,30.96,0.15,,,,,,,,,,30.96,0.15,0.48
1861,5883,5320,1.014,34.66,0.40,,,,,,,,,,34.66,0.40,0.61
1879,7282,6993,1.018,35.36,0.38,,,,,,,,,,35.36,0.38,0.51
1886,7932,7478,1.020,35.66,0.26,35.65,0.25,0.35,35.66,0.26,0.39,35.67,0.26,0.40,35.74,0.28,0.48
1903,12791,12275,1.032,36.02,0.21,36.03,0.20,0.35,36.02,0.21,0.39,36.02,0.21,0.40,36.04,0.22,0.48
1905,5931,5439,1.014,34.28,0.30,34.29,0.29,0.44,34.29,0.30,0.44,34.27,0.31,0.43,33.96,0.33,0.56
1908,6232,5782,1.015,34.80,0.27,34.78,0.26,0.35,34.81,0.27,0.39,34.82,0.27,0.40,34.88,0.29,0.48
1909,3674,3242,1.009,33.72,0.30,33.71,0.29,0.43,33.72,0.30,0.43,33.73,0.30,0.42,,,
1913,4901,4328,1.011,33.31,0.21,33.31,0.20,0.56,33.30,0.21,0.58,33.30,0.21,0.57,33.06,0.22,0.65
1924,2272,1750,1.005,31.04,0.43,,,,,,,,,,31.04,0.43,0.66
1926,7151,6784,1.018,35.15,0.20,35.13,0.20,0.35,35.15,0.20,0.39,35.17,0.21,0.40,35.30,0.21,0.50
1927,4450,3919,1.010,33.34,0.27,33.34,0.26,0.55,33.34,0.27,0.56,33.33,0.27,0.56,33.11,0.29,0.64
1932,3638,3206,1.008,33.31,0.17,33.30,0.17,0.42,33.31,0.17,0.43,33.31,0.17,0.42,,,
1933,11654,11103,1.029,35.62,0.12,35.64,0.12,0.35,35.62,0.12,0.39,35.62,0.12,0.40,36.13,0.10,0.48
1957,6610,6038,1.016,34.77,0.20,34.75,0.19,0.41,34.78,0.20,0.42,34.78,0.20,0.41,34.84,0.21,0.55
1958,6394,5821,1.015,33.49,0.15,33.51,0.15,0.50,33.49,0.15,0.50,33.47,0.15,0.50,,,
1970,2552,2047,1.005,32.60,0.17,32.60,0.17,0.56,32.59,0.17,0.60,32.60,0.17,0.59,32.70,0.17,0.66
1971,4905,4338,1.011,33.68,0.15,33.68,0.15,0.56,33.67,0.15,0.57,33.68,0.15,0.57,33.67,0.14,0.64
1977,2955,2637,1.007,32.64,0.33,,,,,,,,,,32.64,0.33,0.60
1979,4140,3714,1.010,33.71,0.18,,,,,,,,,,33.71,0.18,0.50
1982,6370,5798,1.015,34.64,0.18,34.63,0.17,0.38,34.64,0.18,0.39,34.64,0.18,0.40,34.68,0.18,0.53
1986,5128,4586,1.012,34.07,0.13,34.07,0.13,0.45,34.07,0.13,0.45,34.08,0.13,0.44,,,
2001,6264,5851,1.015,34.48,0.28,,,,,,,,,,34.48,0.28,0.53
2003,5578,5051,1.013,34.38,0.14,34.39,0.14,0.50,34.38,0.14,0.50,34.37,0.15,0.50,34.20,0.13,0.60
2007,4312,3819,1.010,33.97,0.25,33.97,0.24,0.56,33.97,0.25,0.60,33.97,0.25,0.59,,,
2022,4548,4043,1.011,33.70,0.22,33.69,0.21,0.50,33.70,0.22,0.50,33.71,0.22,0.49,33.74,0.23,0.60
2023,5413,4846,1.013,34.68,0.18,34.69,0.17,0.47,34.68,0.18,0.47,34.68,0.18,0.46,34.62,0.18,0.58
2052,1594,1296,1.003,31.83,0.22,,,,,,,,,,31.83,0.22,0.50
2056,12868,12350,1.032,36.55,0.32,36.57,0.31,0.36,36.56,0.32,0.39,36.53,0.33,0.40,,,
2060,6081,5518,1.015,34.76,0.25,34.75,0.25,0.45,34.76,0.25,0.46,34.76,0.26,0.45,34.56,0.27,0.57
2062,9737,9196,1.024,35.18,0.13,35.17,0.13,0.35,35.17,0.13,0.39,35.19,0.13,0.40,,,
2068,6606,6098,1.016,35.03,0.26,35.02,0.25,0.42,35.03,0.26,0.42,35.03,0.26,0.41,35.09,0.28,0.55
2069,9581,9053,1.024,35.11,0.26,35.13,0.25,0.39,35.11,0.26,0.40,35.09,0.26,0.40,,,
2071,1533,1254,1.003,31.54,0.58,,,,,,,,,,31.54,0.58,0.66
2085,4422,3853,1.010,32.94,0.16,32.95,0.15,0.56,32.93,0.16,0.59,32.94,0.16,0.59,33.15,0.15,0.66
2088,6050,5487,1.015,34.87,0.34,34.86,0.33,0.47,34.88,0.34,0.47,34.87,0.34,0.46,35.08,0.38,0.58
2094,6161,5592,1.015,34.49,0.25,34.49,0.24,0.42,34.50,0.25,0.43,34.50,0.25,0.42,34.58,0.27,0.55
2098,5375,4825,1.013,34.96,0.32,,,,,,,,,,34.96,0.32,0.62
2113,7219,6650,1.018,35.19,0.36,35.20,0.34,0.38,35.20,0.36,0.39,35.18,0.36,0.40,35.18,0.39,0.53
2122,3879,3545,1.009,33.32,0.61,,,,,,,,,,33.32,0.61,0.62
2133,5165,4702,1.012,33.61,0.24,33.60,0.23,0.46,33.61,0.24,0.47,33.61,0.24,0.46,33.56,0.26,0.58
2134,5512,4983,1.013,34.19,0.13,34.19,0.13,0.35,34.18,0.13,0.39,34.18,0.13,0.40,34.48,0.12,0.48
2138,3343,2984,1.008,33.57,0.16,33.56,0.16,0.36,33.57,0.16,0.39,33.57,0.17,0.40,33.56,0.16,0.52
2139,5249,4720,1.012,34.49,0.28,34.49,0.27,0.46,34.49,0.28,0.46,34.49,0.28,0.46,,,
2143,6086,5679,1.015,34.68,0.26,,,,,,,,,,34.68,0.26,0.51
2147,6621,6052,1.016,34.58,0.13,34.57,0.13,0.35,34.58,0.13,0.39,34.58,0.13,0.40,34.75,0.12,0.48
2148,5848,5284,1.014,33.86,0.36,33.87,0.34,0.56,33.87,0.36,0.57,33.85,0.36,0.57,,,
2159,9509,8948,1.024,35.50,0.19,35.51,0.19,0.41,35.50,0.19,0.41,35.49,0.19,0.40,35.50,0.20,0.54
2160,5515,5069,1.013,34.52,0.39,34.51,0.38,0.47,34.53,0.39,0.47,34.52,0.40,0.46,34.60,0.44,0.58
2169,5115,4547,1.012,33.44,0.43,33.45,0.41,0.55,33.45,0.43,0.56,33.41,0.43,0.56,33.14,0.48,0.64
2180,12461,11961,1.031,35.95,0.15,35.96,0.15,0.35,35.96,0.15,0.39,35.95,0.15,0.40,,,
2194,9161,8601,1.023,35.09,0.15,35.10,0.15,0.35,35.09,0.15,0.39,35.09,0.15,0.40,35.15,0.14,0.48
2196,6190,5622,1.015,34.52,0.20,34.53,0.19,0.53,34.52,0.20,0.54,34.51,0.20,0.54,,,
2199,7198,6907,1.018,34.39,0.30,,,,,,,,,,34.39,0.30,0.53
2207,4357,3853,1.010,33.40,0.25,33.40,0.24,0.56,33.40,0.25,0.60,33.41,0.25,0.59,33.49,0.27,0.66
2228,3086,2748,1.007,32.90,0.17,32.89,0.17,0.49,32.89,0.17,0.49,32.90,0.17,0.49,33.06,0.17,0.59
2231,5538,4971,1.013,34.09,0.16,34.09,0.16,0.41,34.10,0.16,0.41,34.10,0.16,0.40,34.28,0.16,0.54
2241,3875,3537,1.009,33.91,0.18,33.89,0.18,0.35,33.91,0.18,0.39,33.92,0.19,0.40,34.12,0.19,0.48
2242,12213,11684,1.031,35.27,0.12,35.27,0.12,0.35,35.27,0.12,0.39,35.27,0.12,0.40,,,
2254,5515,5009,1.013,35.04,0.45,35.05,0.43,0.56,35.05,0.45,0.58,35.02,0.46,0.57,,,
2260,5391,4881,1.013,34.06,0.15,34.07,0.15,0.56,34.06,0.15,0.58,34.07,0.15,0.58,34.26,0.14,0.65
2261,5088,4521,1.012,33.86,0.15,33.87,0.14,0.56,33.86,0.15,0.57,33.85,0.15,0.57,33.75,0.14,0.64
2266,8647,8138,1.021,35.14,0.12,35.13,0.12,0.35,35.14,0.12,0.39,35.15,0.12,0.40,35.09,0.10,0.48
2268,5481,4956,1.013,33.56,0.24,33.55,0.23,0.35,33.56,0.24,0.39,33.56,0.24,0.40,33.73,0.26,0.48
2279,5428,4929,1.013,34.44,0.35,34.43,0.34,0.35,34.45,0.35,0.39,34.45,0.36,0.40,34.70,0.39,0.48
2280,11069,10674,1.028,35.50,0.41,,,,,,,,,,35.50,0.41,0.53
2294,5899,5333,1.014,34.39,0.28,34.39,0.27,0.50,34.39,0.28,0.50,34.38,0.29,0.50,34.38,0.31,0.60
2302,5675,5109,1.014,34.80,0.19,34.79,0.18,0.46,34.80,0.19,0.47,34.80,0.19,0.46,34.80,0.19,0.58
2312,5670,5120,1.014,34.38,0.12,34.38,0.12,0.35,34.38,0.12,0.39,34.38,0.12,0.40,34.80,0.10,0.48
2314,5864,5308,1.014,34.58,0.30,34.57,0.29,0.48,34.59,0.30,0.49,34.59,0.31,0.48,34.58,0.33,0.59
2316,7482,6919,1.018,34.89,0.28,34.90,0.27,0.50,34.90,0.28,0.50,34.89,0.29,0.49,34.73,0.31,0.60
2342,5423,4910,1.013,33.42,0.37,33.43,0.35,0.54,33.43,0.37,0.55,33.41,0.37,0.55,33.27,0.41,0.63
2370,5361,4855,1.013,34.06,0.37,34.06,0.35,0.55,34.07,0.37,0.56,34.06,0.37,0.56,33.87,0.41,0.64
2380,4011,3616,1.010,33.22,0.26,,,,,,,,,,33.22,0.26,0.56
2383,6417,6194,1.016,34.81,0.26,,,,,,,,,,34.81,0.26,0.63
2384,4915,4412,1.012,34.24,0.28,34.23,0.27,0.56,34.23,0.28,0.58,34.24,0.29,0.57,34.05,0.31,0.65
2387,5311,4812,1.013,33.72,0.18,33.71,0.17,0.35,33.73,0.18,0.39,33.73,0.18,0.40,33.86,0.18,0.48
2390,4617,4093,1.011,33.74,0.12,33.74,0.12,0.35,33.75,0.12,0.39,33.75,0.12,0.40,33.96,0.10,0.49
2412,3935,3581,1.009,32.94,0.69,32.96,0.66,0.56,32.96,0.69,0.60,32.90,0.70,0.59,33.19,0.77,0.66
2436,1664,1318,1.004,32.10,0.36,,,,,,,,,,32.10,0.36,0.65
2437,1717,1318,1.004,31.35,0.27,,,,,,,,,,31.35,0.27,0.53
2445,1556,1600,1.004,31.28,0.43,,,,,,,,,,31.28,0.43,0.66
2449,5515,5018,1.013,34.15,0.29,34.16,0.28,0.48,34.15,0.29,0.48,34.14,0.29,0.48,34.05,0.31,0.59
2458,4904,4340,1.011,34.00,0.12,34.00,0.12,0.35,34.01,0.12,0.39,34.00,0.12,0.40,33.90,0.10,0.48
2468,5467,4925,1.013,34.14,0.26,34.14,0.25,0.56,34.14,0.26,0.57,34.13,0.27,0.56,,,
2479,4788,4228,1.011,33.58,0.37,33.56,0.36,0.35,33.59,0.37,0.39,33.59,0.38,0.40,33.72,0.42,0.48
2483,7220,6658,1.018,35.25,0.35,35.25,0.33,0.42,35.25,0.35,0.42,35.24,0.35,0.41,35.06,0.38,0.55
2492,1616,1239,1.003,31.79,0.40,,,,,,,,,,31.79,0.40,0.66
2504,5196,4634,1.012,34.36,0.29,34.35,0.28,0.52,34.36,0.29,0.52,34.37,0.30,0.51,34.33,0.32,0.61
2517,10897,10338,1.027,35.50,0.38,35.52,0.37,0.35,35.51,0.38,0.39,35.49,0.39,0.40,,,
2520,6494,5932,1.016,33.98,0.15,33.99,0.15,0.56,33.99,0.15,0.57,33.97,0.15,0.57,33.86,0.15,0.64
2526,1611,1245,1.003,31.97,0.17,,,,,,,,,,31.97,0.17,0.65
2537,5543,4981,1.013,33.33,0.14,33.34,0.14,0.54,33.33,0.14,0.55,33.32,0.14,0.54,33.09,0.13,0.63
2553,5105,4544,1.012,33.79,0.16,33.80,0.16,0.56,33.78,0.16,0.59,33.78,0.16,0.59,33.71,0.16,0.66
2571,6497,5936,1.016,34.16,0.26,34.15,0.25,0.44,34.17,0.26,0.45,34.17,0.26,0.44,34.11,0.28,0.56
2593,5497,4968,1.013,33.74,0.33,,,,,,,,,,33.74,0.33,0.56
2597,4306,3827,1.010,33.55,0.22,33.53,0.21,0.35,33.55,0.22,0.39,33.55,0.22,0.40,33.44,0.23,0.51
2599,5183,4623,1.012,35.13,0.18,35.14,0.18,0.44,35.14,0.18,0.45,35.12,0.18,0.44,34.93,0.18,0.56
2611,6792,6476,1.017,34.35,0.41,,,,,,,,,,34.35,0.41,0.62
2614,5034,4474,1.012,33.97,0.13,33.97,0.13,0.35,33.97,0.13,0.39,33.97,0.13,0.40,34.20,0.11,0.48
2615,5616,5133,1.014,33.78,0.18,33.79,0.17,0.52,33.78,0.18,0.52,33.78,0.18,0.51,33.66,0.18,0.61
2616,6945,6489,1.017,34.80,0.23,34.77,0.22,0.35,34.80,0.23,0.39,34.82,0.23,0.40,34.94,0.24,0.51
2621,10340,9782,1.026,35.74,0.14,35.75,0.14,0.35,35.73,0.14,0.39,35.73,0.14,0.40,36.05,0.13,0.48
2627,5443,4885,1.013,34.00,0.15,33.99,0.15,0.50,34.00,0.15,0.50,34.01,0.15,0.49,34.07,0.14,0.59
2646,3093,2591,1.007,31.08,0.28,31.09,0.27,0.56,31.08,0.28,0.60,31.07,0.28,0.59,,,
2649,4899,4357,1.012,34.37,0.24,34.37,0.23,0.55,34.36,0.24,0.56,34.36,0.24,0.55,34.30,0.26,0.63
2659,12177,11655,1.031,36.38,0.21,36.37,0.21,0.35,36.38,0.21,0.39,36.39,0.22,0.40,36.76,0.22,0.48
2699,2862,2317,1.006,32.64,0.14,32.64,0.14,0.53,32.64,0.14,0.54,32.64,0.14,0.54,32.82,0.13,0.62
2704,5551,5026,1.013,34.01,0.22,,,,,,,,,,34.01,0.22,0.51
2712,5258,4701,1.012,34.13,0.20,34.12,0.20,0.35,34.14,0.20,0.39,34.14,0.21,0.40,34.59,0.21,0.48
2717,6514,5956,1.016,34.92,0.22,34.92,0.21,0.35,34.92,0.22,0.39,34.91,0.22,0.40,34.95,0.23,0.48
2739,5185,4630,1.012,34.50,0.16,34.51,0.15,0.53,34.50,0.16,0.53,34.50,0.16,0.52,34.43,0.15,0.62
2742,4971,4414,1.012,34.02,0.18,34.03,0.17,0.55,34.02,0.18,0.56,34.01,0.18,0.55,,,
2743,5124,4567,1.012,34.01,0.14,34.00,0.13,0.35,34.02,0.14,0.39,34.01,0.14,0.40,33.88,0.12,0.48
2747,5491,4934,1.013,33.86,0.12,33.85,0.12,0.35,33.86,0.12,0.39,33.87,0.12,0.40,33.89,0.10,0.50
2752,5380,4824,1.013,34.11,0.52,34.11,0.50,0.56,34.12,0.52,0.58,34.09,0.53,0.58,34.13,0.59,0.65
2758,204,-137,1.000,27.57,0.15,,,,,,,,,,27.57,0.15,0.64
2759,7265,6805,1.018,35.01,0.30,35.00,0.29,0.35,35.02,0.30,0.39,35.02,0.31,0.40,34.93,0.33,0.51
2767,3908,4120,1.011,32.57,0.30,,,,,,,,,,32.57,0.30,0.60
2768,11991,11459,1.030,35.70,0.26,35.72,0.25,0.35,35.70,0.26,0.39,35.68,0.27,0.40,35.33,0.28,0.48
2769,9635,9100,1.024,36.03,0.31,36.04,0.30,0.35,36.02,0.31,0.39,36.01,0.32,0.40,36.02,0.35,0.48
2782,5331,4775,1.013,33.96,0.26,33.97,0.25,0.56,33.96,0.26,0.57,33.95,0.26,0.57,33.78,0.28,0.64
2784,11757,11226,1.030,35.05,0.31,35.04,0.30,0.48,35.05,0.31,0.48,35.05,0.32,0.47,35.00,0.35,0.58
2789,261,-43,1.000,27.44,0.13,,,,,,,,,,27.44,0.13,0.48
2804,11521,10997,1.029,35.96,0.24,35.96,0.23,0.35,35.96,0.24,0.39,35.97,0.24,0.40,,,
2805,1437,1020,1.003,30.74,0.33,30.73,0.32,0.56,30.74,0.33,0.60,30.75,0.33,0.59,31.08,0.36,0.66
2806,4777,4233,1.011,33.80,0.23,33.78,0.23,0.35,33.80,0.23,0.39,33.81,0.24,0.40,33.84,0.25,0.48
2812,4281,3861,1.010,34.01,0.34,34.00,0.32,0.41,34.01,0.34,0.41,34.01,0.34,0.40,34.03,0.37,0.54
2816,1705,1457,1.004,32.69,0.46,,,,,,,,,,32.69,0.46,0.66
2820,4170,3711,1.010,33.03,0.17,33.01,0.16,0.35,33.03,0.17,0.39,33.04,0.17,0.40,33.12,0.16,0.48
2828,5501,4948,1.013,34.38,0.40,34.38,0.38,0.56,34.38,0.40,0.57,34.37,0.40,0.56,,,
2834,2133,1640,1.004,32.12,0.18,32.13,0.18,0.56,32.12,0.18,0.60,32.12,0.18,0.59,,,
2856,8772,8378,1.022,35.41,0.29,,,,,,,,,,35.41,0.29,0.48
2865,5339,4786,1.013,34.09,0.12,34.09,0.12,0.35,34.10,0.12,0.39,34.09,0.12,0.40,34.20,0.10,0.49
2883,3985,3522,1.009,33.70,0.36,33.70,0.34,0.48,33.71,0.36,0.48,33.70,0.36,0.48,33.63,0.40,0.59
2889,5423,4946,1.013,34.04,0.12,34.03,0.12,0.35,34.05,0.12,0.39,34.05,0.12,0.40,34.15,0.10,0.48
2897,9797,9555,1.025,35.61,0.32,,,,,,,,,,35.61,0.32,0.54
2899,5402,4848,1.013,33.79,0.17,33.81,0.17,0.55,33.78,0.17,0.56,33.77,0.18,0.56,33.72,0.17,0.64
2905,4769,4293,1.011,33.98,0.14,34.00,0.13,0.49,33.99,0.14,0.49,33.97,0.14,0.49,33.61,0.12,0.59
2909,7216,7039,1.019,34.85,0.18,,,,,,,,,,34.85,0.18,0.48
2914,4759,4214,1.011,33.74,0.14,33.75,0.13,0.50,33.74,0.14,0.50,33.73,0.14,0.50,33.89,0.12,0.60
2928,4847,4293,1.011,34.20,0.13,34.20,0.13,0.49,34.20,0.13,0.49,34.21,0.13,0.49,34.33,0.12,0.59
2934,12102,11582,1.030,36.38,0.25,36.41,0.24,0.35,36.38,0.25,0.39,36.36,0.25,0.40,36.38,0.27,0.48
2943,5766,5389,1.014,34.48,0.34,,,,,,,,,,34.48,0.34,0.61
2949,4230,3770,1.010,33.72,0.39,33.72,0.37,0.35,33.73,0.39,0.39,33.72,0.39,0.40,33.92,0.43,0.48
2964,5229,4677,1.012,33.13,0.26,33.14,0.25,0.56,33.13,0.26,0.59,33.13,0.26,0.59,32.95,0.28,0.65
3020,5180,4629,1.012,33.76,0.23,33.76,0.22,0.51,33.76,0.23,0.51,33.75,0.23,0.51,33.61,0.24,0.60
3023,8168,7650,1.020,35.15,0.18,,,,,,,,,,35.15,0.18,0.48
3024,5564,5080,1.013,34.69,0.23,34.70,0.22,0.56,34.69,0.23,0.58,34.69,0.23,0.58,,,
3027,7516,6971,1.018,35.09,0.15,35.07,0.14,0.36,35.09,0.15,0.39,35.09,0.15,0.40,,,
3031,2119,1635,1.004,32.61,0.26,32.62,0.25,0.56,32.61,0.26,0.60,32.62,0.26,0.59,32.51,0.28,0.66
3062,1526,1079,1.003,32.18,0.30,32.18,0.29,0.56,32.18,0.30,0.60,32.19,0.31,0.59,32.08,0.33,0.66
3072,5692,5166,1.014,34.37,0.15,34.38,0.14,0.48,34.37,0.15,0.48,34.36,0.15,0.47,34.54,0.14,0.58
3076,10401,9855,1.026,35.33,0.19,35.33,0.19,0.35,35.32,0.19,0.39,35.33,0.20,0.40,35.33,0.20,0.48
3081,5099,4549,1.012,34.63,0.27,34.65,0.26,0.52,34.63,0.27,0.52,34.62,0.28,0.52,34.73,0.30,0.61
3108,5229,4680,1.012,33.59,0.25,33.58,0.24,0.48,33.59,0.25,0.48,33.60,0.26,0.47,33.53,0.27,0.59
3109,1914,1441,1.004,31.81,0.25,31.81,0.24,0.56,31.80,0.25,0.60,31.80,0.25,0.59,,,
3120,7521,6979,1.018,34.63,0.15,34.64,0.15,0.49,34.64,0.15,0.49,34.63,0.15,0.48,34.81,0.14,0.59
3133,4753,4204,1.011,33.21,0.12,33.21,0.12,0.35,33.22,0.12,0.39,33.21,0.12,0.40,33.64,0.10,0.50
3137,5155,4675,1.012,34.10,0.27,34.10,0.26,0.54,34.10,0.27,0.54,34.09,0.27,0.54,33.98,0.29,0.62
3147,5052,4571,1.012,34.24,0.13,34.23,0.13,0.35,34.24,0.13,0.39,34.24,0.13,0.40,34.31,0.11,0.49
3156,5229,4687,1.012,34.23,0.28,34.24,0.27,0.48,34.24,0.28,0.48,34.22,0.28,0.48,34.35,0.30,0.59
3157,4711,4178,1.011,34.09,0.22,34.09,0.21,0.55,34.08,0.22,0.56,34.09,0.22,0.56,34.13,0.23,0.64
3159,5570,5287,1.014,33.72,0.27,,,,,,,,,,33.72,0.27,0.55
3165,5358,5128,1.014,34.50,0.29,,,,,,,,,,34.50,0.29,0.58
3166,5735,5321,1.014,33.72,0.47,33.73,0.45,0.56,33.73,0.47,0.57,33.71,0.48,0.57,33.73,0.53,0.64
3174,6093,5550,1.015,34.97,0.20,34.96,0.20,0.35,34.97,0.20,0.39,34.96,0.21,0.40,34.49,0.21,0.48
3184,7022,6473,1.017,34.61,0.26,34.61,0.25,0.45,34.62,0.26,0.45,34.61,0.27,0.44,34.72,0.28,0.57
3207,5726,5286,1.014,34.19,0.29,34.18,0.28,0.53,34.19,0.29,0.54,34.19,0.29,0.53,34.25,0.32,0.62
3210,9831,9521,1.025,36.06,0.15,,,,,,,,,,36.06,0.15,0.48
3218,6314,5768,1.015,34.24,0.35,,,,,,,,,,34.24,0.35,0.63
3219,2889,2350,1.006,32.89,0.15,32.90,0.15,0.53,32.88,0.15,0.54,32.87,0.16,0.54,32.83,0.15,0.62
3222,4754,4206,1.011,34.05,0.19,34.05,0.18,0.50,34.05,0.19,0.50,34.05,0.19,0.49,34.00,0.19,0.60
3230,5633,5099,1.013,34.63,0.40,34.63,0.38,0.56,34.63,0.40,0.58,34.62,0.41,0.58,34.55,0.45,0.65
3235,4869,4321,1.011,34.01,0.13,34.02,0.13,0.35,34.01,0.13,0.39,34.01,0.13,0.40,33.43,0.12,0.50
3238,101,-89,1.000,26.75,0.61,,,,,,,,,,26.75,0.61,0.66
3239,5440,4926,1.013,34.52,0.28,,,,,,,,,,34.52,0.28,0.56
3250,1853,1430,1.004,32.18,0.20,32.18,0.19,0.56,32.17,0.20,0.58,32.18,0.20,0.57,32.01,0.20,0.65
3252,6414,6070,1.016,34.26,0.20,,,,,,,,,,34.26,0.20,0.48
3260,5705,5158,1.014,33.32,0.13,33.32,0.13,0.35,33.32,0.13,0.39,33.32,0.13,0.40,33.33,0.12,0.48
3268,13506,13001,1.034,36.94,0.30,36.96,0.29,0.35,36.94,0.30,0.39,36.92,0.30,0.40,37.14,0.33,0.48
3274,5887,5339,1.014,33.75,0.15,33.76,0.14,0.52,33.75,0.15,0.52,33.74,0.15,0.51,33.70,0.14,0.61
3285,6916,6369,1.017,34.78,0.19,34.80,0.19,0.51,34.78,0.19,0.51,34.75,0.19,0.51,34.61,0.20,0.61
3289,6165,5642,1.015,35.02,0.24,,,,,,,,,,35.02,0.24,0.48
3296,11317,10939,1.029,35.74,0.36,,,,,,,,,,35.74,0.36,0.48
3325,10883,10378,1.027,36.15,0.28,36.14,0.27,0.35,36.15,0.28,0.39,36.14,0.28,0.40,36.09,0.30,0.48
3332,4898,4351,1.012,33.63,0.13,33.64,0.13,0.51,33.63,0.13,0.51,33.62,0.13,0.50,33.75,0.12,0.60
3335,6405,6028,1.016,34.99,0.40,,,,,,,,,,34.99,0.40,0.51
3351,1769,1228,1.003,32.03,0.33,32.04,0.32,0.56,32.03,0.33,0.58,32.01,0.33,0.58,32.10,0.36,0.65
3363,5343,4825,1.013,34.51,0.37,,,,,,,,,,34.51,0.37,0.55
3397,11842,11348,1.030,35.75,0.22,35.74,0.21,0.35,35.75,0.22,0.39,35.76,0.22,0.40,36.05,0.23,0.50
3404,12038,11537,1.030,34.71,0.37,34.72,0.36,0.49,34.72,0.37,0.49,34.70,0.38,0.49,,,
3420,5065,4526,1.012,33.65,0.20,33.65,0.20,0.55,33.64,0.20,0.56,33.65,0.21,0.56,33.61,0.21,0.64
3435,5770,5336,1.014,33.60,0.44,33.60,0.42,0.52,33.61,0.44,0.53,33.60,0.45,0.52,33.57,0.49,0.61
3440,5653,5133,1.014,34.51,0.36,34.51,0.35,0.54,34.51,0.36,0.55,34.50,0.37,0.55,34.28,0.40,0.63
3446,5513,4969,1.013,33.42,0.29,33.43,0.28,0.52,33.42,0.29,0.53,33.40,0.30,0.52,33.18,0.32,0.61
3454,5576,5144,1.014,34.47,0.22,34.46,0.21,0.35,34.47,0.22,0.39,34.47,0.22,0.40,34.66,0.23,0.48
3456,5269,4724,1.013,34.06,0.15,34.06,0.15,0.35,34.06,0.15,0.39,34.05,0.15,0.40,34.25,0.14,0.48
3462,5577,5145,1.014,34.48,0.22,34.47,0.22,0.35,34.49,0.22,0.39,34.49,0.23,0.40,,,
3466,4960,4416,1.012,34.00,0.30,34.00,0.29,0.55,34.00,0.30,0.57,33.98,0.30,0.56,33.70,0.33,0.64
3468,5711,5271,1.014,34.77,0.38,34.76,0.37,0.50,34.77,0.38,0.50,34.77,0.39,0.49,34.85,0.42,0.59
3472,5924,5498,1.015,34.06,0.30,34.05,0.29,0.54,34.06,0.30,0.55,34.07,0.30,0.55,34.25,0.33,0.63
3493,10650,10112,1.027,35.23,0.38,35.22,0.36,0.37,35.24,0.38,0.39,35.23,0.39,0.40,35.16,0.42,0.52
3503,5486,4955,1.013,34.92,0.36,34.92,0.34,0.56,34.92,0.36,0.57,34.92,0.36,0.57,,,
3526,2044,1703,1.005,32.44,0.21,,,,,,,,,,32.44,0.21,0.56
3528,3025,2502,1.007,33.28,0.16,,,,,,,,,,33.28,0.16,0.65
3543,1990,1663,1.004,33.06,0.46,,,,,,,,,,33.06,0.46,0.66
3554,3433,3236,1.009,33.16,0.43,,,,,,,,,,33.16,0.43,0.64
3559,2605,2064,1.005,32.85,0.21,32.85,0.21,0.54,32.84,0.21,0.55,32.84,0.21,0.55,32.68,0.22,0.63
3563,5698,5179,1.014,34.60,0.22,34.60,0.21,0.35,34.60,0.22,0.39,34.60,0.22,0.40,34.69,0.23,0.48
3569,12411,11894,1.031,36.25,0.18,36.25,0.17,0.35,36.25,0.18,0.39,36.25,0.18,0.40,36.07,0.18,0.48
3572,1745,1330,1.004,31.58,0.28,31.56,0.27,0.46,31.58,0.28,0.46,31.60,0.29,0.45,31.58,0.31,0.57
3591,8028,7487,1.020,35.85,0.22,35.83,0.21,0.39,35.85,0.22,0.39,35.87,0.22,0.40,,,
3603,2986,2464,1.007,33.12,0.36,,,,,,,,,,33.12,0.36,0.55
3606,5063,4522,1.012,34.33,0.14,34.33,0.13,0.35,34.33,0.14,0.39,34.32,0.14,0.40,34.30,0.12,0.50
3610,6188,5770,1.015,34.39,0.24,34.36,0.23,0.35,34.39,0.24,0.39,34.41,0.24,0.40,34.35,0.25,0.48
3611,5033,4492,1.012,33.76,0.13,33.76,0.13,0.35,33.77,0.13,0.39,33.77,0.13,0.40,33.78,0.12,0.48
3635,2887,2365,1.006,32.36,0.18,,,,,,,,,,32.36,0.18,0.52
3636,11970,11459,1.030,36.40,0.28,36.42,0.27,0.35,36.40,0.28,0.39,36.38,0.28,0.40,36.42,0.30,0.48
3639,5674,5147,1.014,34.67,0.21,34.65,0.20,0.50,34.66,0.21,0.51,34.69,0.21,0.50,34.59,0.22,0.60
3643,6212,5714,1.015,34.62,0.13,34.61,0.12,0.42,34.62,0.13,0.43,34.62,0.13,0.42,34.92,0.11,0.55
3662,4675,4276,1.011,33.42,0.31,33.43,0.30,0.51,33.42,0.31,0.52,33.40,0.32,0.51,33.03,0.34,0.61
3664,5834,5294,1.014,34.40,0.13,34.39,0.12,0.35,34.41,0.13,0.39,34.41,0.13,0.40,34.62,0.11,0.48
3667,2374,1884,1.005,31.77,0.21,31.77,0.20,0.56,31.76,0.21,0.60,31.77,0.21,0.59,31.63,0.22,0.66
3668,11760,11256,1.030,35.82,0.18,35.83,0.17,0.35,35.83,0.18,0.39,35.82,0.18,0.40,35.60,0.18,0.51
3688,4513,4043,1.011,33.12,0.31,33.12,0.30,0.56,33.11,0.31,0.60,33.12,0.31,0.59,,,
3701,5389,4958,1.013,33.89,0.15,33.88,0.15,0.35,33.89,0.15,0.39,33.89,0.16,0.40,34.05,0.15,0.48
3709,11773,11279,1.030,35.54,0.85,35.55,0.81,0.35,35.54,0.85,0.39,35.52,0.86,0.40,,,
3713,5218,4682,1.012,34.20,0.21,34.22,0.21,0.54,34.20,0.21,0.54,34.18,0.21,0.54,,,
3714,4220,3776,1.010,33.52,0.21,33.52,0.20,0.42,33.52,0.21,0.43,33.51,0.21,0.42,33.52,0.21,0.55
3717,11569,11030,1.029,35.15,0.20,35.14,0.19,0.42,35.15,0.20,0.42,35.16,0.20,0.41,34.86,0.21,0.55
3738,5981,5535,1.015,33.86,0.35,33.85,0.34,0.54,33.86,0.35,0.55,33.87,0.35,0.55,33.84,0.39,0.63
3743,2139,2216,1.006,32.53,0.21,,,,,,,,,,32.53,0.21,0.50
3754,5980,5566,1.015,33.77,0.29,33.76,0.27,0.35,33.77,0.29,0.39,33.77,0.29,0.40,33.85,0.31,0.48
3764,12480,11970,1.031,35.51,0.19,35.50,0.18,0.35,35.51,0.19,0.39,35.51,0.19,0.40,35.47,0.19,0.48
3773,5536,4999,1.013,33.89,0.23,33.89,0.22,0.35,33.89,0.23,0.39,33.89,0.23,0.40,34.05,0.25,0.49
3779,14618,14137,1.037,36.36,0.20,36.39,0.19,0.35,36.35,0.20,0.39,36.33,0.20,0.40,,,
3781,5338,4888,1.013,33.99,0.36,33.99,0.35,0.56,33.99,0.36,0.58,33.99,0.37,0.57,33.86,0.40,0.65
3787,6498,5960,1.016,34.54,0.15,34.55,0.15,0.50,34.55,0.15,0.51,34.54,0.15,0.50,34.54,0.15,0.60
3821,5650,5130,1.014,33.54,0.15,33.54,0.15,0.56,33.53,0.15,0.58,33.54,0.15,0.57,,,
3824,8023,7663,1.020,35.31,0.20,,,,,,,,,,35.31,0.20,0.48
3832,5777,5340,1.014,33.58,0.51,33.58,0.49,0.55,33.59,0.51,0.56,33.57,0.52,0.56,33.57,0.57,0.64
3834,3873,3693,1.010,33.55,0.32,,,,,,,,,,33.55,0.32,0.61
3851,8994,8573,1.023,35.14,0.32,35.13,0.31,0.35,35.15,0.32,0.39,35.14,0.32,0.40,35.12,0.35,0.48
3855,2515,2100,1.006,32.04,0.36,32.04,0.35,0.56,32.04,0.36,0.60,32.03,0.37,0.59,32.16,0.40,0.66
3866,6095,5559,1.015,33.46,0.22,33.48,0.21,0.50,33.47,0.22,0.50,33.45,0.22,0.49,33.17,0.23,0.59
3903,6507,5972,1.016,34.75,0.14,34.75,0.14,0.46,34.75,0.14,0.46,34.75,0.14,0.45,35.04,0.13,0.57
3912,14982,14528,1.038,36.64,0.25,36.63,0.25,0.35,36.63,0.25,0.39,36.66,0.26,0.40,36.77,0.27,0.48
3914,12298,11791,1.031,35.87,0.24,35.89,0.23,0.35,35.87,0.24,0.39,35.86,0.24,0.40,,,
3924,4818,4284,1.011,33.34,0.25,33.35,0.24,0.56,33.34,0.25,0.59,33.34,0.25,0.58,33.07,0.27,0.65
3936,11949,11422,1.030,36.57,0.31,36.55,0.30,0.35,36.58,0.31,0.39,36.57,0.32,0.40,36.53,0.35,0.49
3942,5391,4867,1.013,34.71,0.39,34.71,0.37,0.48,34.72,0.39,0.48,34.70,0.40,0.47,34.82,0.43,0.59
3945,6596,6428,1.017,34.90,0.22,,,,,,,,,,34.90,0.22,0.52
3950,5362,4828,1.013,33.69,0.20,33.69,0.19,0.56,33.68,0.20,0.59,33.70,0.20,0.59,33.49,0.21,0.65
3971,3917,3734,1.010,33.99,0.41,,,,,,,,,,33.99,0.41,0.58
3980,1320,1439,1.004,31.45,0.26,,,,,,,,,,31.45,0.26,0.62
3990,6119,5589,1.015,34.32,0.33,,,,,,,,,,34.32,0.33,0.48
3992,14942,14409,1.038,36.22,0.14,36.23,0.14,0.35,36.22,0.14,0.39,36.21,0.14,0.40,,,
3993,10078,9868,1.026,35.97,0.23,,,,,,,,,,35.97,0.23,0.48
4016,4470,3938,1.010,33.76,0.42,33.77,0.40,0.56,33.77,0.42,0.59,33.75,0.43,0.59,,,
4017,10196,9737,1.026,35.98,0.13,35.99,0.13,0.35,35.98,0.13,0.39,35.97,0.13,0.40,,,
4020,4934,4401,1.012,34.40,0.43,34.40,0.41,0.35,34.41,0.43,0.39,34.39,0.44,0.40,34.55,0.48,0.51
4029,5224,4703,1.012,34.66,0.20,34.66,0.20,0.56,34.65,0.20,0.60,34.68,0.21,0.59,,,
4048,10546,10130,1.027,35.80,0.23,35.79,0.22,0.35,35.80,0.23,0.39,35.80,0.23,0.40,35.84,0.24,0.48
4052,7080,6569,1.017,34.61,0.42,,,,,,,,,,34.61,0.42,0.56
4056,10807,10315,1.027,35.88,0.32,35.90,0.31,0.35,35.89,0.32,0.39,35.86,0.33,0.40,35.84,0.35,0.49
4059,5505,5053,1.013,35.02,0.18,35.02,0.17,0.50,35.02,0.18,0.51,35.01,0.18,0.50,,,
4063,2094,1641,1.004,31.67,0.15,31.67,0.15,0.56,31.66,0.15,0.58,31.67,0.15,0.58,31.61,0.14,0.65
4067,12692,12161,1.032,35.93,0.12,35.94,0.12,0.35,35.93,0.12,0.39,35.93,0.12,0.40,,,
4094,5495,5044,1.013,33.78,0.29,33.77,0.28,0.51,33.78,0.29,0.51,33.79,0.30,0.51,,,
4101,6541,6364,1.017,33.47,0.34,,,,,,,,,,33.47,0.34,0.56
4110,4873,4342,1.011,33.86,0.37,33.85,0.35,0.44,33.87,0.37,0.45,33.86,0.37,0.44,33.89,0.41,0.56
4116,11719,11217,1.029,35.42,0.19,35.43,0.18,0.35,35.41,0.19,0.39,35.41,0.19,0.40,35.61,0.19,0.48
4136,5884,5432,1.014,34.57,0.13,34.58,0.13,0.47,34.57,0.13,0.47,34.56,0.14,0.46,,,
4142,4394,3896,1.010,33.49,0.22,33.51,0.21,0.56,33.49,0.22,0.58,33.48,0.22,0.58,33.48,0.23,0.65
4143,1976,1544,1.004,32.57,0.45,32.58,0.44,0.56,32.58,0.45,0.60,32.56,0.46,0.59,32.55,0.51,0.66
4148,5294,4776,1.013,33.53,0.16,33.54,0.16,0.54,33.53,0.16,0.54,33.52,0.16,0.54,33.61,0.15,0.62
4151,3966,3532,1.009,33.50,0.28,33.50,0.27,0.51,33.50,0.28,0.52,33.50,0.28,0.51,33.53,0.30,0.61
4168,5282,4760,1.013,33.70,0.23,33.69,0.23,0.43,33.71,0.23,0.43,33.71,0.24,0.42,33.70,0.25,0.56
4176,7050,6521,1.017,35.32,0.21,35.32,0.21,0.48,35.33,0.21,0.48,35.32,0.22,0.47,35.23,0.22,0.58
4180,5597,5366,1.014,33.69,0.32,,,,,,,,,,33.69,0.32,0.63
4184,5154,4633,1.012,34.01,0.25,33.99,0.24,0.44,34.01,0.25,0.44,34.03,0.25,0.44,33.95,0.27,0.56
4192,5839,5414,1.014,34.22,0.27,34.22,0.26,0.49,34.23,0.27,0.49,34.23,0.28,0.48,34.33,0.30,0.59
4206,4922,4393,1.012,34.16,0.37,34.17,0.36,0.56,34.16,0.37,0.59,34.15,0.38,0.58,34.19,0.41,0.65
4210,5698,5169,1.014,34.00,0.23,34.01,0.22,0.41,34.01,0.23,0.41,33.99,0.23,0.40,34.12,0.24,0.54
4222,5850,5440,1.014,34.14,0.22,34.13,0.21,0.35,34.14,0.22,0.39,34.14,0.22,0.40,34.18,0.23,0.48
4226,10832,10352,1.027,34.75,0.21,34.77,0.21,0.53,34.75,0.21,0.53,34.73,0.22,0.53,,,
4249,5502,5103,1.014,34.26,0.34,34.25,0.33,0.36,34.27,0.34,0.39,34.27,0.34,0.40,34.48,0.37,0.52
4264,6960,6513,1.017,34.63,1.73,34.63,1.66,0.50,34.63,1.73,0.51,34.63,1.76,0.50,,,
4278,10517,9998,1.026,35.44,0.12,35.43,0.12,0.35,35.44,0.12,0.39,35.44,0.12,0.40,35.56,0.10,0.50
4286,5096,4568,1.012,34.21,0.13,34.20,0.13,0.44,34.21,0.13,0.44,34.21,0.14,0.43,34.13,0.12,0.56
4321,5467,4940,1.013,34.43,0.38,34.44,0.36,0.51,34.44,0.38,0.51,34.41,0.38,0.50,34.38,0.42,0.60
4347,5923,5499,1.015,34.10,0.36,34.09,0.35,0.47,34.11,0.36,0.47,34.10,0.37,0.46,34.19,0.40,0.58
4365,5560,5335,1.014,33.96,0.21,,,,,,,,,,33.96,0.21,0.56
4387,4978,4453,1.012,34.60,0.24,34.61,0.23,0.55,34.60,0.24,0.57,34.60,0.24,0.56,34.49,0.25,0.64
4390,6521,5997,1.016,34.82,0.29,,,,,,,,,,34.82,0.29,0.56
4398,11736,11236,1.030,36.09,0.31,36.08,0.30,0.36,36.09,0.31,0.39,36.09,0.31,0.40,,,
4401,5715,5210,1.014,35.05,0.38,,,,,,,,,,35.05,0.38,0.59
4424,10804,10333,1.027,35.48,0.20,35.45,0.20,0.35,35.48,0.20,0.39,35.49,0.20,0.40,35.53,0.21,0.49
4434,10393,9946,1.026,35.55,0.16,35.54,0.16,0.35,35.55,0.16,0.39,35.55,0.16,0.40,35.58,0.15,0.48
4440,3545,3334,1.009,33.36,0.18,,,,,,,,,,33.36,0.18,0.48
4443,5014,4586,1.012,34.73,0.29,34.72,0.28,0.38,34.74,0.29,0.39,34.74,0.30,0.40,34.74,0.32,0.53
4450,5875,5386,1.014,34.39,0.15,34.39,0.15,0.54,34.39,0.15,0.54,34.38,0.15,0.54,34.39,0.14,0.63
4451,9315,8792,1.023,35.07,0.21,,,,,,,,,,35.07,0.21,0.48
4457,6553,6051,1.016,35.21,0.23,,,,,,,,,,35.21,0.23,0.50
4473,6163,5645,1.015,34.76,0.27,34.74,0.26,0.35,34.77,0.27,0.39,34.78,0.28,0.40,34.81,0.29,0.48
4477,5529,5306,1.014,34.03,0.16,,,,,,,,,,34.03,0.16,0.50
4488,4861,4420,1.012,34.55,0.64,34.55,0.62,0.44,34.57,0.64,0.45,34.51,0.65,0.44,,,
4495,15063,14604,1.038,36.77,0.25,36.79,0.24,0.35,36.77,0.25,0.39,36.74,0.25,0.40,36.77,0.27,0.48
4509,5459,4999,1.013,34.13,0.16,34.13,0.15,0.49,34.13,0.16,0.49,34.12,0.16,0.48,34.14,0.15,0.59
4511,5677,5210,1.014,34.79,0.20,34.79,0.19,0.54,34.79,0.20,0.55,34.81,0.20,0.54,34.88,0.21,0.63
4516,4673,4150,1.011,33.41,0.46,33.43,0.44,0.56,33.42,0.46,0.58,33.38,0.47,0.58,33.38,0.51,0.65
4540,1876,1446,1.004,31.33,0.27,31.32,0.26,0.55,31.33,0.27,0.57,31.34,0.28,0.56,31.16,0.30,0.64
4549,11827,11352,1.030,35.44,0.23,35.44,0.23,0.35,35.45,0.23,0.39,35.45,0.24,0.40,35.49,0.25,0.48
4556,8378,7863,1.021,35.12,0.21,35.12,0.20,0.49,35.12,0.21,0.49,35.12,0.21,0.48,,,
4561,5079,4557,1.012,33.35,0.14,33.35,0.14,0.51,33.35,0.14,0.51,33.35,0.14,0.51,33.35,0.12,0.61
4563,4445,3923,1.010,33.94,0.14,33.93,0.13,0.45,33.94,0.14,0.45,33.95,0.14,0.44,33.98,0.12,0.56
4571,10588,10371,1.027,35.40,0.22,,,,,,,,,,35.40,0.22,0.48
4588,6389,5993,1.016,34.66,0.20,34.65,0.20,0.35,34.66,0.20,0.39,34.66,0.21,0.40,34.70,0.21,0.48
4593,9097,8581,1.023,35.62,0.30,35.64,0.28,0.35,35.61,0.30,0.39,35.60,0.30,0.40,,,
4596,5192,4670,1.012,33.76,0.13,33.76,0.13,0.35,33.76,0.13,0.39,33.76,0.13,0.40,33.80,0.12,0.48
4599,3629,3378,1.009,32.56,0.54,,,,,,,,,,32.56,0.54,0.66
4607,8389,7869,1.021,34.98,0.35,34.98,0.33,0.51,34.99,0.35,0.51,34.99,0.35,0.51,34.86,0.38,0.61
4619,6326,5839,1.015,34.71,0.18,34.71,0.18,0.35,34.72,0.18,0.39,34.72,0.18,0.40,34.97,0.18,0.48
4650,5599,5097,1.013,34.53,0.26,,,,,,,,,,34.53,0.26,0.57
4654,6251,5738,1.015,33.68,0.44,33.68,0.42,0.54,33.69,0.44,0.54,33.68,0.45,0.54,33.71,0.49,0.62
4655,12124,11617,1.031,35.80,0.16,35.81,0.16,0.35,35.81,0.16,0.39,35.79,0.16,0.40,35.95,0.16,0.48
4661,2170,1996,1.005,33.14,0.43,,,,,,,,,,33.14,0.43,0.65
4672,5356,4876,1.013,33.88,0.23,33.86,0.22,0.35,33.88,0.23,0.39,33.89,0.23,0.40,33.91,0.24,0.50
4734,5364,4936,1.013,34.45,0.13,34.46,0.13,0.49,34.45,0.13,0.50,34.45,0.13,0.49,34.66,0.12,0.59
4735,5831,5313,1.014,33.97,0.13,33.97,0.13,0.47,33.98,0.13,0.47,33.97,0.13,0.46,34.02,0.12,0.58
4740,5070,4552,1.012,31.79,0.31,31.79,0.30,0.56,31.79,0.31,0.60,31.80,0.31,0.59,31.26,0.34,0.66
4763,8999,8503,1.022,35.10,0.14,35.11,0.14,0.35,35.10,0.14,0.39,35.09,0.14,0.40,34.84,0.13,0.49
4766,8514,8016,1.021,34.42,0.20,34.41,0.19,0.47,34.42,0.20,0.47,34.42,0.20,0.46,34.34,0.20,0.58
4767,5183,4736,1.013,34.70,0.35,34.71,0.34,0.54,34.71,0.35,0.55,34.70,0.36,0.55,34.52,0.39,0.63
4774,7950,7477,1.020,35.28,0.39,35.27,0.37,0.48,35.28,0.39,0.48,35.27,0.40,0.47,35.19,0.43,0.59
4777,2505,2060,1.005,32.84,0.20,32.83,0.19,0.35,32.85,0.20,0.39,32.85,0.20,0.40,32.86,0.21,0.48
4791,5972,5490,1.015,33.35,0.27,33.35,0.26,0.56,33.35,0.27,0.59,33.34,0.28,0.58,33.03,0.30,0.65
4799,3544,3352,1.009,33.20,0.32,,,,,,,,,,33.20,0.32,0.62
4805,1853,1427,1.004,31.96,0.34,31.96,0.33,0.56,31.96,0.34,0.60,31.96,0.35,0.59,32.14,0.38,0.66
4840,4726,4212,1.011,33.47,0.18,33.48,0.17,0.54,33.47,0.18,0.55,33.46,0.18,0.54,33.43,0.18,0.63
4851,8556,8059,1.021,35.65,0.23,35.63,0.22,0.40,35.65,0.23,0.41,35.66,0.23,0.40,35.70,0.24,0.54
4856,5227,4781,1.013,34.44,0.15,34.45,0.15,0.55,34.43,0.15,0.56,34.43,0.15,0.55,34.49,0.14,0.63
4868,9856,9342,1.025,34.73,0.21,34.72,0.20,0.37,34.73,0.21,0.39,34.73,0.21,0.40,,,
4873,5478,5038,1.013,34.53,0.37,34.53,0.36,0.56,34.53,0.37,0.57,34.52,0.38,0.56,34.41,0.41,0.64
4876,5333,4817,1.013,34.17,0.55,34.18,0.53,0.37,34.19,0.55,0.39,34.15,0.56,0.40,34.59,0.62,0.52
4877,9248,8739,1.023,36.44,0.22,36.49,0.21,0.35,36.43,0.22,0.39,36.40,0.22,0.40,,,
4894,5883,5703,1.015,34.54,0.26,,,,,,,,,,34.54,0.26,0.54
4896,5098,4666,1.012,33.48,0.13,33.48,0.13,0.40,33.48,0.13,0.40,33.48,0.13,0.40,33.61,0.12,0.54
4898,8750,8256,1.022,34.84,0.21,34.84,0.20,0.50,34.84,0.21,0.50,34.83,0.21,0.49,34.82,0.22,0.59
4909,5272,4757,1.013,33.80,0.33,,,,,,,,,,33.80,0.33,0.61
4911,5571,5207,1.014,33.98,0.34,33.98,0.33,0.55,33.99,0.34,0.56,33.98,0.35,0.55,33.91,0.38,0.63
4912,5921,5642,1.015,34.14,0.18,34.13,0.18,0.35,34.15,0.18,0.39,34.15,0.18,0.40,34.30,0.19,0.48
4915,6107,5595,1.015,34.07,0.23,34.05,0.23,0.35,34.08,0.23,0.39,34.09,0.24,0.40,34.05,0.25,0.48
4916,3914,3488,1.009,33.50,0.20,33.51,0.19,0.55,33.50,0.20,0.57,33.51,0.20,0.56,33.46,0.20,0.64
4918,2180,1714,1.005,33.85,0.45,33.85,0.43,0.56,33.85,0.45,0.60,33.84,0.46,0.59,33.95,0.51,0.66
4919,7079,6637,1.018,35.32,0.20,35.30,0.20,0.48,35.32,0.20,0.48,35.33,0.21,0.47,35.31,0.21,0.58
4920,4378,3894,1.010,34.03,0.16,34.04,0.16,0.48,34.03,0.16,0.48,34.01,0.16,0.47,33.87,0.16,0.58
4921,2433,1976,1.005,31.84,0.15,31.85,0.15,0.56,31.84,0.15,0.57,31.83,0.15,0.57,31.72,0.14,0.64
4928,9413,8912,1.023,35.40,0.19,35.40,0.19,0.35,35.40,0.19,0.39,35.39,0.19,0.40,35.58,0.20,0.49
4947,8505,8011,1.021,35.43,0.23,35.42,0.23,0.35,35.43,0.23,0.39,35.43,0.24,0.40,35.55,0.25,0.48
4948,2734,2241,1.006,32.95,0.12,32.95,0.12,0.36,32.95,0.12,0.39,32.94,0.12,0.40,32.39,0.10,0.52
4957,2666,2200,1.006,32.96,0.14,32.95,0.14,0.35,32.96,0.14,0.39,32.96,0.14,0.40,33.29,0.13,0.48
4971,5336,4822,1.013,34.32,0.40,,,,,,,,,,34.32,0.40,0.56
4979,2459,2030,1.005,31.72,0.16,31.72,0.15,0.50,31.72,0.16,0.51,31.72,0.16,0.50,31.76,0.15,0.60
4985,5373,4859,1.013,34.12,0.21,34.13,0.20,0.44,34.12,0.21,0.44,34.11,0.21,0.43,33.85,0.22,0.56
4988,4421,3909,1.010,33.10,0.15,33.10,0.15,0.56,33.10,0.15,0.59,33.11,0.15,0.58,32.94,0.14,0.65
4992,8245,7825,1.021,34.58,0.18,34.57,0.18,0.35,34.58,0.18,0.39,34.60,0.18,0.40,34.75,0.18,0.48
4995,5690,5226,1.014,33.56,0.36,33.58,0.35,0.56,33.57,0.36,0.59,33.55,0.37,0.59,,,
5008,5089,4576,1.012,34.57,0.34,34.58,0.33,0.35,34.58,0.34,0.39,34.55,0.35,0.40,34.62,0.38,0.48
5020,9550,9055,1.024,35.31,0.21,35.31,0.20,0.43,35.32,0.21,0.44,35.32,0.21,0.43,,,
5024,11401,10923,1.029,35.90,0.12,35.91,0.12,0.35,35.90,0.12,0.39,35.89,0.12,0.40,36.21,0.10,0.48
5035,5601,5088,1.013,33.84,0.17,33.84,0.16,0.35,33.84,0.17,0.39,33.84,0.17,0.40,33.98,0.16,0.48
5041,5355,4842,1.013,33.81,0.17,33.83,0.16,0.56,33.80,0.17,0.59,33.79,0.17,0.59,33.52,0.16,0.65
5051,9523,9341,1.025,35.88,0.17,,,,,,,,,,35.88,0.17,0.48
5061,6245,5732,1.015,33.95,0.21,33.94,0.21,0.38,33.95,0.21,0.39,33.96,0.22,0.40,33.90,0.23,0.53
5067,2107,1688,1.004,32.21,0.40,32.20,0.38,0.56,32.20,0.40,0.60,32.21,0.41,0.59,32.26,0.45,0.66
5088,7212,6700,1.018,35.27,0.23,35.25,0.22,0.38,35.27,0.23,0.39,35.28,0.23,0.40,35.30,0.24,0.53
5132,5089,4577,1.012,34.25,0.12,34.26,0.12,0.35,34.25,0.12,0.39,34.25,0.12,0.40,34.43,0.10,0.48
5138,4289,3780,1.010,34.06,0.22,34.07,0.21,0.56,34.06,0.22,0.59,34.06,0.22,0.58,,,
5139,2636,2161,1.006,32.06,0.24,32.06,0.24,0.42,32.07,0.24,0.43,32.07,0.25,0.42,32.04,0.26,0.55
5147,2575,2110,1.006,33.19,0.43,33.20,0.42,0.55,33.20,0.43,0.57,33.17,0.44,0.56,33.09,0.49,0.64
5149,5929,5608,1.015,34.73,0.32,,,,,,,,,,34.73,0.32,0.55
5150,5134,4626,1.012,34.17,0.23,34.18,0.22,0.56,34.17,0.23,0.60,34.17,0.23,0.59,33.91,0.24,0.66
5174,6089,5578,1.015,34.66,0.21,34.68,0.20,0.35,34.66,0.21,0.39,34.64,0.21,0.40,34.77,0.22,0.48
5181,5222,4739,1.013,34.50,0.13,34.50,0.13,0.49,34.50,0.13,0.50,34.51,0.13,0.49,34.61,0.12,0.59
5187,6011,5615,1.015,34.25,0.32,34.25,0.31,0.54,34.25,0.32,0.54,34.25,0.32,0.54,34.29,0.35,0.62
5189,8431,8012,1.021,35.02,0.15,35.03,0.15,0.37,35.02,0.15,0.39,35.02,0.15,0.40,,,
5194,2623,2138,1.006,32.25,0.17,32.25,0.16,0.56,32.24,0.17,0.60,32.25,0.17,0.59,32.47,0.16,0.66
5198,2884,2428,1.006,32.95,0.14,32.96,0.14,0.55,32.95,0.14,0.57,32.95,0.14,0.56,33.02,0.13,0.64
5218,2872,2408,1.006,32.80,0.17,32.80,0.17,0.35,32.81,0.17,0.39,32.81,0.17,0.40,32.97,0.17,0.49
5226,10786,10276,1.027,36.22,0.30,36.22,0.29,0.35,36.22,0.30,0.39,36.22,0.31,0.40,36.15,0.33,0.48
5242,2359,1922,1.005,33.97,0.25,33.98,0.24,0.56,33.96,0.25,0.60,33.96,0.25,0.59,,,
5260,5121,4610,1.012,34.62,0.34,34.62,0.33,0.43,34.62,0.34,0.44,34.61,0.35,0.43,34.70,0.38,0.56
5264,2519,2059,1.005,32.28,0.13,32.28,0.13,0.35,32.28,0.13,0.39,32.27,0.13,0.40,32.39,0.11,0.49
5270,11261,10783,1.028,35.47,0.13,35.49,0.13,0.35,35.47,0.13,0.39,35.46,0.14,0.40,35.59,0.12,0.48
5284,4894,4385,1.012,33.45,0.13,33.45,0.13,0.35,33.46,0.13,0.39,33.45,0.13,0.40,33.58,0.11,0.49
5291,5207,4787,1.013,33.23,0.18,33.24,0.17,0.56,33.23,0.18,0.60,33.23,0.18,0.59,,,
5294,8486,7998,1.021,35.52,0.18,35.53,0.18,0.42,35.52,0.18,0.43,35.50,0.18,0.42,35.54,0.18,0.55
5321,4325,3842,1.010,33.53,0.24,33.52,0.23,0.45,33.53,0.24,0.45,33.53,0.24,0.45,33.46,0.26,0.57
5327,6401,5911,1.016,33.89,0.35,,,,,,,,,,33.89,0.35,0.63
5328,5972,5505,1.015,34.41,0.24,34.40,0.23,0.39,34.42,0.24,0.40,34.42,0.25,0.40,34.35,0.26,0.53
5341,2043,1659,1.004,31.95,0.30,31.94,0.29,0.53,31.95,0.30,0.54,31.95,0.30,0.53,32.02,0.33,0.62
5344,5414,4905,1.013,33.56,0.14,33.55,0.14,0.35,33.56,0.14,0.39,33.56,0.14,0.40,33.78,0.13,0.48
5360,4902,4393,1.012,34.59,0.27,34.58,0.26,0.42,34.59,0.27,0.43,34.59,0.27,0.42,34.60,0.29,0.55
5375,1599,1346,1.004,31.73,0.52,,,,,,,,,,31.73,0.52,0.66
5378,6014,5701,1.015,35.11,0.37,,,,,,,,,,35.11,0.37,0.53
5382,2770,2286,1.006,33.01,0.15,33.02,0.15,0.51,33.01,0.15,0.52,33.00,0.15,0.51,33.06,0.14,0.61
5389,5576,5187,1.014,34.24,0.34,34.22,0.33,0.49,34.24,0.34,0.49,34.25,0.35,0.49,34.25,0.38,0.59
5399,6302,5822,1.015,34.04,0.24,34.06,0.23,0.53,34.04,0.24,0.53,34.02,0.24,0.52,,,
5404,5974,5807,1.015,34.18,0.32,,,,,,,,,,34.18,0.32,0.62
5406,14388,13926,1.036,36.34,0.22,36.32,0.22,0.35,36.34,0.22,0.39,36.35,0.23,0.40,36.23,0.24,0.48
5411,6634,6158,1.016,34.63,0.39,34.61,0.37,0.37,34.64,0.39,0.39,34.64,0.40,0.40,,,
5440,4280,3774,1.010,33.43,0.12,33.42,0.12,0.38,33.44,0.12,0.39,33.44,0.12,0.40,33.66,0.11,0.53
5450,5424,4917,1.013,33.87,0.18,33.86,0.18,0.35,33.88,0.18,0.39,33.88,0.18,0.40,33.99,0.19,0.48
5457,6870,6378,1.017,35.15,0.24,35.14,0.23,0.35,35.15,0.24,0.39,35.15,0.25,0.40,35.18,0.26,0.48
5473,6630,6124,1.016,34.33,0.13,34.34,0.13,0.42,34.34,0.13,0.43,34.33,0.13,0.42,34.38,0.12,0.55
5479,2571,2111,1.006,32.76,0.18,32.77,0.18,0.56,32.76,0.18,0.60,32.76,0.18,0.59,32.48,0.18,0.66
5498,5123,4722,1.012,33.76,0.26,33.75,0.25,0.46,33.76,0.26,0.46,33.76,0.27,0.45,33.95,0.28,0.57
5518,2896,2391,1.006,33.74,0.16,33.74,0.15,0.56,33.73,0.16,0.60,33.74,0.16,0.59,33.88,0.15,0.66
5527,6508,6038,1.016,34.49,0.13,34.48,0.13,0.35,34.49,0.13,0.39,34.49,0.13,0.40,34.52,0.12,0.51
5534,4872,4468,1.012,34.71,0.30,34.70,0.29,0.53,34.71,0.30,0.53,34.71,0.31,0.53,34.86,0.33,0.62
5551,5186,4699,1.012,34.09,0.20,34.09,0.19,0.52,34.09,0.20,0.52,34.09,0.20,0.52,33.91,0.21,0.61
5552,6832,6328,1.017,35.15,0.23,35.14,0.23,0.46,35.16,0.23,0.46,35.16,0.24,0.45,35.10,0.25,0.57
5555,5959,5498,1.015,34.71,0.15,34.70,0.15,0.46,34.71,0.15,0.47,34.73,0.15,0.46,,,
5563,5295,4791,1.013,33.69,0.17,33.70,0.16,0.56,33.68,0.17,0.60,33.68,0.17,0.59,33.55,0.16,0.66
5578,6558,6055,1.016,34.78,0.32,34.77,0.30,0.51,34.78,0.32,0.51,34.77,0.32,0.51,34.67,0.35,0.61
5579,5473,4977,1.013,33.88,0.27,33.86,0.26,0.35,33.89,0.27,0.39,33.89,0.27,0.40,33.89,0.29,0.48
5581,1951,1578,1.004,32.90,0.23,32.90,0.22,0.36,32.91,0.23,0.39,32.90,0.23,0.40,33.05,0.24,0.52
5591,5689,5303,1.014,34.58,0.32,34.56,0.31,0.41,34.59,0.32,0.42,34.59,0.33,0.41,34.55,0.35,0.55
5600,3891,3394,1.009,32.61,0.26,32.61,0.26,0.56,32.61,0.26,0.59,32.61,0.27,0.58,32.47,0.29,0.65
5613,13516,13032,1.034,36.30,0.23,36.30,0.23,0.35,36.29,0.23,0.39,36.29,0.24,0.40,36.17,0.25,0.48
5617,5939,5704,1.015,34.49,0.29,,,,,,,,,,34.49,0.29,0.49
5619,1632,1366,1.004,31.55,0.35,,,,,,,,,,31.55,0.35,0.55
5623,10459,9970,1.026,35.43,0.30,35.43,0.29,0.48,35.43,0.30,0.48,35.43,0.31,0.47,35.30,0.33,0.59
5636,5926,5504,1.015,34.45,0.15,34.46,0.15,0.48,34.45,0.15,0.48,34.44,0.15,0.48,,,
5643,2984,2507,1.007,32.79,0.12,32.79,0.12,0.35,32.80,0.12,0.39,32.79,0.12,0.40,32.98,0.10,0.49
5645,4694,4226,1.011,34.16,0.19,34.16,0.18,0.39,34.17,0.19,0.40,34.17,0.19,0.40,34.14,0.19,0.54
5656,9645,9191,1.024,35.59,0.19,35.60,0.19,0.35,35.59,0.19,0.39,35.58,0.19,0.40,35.66,0.20,0.48
5668,11463,10963,1.029,36.24,0.16,36.23,0.16,0.35,36.23,0.16,0.39,36.25,0.16,0.40,,,
5676,4406,3904,1.010,33.37,0.18,33.38,0.18,0.56,33.37,0.18,0.58,33.37,0.18,0.57,33.13,0.18,0.64
5688,5531,5128,1.014,33.49,0.16,33.47,0.15,0.35,33.49,0.16,0.39,33.50,0.16,0.40,33.66,0.15,0.48
5702,4587,4086,1.011,33.93,0.13,33.92,0.13,0.35,33.93,0.13,0.39,33.93,0.13,0.40,33.95,0.11,0.48
5716,10794,10333,1.027,35.61,0.13,35.61,0.13,0.35,35.60,0.13,0.39,35.61,0.13,0.40,35.75,0.12,0.48
5746,4763,4262,1.011,34.04,0.12,,,,,,,,,,34.04,0.12,0.48
5751,5383,4898,1.013,34.21,0.21,34.21,0.20,0.35,34.22,0.21,0.39,34.21,0.21,0.40,34.33,0.22,0.50
5760,5535,5210,1.014,34.42,0.21,,,,,,,,,,34.42,0.21,0.48
5769,5447,5140,1.014,33.39,0.25,,,,,,,,,,33.39,0.25,0.55
5773,5692,5312,1.014,34.36,0.38,34.35,0.36,0.52,34.37,0.38,0.52,34.37,0.39,0.52,34.37,0.42,0.61
5792,2923,2461,1.007,32.62,0.17,32.63,0.17,0.56,32.62,0.17,0.58,32.62,0.17,0.57,32.66,0.17,0.65
5794,1823,1403,1.004,31.51,0.19,31.52,0.19,0.56,31.51,0.19,0.60,31.51,0.20,0.59,31.26,0.20,0.66
5795,7914,7418,1.020,34.20,0.28,34.20,0.27,0.56,34.20,0.28,0.59,34.20,0.29,0.59,,,
5799,8696,8217,1.022,35.38,0.14,35.38,0.14,0.35,35.38,0.14,0.39,35.39,0.14,0.40,35.42,0.13,0.50
5810,3650,3228,1.009,32.97,0.14,32.98,0.14,0.51,32.97,0.14,0.52,32.96,0.14,0.51,33.14,0.13,0.61
5818,35,-462,0.999,24.37,0.24,,,,,,,,,,24.37,0.24,0.64
5866,5488,5177,1.014,34.44,0.27,,,,,,,,,,34.44,0.27,0.54
5879,6012,5544,1.015,34.37,0.21,34.35,0.20,0.37,34.37,0.21,0.39,34.38,0.21,0.40,34.28,0.22,0.52
5884,7719,7309,1.019,34.90,0.13,34.89,0.13,0.35,34.90,0.13,0.39,34.90,0.13,0.40,,,
5886,4678,4181,1.011,34.08,0.31,,,,,,,,,,34.08,0.31,0.65
5897,1914,1551,1.004,32.11,0.20,32.10,0.20,0.35,32.12,0.20,0.39,32.12,0.20,0.40,32.24,0.21,0.48
5903,5661,5402,1.014,34.95,0.42,,,,,,,,,,34.95,0.42,0.60
5916,5579,5093,1.013,34.63,0.25,34.61,0.24,0.36,34.64,0.25,0.39,34.64,0.26,0.40,34.54,0.27,0.52
5945,5992,5540,1.015,34.06,0.16,34.06,0.15,0.53,34.06,0.16,0.54,34.06,0.16,0.53,34.04,0.15,0.62
5952,12032,11711,1.031,35.70,0.26,,,,,,,,,,35.70,0.26,0.48
5954,3672,3225,1.009,33.59,0.18,33.59,0.17,0.56,33.58,0.18,0.60,33.59,0.18,0.59,33.82,0.18,0.66
5964,5335,5185,1.014,33.93,0.22,,,,,,,,,,33.93,0.22,0.51
5986,6853,6360,1.017,35.15,0.20,35.14,0.19,0.35,35.15,0.20,0.39,35.15,0.20,0.40,35.09,0.21,0.51
6006,7984,7494,1.020,34.82,0.38,34.81,0.37,0.37,34.84,0.38,0.39,34.83,0.39,0.40,34.88,0.42,0.52
6029,5004,4606,1.012,34.16,0.19,34.16,0.19,0.55,34.16,0.19,0.55,34.16,0.20,0.55,,,
6030,5257,5317,1.014,34.61,0.27,,,,,,,,,,34.61,0.27,0.52
6044,5907,5789,1.015,34.02,0.16,,,,,,,,,,34.02,0.16,0.54
6045,5687,5195,1.014,34.17,0.25,34.17,0.24,0.41,34.18,0.25,0.41,34.18,0.26,0.40,34.29,0.27,0.54
6048,2025,1668,1.004,33.00,0.34,33.01,0.33,0.56,33.00,0.34,0.59,32.99,0.35,0.59,,,
6057,8521,8169,1.022,35.30,0.28,,,,,,,,,,35.30,0.28,0.50
6059,5154,4662,1.012,33.79,0.12,,,,,,,,,,33.79,0.12,0.48
6074,11124,10636,1.028,35.71,0.12,35.70,0.12,0.35,35.72,0.12,0.39,35.71,0.12,0.40,36.00,0.11,0.48
6105,5849,5651,1.015,35.05,0.20,,,,,,,,,,35.05,0.20,0.48
6108,5618,5282,1.014,34.37,0.31,34.37,0.29,0.55,34.38,0.31,0.56,34.37,0.31,0.56,34.72,0.34,0.64
6138,5387,4896,1.013,31.93,0.19,,,,,,,,,,31.93,0.19,0.66
6147,3379,2956,1.008,32.73,0.15,32.74,0.15,0.56,32.72,0.15,0.58,32.72,0.15,0.58,32.64,0.14,0.65
6161,5893,5687,1.015,34.55,0.18,,,,,,,,,,34.55,0.18,0.48
6162,5133,4925,1.013,34.86,0.33,,,,,,,,,,34.86,0.33,0.64
6169,7517,7175,1.019,34.94,0.24,34.92,0.23,0.38,34.94,0.24,0.39,34.95,0.24,0.40,34.96,0.26,0.53
6172,3435,3014,1.008,33.06,0.14,,,,,,,,,,33.06,0.14,0.53
6173,7058,6576,1.017,35.37,0.32,,,,,,,,,,35.37,0.32,0.59
6189,5747,5258,1.014,33.60,0.10,,,,,,,,,,33.60,0.10,0.50
6190,2201,1837,1.005,32.42,0.24,32.42,0.23,0.56,32.41,0.24,0.60,32.42,0.24,0.59,32.39,0.25,0.66
6193,8298,7844,1.021,35.55,0.16,35.54,0.15,0.47,35.56,0.16,0.47,35.55,0.16,0.46,35.64,0.15,0.58
6208,5475,5045,1.013,33.59,0.25,33.59,0.24,0.49,33.59,0.25,0.49,33.58,0.25,0.48,33.33,0.26,0.59
6209,10714,10243,1.027,35.67,0.35,35.66,0.34,0.35,35.68,0.35,0.39,35.67,0.36,0.40,35.59,0.39,0.48
6228,1568,1206,1.003,31.40,0.23,31.40,0.22,0.56,31.39,0.23,0.60,31.39,0.23,0.59,31.29,0.24,0.66
6235,4444,4014,1.011,33.60,0.18,33.60,0.17,0.46,33.60,0.18,0.46,33.59,0.18,0.45,33.60,0.18,0.57
6246,8719,8300,1.022,34.92,0.16,34.92,0.16,0.43,34.92,0.16,0.43,34.92,0.16,0.42,34.84,0.16,0.56
6249,2171,2458,1.007,32.33,0.38,,,,,,,,,,32.33,0.38,0.62
6257,5776,5569,1.015,34.35,0.30,,,,,,,,,,34.35,0.30,0.58
6263,5622,5198,1.014,34.27,0.17,34.27,0.16,0.53,34.27,0.17,0.54,34.28,0.17,0.53,34.18,0.16,0.62
6275,3142,2697,1.007,32.94,0.18,32.93,0.18,0.35,32.95,0.18,0.39,32.95,0.18,0.40,32.95,0.18,0.51
6289,5506,5214,1.014,33.61,0.18,,,,,,,,,,33.61,0.18,0.52
6292,919,470,1.001,29.78,0.20,29.77,0.19,0.56,29.77,0.20,0.60,29.80,0.20,0.59,29.79,0.20,0.66
6294,2965,2504,1.007,32.46,0.16,32.47,0.15,0.56,32.46,0.16,0.59,32.46,0.16,0.59,32.51,0.15,0.65
6302,9462,9035,1.024,35.87,0.14,35.86,0.14,0.35,35.87,0.14,0.39,35.87,0.14,0.40,35.91,0.13,0.50
6309,975,530,1.001,31.14,0.25,31.14,0.24,0.56,31.14,0.25,0.60,31.14,0.26,0.59,30.75,0.27,0.66
6319,4062,3904,1.010,32.82,0.28,,,,,,,,,,32.82,0.28,0.64
6329,5748,5338,1.014,34.03,0.14,34.03,0.13,0.49,34.03,0.14,0.49,34.02,0.14,0.48,33.98,0.12,0.59
6332,5694,5265,1.014,33.76,0.12,33.76,0.12,0.35,33.76,0.12,0.39,33.76,0.12,0.40,33.92,0.10,0.48
6335,10104,9634,1.025,36.10,0.34,36.11,0.33,0.39,36.11,0.34,0.39,36.10,0.35,0.40,,,
6338,11417,11108,1.029,35.42,0.34,,,,,,,,,,35.42,0.34,0.48
6358,5056,4616,1.012,33.30,0.29,33.31,0.28,0.46,33.31,0.29,0.46,33.29,0.30,0.45,33.14,0.32,0.57
6364,2572,2126,1.006,33.10,0.25,33.12,0.24,0.56,33.10,0.25,0.59,33.10,0.25,0.58,33.48,0.27,0.65
6377,10376,9936,1.026,35.61,0.19,35.60,0.18,0.35,35.61,0.19,0.39,35.61,0.19,0.40,35.67,0.19,0.51
6380,4768,4312,1.011,33.93,0.18,33.92,0.17,0.35,33.93,0.18,0.39,33.93,0.18,0.40,33.99,0.18,0.48
6434,11435,10954,1.029,36.13,0.20,36.13,0.19,0.35,36.13,0.20,0.39,36.14,0.20,0.40,36.30,0.21,0.48
6443,4188,3711,1.010,32.33,0.19,32.39,0.19,0.55,32.35,0.19,0.57,32.26,0.20,0.56,32.40,0.20,0.64
6454,5466,5065,1.013,34.24,0.22,34.24,0.21,0.49,34.24,0.22,0.49,34.24,0.22,0.48,34.09,0.23,0.59
6459,8050,7573,1.020,35.07,0.22,35.05,0.22,0.35,35.07,0.22,0.39,35.08,0.23,0.40,35.14,0.24,0.50
6473,5874,5392,1.014,35.14,0.30,,,,,,,,,,35.14,0.30,0.54
6475,5347,4919,1.013,34.00,0.13,34.01,0.13,0.35,34.00,0.13,0.39,33.99,0.13,0.40,34.05,0.11,0.48
6485,5535,5122,1.014,34.37,0.25,34.37,0.24,0.51,34.37,0.25,0.52,34.37,0.26,0.51,34.23,0.27,0.61
6500,1928,1525,1.004,31.85,0.20,31.85,0.19,0.56,31.84,0.20,0.60,31.86,0.20,0.59,31.77,0.20,0.66
6502,4722,4241,1.011,33.73,0.32,,,,,,,,,,33.73,0.32,0.50
6505,3973,3638,1.010,33.39,0.27,33.38,0.26,0.49,33.39,0.27,0.49,33.39,0.28,0.49,33.36,0.30,0.59
6528,3310,2842,1.008,33.23,0.16,33.24,0.15,0.56,33.22,0.16,0.59,33.23,0.16,0.58,33.12,0.15,0.65
6546,5664,5226,1.014,34.28,0.14,34.27,0.13,0.35,34.28,0.14,0.39,34.28,0.14,0.40,34.30,0.12,0.48
6560,4888,4408,1.012,34.12,0.15,,,,,,,,,,34.12,0.15,0.48
6573,6783,6349,1.017,35.40,0.18,35.40,0.17,0.35,35.40,0.18,0.39,35.39,0.18,0.40,35.36,0.18,0.48
6574,533,61,1.000,28.76,0.20,28.76,0.19,0.56,28.75,0.20,0.60,28.77,0.20,0.59,28.58,0.21,0.66
6580,5378,4947,1.013,34.39,0.24,34.39,0.23,0.50,34.39,0.24,0.50,34.39,0.25,0.49,34.30,0.26,0.60
6586,12448,11979,1.031,36.21,0.23,36.19,0.22,0.35,36.22,0.23,0.39,36.23,0.23,0.40,36.10,0.24,0.48
6587,5194,4913,1.013,34.26,0.42,34.26,0.41,0.52,34.27,0.42,0.53,34.26,0.43,0.52,,,
6595,626,154,1.000,29.46,0.16,29.46,0.16,0.55,29.46,0.16,0.57,29.45,0.16,0.56,29.43,0.16,0.64
6607,4883,4404,1.012,34.77,0.28,,,,,,,,,,34.77,0.28,0.51
6627,5164,4728,1.013,33.81,0.14,33.82,0.14,0.44,33.81,0.14,0.44,33.79,0.14,0.43,33.69,0.13,0.56
6628,5244,4807,1.013,34.52,0.23,34.53,0.22,0.52,34.51,0.23,0.53,34.50,0.23,0.52,34.30,0.24,0.61
6636,4938,4501,1.012,34.19,0.17,34.21,0.17,0.54,34.19,0.17,0.55,34.18,0.17,0.55,34.23,0.17,0.63
6654,5373,4947,1.013,33.00,0.16,33.02,0.16,0.50,33.00,0.16,0.50,32.98,0.16,0.49,32.79,0.15,0.60
6675,2922,2466,1.007,32.19,0.17,32.20,0.17,0.53,32.19,0.17,0.54,32.19,0.17,0.53,32.00,0.17,0.62
6678,10184,9751,1.026,35.53,0.28,35.53,0.27,0.36,35.54,0.28,0.39,35.53,0.29,0.40,35.57,0.31,0.52
6686,5296,5001,1.013,33.93,0.26,,,,,,,,,,33.93,0.26,0.52
6687,4769,4335,1.011,34.37,0.29,34.38,0.28,0.45,34.38,0.29,0.45,34.36,0.30,0.45,34.24,0.32,0.57
6690,3014,2555,1.007,32.49,0.12,32.48,0.12,0.35,32.49,0.12,0.39,32.50,0.12,0.40,32.95,0.10,0.48
6703,1472,1173,1.003,32.43,0.44,,,,,,,,,,32.43,0.44,0.66
6716,3136,2677,1.007,33.31,0.29,33.31,0.28,0.56,33.30,0.29,0.60,33.33,0.30,0.59,,,
6722,9479,9270,1.024,35.50,0.32,,,,,,,,,,35.50,0.32,0.48
6728,5133,4690,1.012,33.60,0.26,33.62,0.25,0.56,33.60,0.26,0.58,33.59,0.26,0.58,33.29,0.28,0.65
6735,5360,5019,1.013,34.73,0.23,34.72,0.23,0.37,34.74,0.23,0.39,34.74,0.24,0.40,34.74,0.25,0.52
6741,5368,4996,1.013,34.00,0.29,34.00,0.28,0.52,34.01,0.29,0.52,34.00,0.29,0.52,33.98,0.31,0.61
6756,3703,3236,1.009,33.26,0.24,33.25,0.23,0.49,33.26,0.24,0.49,33.27,0.25,0.48,33.11,0.26,0.59
6759,3732,3264,1.009,32.70,0.12,32.68,0.12,0.35,32.70,0.12,0.39,32.71,0.12,0.40,33.02,0.10,0.48
6779,4928,4737,1.013,34.49,0.36,,,,,,,,,,34.49,0.36,0.64
6793,2845,2389,1.006,32.46,0.23,32.45,0.22,0.35,32.46,0.23,0.39,32.46,0.23,0.40,32.48,0.24,0.48
6798,5545,5238,1.014,34.33,0.17,,,,,,,,,,34.33,0.17,0.50
6814,5348,4901,1.013,33.98,0.19,33.97,0.19,0.49,33.98,0.19,0.50,33.98,0.19,0.49,33.88,0.20,0.59
6817,5352,4920,1.013,33.65,0.16,33.66,0.16,0.49,33.65,0.16,0.49,33.65,0.16,0.48,33.61,0.16,0.59
6826,1879,1559,1.004,31.54,0.20,31.55,0.19,0.49,31.55,0.20,0.49,31.53,0.20,0.48,31.28,0.20,0.59
6827,3432,3003,1.008,33.20,0.17,33.21,0.17,0.56,33.20,0.17,0.59,33.20,0.18,0.59,33.07,0.17,0.66
6837,5152,4796,1.013,34.01,0.33,34.01,0.31,0.51,34.02,0.33,0.52,34.02,0.33,0.51,34.07,0.36,0.61
6848,3302,2845,1.008,32.55,0.13,32.54,0.13,0.35,32.55,0.13,0.39,32.55,0.13,0.40,32.49,0.12,0.48
6851,4903,4430,1.012,34.55,0.17,,,,,,,,,,34.55,0.17,0.63
6863,4972,4546,1.012,34.47,0.16,34.47,0.16,0.56,34.47,0.16,0.59,34.47,0.16,0.58,34.43,0.16,0.65
6864,2193,1854,1.005,32.91,0.28,32.91,0.27,0.56,32.91,0.28,0.59,32.92,0.28,0.59,32.88,0.30,0.66
6865,5530,5057,1.013,34.14,0.46,,,,,,,,,,34.14,0.46,0.54
6872,10274,9825,1.026,35.24,0.23,35.24,0.22,0.35,35.24,0.23,0.39,35.24,0.23,0.40,35.31,0.24,0.48
6884,7735,7266,1.019,35.26,0.22,35.25,0.21,0.47,35.26,0.22,0.48,35.27,0.22,0.47,35.08,0.23,0.58
6889,5108,4663,1.012,32.86,0.15,32.87,0.15,0.56,32.85,0.15,0.58,32.85,0.15,0.58,33.35,0.14,0.65
6893,4859,4417,1.012,33.98,0.23,33.97,0.22,0.46,33.98,0.23,0.46,33.99,0.23,0.45,33.91,0.24,0.57
6903,5175,4702,1.012,33.41,0.45,,,,,,,,,,33.41,0.45,0.65
6905,5498,5084,1.013,34.73,0.15,34.72,0.14,0.54,34.73,0.15,0.55,34.75,0.15,0.55,34.61,0.14,0.63
6912,9523,9273,1.024,35.51,0.20,,,,,,,,,,35.51,0.20,0.48
6921,6390,5919,1.016,34.28,0.36,,,,,,,,,,34.28,0.36,0.58
6966,5083,4730,1.013,33.89,0.13,33.88,0.12,0.35,33.89,0.13,0.39,33.90,0.13,0.40,33.81,0.11,0.48
6982,4709,4283,1.011,33.61,0.14,33.60,0.13,0.35,33.61,0.14,0.39,33.61,0.14,0.40,33.25,0.12,0.48
6996,9948,9494,1.025,35.75,0.33,35.73,0.32,0.35,35.75,0.33,0.39,35.75,0.34,0.40,35.66,0.36,0.48
7013,5395,4986,1.013,34.90,0.33,34.91,0.32,0.50,34.91,0.33,0.51,34.89,0.34,0.50,34.84,0.37,0.60
7022,8081,7650,1.020,35.62,0.61,35.64,0.58,0.56,35.64,0.61,0.57,35.57,0.62,0.57,,,
7031,4902,4432,1.012,33.27,0.52,,,,,,,,,,33.27,0.52,0.64
7039,4903,4538,1.012,33.74,0.19,33.73,0.19,0.51,33.74,0.19,0.51,33.76,0.19,0.50,33.65,0.20,0.60
7055,5221,4752,1.013,34.44,0.65,,,,,,,,,,34.44,0.65,0.66
7066,5325,4856,1.013,34.37,0.22,,,,,,,,,,34.37,0.22,0.48
7072,5060,4665,1.012,33.58,0.35,33.59,0.34,0.54,33.59,0.35,0.55,33.57,0.36,0.55,33.41,0.39,0.63
7073,7066,6627,1.018,34.49,0.17,34.49,0.17,0.44,34.49,0.17,0.44,34.48,0.17,0.43,34.43,0.17,0.56
7087,5996,5602,1.015,33.86,0.41,33.88,0.40,0.55,33.87,0.41,0.57,33.84,0.42,0.56,33.67,0.46,0.64
7088,4920,4483,1.012,34.27,0.14,34.28,0.14,0.55,34.27,0.14,0.56,34.27,0.14,0.56,34.54,0.13,0.64
7096,5356,4959,1.013,34.26,0.26,34.26,0.25,0.46,34.27,0.26,0.46,34.26,0.27,0.45,34.29,0.28,0.57
7097,5821,5353,1.014,34.04,0.33,,,,,,,,,,34.04,0.33,0.51
7098,5079,4632,1.012,34.02,0.14,34.02,0.14,0.35,34.03,0.14,0.39,34.01,0.14,0.40,34.41,0.13,0.48
7104,5103,4663,1.012,34.11,0.15,34.13,0.15,0.56,34.10,0.15,0.59,34.09,0.16,0.58,,,
7123,5849,5381,1.014,33.38,0.49,,,,,,,,,,33.38,0.49,0.64
7124,4820,4352,1.012,34.12,0.56,,,,,,,,,,34.12,0.56,0.65
7125,4851,4382,1.012,34.10,0.42,,,,,,,,,,34.10,0.42,0.57
7135,5609,5216,1.014,34.40,0.38,34.42,0.37,0.49,34.41,0.38,0.49,34.38,0.39,0.48,34.42,0.42,0.59
7138,5109,4649,1.012,34.50,0.34,,,,,,,,,,34.50,0.34,0.60
7140,4764,4295,1.011,33.78,0.45,,,,,,,,,,33.78,0.45,0.64
7145,5918,5450,1.014,35.44,0.22,,,,,,,,,,35.44,0.22,0.48
7150,6035,5623,1.015,34.21,0.12,34.20,0.12,0.35,34.21,0.12,0.39,34.21,0.12,0.40,34.50,0.10,0.48
7159,4585,4117,1.011,34.50,0.28,,,,,,,,,,34.50,0.28,0.54
7182,5399,5093,1.013,33.18,0.46,,,,,,,,,,33.18,0.46,0.64
7197,6627,6165,1.016,34.56,0.22,,,,,,,,,,34.56,0.22,0.48
7221,8363,7926,1.021,35.58,0.35,35.59,0.34,0.49,35.59,0.35,0.50,35.57,0.35,0.49,35.52,0.39,0.59
7222,4614,4149,1.011,33.26,0.16,33.28,0.16,0.56,33.25,0.16,0.59,33.24,0.16,0.59,32.89,0.15,0.65
7223,5536,5069,1.013,33.84,0.25,,,,,,,,,,33.84,0.25,0.48
7243,5087,4700,1.012,34.24,0.12,34.24,0.12,0.35,34.24,0.12,0.39,34.24,0.12,0.40,34.29,0.10,0.50
7244,1812,1589,1.004,32.94,0.23,,,,,,,,,,32.94,0.23,0.63
7246,7806,7384,1.019,35.65,0.26,35.66,0.25,0.35,35.65,0.26,0.39,35.64,0.27,0.40,35.65,0.28,0.48
7247,3194,2810,1.007,32.98,0.25,,,,,,,,,,32.98,0.25,0.48
7254,5184,4717,1.012,34.53,0.33,,,,,,,,,,34.53,0.33,0.61
7259,5385,5044,1.013,34.00,0.20,33.99,0.19,0.35,34.01,0.20,0.39,34.02,0.20,0.40,34.27,0.20,0.48
7262,1686,1371,1.004,31.60,0.20,31.60,0.19,0.54,31.60,0.20,0.55,31.60,0.20,0.54,31.51,0.20,0.63
7263,4685,4219,1.011,34.39,0.40,,,,,,,,,,34.39,0.40,0.61
7281,11600,11164,1.029,36.17,0.16,36.16,0.16,0.43,36.18,0.16,0.44,36.18,0.17,0.43,36.26,0.16,0.56
7282,4842,4377,1.012,34.33,0.13,,,,,,,,,,34.33,0.13,0.48
7285,6290,5879,1.016,35.00,0.20,35.00,0.20,0.52,35.00,0.20,0.52,35.00,0.21,0.52,34.93,0.21,0.61
7287,5443,4977,1.013,33.95,0.46,,,,,,,,,,33.95,0.46,0.63
7292,4823,4396,1.012,34.26,0.34,,,,,,,,,,34.26,0.34,0.55
7300,5688,5222,1.014,35.38,0.24,,,,,,,,,,35.38,0.24,0.48
7304,5549,5087,1.013,34.72,0.31,34.72,0.30,0.35,34.72,0.31,0.39,34.71,0.32,0.40,34.89,0.34,0.49
7306,4523,4170,1.011,33.72,0.17,33.72,0.17,0.45,33.72,0.17,0.45,33.73,0.17,0.44,33.74,0.17,0.57
7316,4815,4351,1.012,33.85,0.16,33.85,0.16,0.39,33.85,0.16,0.40,33.84,0.16,0.40,33.88,0.16,0.53
7324,1891,1594,1.004,31.96,0.24,,,,,,,,,,31.96,0.24,0.66
7328,6777,6416,1.017,34.53,0.17,34.52,0.16,0.35,34.53,0.17,0.39,34.54,0.17,0.40,34.55,0.16,0.48
7333,4798,4335,1.011,34.20,0.18,34.19,0.17,0.37,34.20,0.18,0.39,34.20,0.18,0.40,34.32,0.18,0.52
7341,8063,7638,1.020,35.29,0.18,35.29,0.17,0.35,35.28,0.18,0.39,35.29,0.18,0.40,,,
7354,4956,4572,1.012,34.22,0.26,34.22,0.25,0.56,34.22,0.26,0.58,34.23,0.26,0.58,34.34,0.28,0.65
7366,5423,5113,1.014,34.65,0.21,34.64,0.20,0.35,34.65,0.21,0.39,34.66,0.21,0.40,34.66,0.22,0.48
7377,8190,7758,1.020,34.34,0.25,34.34,0.25,0.48,34.34,0.25,0.48,34.34,0.26,0.48,34.22,0.27,0.59
7384,6074,5684,1.015,34.00,0.19,34.00,0.19,0.56,33.99,0.19,0.60,34.00,0.20,0.59,,,
7385,5093,4761,1.013,33.31,0.32,33.30,0.30,0.51,33.31,0.32,0.52,33.31,0.32,0.51,33.27,0.35,0.61
7393,5591,5448,1.014,34.53,0.18,,,,,,,,,,34.53,0.18,0.48
7396,5050,4585,1.012,34.79,0.23,,,,,,,,,,34.79,0.23,0.48
7399,941,479,1.001,30.23,0.37,,,,,,,,,,30.23,0.37,0.66
7406,4882,4499,1.012,33.50,0.13,33.50,0.13,0.44,33.50,0.13,0.44,33.50,0.13,0.43,33.82,0.11,0.56
7411,4955,4577,1.012,33.86,0.14,33.85,0.13,0.48,33.86,0.14,0.49,33.87,0.14,0.48,34.06,0.12,0.59
7420,6382,6010,1.016,34.49,0.14,34.48,0.14,0.35,34.49,0.14,0.39,34.49,0.14,0.40,34.64,0.13,0.51
7441,5164,4720,1.012,33.63,0.15,33.64,0.15,0.56,33.63,0.15,0.59,33.64,0.15,0.59,33.94,0.15,0.65
7442,4955,4576,1.012,34.04,0.15,34.06,0.14,0.47,34.04,0.15,0.47,34.03,0.15,0.46,,,
7452,3045,2915,1.008,32.73,0.51,,,,,,,,,,32.73,0.51,0.66
7465,7102,6738,1.018,34.13,0.19,34.12,0.19,0.35,34.14,0.19,0.39,34.15,0.19,0.40,34.29,0.20,0.49
7472,3554,3162,1.008,33.06,0.21,,,,,,,,,,33.06,0.21,0.48
7478,5938,5551,1.015,34.13,0.29,34.13,0.28,0.51,34.14,0.29,0.51,34.13,0.29,0.50,34.23,0.32,0.60
7504,5680,5217,1.014,34.27,0.24,,,,,,,,,,34.27,0.24,0.50
7519,12785,12353,1.032,36.59,0.18,36.60,0.18,0.35,36.59,0.18,0.39,36.58,0.19,0.40,36.72,0.19,0.48
7521,4084,3636,1.010,32.65,0.42,32.66,0.41,0.56,32.65,0.42,0.60,32.63,0.43,0.59,,,
7533,4751,4332,1.011,33.67,0.22,33.68,0.21,0.54,33.67,0.22,0.55,33.66,0.22,0.54,33.49,0.23,0.63
7537,4626,4169,1.011,33.69,0.23,33.68,0.22,0.36,33.69,0.23,0.39,33.69,0.23,0.40,33.56,0.24,0.52
7540,5458,5005,1.013,33.36,0.16,33.37,0.15,0.56,33.36,0.16,0.57,33.36,0.16,0.56,33.27,0.15,0.64
7544,1452,1125,1.003,31.21,0.14,31.21,0.14,0.35,31.22,0.14,0.39,31.21,0.14,0.40,31.43,0.13,0.50
7545,5388,4930,1.013,33.63,0.14,33.64,0.14,0.55,33.63,0.14,0.56,33.63,0.14,0.56,33.69,0.13,0.64
7547,5336,5021,1.013,34.19,0.26,34.18,0.25,0.35,34.20,0.26,0.39,34.20,0.27,0.40,34.18,0.28,0.48
7562,5267,4821,1.013,34.02,0.23,34.02,0.22,0.48,34.02,0.23,0.48,34.02,0.23,0.48,33.89,0.24,0.59
7564,5556,5095,1.013,34.46,0.52,,,,,,,,,,34.46,0.52,0.62
7574,8408,8052,1.021,35.73,0.23,35.73,0.23,0.35,35.74,0.23,0.39,35.73,0.24,0.40,35.70,0.25,0.50
7587,5030,4591,1.012,34.18,0.37,34.19,0.35,0.55,34.19,0.37,0.57,34.17,0.37,0.56,34.04,0.41,0.64
7594,5108,4662,1.012,34.42,0.15,34.42,0.14,0.35,34.42,0.15,0.39,34.41,0.15,0.40,,,
7596,5214,4790,1.013,34.17,0.18,34.17,0.17,0.56,34.16,0.18,0.60,34.18,0.18,0.59,34.41,0.18,0.66
7602,5022,4584,1.012,33.72,0.19,33.72,0.18,0.38,33.72,0.19,0.39,33.72,0.19,0.40,33.67,0.19,0.53
7604,9795,9369,1.025,34.91,0.25,34.90,0.24,0.35,34.91,0.25,0.39,34.91,0.25,0.40,34.79,0.27,0.48
7613,3244,2805,1.007,32.34,0.29,32.35,0.28,0.56,32.34,0.29,0.60,32.34,0.29,0.59,,,
7637,9676,9247,1.024,35.44,0.21,35.43,0.20,0.44,35.44,0.21,0.44,35.44,0.21,0.43,35.47,0.22,0.56
7646,4365,3905,1.010,33.50,0.25,,,,,,,,,,33.50,0.25,0.50
7649,4845,4451,1.012,33.97,0.21,33.97,0.20,0.44,33.97,0.21,0.44,33.97,0.21,0.43,33.91,0.21,0.56
7650,4256,3796,1.010,34.22,0.73,,,,,,,,,,34.22,0.73,0.65
7653,5209,4767,1.013,34.58,0.41,34.58,0.39,0.51,34.59,0.41,0.51,34.57,0.42,0.51,,,
7663,2594,2161,1.006,32.52,0.17,32.53,0.16,0.56,32.52,0.17,0.60,32.52,0.17,0.59,32.33,0.16,0.66
7667,4033,3579,1.009,32.99,0.22,32.99,0.21,0.56,32.98,0.22,0.60,33.00,0.22,0.59,32.78,0.23,0.66
7714,4753,4457,1.012,33.10,0.49,,,,,,,,,,33.10,0.49,0.62
7742,4949,4778,1.013,34.25,0.23,,,,,,,,,,34.25,0.23,0.48
7757,5818,5840,1.015,34.83,0.21,,,,,,,,,,34.83,0.21,0.48
7770,8332,7909,1.021,35.07,0.14,35.08,0.14,0.35,35.07,0.14,0.39,35.06,0.14,0.40,35.03,0.13,0.48
7775,12696,12258,1.032,35.93,0.22,35.93,0.22,0.35,35.93,0.22,0.39,35.93,0.23,0.40,35.73,0.24,0.48
7776,9686,9313,1.025,35.60,0.16,35.59,0.16,0.35,35.60,0.16,0.39,35.59,0.16,0.40,35.52,0.16,0.49
7800,7707,7319,1.019,35.09,0.25,35.08,0.24,0.35,35.10,0.25,0.39,35.10,0.25,0.40,35.14,0.27,0.51
7806,3902,3603,1.010,33.00,0.20,33.00,0.20,0.52,33.00,0.20,0.52,33.01,0.20,0.51,33.13,0.21,0.61
7812,6498,6133,1.016,34.46,0.12,34.45,0.12,0.35,34.46,0.12,0.39,34.46,0.12,0.40,34.95,0.10,0.48
7819,3009,2570,1.007,32.88,0.26,32.88,0.25,0.56,32.87,0.26,0.60,32.89,0.26,0.59,32.68,0.28,0.66
7824,5708,5254,1.014,33.98,0.23,,,,,,,,,,33.98,0.23,0.65
7833,7656,7205,1.019,35.14,0.18,,,,,,,,,,35.14,0.18,0.48
7839,4856,4481,1.012,33.85,0.21,33.86,0.20,0.55,33.85,0.21,0.57,33.85,0.21,0.56,33.71,0.22,0.64
7842,8120,7703,1.020,35.00,0.23,34.99,0.22,0.35,35.00,0.23,0.39,35.00,0.23,0.40,35.21,0.24,0.50
7843,5193,4749,1.013,34.04,0.34,34.05,0.32,0.49,34.04,0.34,0.49,34.02,0.34,0.49,,,
7847,5988,5532,1.015,33.61,0.17,,,,,,,,,,33.61,0.17,0.48
7849,2245,1827,1.005,31.79,0.15,31.80,0.14,0.49,31.79,0.15,0.50,31.78,0.15,0.49,31.74,0.14,0.59
7853,9333,8878,1.023,35.49,0.28,,,,,,,,,,35.49,0.28,0.48
7856,3793,3380,1.009,33.17,0.14,33.16,0.14,0.35,33.17,0.14,0.39,33.17,0.14,0.40,33.27,0.12,0.48
7864,8650,8222,1.022,34.87,0.25,34.86,0.24,0.35,34.87,0.25,0.39,34.88,0.25,0.40,34.67,0.26,0.48
7875,6414,6050,1.016,33.69,0.27,33.69,0.26,0.46,33.70,0.27,0.46,33.69,0.27,0.45,,,
7900,1417,1101,1.003,31.27,0.34,31.26,0.32,0.56,31.27,0.34,0.60,31.28,0.34,0.59,31.29,0.37,0.66
7902,4888,4442,1.012,33.64,0.17,33.64,0.17,0.56,33.63,0.17,0.58,33.65,0.17,0.58,33.64,0.17,0.65
7905,1960,1667,1.004,33.00,0.30,33.00,0.29,0.56,33.00,0.30,0.60,33.01,0.31,0.59,33.02,0.33,0.66
7917,3654,3266,1.009,33.12,0.13,33.12,0.13,0.44,33.12,0.13,0.45,33.11,0.13,0.44,33.24,0.11,0.56
7930,7973,7573,1.020,35.44,0.21,35.41,0.20,0.35,35.44,0.21,0.39,35.46,0.21,0.40,35.49,0.22,0.48
7933,9242,8788,1.023,35.59,0.16,,,,,,,,,,35.59,0.16,0.48
7939,9618,9203,1.024,35.91,0.27,35.91,0.26,0.35,35.91,0.27,0.39,35.91,0.28,0.40,35.93,0.30,0.50
7944,5028,4590,1.012,33.86,0.15,33.87,0.15,0.56,33.85,0.15,0.58,33.86,0.15,0.58,34.10,0.14,0.65
7945,5982,5531,1.015,33.40,0.52,,,,,,,,,,33.40,0.52,0.64
7951,7909,7516,1.020,34.78,0.18,34.77,0.18,0.35,34.78,0.18,0.39,34.78,0.18,0.40,34.69,0.18,0.48
7960,5427,4980,1.013,33.27,0.17,33.28,0.16,0.56,33.26,0.17,0.60,33.26,0.17,0.59,33.23,0.16,0.66
7962,4985,4546,1.012,34.38,0.36,34.38,0.35,0.50,34.39,0.36,0.51,34.38,0.37,0.50,34.25,0.40,0.60
7963,5867,5479,1.014,35.17,0.17,,,,,,,,,,35.17,0.17,0.56
7966,7663,7257,1.019,34.97,0.14,34.96,0.14,0.41,34.97,0.14,0.41,34.97,0.14,0.40,35.04,0.13,0.54
7972,4627,4176,1.011,33.33,0.11,,,,,,,,,,33.33,0.11,0.53
7977,5716,5337,1.014,32.86,1.72,32.88,1.64,0.53,32.87,1.72,0.54,32.85,1.74,0.53,,,
7981,5502,5057,1.013,34.29,0.25,34.29,0.24,0.54,34.29,0.25,0.55,34.29,0.25,0.55,,,
7991,8017,7572,1.020,35.23,0.19,,,,,,,,,,35.23,0.19,0.48
7995,5090,4771,1.013,34.16,0.18,34.16,0.18,0.35,34.16,0.18,0.39,34.15,0.18,0.40,,,
8003,12631,12221,1.032,36.99,0.38,37.01,0.36,0.35,36.98,0.38,0.39,36.96,0.38,0.40,,,
8005,8424,8003,1.021,34.58,0.23,34.60,0.22,0.52,34.59,0.23,0.53,34.56,0.23,0.52,,,
8011,9365,8976,1.024,35.21,0.22,,,,,,,,,,35.21,0.22,0.48
8026,9344,8955,1.024,35.60,0.16,,,,,,,,,,35.60,0.16,0.48
8035,5148,4708,1.012,34.34,0.17,34.35,0.17,0.46,34.34,0.17,0.47,34.34,0.18,0.46,,,
8039,9592,9228,1.024,35.13,0.38,35.14,0.36,0.36,35.14,0.38,0.39,35.11,0.38,0.40,,,
8056,6900,6546,1.017,35.13,0.21,35.11,0.20,0.36,35.13,0.21,0.39,35.14,0.21,0.40,,,
8066,5390,4940,1.013,33.60,0.18,,,,,,,,,,33.60,0.18,0.48
8075,3529,3146,1.008,33.76,0.13,,,,,,,,,,33.76,0.13,0.64
8078,5813,5363,1.014,34.09,0.30,,,,,,,,,,34.09,0.30,0.60
8082,5729,5279,1.014,33.77,0.38,,,,,,,,,,33.77,0.38,0.65
8101,9239,8853,1.023,35.22,0.10,,,,,,,,,,35.22,0.10,0.48
8104,5265,4844,1.013,34.14,0.36,34.12,0.35,0.56,34.14,0.36,0.59,34.15,0.37,0.58,,,
8120,6492,6044,1.016,34.17,0.16,34.17,0.16,0.35,34.17,0.16,0.39,34.18,0.16,0.40,34.29,0.16,0.48
8127,6734,6285,1.017,34.95,0.19,,,,,,,,,,34.95,0.19,0.48
8131,7828,7417,1.020,34.61,0.15,34.61,0.15,0.35,34.61,0.15,0.39,34.61,0.15,0.40,,,
8132,8699,8250,1.022,35.77,0.46,,,,,,,,,,35.77,0.46,0.49
8146,5130,4690,1.012,33.62,0.18,33.63,0.17,0.49,33.62,0.18,0.50,33.60,0.18,0.49,,,
8163,4592,4186,1.011,33.19,0.15,33.20,0.15,0.45,33.19,0.15,0.45,33.17,0.15,0.44,,,
8164,5045,4956,1.013,33.91,0.42,,,,,,,,,,33.91,0.42,0.64
8165,4554,4151,1.011,33.70,0.21,33.69,0.20,0.35,33.70,0.21,0.39,33.70,0.21,0.40,,,
8171,5359,4941,1.013,34.41,0.15,34.41,0.15,0.45,34.41,0.15,0.46,34.40,0.16,0.45,,,
8173,3519,3147,1.008,33.38,0.12,33.37,0.12,0.35,33.39,0.12,0.39,33.40,0.12,0.40,33.98,0.10,0.48
8175,7903,7494,1.020,34.76,0.18,34.76,0.17,0.49,34.76,0.18,0.49,34.76,0.18,0.49,,,
8185,4479,4031,1.011,33.61,0.21,,,,,,,,,,33.61,0.21,0.48
8188,12510,12155,1.032,36.88,0.14,36.90,0.14,0.35,36.88,0.14,0.39,36.86,0.14,0.40,,,
8196,3574,3195,1.008,33.15,0.12,,,,,,,,,,33.15,0.12,0.49
8198,5030,4596,1.012,34.12,0.20,34.14,0.20,0.53,34.12,0.20,0.53,34.11,0.21,0.53,,,
8200,3997,3694,1.010,33.65,0.34,33.63,0.33,0.35,33.66,0.34,0.39,33.65,0.35,0.40,33.75,0.38,0.51
8205,3423,3053,1.008,33.93,0.18,33.95,0.17,0.56,33.92,0.18,0.60,33.91,0.18,0.59,,,
8207,3495,3129,1.008,32.50,0.15,32.51,0.15,0.56,32.49,0.15,0.58,32.49,0.15,0.57,32.28,0.14,0.65
8217,4852,4405,1.012,33.99,0.50,,,,,,,,,,33.99,0.50,0.66
8220,5052,4619,1.012,34.39,0.20,34.39,0.19,0.35,34.39,0.20,0.39,34.39,0.20,0.40,,,
8223,5301,5104,1.014,33.97,0.26,,,,,,,,,,33.97,0.26,0.48
8232,1972,1686,1.004,31.84,0.16,31.85,0.16,0.49,31.84,0.16,0.49,31.83,0.16,0.48,31.47,0.16,0.59
8235,8477,8054,1.021,35.25,0.32,35.25,0.31,0.44,35.25,0.32,0.44,35.24,0.33,0.44,,,
8237,4804,4357,1.012,34.44,0.36,,,,,,,,,,34.44,0.36,0.63
8245,5314,4891,1.013,34.05,0.18,34.04,0.17,0.47,34.05,0.18,0.48,34.05,0.18,0.47,,,
8255,7410,7036,1.019,34.12,0.21,34.11,0.20,0.56,34.11,0.21,0.57,34.12,0.21,0.57,,,
8260,4704,4315,1.011,34.08,0.15,,,,,,,,,,34.08,0.15,0.59
8261,11020,10630,1.028,36.00,0.45,,,,,,,,,,36.00,0.45,0.48
8266,8393,7987,1.021,34.83,0.14,34.82,0.13,0.35,34.83,0.14,0.39,34.84,0.14,0.40,,,
8268,5762,5316,1.014,33.78,0.28,,,,,,,,,,33.78,0.28,0.58
8281,3560,3186,1.008,33.73,0.20,33.73,0.19,0.53,33.73,0.20,0.54,33.73,0.20,0.53,,,
8293,7398,7023,1.019,34.85,0.20,34.84,0.19,0.35,34.85,0.20,0.39,34.86,0.20,0.40,35.03,0.21,0.48
8295,2051,1766,1.005,31.67,0.40,31.66,0.39,0.56,31.67,0.40,0.60,31.67,0.41,0.59,31.59,0.45,0.66
8301,7456,7010,1.019,34.99,0.46,,,,,,,,,,34.99,0.46,0.60
8313,3567,3225,1.009,33.89,0.36,33.90,0.34,0.56,33.89,0.36,0.58,33.88,0.36,0.57,,,
8318,4673,4307,1.011,34.42,0.25,34.41,0.24,0.41,34.42,0.25,0.41,34.43,0.25,0.40,,,
8325,5201,5002,1.013,35.10,0.31,,,,,,,,,,35.10,0.31,0.61
8335,11017,10574,1.028,36.08,0.33,,,,,,,,,,36.08,0.33,0.56
8350,4319,3879,1.010,33.94,0.13,33.95,0.13,0.51,33.93,0.13,0.51,33.92,0.14,0.50,,,
8351,4571,4127,1.011,32.75,0.32,,,,,,,,,,32.75,0.32,0.61
8352,4810,4365,1.012,32.89,0.29,,,,,,,,,,32.89,0.29,0.52
8355,4457,4049,1.011,32.73,0.32,32.74,0.30,0.56,32.73,0.32,0.60,32.72,0.32,0.59,,,
8360,3346,2990,1.008,32.91,0.25,32.90,0.24,0.51,32.91,0.25,0.51,32.92,0.25,0.50,32.84,0.27,0.60
8365,7426,6981,1.018,34.79,0.43,,,,,,,,,,34.79,0.43,0.60
8372,4754,4310,1.011,33.67,0.22,,,,,,,,,,33.67,0.22,0.48
8379,7963,7560,1.020,35.09,0.18,35.09,0.17,0.44,35.09,0.18,0.44,35.09,0.18,0.43,,,
8388,6138,6036,1.016,34.44,0.21,,,,,,,,,,34.44,0.21,0.48
8393,5193,4754,1.013,32.92,0.17,32.90,0.16,0.53,32.91,0.17,0.53,32.94,0.17,0.53,33.64,0.16,0.62
8396,6381,5940,1.016,34.53,0.11,,,,,,,,,,34.53,0.11,0.48
8400,5086,4785,1.013,34.30,0.19,34.28,0.19,0.51,34.30,0.19,0.51,34.31,0.20,0.51,,,
8417,5105,4670,1.012,34.70,0.21,34.68,0.21,0.35,34.70,0.21,0.39,34.72,0.21,0.40,,,
8420,7067,6726,1.018,33.50,3.12,33.50,2.99,0.56,33.49,3.12,0.60,33.51,3.17,0.59,,,
8438,4612,4169,1.011,33.08,0.19,,,,,,,,,,33.08,0.19,0.52
8450,10105,9671,1.025,33.82,0.26,33.82,0.26,0.56,33.81,0.26,0.60,33.83,0.27,0.59,,,
8452,4387,3983,1.011,33.80,0.15,33.81,0.15,0.56,33.80,0.15,0.59,33.80,0.16,0.59,,,
8453,5885,5780,1.015,34.38,0.31,,,,,,,,,,34.38,0.31,0.62
8470,10637,10226,1.027,36.07,0.33,,,,,,,,,,36.07,0.33,0.48
8480,2452,2233,1.006,33.03,0.26,,,,,,,,,,33.03,0.26,0.61
8503,6003,5562,1.015,34.44,0.27,,,,,,,,,,34.44,0.27,0.60
8518,9315,8963,1.024,35.34,0.21,35.37,0.20,0.47,35.34,0.21,0.47,35.31,0.21,0.46,,,
8520,4961,4536,1.012,33.31,0.16,33.33,0.15,0.50,33.31,0.16,0.50,33.30,0.16,0.50,,,
8527,11232,10830,1.028,35.95,0.31,35.96,0.30,0.35,35.95,0.31,0.39,35.95,0.31,0.40,,,
8530,3733,3354,1.009,33.34,0.18,,,,,,,,,,33.34,0.18,0.66
8531,9090,8655,1.023,35.11,0.23,35.12,0.22,0.35,35.12,0.23,0.39,35.10,0.23,0.40,,,
8535,2809,2386,1.006,32.93,0.18,32.94,0.18,0.56,32.92,0.18,0.60,32.92,0.18,0.59,32.78,0.18,0.66
8550,5684,5253,1.014,34.44,0.27,34.45,0.26,0.53,34.45,0.27,0.53,34.44,0.28,0.52,,,
8556,8377,7977,1.021,35.42,0.36,35.43,0.35,0.35,35.42,0.36,0.39,35.41,0.37,0.40,,,
8566,2138,1844,1.005,33.09,0.27,33.09,0.26,0.51,33.09,0.27,0.51,33.09,0.27,0.50,,,
8571,17236,16869,1.044,36.49,0.28,36.53,0.27,0.35,36.49,0.28,0.39,36.46,0.28,0.40,,,
8581,5018,4727,1.013,33.20,0.20,33.19,0.20,0.35,33.20,0.20,0.39,33.21,0.21,0.40,33.31,0.21,0.50
8599,5485,5052,1.013,34.19,0.13,34.18,0.13,0.36,34.19,0.13,0.39,34.19,0.13,0.40,34.22,0.11,0.52
8602,1595,1386,1.004,30.84,0.31,,,,,,,,,,30.84,0.31,0.66
8609,4647,4212,1.011,33.74,0.22,33.75,0.22,0.55,33.74,0.22,0.57,33.74,0.23,0.56,,,
8624,4578,4164,1.011,33.74,0.13,33.74,0.13,0.50,33.74,0.13,0.50,33.74,0.13,0.49,33.72,0.12,0.60
8629,4302,4078,1.011,33.87,0.25,,,,,,,,,,33.87,0.25,0.52
8631,1657,1300,1.003,30.95,0.24,30.94,0.23,0.48,30.95,0.24,0.48,30.95,0.24,0.48,30.78,0.26,0.59
8635,9116,8780,1.023,34.68,0.16,34.68,0.15,0.37,34.68,0.16,0.39,34.67,0.16,0.40,,,
8642,5274,4853,1.013,33.86,0.14,33.85,0.14,0.52,33.85,0.14,0.52,33.86,0.14,0.51,,,
8652,8417,7981,1.021,34.99,0.11,,,,,,,,,,34.99,0.11,0.48
8654,5920,5482,1.014,34.85,0.30,,,,,,,,,,34.85,0.30,0.58
8662,9121,8769,1.023,35.33,0.36,35.33,0.34,0.43,35.34,0.36,0.44,35.32,0.36,0.43,,,
8673,1909,1649,1.004,31.53,0.16,31.53,0.15,0.55,31.52,0.16,0.57,31.52,0.16,0.56,31.52,0.15,0.64
8676,5020,4587,1.012,34.55,0.19,34.55,0.18,0.35,34.55,0.19,0.39,34.55,0.19,0.40,,,
8678,3182,2756,1.007,32.44,0.13,32.45,0.13,0.48,32.44,0.13,0.48,32.43,0.13,0.48,,,
8685,8968,8536,1.022,34.87,0.13,34.87,0.13,0.35,34.88,0.13,0.39,34.88,0.13,0.40,,,
8686,5944,5679,1.015,34.75,0.41,34.72,0.39,0.48,34.75,0.41,0.48,34.77,0.41,0.48,,,
8691,3185,2760,1.007,31.95,0.23,31.95,0.22,0.56,31.94,0.23,0.60,31.95,0.23,0.59,,,
8696,3642,3505,1.009,33.80,0.32,,,,,,,,,,33.80,0.32,0.62
8722,3891,3503,1.009,32.25,0.13,,,,,,,,,,32.25,0.13,0.60
8729,10704,10276,1.027,35.04,0.26,35.05,0.25,0.43,35.05,0.26,0.44,35.03,0.26,0.43,,,
8739,4158,3771,1.010,33.32,0.43,,,,,,,,,,33.32,0.43,0.65
8751,6380,6187,1.016,35.05,0.32,,,,,,,,,,35.05,0.32,0.61
8752,3748,3368,1.009,33.01,0.15,33.03,0.14,0.55,33.01,0.15,0.57,32.99,0.15,0.56,,,
8754,3997,3737,1.010,33.14,0.37,33.14,0.35,0.56,33.14,0.37,0.59,33.14,0.37,0.58,32.87,0.41,0.65
8762,2206,1919,1.005,32.16,0.47,32.15,0.45,0.56,32.16,0.47,0.60,32.16,0.48,0.59,,,
8766,5000,4571,1.012,33.63,0.13,33.62,0.13,0.35,33.63,0.13,0.39,33.63,0.13,0.40,33.98,0.12,0.48
8777,11524,11092,1.029,35.65,0.17,,,,,,,,,,35.65,0.17,0.48
8778,6252,5824,1.015,35.19,0.20,35.18,0.20,0.36,35.19,0.20,0.39,35.18,0.21,0.40,,,
8786,8128,7695,1.020,34.80,0.25,,,,,,,,,,34.80,0.25,0.48
8821,4918,4493,1.012,34.04,0.23,34.05,0.22,0.56,34.04,0.23,0.57,34.03,0.23,0.57,,,
8822,5291,5005,1.013,33.69,0.25,33.68,0.24,0.35,33.70,0.25,0.39,33.70,0.26,0.40,33.83,0.27,0.48
8838,5890,5546,1.015,34.41,0.16,34.41,0.16,0.56,34.40,0.16,0.58,34.40,0.16,0.58,,,
8840,4018,3632,1.010,32.86,0.27,,,,,,,,,,32.86,0.27,0.66
8844,6264,5831,1.015,34.88,0.33,,,,,,,,,,34.88,0.33,0.61
8851,1592,1383,1.004,31.39,0.27,,,,,,,,,,31.39,0.27,0.66
8852,3313,2887,1.008,32.82,0.43,32.84,0.41,0.56,32.83,0.43,0.60,32.80,0.43,0.59,,,
8862,1571,1379,1.004,31.67,0.40,,,,,,,,,,31.67,0.40,0.66
8871,4976,4902,1.013,34.33,0.23,,,,,,,,,,34.33,0.23,0.48
8882,5181,4760,1.013,34.18,0.22,34.16,0.21,0.35,34.18,0.22,0.39,34.19,0.22,0.40,,,
8896,2318,2116,1.006,32.34,0.20,,,,,,,,,,32.34,0.20,0.61
8902,14253,13824,1.036,37.19,0.41,,,,,,,,,,37.19,0.41,0.48
8908,6042,5618,1.015,34.34,0.23,34.34,0.23,0.50,34.34,0.23,0.50,34.33,0.24,0.49,,,
8913,1736,1386,1.004,31.76,0.17,31.76,0.16,0.56,31.75,0.17,0.60,31.75,0.17,0.59,31.83,0.16,0.66
8950,7955,7579,1.020,35.17,0.28,35.18,0.27,0.35,35.17,0.28,0.39,35.16,0.28,0.40,,,
8955,6819,6389,1.017,33.95,0.19,,,,,,,,,,33.95,0.19,0.52
8956,4238,3852,1.010,32.41,0.25,,,,,,,,,,32.41,0.25,0.61
8964,3889,3511,1.009,33.45,0.12,33.43,0.12,0.35,33.45,0.12,0.39,33.45,0.12,0.40,33.80,0.10,0.49
8969,5526,5103,1.014,34.78,0.10,,,,,,,,,,34.78,0.10,0.48
8974,2333,2046,1.005,32.47,0.37,32.45,0.35,0.37,32.48,0.37,0.39,32.48,0.37,0.40,32.58,0.41,0.52
8982,4125,3739,1.010,33.59,0.11,,,,,,,,,,33.59,0.11,0.56
8984,4170,3747,1.010,32.76,0.13,,,,,,,,,,32.76,0.13,0.64
9004,5202,4778,1.013,33.30,0.19,,,,,,,,,,33.30,0.19,0.64
9016,3942,3573,1.009,33.21,0.21,33.20,0.21,0.56,33.20,0.21,0.60,33.22,0.22,0.59,,,
9028,1604,1293,1.003,32.01,0.47,32.00,0.45,0.56,32.01,0.47,0.60,32.01,0.48,0.59,,,
9031,745,317,1.001,29.75,0.11,,,,,,,,,,29.75,0.11,0.48
9048,12182,11806,1.031,35.73,0.21,,,,,,,,,,35.73,0.21,0.48
9054,1630,1439,1.004,32.12,0.26,,,,,,,,,,32.12,0.26,0.59
9057,1480,1294,1.003,30.93,0.17,,,,,,,,,,30.93,0.17,0.48
9078,11452,11045,1.029,35.98,0.22,,,,,,,,,,35.98,0.22,0.48
9083,9471,9198,1.024,35.44,0.15,35.46,0.15,0.35,35.44,0.15,0.39,35.42,0.16,0.40,35.48,0.15,0.48
9102,10893,10482,1.028,36.01,0.21,,,,,,,,,,36.01,0.21,0.48
9118,8368,8032,1.021,35.37,0.13,35.35,0.12,0.35,35.37,0.13,0.39,35.38,0.13,0.40,,,
9120,6308,5966,1.016,33.44,0.38,33.45,0.37,0.56,33.44,0.38,0.57,33.42,0.39,0.57,,,
9126,1439,1140,1.003,30.83,0.46,30.84,0.44,0.56,30.84,0.46,0.60,30.81,0.47,0.59,,,
9134,5002,4585,1.012,32.72,0.13,32.75,0.13,0.51,32.72,0.13,0.52,32.68,0.13,0.51,32.67,0.12,0.61
9136,4610,4192,1.011,33.86,0.13,,,,,,,,,,33.86,0.13,0.59
9167,9705,9297,1.024,35.58,0.31,,,,,,,,,,35.58,0.31,0.48
9170,10245,9840,1.026,34.84,0.13,34.85,0.13,0.42,34.84,0.13,0.43,34.83,0.13,0.42,,,
9173,10288,9892,1.026,35.61,0.20,35.64,0.19,0.35,35.60,0.20,0.39,35.58,0.20,0.40,,,
9183,10446,10053,1.026,36.02,0.19,36.03,0.18,0.35,36.02,0.19,0.39,36.02,0.19,0.40,,,
9186,5413,4989,1.013,33.78,0.25,33.77,0.24,0.47,33.79,0.25,0.48,33.79,0.25,0.47,34.02,0.27,0.58
9206,3911,3551,1.009,33.66,0.13,,,,,,,,,,33.66,0.13,0.62
9214,4348,3951,1.010,34.48,0.27,34.48,0.26,0.45,34.49,0.27,0.45,34.48,0.28,0.45,,,
9236,1647,1263,1.003,31.57,0.25,,,,,,,,,,31.57,0.25,0.56
9247,5059,4637,1.012,34.23,0.23,,,,,,,,,,34.23,0.23,0.48
9248,5572,5287,1.014,34.62,0.35,34.61,0.34,0.44,34.63,0.35,0.44,34.62,0.35,0.43,,,
9253,5747,5324,1.014,34.33,0.28,,,,,,,,,,34.33,0.28,0.48
9256,6476,6170,1.016,34.64,0.19,34.62,0.19,0.35,34.64,0.19,0.39,34.66,0.20,0.40,34.68,0.20,0.48
9266,12015,11661,1.031,34.92,0.32,,,,,,,,,,34.92,0.32,0.54
9267,10508,10103,1.027,35.74,0.19,35.75,0.18,0.35,35.74,0.19,0.39,35.74,0.19,0.40,,,
9268,9506,9084,1.024,34.83,0.33,34.84,0.31,0.41,34.84,0.33,0.42,34.83,0.33,0.41,34.74,0.36,0.55
9272,2126,1874,1.005,32.47,0.22,32.47,0.22,0.56,32.46,0.22,0.59,32.47,0.23,0.58,32.30,0.23,0.65
9273,1466,1307,1.003,31.06,0.34,,,,,,,,,,31.06,0.34,0.64
9277,10358,9962,1.026,36.03,0.12,36.04,0.12,0.35,36.03,0.12,0.39,36.02,0.12,0.40,,,
9284,5673,5261,1.014,34.20,0.16,34.21,0.16,0.52,34.20,0.16,0.52,34.18,0.16,0.52,,,
9285,9789,9383,1.025,35.00,0.21,,,,,,,,,,35.00,0.21,0.56
9286,10649,10238,1.027,35.71,0.20,,,,,,,,,,35.71,0.20,0.48
9287,6877,6662,1.018,34.73,0.24,,,,,,,,,,34.73,0.24,0.53
9296,4981,4568,1.012,34.25,0.39,34.25,0.38,0.55,34.26,0.39,0.57,34.24,0.40,0.56,34.38,0.44,0.64
9308,5180,4767,1.013,33.87,0.22,,,,,,,,,,33.87,0.22,0.62
9309,9813,9413,1.025,35.19,0.17,35.19,0.16,0.35,35.19,0.17,0.39,35.19,0.17,0.40,,,
9314,5315,4897,1.013,33.83,0.11,,,,,,,,,,33.83,0.11,0.54
9317,4391,4250,1.011,34.81,0.34,,,,,,,,,,34.81,0.34,0.65
9321,4534,4243,1.011,34.35,0.32,34.35,0.31,0.56,34.36,0.32,0.57,34.35,0.33,0.57,,,
9332,741,326,1.001,29.32,0.24,,,,,,,,,,29.32,0.24,0.62
9335,3758,3541,1.009,33.80,0.27,,,,,,,,,,33.80,0.27,0.62
9347,2945,2630,1.007,32.93,0.26,32.93,0.25,0.56,32.92,0.26,0.60,32.95,0.26,0.59,,,
9354,2117,1869,1.005,31.38,0.50,,,,,,,,,,31.38,0.50,0.66
9376,12339,12033,1.032,35.97,0.12,35.96,0.12,0.35,35.96,0.12,0.39,35.97,0.12,0.40,,,
9382,9217,8828,1.023,35.35,0.31,35.35,0.30,0.35,35.36,0.31,0.39,35.35,0.32,0.40,,,
9398,6567,6175,1.016,34.61,0.13,34.60,0.12,0.35,34.61,0.13,0.39,34.60,0.13,0.40,,,
9399,5179,4769,1.013,33.40,0.13,33.40,0.13,0.35,33.40,0.13,0.39,33.39,0.13,0.40,32.57,0.11,0.48
9413,4223,3854,1.010,33.56,0.14,,,,,,,,,,33.56,0.14,0.65
9414,1659,1363,1.004,31.14,0.30,31.14,0.29,0.56,31.14,0.30,0.59,31.14,0.30,0.58,30.76,0.32,0.65
9419,4785,4378,1.012,33.89,0.23,33.90,0.22,0.56,33.89,0.23,0.58,33.89,0.23,0.57,,,
9420,4925,4734,1.013,33.56,0.33,,,,,,,,,,33.56,0.33,0.49
9432,5149,4730,1.013,33.73,0.13,33.72,0.13,0.35,33.73,0.13,0.39,33.73,0.13,0.40,,,
9440,5393,4996,1.013,33.54,0.16,33.55,0.15,0.53,33.54,0.16,0.54,33.53,0.16,0.53,,,
9465,5323,4905,1.013,34.24,0.18,34.23,0.17,0.35,34.24,0.18,0.39,34.26,0.18,0.40,34.41,0.18,0.48
9469,5521,5104,1.014,33.96,0.23,33.95,0.22,0.46,33.96,0.23,0.46,33.96,0.23,0.45,,,
9475,4330,3947,1.010,33.09,0.13,33.10,0.13,0.46,33.09,0.13,0.46,33.08,0.13,0.45,33.20,0.11,0.57
9479,4809,4671,1.012,33.76,0.63,,,,,,,,,,33.76,0.63,0.63
9480,5851,5433,1.014,34.42,0.35,,,,,,,,,,34.42,0.35,0.56
9501,5426,5019,1.013,33.79,0.35,33.80,0.34,0.54,33.80,0.35,0.55,33.79,0.36,0.54,33.58,0.39,0.63
9505,4812,4408,1.012,34.16,0.20,34.17,0.19,0.53,34.16,0.20,0.54,34.16,0.20,0.53,,,
9509,8705,8360,1.022,36.06,0.18,,,,,,,,,,36.06,0.18,0.48
9510,2083,1688,1.004,32.31,0.14,32.33,0.14,0.55,32.31,0.14,0.56,32.30,0.14,0.55,32.26,0.13,0.63
9516,4745,4343,1.011,34.09,0.26,,,,,,,,,,34.09,0.26,0.51
9526,3366,2957,1.008,31.95,0.22,,,,,,,,,,31.95,0.22,0.66
9533,9295,8883,1.023,35.08,0.13,,,,,,,,,,35.08,0.13,0.48
9549,1539,1246,1.003,31.63,0.16,31.63,0.15,0.39,31.63,0.16,0.40,31.63,0.16,0.40,31.84,0.15,0.53
9550,4958,4551,1.012,33.69,0.12,,,,,,,,,,33.69,0.12,0.48
9551,4533,4432,1.012,33.77,0.28,,,,,,,,,,33.77,0.28,0.59
9560,5786,5503,1.015,33.68,0.14,33.67,0.14,0.35,33.68,0.14,0.39,33.68,0.14,0.40,33.56,0.13,0.48
9566,808,395,1.001,29.95,0.25,,,,,,,,,,29.95,0.25,0.65
9573,5445,5052,1.013,34.70,0.32,34.70,0.31,0.43,34.71,0.32,0.44,34.69,0.32,0.43,34.70,0.35,0.56
9575,6548,6231,1.016,34.68,0.41,34.69,0.40,0.54,34.69,0.41,0.55,34.68,0.42,0.54,,,
9579,4750,4352,1.012,32.64,0.29,,,,,,,,,,32.64,0.29,0.63
9590,5983,5569,1.015,33.78,0.18,,,,,,,,,,33.78,0.18,0.53
9596,7308,7003,1.018,35.05,0.80,35.08,0.77,0.55,35.09,0.80,0.55,34.99,0.81,0.55,,,
9598,7376,7074,1.019,34.78,0.19,34.77,0.19,0.35,34.79,0.19,0.39,34.79,0.19,0.40,,,
9616,5757,5371,1.014,33.63,0.24,33.63,0.23,0.42,33.63,0.24,0.43,33.62,0.24,0.42,,,
9617,6405,6108,1.016,34.30,0.41,34.31,0.39,0.55,34.31,0.41,0.56,34.28,0.41,0.56,,,
9618,8226,7813,1.021,35.09,0.18,,,,,,,,,,35.09,0.18,0.48
9631,6151,5829,1.015,34.14,0.22,34.14,0.21,0.56,34.14,0.22,0.59,34.14,0.22,0.58,,,
9638,1111,736,1.002,31.19,0.17,,,,,,,,,,31.19,0.17,0.66
9643,6609,6310,1.017,34.37,0.26,34.36,0.25,0.39,34.37,0.26,0.40,34.37,0.27,0.40,,,
9648,11399,11112,1.029,35.84,0.28,35.85,0.27,0.35,35.84,0.28,0.39,35.83,0.28,0.40,,,
9665,786,377,1.001,30.29,0.27,,,,,,,,,,30.29,0.27,0.66
9670,4823,4427,1.012,32.30,0.60,32.31,0.57,0.56,32.32,0.60,0.60,32.29,0.61,0.59,,,
9675,9025,8647,1.023,35.30,0.30,35.29,0.29,0.35,35.31,0.30,0.39,35.31,0.31,0.40,,,
9676,9705,9302,1.024,36.02,0.26,,,,,,,,,,36.02,0.26,0.48
9692,10401,10031,1.026,36.29,0.24,,,,,,,,,,36.29,0.24,0.48
9707,5735,5351,1.014,33.88,0.14,33.88,0.13,0.52,33.87,0.14,0.53,33.88,0.14,0.52,,,
9713,4594,4361,1.012,34.03,0.34,,,,,,,,,,34.03,0.34,0.49
9721,4475,4248,1.011,33.86,0.49,,,,,,,,,,33.86,0.49,0.63
9725,11248,10859,1.029,35.78,0.17,35.77,0.17,0.35,35.78,0.17,0.39,35.78,0.17,0.40,,,
9727,5391,4998,1.013,34.17,0.23,34.18,0.22,0.56,34.16,0.23,0.59,34.16,0.23,0.59,,,
9729,5601,5220,1.014,34.29,0.16,34.28,0.16,0.35,34.30,0.16,0.39,34.31,0.16,0.40,,,
9730,5653,5271,1.014,34.45,0.14,,,,,,,,,,34.45,0.14,0.61
9738,4475,4099,1.011,33.19,0.17,33.20,0.17,0.56,33.18,0.17,0.60,33.18,0.17,0.59,,,
9744,15604,15283,1.040,36.39,0.28,36.40,0.27,0.35,36.39,0.28,0.39,36.39,0.28,0.40,,,
9753,8431,8109,1.021,35.03,0.21,35.04,0.20,0.35,35.03,0.21,0.39,35.03,0.21,0.40,,,
9765,6634,6339,1.017,33.64,0.42,33.64,0.40,0.56,33.64,0.42,0.60,33.63,0.42,0.59,,,
9767,12284,11948,1.031,36.08,0.22,,,,,,,,,,36.08,0.22,0.48
9773,5290,4879,1.013,33.97,0.22,33.96,0.22,0.35,33.98,0.22,0.39,33.97,0.23,0.40,33.97,0.24,0.50
9788,1710,1315,1.003,30.43,0.14,,,,,,,,,,30.43,0.14,0.55
9795,5044,4644,1.012,33.44,0.10,,,,,,,,,,33.44,0.10,0.48
9800,4775,4545,1.012,33.70,0.13,,,,,,,,,,33.70,0.13,0.48
9805,5855,5468,1.014,34.76,0.16,34.76,0.16,0.56,34.75,0.16,0.60,34.77,0.16,0.59,,,
9811,4633,4230,1.011,33.79,0.22,,,,,,,,,,33.79,0.22,0.57
9813,7303,7006,1.018,35.23,0.65,35.24,0.62,0.42,35.26,0.65,0.43,35.20,0.66,0.42,,,
9816,3948,3545,1.009,32.22,0.19,,,,,,,,,,32.22,0.19,0.63
9818,5301,4891,1.013,34.24,0.33,34.23,0.32,0.53,34.24,0.33,0.53,34.24,0.33,0.53,34.25,0.36,0.62
9826,4764,4552,1.012,33.78,0.23,,,,,,,,,,33.78,0.23,0.51
9828,4404,4031,1.011,33.24,0.23,33.23,0.22,0.41,33.24,0.23,0.42,33.25,0.23,0.41,33.16,0.25,0.54
9837,8834,8464,1.022,35.28,0.23,35.27,0.22,0.35,35.28,0.23,0.39,35.29,0.23,0.40,,,
9843,1522,1285,1.003,30.46,0.21,30.45,0.20,0.50,30.47,0.21,0.51,30.45,0.21,0.50,30.63,0.22,0.60
9852,3963,3558,1.009,32.77,0.34,,,,,,,,,,32.77,0.34,0.56
9857,7966,7627,1.020,34.92,0.37,,,,,,,,,,34.92,0.37,0.62
9869,2679,2390,1.006,32.89,0.22,32.89,0.22,0.55,32.88,0.22,0.56,32.88,0.23,0.56,,,
9875,6841,6547,1.017,34.94,0.22,34.93,0.22,0.47,34.94,0.22,0.47,34.94,0.23,0.46,,,
9881,5818,5438,1.014,34.01,0.23,,,,,,,,,,34.01,0.23,0.55
9888,863,480,1.001,30.33,0.15,30.34,0.15,0.56,30.33,0.15,0.59,30.32,0.15,0.58,30.35,0.14,0.65
9894,6644,6355,1.017,34.67,0.13,34.67,0.13,0.37,34.67,0.13,0.39,34.68,0.13,0.40,,,
9901,4873,4475,1.012,34.66,0.10,,,,,,,,,,34.66,0.10,0.48
9904,6222,5902,1.016,34.36,0.12,34.35,0.12,0.35,34.36,0.12,0.39,34.37,0.12,0.40,34.50,0.10,0.48
9915,8021,7686,1.020,35.16,0.30,,,,,,,,,,35.16,0.30,0.58
9917,6471,6160,1.016,34.55,0.18,34.56,0.18,0.56,34.55,0.18,0.60,34.55,0.18,0.59,,,
9931,9077,8711,1.023,35.39,0.24,35.38,0.23,0.39,35.39,0.24,0.39,35.39,0.25,0.40,,,
9939,8406,8031,1.021,35.09,0.19,,,,,,,,,,35.09,0.19,0.49
9941,4562,4165,1.011,33.76,0.25,,,,,,,,,,33.76,0.25,0.65
9952,6023,5617,1.015,34.53,0.19,,,,,,,,,,34.53,0.19,0.48
9973,8574,8301,1.022,35.22,0.21,35.22,0.20,0.35,35.22,0.21,0.39,35.22,0.21,0.40,,,
9981,6901,6612,1.017,34.77,0.24,34.76,0.23,0.37,34.77,0.24,0.39,34.77,0.24,0.40,,,
9995,5893,5599,1.015,34.50,0.12,34.49,0.12,0.35,34.50,0.12,0.39,34.50,0.12,0.40,,,
10029,4746,4362,1.012,33.10,0.14,33.10,0.14,0.36,33.10,0.14,0.39,33.09,0.15,0.40,,,
10031,5213,4891,1.013,33.82,0.24,,,,,,,,,,33.82,0.24,0.51
10034,4926,4530,1.012,34.14,0.23,,,,,,,,,,34.14,0.23,0.48
10038,4536,4336,1.011,33.46,0.27,,,,,,,,,,33.46,0.27,0.65
10045,2980,2834,1.008,33.73,0.27,,,,,,,,,,33.73,0.27,0.61
10047,4667,4265,1.011,34.68,0.32,,,,,,,,,,34.68,0.32,0.54
10048,3636,3307,1.009,33.17,0.19,,,,,,,,,,33.17,0.19,0.48
10052,824,422,1.001,30.14,0.15,,,,,,,,,,30.14,0.15,0.64
10054,6708,6419,1.017,34.76,0.26,34.74,0.25,0.52,34.75,0.26,0.52,34.78,0.26,0.52,,,
10065,1257,1021,1.003,31.08,0.15,31.09,0.14,0.52,31.08,0.15,0.53,31.06,0.15,0.52,30.77,0.14,0.62
10068,8698,8369,1.022,34.82,0.37,,,,,,,,,,34.82,0.37,0.54
10072,3658,3321,1.009,32.19,0.25,,,,,,,,,,32.19,0.25,0.66
10085,4525,4371,1.012,33.35,0.51,,,,,,,,,,33.35,0.51,0.65
10091,5558,5156,1.014,34.29,0.41,34.29,0.40,0.55,34.29,0.41,0.56,34.28,0.42,0.56,,,
10092,11102,10719,1.028,35.41,0.22,35.40,0.22,0.35,35.41,0.22,0.39,35.42,0.23,0.40,,,
10104,8740,8387,1.022,35.32,0.32,,,,,,,,,,35.32,0.32,0.48
10124,680,282,1.001,29.28,1.06,,,,,,,,,,29.28,1.06,0.66
10126,5358,4973,1.013,32.81,0.16,32.81,0.16,0.56,32.80,0.16,0.60,32.81,0.16,0.59,33.17,0.16,0.66
10128,1354,1109,1.003,32.06,0.47,32.06,0.45,0.56,32.07,0.47,0.60,32.05,0.48,0.59,,,
10160,8078,7714,1.020,35.22,0.17,35.22,0.17,0.35,35.21,0.17,0.39,35.24,0.17,0.40,,,
10166,5514,5197,1.014,34.27,0.18,,,,,,,,,,34.27,0.18,0.53
10172,1315,1077,1.003,31.71,0.33,31.72,0.32,0.56,31.72,0.33,0.57,31.71,0.34,0.57,31.53,0.37,0.64
10181,7062,6662,1.018,34.78,0.22,34.78,0.21,0.35,34.79,0.22,0.39,34.79,0.22,0.40,,,
10182,3337,2943,1.008,32.36,0.19,,,,,,,,,,32.36,0.19,0.66
10190,11028,10807,1.028,35.43,0.24,,,,,,,,,,35.43,0.24,0.48
10208,1044,767,1.002,30.24,0.13,30.23,0.13,0.35,30.24,0.13,0.39,30.23,0.13,0.40,30.37,0.11,0.48
10209,3022,2869,1.008,33.42,0.52,,,,,,,,,,33.42,0.52,0.66
10215,6444,6141,1.016,34.25,0.14,34.24,0.14,0.37,34.25,0.14,0.39,34.26,0.14,0.40,,,
10218,4744,4357,1.012,33.73,0.14,33.74,0.14,0.55,33.73,0.14,0.56,33.73,0.14,0.56,33.74,0.13,0.64
10229,1496,1365,1.004,31.37,0.39,,,,,,,,,,31.37,0.39,0.66
10242,9897,9546,1.025,35.56,0.20,,,,,,,,,,35.56,0.20,0.48
10264,9547,9152,1.024,34.73,0.20,,,,,,,,,,34.73,0.20,0.48
10274,5453,5067,1.013,33.18,0.17,,,,,,,,,,33.18,0.17,0.66
10281,11535,11225,1.030,36.36,0.34,,,,,,,,,,36.36,0.34,0.48
10285,9554,9327,1.025,35.31,0.24,35.30,0.23,0.35,35.31,0.24,0.39,35.33,0.24,0.40,,,
10290,11274,11050,1.029,35.39,0.22,35.39,0.21,0.35,35.39,0.22,0.39,35.39,0.22,0.40,35.52,0.23,0.48
10296,4554,4159,1.011,34.05,0.19,,,,,,,,,,34.05,0.19,0.48
10310,5287,4904,1.013,33.96,0.24,33.96,0.23,0.40,33.97,0.24,0.41,33.96,0.24,0.40,33.95,0.25,0.54
10312,5681,5285,1.014,33.83,0.23,,,,,,,,,,33.83,0.23,0.54
10315,8058,7785,1.021,34.44,0.13,34.44,0.13,0.35,34.44,0.13,0.39,34.43,0.13,0.40,,,
10319,4880,4496,1.012,33.28,0.13,33.29,0.13,0.45,33.28,0.13,0.46,33.27,0.13,0.45,33.28,0.11,0.57
10324,7634,7456,1.020,35.21,0.24,35.20,0.23,0.35,35.21,0.24,0.39,35.22,0.25,0.40,,,
10326,4896,4820,1.013,33.79,0.20,,,,,,,,,,33.79,0.20,0.58
10327,6552,6245,1.017,34.00,0.24,,,,,,,,,,34.00,0.24,0.56
10331,4321,3937,1.010,33.78,0.14,33.75,0.14,0.42,33.77,0.14,0.42,33.80,0.14,0.41,,,
10332,4985,4949,1.013,34.38,0.34,,,,,,,,,,34.38,0.34,0.61
10341,6192,5890,1.016,34.39,0.18,34.38,0.18,0.42,34.39,0.18,0.43,34.39,0.18,0.42,,,
10343,4912,4527,1.012,33.55,0.22,,,,,,,,,,33.55,0.22,0.63
10346,5656,5271,1.014,34.05,0.27,,,,,,,,,,34.05,0.27,0.59
10372,8086,7771,1.021,35.27,0.17,,,,,,,,,,35.27,0.17,0.48
10375,5528,5143,1.014,33.75,0.15,,,,,,,,,,33.75,0.15,0.61
10381,2831,2558,1.007,32.03,0.24,32.04,0.23,0.56,32.02,0.24,0.60,32.02,0.24,0.59,,,
10382,7858,7514,1.020,33.82,0.16,,,,,,,,,,33.82,0.16,0.59
10388,9579,9239,1.024,35.52,0.18,,,,,,,,,,35.52,0.18,0.48
10389,7723,7374,1.019,35.32,0.26,35.32,0.25,0.35,35.32,0.26,0.39,35.31,0.26,0.40,,,
10392,6590,6296,1.017,33.97,0.18,33.98,0.18,0.51,33.97,0.18,0.51,33.96,0.19,0.51,,,
10394,7628,7293,1.019,34.85,0.16,,,,,,,,,,34.85,0.16,0.51
10401,6759,6366,1.017,33.58,0.24,,,,,,,,,,33.58,0.24,0.58
10410,7082,6972,1.018,34.49,0.30,,,,,,,,,,34.49,0.30,0.61
10411,3978,3799,1.010,33.27,0.22,,,,,,,,,,33.27,0.22,0.56
10413,4280,4087,1.011,33.89,0.15,,,,,,,,,,33.89,0.15,0.48
10421,5177,4791,1.013,33.92,0.12,,,,,,,,,,33.92,0.12,0.59
10429,6820,6539,1.017,34.80,0.20,34.79,0.19,0.35,34.80,0.20,0.39,34.81,0.20,0.40,,,
10438,7483,7317,1.019,34.87,0.18,,,,,,,,,,34.87,0.18,0.48
10448,6866,6584,1.017,34.52,0.23,34.52,0.23,0.39,34.52,0.23,0.40,34.52,0.24,0.40,34.33,0.25,0.53
10456,9647,9310,1.025,36.13,0.35,,,,,,,,,,36.13,0.35,0.48
10463,6922,6826,1.018,34.35,0.25,,,,,,,,,,34.35,0.25,0.50
10464,1419,1195,1.003,30.92,0.19,30.91,0.19,0.38,30.93,0.19,0.39,30.93,0.20,0.40,30.78,0.20,0.53
10467,8109,7738,1.020,35.01,0.14,35.01,0.14,0.35,35.01,0.14,0.39,35.01,0.14,0.40,,,
10484,5876,5508,1.015,33.57,0.18,,,,,,,,,,33.57,0.18,0.63
10488,1187,1105,1.003,30.52,0.28,,,,,,,,,,30.52,0.28,0.48
10489,7572,7179,1.019,35.14,0.15,35.14,0.15,0.35,35.13,0.15,0.39,35.14,0.15,0.40,,,
10490,5813,5420,1.014,33.88,0.28,33.88,0.27,0.50,33.88,0.28,0.50,33.87,0.28,0.50,,,
10496,1562,1300,1.003,30.72,0.29,30.71,0.28,0.50,30.73,0.29,0.50,30.73,0.29,0.49,30.49,0.31,0.60
10502,7040,6932,1.018,34.85,0.29,,,,,,,,,,34.85,0.29,0.48
10507,2802,2539,1.007,32.35,0.24,32.33,0.23,0.37,32.35,0.24,0.39,32.36,0.24,0.40,32.35,0.25,0.52
10512,5008,4630,1.012,33.63,0.13,33.64,0.13,0.44,33.63,0.13,0.44,33.62,0.13,0.43,33.63,0.11,0.56
10532,9275,8887,1.023,35.20,0.24,,,,,,,,,,35.20,0.24,0.48
10537,7634,7273,1.019,35.30,0.13,,,,,,,,,,35.30,0.13,0.54
10540,7802,7468,1.020,33.69,0.49,,,,,,,,,,33.69,0.49,0.64
10542,7608,7361,1.019,35.15,0.18,35.15,0.17,0.35,35.15,0.18,0.39,35.16,0.18,0.40,,,
10559,6465,6204,1.016,34.21,0.29,34.19,0.28,0.35,34.21,0.29,0.39,34.21,0.29,0.40,,,
10566,6485,6200,1.016,34.14,0.24,34.12,0.23,0.37,34.14,0.24,0.39,34.15,0.24,0.40,,,
10571,3025,2871,1.008,33.70,0.45,,,,,,,,,,33.70,0.45,0.66
10574,8399,8135,1.021,35.47,0.22,35.47,0.21,0.35,35.47,0.22,0.39,35.47,0.22,0.40,,,
10581,6200,5844,1.015,34.22,0.25,,,,,,,,,,34.22,0.25,0.48
10592,5813,5448,1.014,34.21,0.11,,,,,,,,,,34.21,0.11,0.48
10606,5456,5077,1.013,34.30,0.22,34.28,0.21,0.35,34.30,0.22,0.39,34.31,0.22,0.40,34.45,0.23,0.48
10610,7423,7086,1.019,35.13,0.11,,,,,,,,,,35.13,0.11,0.53
10631,6037,5746,1.015,33.88,0.14,33.88,0.14,0.48,33.88,0.14,0.48,33.89,0.14,0.47,,,
10637,4899,4830,1.013,34.55,0.15,,,,,,,,,,34.55,0.15,0.48
10640,5000,4965,1.013,34.15,0.28,,,,,,,,,,34.15,0.28,0.61
10641,6592,6258,1.017,33.70,0.23,,,,,,,,,,33.70,0.23,0.61
10647,6531,6275,1.017,34.78,0.24,34.78,0.23,0.35,34.79,0.24,0.39,34.79,0.25,0.40,,,
10653,8573,8186,1.022,35.48,0.23,,,,,,,,,,35.48,0.23,0.48
10658,3488,3189,1.008,32.48,0.14,,,,,,,,,,32.48,0.14,0.64
10659,4225,3951,1.010,33.64,0.13,33.64,0.13,0.35,33.64,0.13,0.39,33.64,0.13,0.40,,,
10661,6482,6154,1.016,34.17,0.19,,,,,,,,,,34.17,0.19,0.57
10669,3435,3273,1.009,33.39,0.19,33.38,0.19,0.35,33.40,0.19,0.39,33.40,0.20,0.40,,,
10673,1342,1125,1.003,31.12,0.32,31.11,0.31,0.56,31.11,0.32,0.60,31.13,0.32,0.59,31.35,0.35,0.66
10677,10102,9902,1.026,35.68,0.34,,,,,,,,,,35.68,0.34,0.48
10695,7394,7045,1.019,35.29,0.10,,,,,,,,,,35.29,0.10,0.48
10701,8480,8109,1.021,35.79,0.32,35.78,0.31,0.35,35.80,0.32,0.39,35.80,0.32,0.40,,,
10715,9194,8871,1.023,35.90,0.28,,,,,,,,,,35.90,0.28,0.48
10716,8505,8248,1.022,35.40,0.23,35.39,0.22,0.35,35.40,0.23,0.39,35.40,0.23,0.40,35.40,0.24,0.48
10740,5696,5346,1.014,34.81,0.10,,,,,,,,,,34.81,0.10,0.50
10741,8786,8464,1.022,35.48,0.21,,,,,,,,,,35.48,0.21,0.49
10742,12808,12429,1.033,36.08,0.18,,,,,,,,,,36.08,0.18,0.48
10747,7067,6815,1.018,34.95,0.22,34.94,0.22,0.35,34.95,0.22,0.39,34.95,0.23,0.40,,,
10754,5945,5560,1.015,34.24,0.26,,,,,,,,,,34.24,0.26,0.55
10759,6551,6216,1.016,34.92,0.28,,,,,,,,,,34.92,0.28,0.54
10766,5322,5113,1.014,34.04,0.16,34.03,0.16,0.35,34.04,0.16,0.39,34.05,0.16,0.40,34.08,0.16,0.48
10781,7805,7489,1.020,35.30,0.17,,,,,,,,,,35.30,0.17,0.48
10794,6997,6778,1.018,34.77,0.25,34.75,0.24,0.40,34.78,0.25,0.40,34.79,0.25,0.40,,,
10815,4559,4292,1.011,33.81,0.18,33.80,0.17,0.45,33.81,0.18,0.46,33.82,0.18,0.45,,,
10817,7004,6785,1.018,34.02,0.27,34.03,0.26,0.50,34.02,0.27,0.50,34.01,0.27,0.49,33.76,0.29,0.59
10836,10155,9840,1.026,35.38,0.27,,,,,,,,,,35.38,0.27,0.48
10846,7372,7222,1.019,35.14,0.27,,,,,,,,,,35.14,0.27,0.58
10857,8818,8562,1.023,35.23,0.13,35.24,0.13,0.35,35.23,0.13,0.39,35.22,0.13,0.40,,,
10858,6296,6245,1.017,34.24,0.14,,,,,,,,,,34.24,0.14,0.48
10862,8314,8006,1.021,35.25,0.25,,,,,,,,,,35.25,0.25,0.52
10875,5032,4826,1.013,33.96,0.20,33.95,0.20,0.35,33.97,0.20,0.39,33.97,0.21,0.40,33.99,0.21,0.48
10913,5497,5216,1.014,34.45,0.13,34.46,0.13,0.37,34.46,0.13,0.39,34.45,0.13,0.40,34.51,0.12,0.52
10915,7525,7231,1.019,34.42,0.21,,,,,,,,,,34.42,0.21,0.59
10928,3750,3442,1.009,32.52,0.19,,,,,,,,,,32.52,0.19,0.48
10932,3672,3365,1.009,32.88,0.14,,,,,,,,,,32.88,0.14,0.51
10933,6788,6529,1.017,34.72,0.13,34.71,0.13,0.35,34.72,0.13,0.39,34.72,0.13,0.40,,,
10942,3108,2845,1.008,32.83,0.22,32.83,0.21,0.40,32.84,0.22,0.41,32.83,0.22,0.40,,,
10943,7676,7398,1.020,34.81,0.13,34.81,0.12,0.35,34.81,0.13,0.39,34.81,0.13,0.40,35.09,0.11,0.48
10952,7516,7215,1.019,34.81,0.23,,,,,,,,,,34.81,0.23,0.48
10956,2359,1980,1.005,32.77,0.24,32.77,0.23,0.56,32.77,0.24,0.58,32.76,0.24,0.58,,,
10958,12630,12319,1.032,35.95,0.16,,,,,,,,,,35.95,0.16,0.48
10961,8242,7950,1.021,34.40,0.50,,,,,,,,,,34.40,0.50,0.60
10965,2022,1881,1.005,32.18,0.16,,,,,,,,,,32.18,0.16,0.54
10973,7597,7307,1.019,35.04,0.10,,,,,,,,,,35.04,0.10,0.51
11004,3726,3361,1.009,33.40,0.22,,,,,,,,,,33.40,0.22,0.48
11011,4868,4488,1.012,33.75,0.19,,,,,,,,,,33.75,0.19,0.48
11016,1323,1298,1.003,31.69,0.54,,,,,,,,,,31.69,0.54,0.66
11017,7850,7549,1.020,34.98,0.29,,,,,,,,,,34.98,0.29,0.55
11056,4548,4205,1.011,33.72,0.23,33.71,0.22,0.35,33.72,0.23,0.39,33.73,0.23,0.40,,,
11065,1721,1356,1.004,31.92,0.18,31.93,0.17,0.56,31.91,0.18,0.60,31.92,0.18,0.59,,,
11067,5074,4825,1.013,34.19,0.16,34.19,0.16,0.48,34.19,0.16,0.48,34.19,0.17,0.47,,,
11071,11468,11107,1.029,35.63,0.18,35.62,0.17,0.35,35.64,0.18,0.39,35.64,0.18,0.40,,,
11074,7761,7486,1.020,34.72,0.15,34.71,0.14,0.35,34.73,0.15,0.39,34.73,0.15,0.40,34.94,0.14,0.48
11075,4162,3914,1.010,33.46,0.15,33.47,0.15,0.35,33.47,0.15,0.39,33.45,0.15,0.40,,,
11099,8335,8069,1.021,34.98,0.14,34.98,0.14,0.36,34.99,0.14,0.39,34.99,0.14,0.40,34.95,0.13,0.52
11102,7836,7564,1.020,34.90,0.14,34.90,0.14,0.39,34.90,0.14,0.40,34.91,0.14,0.40,34.79,0.13,0.53
11112,6911,6664,1.018,34.39,0.35,34.39,0.33,0.39,34.40,0.35,0.40,34.40,0.35,0.40,,,
11120,6754,6500,1.017,34.57,0.38,34.57,0.36,0.50,34.58,0.38,0.50,34.57,0.38,0.50,,,
11131,7889,7617,1.020,34.89,0.15,34.87,0.15,0.52,34.89,0.15,0.53,34.91,0.15,0.52,35.12,0.14,0.61
11133,9975,9663,1.025,35.90,0.15,,,,,,,,,,35.90,0.15,0.48
11134,4095,3717,1.010,32.45,0.17,,,,,,,,,,32.45,0.17,0.58
11136,7761,7495,1.020,34.69,0.23,34.70,0.22,0.35,34.69,0.23,0.39,34.68,0.23,0.40,34.67,0.24,0.48
11150,7473,7206,1.019,34.99,0.28,34.99,0.27,0.35,35.00,0.28,0.39,34.99,0.29,0.40,35.10,0.31,0.48
11152,7083,6765,1.018,34.65,0.14,,,,,,,,,,34.65,0.14,0.48
11153,1814,1567,1.004,32.49,0.17,32.50,0.17,0.56,32.48,0.17,0.60,32.47,0.18,0.59,,,
11163,2205,1829,1.005,31.49,0.33,31.50,0.32,0.56,31.49,0.33,0.59,31.47,0.34,0.59,,,
11167,10275,9965,1.026,36.91,0.25,,,,,,,,,,36.91,0.25,0.48
11177,7136,6823,1.018,35.34,0.43,,,,,,,,,,35.34,0.43,0.51
11197,6120,6102,1.016,34.41,0.25,,,,,,,,,,34.41,0.25,0.48
11199,7183,6915,1.018,34.66,0.69,34.68,0.66,0.51,34.69,0.69,0.52,34.61,0.70,0.51,35.23,0.78,0.61
11202,1568,1341,1.004,31.16,0.31,31.16,0.30,0.56,31.17,0.31,0.58,31.17,0.31,0.57,,,
11225,10553,10216,1.027,36.08,0.28,,,,,,,,,,36.08,0.28,0.48
11245,2542,2314,1.006,32.75,0.39,32.76,0.37,0.54,32.76,0.39,0.55,32.73,0.40,0.55,,,
11248,2391,2175,1.006,32.16,0.27,32.17,0.26,0.55,32.16,0.27,0.56,32.15,0.28,0.55,,,
11252,3112,2855,1.008,32.40,0.13,32.41,0.13,0.50,32.40,0.13,0.51,32.39,0.13,0.50,32.53,0.12,0.60
11255,6776,6508,1.017,34.84,0.21,34.82,0.20,0.35,34.84,0.21,0.39,34.85,0.21,0.40,34.67,0.21,0.48
11268,7350,7009,1.019,34.87,0.25,,,,,,,,,,34.87,0.25,0.64
11270,4818,4772,1.013,33.76,0.19,,,,,,,,,,33.76,0.19,0.48
11282,2785,2444,1.006,32.54,0.13,32.55,0.13,0.43,32.55,0.13,0.43,32.54,0.13,0.42,32.82,0.11,0.56
11289,11634,11278,1.030,36.12,0.13,,,,,,,,,,36.12,0.13,0.48
11295,9200,8893,1.023,35.79,0.47,,,,,,,,,,35.79,0.47,0.48
11306,7689,7417,1.020,35.02,0.17,,,,,,,,,,35.02,0.17,0.50
11308,5961,5949,1.016,34.58,0.30,,,,,,,,,,34.58,0.30,0.57
11313,16795,16431,1.043,36.87,0.19,36.85,0.18,0.35,36.87,0.19,0.39,36.89,0.19,0.40,,,
11335,6177,5927,1.016,33.63,0.34,33.65,0.33,0.53,33.63,0.34,0.54,33.60,0.35,0.53,,,
11359,2246,2108,1.006,32.80,0.19,,,,,,,,,,32.80,0.19,0.57
11360,6968,6611,1.017,34.81,0.15,34.81,0.14,0.43,34.81,0.15,0.43,34.80,0.15,0.42,,,
11365,8956,8785,1.023,35.11,0.30,,,,,,,,,,35.11,0.30,0.48
11368,2677,2304,1.006,32.65,0.13,,,,,,,,,,32.65,0.13,0.54
11369,5170,4811,1.013,33.62,0.15,33.64,0.14,0.48,33.62,0.15,0.48,33.60,0.15,0.47,,,
11371,2085,1719,1.005,32.29,0.24,,,,,,,,,,32.29,0.24,0.63
11375,2876,2642,1.007,33.51,0.15,33.51,0.15,0.56,33.50,0.15,0.58,33.50,0.15,0.57,,,
11377,4288,4182,1.011,33.33,0.54,,,,,,,,,,33.33,0.54,0.65
11382,10285,9956,1.026,35.92,0.18,,,,,,,,,,35.92,0.18,0.48
11397,2684,2455,1.007,32.24,0.44,32.24,0.43,0.56,32.25,0.44,0.60,32.25,0.45,0.59,,,
11399,3891,3525,1.009,34.12,0.36,34.10,0.34,0.54,34.12,0.36,0.55,34.13,0.36,0.54,,,
11400,6067,5845,1.015,34.17,0.27,34.16,0.26,0.48,34.18,0.27,0.48,34.18,0.28,0.47,34.20,0.30,0.58
11403,2726,2356,1.006,32.02,0.23,32.02,0.22,0.48,32.02,0.23,0.48,32.01,0.23,0.47,,,
11421,6379,6030,1.016,34.52,0.12,,,,,,,,,,34.52,0.12,0.57
11447,8092,7735,1.020,34.72,0.13,34.74,0.13,0.35,34.72,0.13,0.39,34.71,0.13,0.40,,,
11453,3274,2931,1.008,32.63,0.13,32.63,0.13,0.50,32.62,0.13,0.50,32.63,0.14,0.50,32.73,0.12,0.60
11456,7039,6733,1.018,34.89,0.30,,,,,,,,,,34.89,0.30,0.54
11463,3585,3215,1.009,32.85,0.16,,,,,,,,,,32.85,0.16,0.52
11477,5233,4993,1.013,33.52,0.18,33.51,0.18,0.46,33.52,0.18,0.47,33.53,0.18,0.46,,,
11488,4916,4737,1.013,33.58,0.19,,,,,,,,,,33.58,0.19,0.52
11504,6089,5840,1.015,34.12,0.13,34.12,0.13,0.38,34.12,0.13,0.39,34.12,0.14,0.40,,,
11520,1544,1420,1.004,32.36,0.95,,,,,,,,,,32.36,0.95,0.66
11521,2585,2218,1.006,32.49,0.28,,,,,,,,,,32.49,0.28,0.48
11532,16243,15900,1.042,36.68,0.24,,,,,,,,,,36.68,0.24,0.48
11538,1646,1566,1.004,32.17,0.72,,,,,,,,,,32.17,0.72,0.66
11552,2938,2574,1.007,32.65,0.22,32.64,0.21,0.40,32.65,0.22,0.41,32.65,0.22,0.40,32.62,0.23,0.54
11566,7072,6838,1.018,34.56,0.17,34.55,0.16,0.44,34.56,0.17,0.45,34.55,0.17,0.44,,,
11574,4064,3697,1.010,33.71,0.24,,,,,,,,,,33.71,0.24,0.48
11582,8468,8217,1.022,35.49,0.29,35.48,0.28,0.35,35.49,0.29,0.39,35.49,0.29,0.40,35.55,0.32,0.50
11592,4334,4020,1.011,33.64,0.19,,,,,,,,,,33.64,0.19,0.59
11594,4737,4584,1.012,34.52,0.29,,,,,,,,,,34.52,0.29,0.56
11595,1235,1289,1.003,31.47,0.24,,,,,,,,,,31.47,0.24,0.65
11598,7005,6777,1.018,34.74,0.21,34.72,0.21,0.35,34.75,0.21,0.39,34.76,0.22,0.40,,,
11606,5941,5955,1.016,35.23,0.19,,,,,,,,,,35.23,0.19,0.55
11610,8826,8591,1.023,35.03,0.27,,,,,,,,,,35.03,0.27,0.48
11611,13366,13060,1.034,36.19,0.31,36.21,0.30,0.35,36.19,0.31,0.39,36.17,0.31,0.40,,,
11617,2931,2570,1.007,32.55,0.20,32.54,0.19,0.35,32.55,0.20,0.39,32.55,0.20,0.40,32.66,0.20,0.48
11622,6389,6043,1.016,34.97,0.13,,,,,,,,,,34.97,0.13,0.48
11625,5148,4796,1.013,33.27,0.15,33.27,0.14,0.35,33.27,0.15,0.39,33.26,0.15,0.40,33.53,0.14,0.48
11628,4383,4067,1.011,33.83,0.16,,,,,,,,,,33.83,0.16,0.55
11629,8976,8747,1.023,35.36,0.27,35.36,0.26,0.39,35.37,0.27,0.40,35.36,0.28,0.40,,,
11643,2913,2554,1.007,32.22,0.16,32.21,0.16,0.35,32.22,0.16,0.39,32.22,0.16,0.40,,,
11662,7950,7692,1.020,35.08,0.22,,,,,,,,,,35.08,0.22,0.48
11685,11643,11298,1.030,35.24,0.52,,,,,,,,,,35.24,0.52,0.58
11691,4647,4612,1.012,34.53,0.30,,,,,,,,,,34.53,0.30,0.48
11696,5431,5080,1.013,33.26,0.20,33.24,0.19,0.42,33.25,0.20,0.42,33.29,0.20,0.41,,,
11718,7239,7006,1.018,35.11,0.17,,,,,,,,,,35.11,0.17,0.48
11725,10453,10138,1.027,35.89,0.26,,,,,,,,,,35.89,0.26,0.48
11740,4218,3871,1.010,33.54,0.29,,,,,,,,,,33.54,0.29,0.59
11744,1540,1400,1.004,30.31,0.47,,,,,,,,,,30.31,0.47,0.66
11750,2811,2727,1.007,32.25,0.31,,,,,,,,,,32.25,0.31,0.64
11767,8706,8528,1.022,34.81,0.17,34.80,0.16,0.35,34.81,0.17,0.39,34.82,0.17,0.40,,,
11770,4539,4193,1.011,28.96,0.88,,,,,,,,,,28.96,0.88,0.66
11782,3101,2942,1.008,33.78,0.26,,,,,,,,,,33.78,0.26,0.55
11793,2591,2267,1.006,32.31,0.29,32.31,0.28,0.49,32.31,0.29,0.49,32.31,0.29,0.48,,,
11798,2164,2047,1.005,33.17,0.60,,,,,,,,,,33.17,0.60,0.66
11808,10851,10557,1.028,35.40,0.17,35.39,0.17,0.35,35.40,0.17,0.39,35.41,0.18,0.40,,,
11809,1964,1850,1.005,33.18,0.61,,,,,,,,,,33.18,0.61,0.66
11813,3724,3552,1.009,33.31,0.25,33.30,0.24,0.52,33.31,0.25,0.52,33.31,0.25,0.52,33.32,0.27,0.61
11824,4030,3872,1.010,32.96,0.27,,,,,,,,,,32.96,0.27,0.59
11829,9568,9284,1.024,35.71,0.18,,,,,,,,,,35.71,0.18,0.48
11836,890,997,1.003,30.89,0.27,,,,,,,,,,30.89,0.27,0.62
11846,3172,2821,1.007,32.92,0.22,32.92,0.21,0.44,32.92,0.22,0.45,32.92,0.22,0.44,,,
11851,1254,1169,1.003,31.52,0.28,,,,,,,,,,31.52,0.28,0.61
11853,10519,10220,1.027,35.99,0.16,,,,,,,,,,35.99,0.16,0.48
11856,1004,986,1.003,30.84,0.28,,,,,,,,,,30.84,0.28,0.66
11859,10666,10358,1.027,35.82,0.24,,,,,,,,,,35.82,0.24,0.48
11872,5819,5465,1.014,34.09,0.24,34.08,0.23,0.39,34.10,0.24,0.40,34.11,0.24,0.40,,,
11919,8078,7876,1.021,34.98,0.18,34.97,0.18,0.35,34.98,0.18,0.39,34.99,0.18,0.40,,,
11926,4444,4097,1.011,34.27,0.28,34.25,0.27,0.50,34.27,0.28,0.51,34.28,0.28,0.50,34.55,0.30,0.60
11931,3920,3769,1.010,33.71,0.13,,,,,,,,,,33.71,0.13,0.48
11941,4563,4219,1.011,33.68,0.18,33.67,0.18,0.35,33.69,0.18,0.39,33.69,0.19,0.40,,,
11954,9958,9694,1.026,35.10,0.27,35.08,0.26,0.35,35.10,0.27,0.39,35.11,0.27,0.40,,,
11968,2163,1985,1.005,32.69,0.42,,,,,,,,,,32.69,0.42,0.66
11971,10058,9769,1.026,35.48,0.17,35.49,0.17,0.35,35.48,0.17,0.39,35.48,0.17,0.40,,,
11976,12956,12655,1.033,36.40,0.32,,,,,,,,,,36.40,0.32,0.48
11984,953,1087,1.003,,,,,,,,,,,,,,
11993,9984,9635,1.025,35.28,0.21,35.29,0.20,0.35,35.28,0.21,0.39,35.28,0.21,0.40,35.41,0.21,0.48
12000,10519,10235,1.027,35.83,0.22,35.83,0.22,0.35,35.83,0.22,0.39,35.82,0.23,0.40,,,
12005,5563,5214,1.014,34.18,0.20,34.16,0.19,0.35,34.18,0.20,0.39,34.19,0.20,0.40,34.28,0.21,0.48
12007,1598,1541,1.004,30.89,0.32,,,,,,,,,,30.89,0.32,0.59
12011,1649,1588,1.004,31.10,0.35,,,,,,,,,,31.10,0.35,0.66
12029,12419,12087,1.032,35.76,0.33,,,,,,,,,,35.76,0.33,0.50
12041,1719,1530,1.004,31.84,0.19,,,,,,,,,,31.84,0.19,0.54
12046,5428,5094,1.013,35.07,0.31,,,,,,,,,,35.07,0.31,0.57
12070,4694,4353,1.012,33.70,0.28,33.69,0.27,0.43,33.70,0.28,0.43,33.71,0.28,0.42,,,
12078,5259,4919,1.013,33.91,0.24,33.92,0.24,0.46,33.92,0.24,0.46,33.91,0.25,0.46,,,
12079,4532,4507,1.012,34.14,0.25,,,,,,,,,,34.14,0.25,0.48
12080,5118,4781,1.013,34.23,0.33,,,,,,,,,,34.23,0.33,0.48
12129,7926,7683,1.020,,,,,,,,,,,,,,
12130,2311,2141,1.006,32.64,0.20,,,,,,,,,,32.64,0.20,0.58
12132,4874,4533,1.012,33.18,0.26,33.17,0.25,0.45,33.18,0.26,0.46,33.18,0.26,0.45,,,
12139,5410,5282,1.014,33.56,0.36,,,,,,,,,,33.56,0.36,0.64
12163,6833,6638,1.018,34.82,0.21,34.80,0.20,0.35,34.82,0.21,0.39,34.82,0.21,0.40,34.87,0.22,0.48
12175,7061,6835,1.018,34.65,0.22,34.64,0.22,0.35,34.66,0.22,0.39,34.66,0.23,0.40,,,
12181,1441,1450,1.004,31.02,0.41,,,,,,,,,,31.02,0.41,0.66
12195,4843,4576,1.012,33.29,0.19,,,,,,,,,,33.29,0.19,0.60
12200,5232,4900,1.013,33.18,0.32,,,,,,,,,,33.18,0.32,0.61
12212,7434,7432,1.020,35.53,0.28,,,,,,,,,,35.53,0.28,0.48
12216,5822,5491,1.015,34.93,0.19,,,,,,,,,,34.93,0.19,0.48
12227,5312,4979,1.013,33.38,0.30,,,,,,,,,,33.38,0.30,0.59
12257,6294,5953,1.016,34.27,0.25,34.27,0.24,0.35,34.28,0.25,0.39,34.27,0.25,0.40,,,
12259,5225,5069,1.013,33.30,0.26,33.28,0.26,0.38,33.30,0.26,0.39,33.31,0.27,0.40,33.25,0.29,0.53
12285,1269,1232,1.003,31.35,0.24,,,,,,,,,,31.35,0.24,0.61
12309,1712,1665,1.004,31.63,0.19,,,,,,,,,,31.63,0.19,0.64
12318,7127,6797,1.018,34.73,0.21,,,,,,,,,,34.73,0.21,0.48
12333,6371,6032,1.016,33.55,0.20,33.54,0.20,0.42,33.55,0.20,0.43,33.56,0.21,0.42,,,
12343,6330,5995,1.016,33.85,0.26,33.85,0.25,0.42,33.86,0.26,0.42,33.85,0.27,0.41,,,
12344,17155,16921,1.044,36.69,0.18,,,,,,,,,,36.69,0.18,0.48
12379,4569,4443,1.012,33.99,0.40,,,,,,,,,,33.99,0.40,0.56
12382,13429,13157,1.035,35.21,0.39,35.20,0.37,0.45,35.21,0.39,0.46,35.21,0.39,0.45,,,
12404,1331,1327,1.004,31.53,0.32,,,,,,,,,,31.53,0.32,0.66
12412,1511,1428,1.004,30.66,0.28,,,,,,,,,,30.66,0.28,0.53
12439,2767,2596,1.007,33.13,0.32,,,,,,,,,,33.13,0.32,0.63
12446,6940,6733,1.018,34.48,0.19,34.46,0.18,0.35,34.47,0.19,0.39,34.49,0.19,0.40,,,
12454,6675,6479,1.017,34.99,0.14,,,,,,,,,,34.99,0.14,0.48
12466,2323,2166,1.006,32.18,0.24,32.19,0.24,0.52,32.18,0.24,0.52,32.17,0.25,0.52,,,
12484,1654,1615,1.004,31.98,0.58,,,,,,,,,,31.98,0.58,0.66
12521,3886,3801,1.010,33.54,0.16,,,,,,,,,,33.54,0.16,0.50
12531,6285,6103,1.016,34.73,0.27,34.70,0.26,0.35,34.73,0.27,0.39,34.75,0.27,0.40,,,
12608,1951,1851,1.005,32.21,0.34,,,,,,,,,,32.21,0.34,0.66
12620,7970,7791,1.021,35.21,0.21,35.21,0.20,0.35,35.21,0.21,0.39,35.21,0.21,0.40,34.99,0.22,0.50
12639,7344,7115,1.019,35.27,0.18,,,,,,,,,,35.27,0.18,0.48
12660,6795,6463,1.017,34.11,0.16,34.10,0.16,0.35,34.11,0.16,0.39,34.12,0.16,0.40,,,
12684,9522,9432,1.025,35.06,0.26,,,,,,,,,,35.06,0.26,0.48
12705,5317,4994,1.013,33.50,0.17,33.49,0.16,0.35,33.51,0.17,0.39,33.51,0.17,0.40,33.68,0.16,0.49
12717,11699,11445,1.030,35.35,0.31,,,,,,,,,,35.35,0.31,0.48
12728,6584,6264,1.017,35.14,0.35,,,,,,,,,,35.14,0.35,0.63
12750,6938,6610,1.017,34.06,0.22,34.06,0.21,0.38,34.06,0.22,0.39,34.05,0.22,0.40,,,
12756,2789,2627,1.007,32.42,0.19,,,,,,,,,,32.42,0.19,0.51
12757,5271,4950,1.013,33.90,0.37,33.89,0.36,0.56,33.90,0.37,0.59,33.90,0.38,0.59,34.16,0.41,0.66
12772,5657,5509,1.015,34.01,0.14,34.01,0.14,0.35,34.01,0.14,0.39,34.01,0.14,0.40,34.15,0.13,0.48
12775,8878,8674,1.023,35.47,0.22,35.46,0.21,0.35,35.47,0.22,0.39,35.48,0.22,0.40,,,
12785,10115,9969,1.026,35.03,0.26,35.03,0.25,0.35,35.03,0.26,0.39,35.03,0.26,0.40,,,
12794,4288,4207,1.011,33.03,0.50,,,,,,,,,,33.03,0.50,0.66
12798,1817,1728,1.005,31.86,0.22,,,,,,,,,,31.86,0.22,0.64
12807,872,997,1.003,31.12,0.36,,,,,,,,,,31.12,0.36,0.65
12812,6708,6382,1.017,34.25,0.26,34.24,0.25,0.47,34.25,0.26,0.47,34.25,0.26,0.46,34.24,0.28,0.58
12816,3936,3613,1.010,34.20,0.14,34.18,0.14,0.35,34.20,0.14,0.39,34.21,0.14,0.40,,,
12859,7311,7099,1.019,34.89,0.21,,,,,,,,,,34.89,0.21,0.48
12868,2312,1983,1.005,32.04,0.17,,,,,,,,,,32.04,0.17,0.62
12879,9232,9047,1.024,34.78,0.36,,,,,,,,,,34.78,0.36,0.56
12889,1603,1548,1.004,31.83,0.34,,,,,,,,,,31.83,0.34,0.66
12897,7473,7393,1.020,35.05,0.35,,,,,,,,,,35.05,0.35,0.49
12912,4467,4149,1.011,33.89,0.42,33.89,0.41,0.50,33.90,0.42,0.51,33.88,0.43,0.50,,,
12914,6089,5943,1.016,34.51,0.26,,,,,,,,,,34.51,0.26,0.51
12916,1213,1086,1.003,30.83,0.18,,,,,,,,,,30.83,0.18,0.61
12920,5479,5336,1.014,33.88,0.23,,,,,,,,,,33.88,0.23,0.54
12948,10177,9933,1.026,35.80,0.25,,,,,,,,,,35.80,0.25,0.48
12952,1218,1247,1.003,31.30,0.26,,,,,,,,,,31.30,0.26,0.64
12981,1830,1745,1.005,31.12,0.68,,,,,,,,,,31.12,0.68,0.66
13001,4445,4127,1.011,33.49,0.20,33.48,0.19,0.35,33.50,0.20,0.39,33.50,0.20,0.40,,,
13023,5788,5464,1.014,33.92,0.24,,,,,,,,,,33.92,0.24,0.51
13059,1773,1797,1.005,31.38,0.23,,,,,,,,,,31.38,0.23,0.48
13089,1073,1079,1.003,31.34,0.45,,,,,,,,,,31.34,0.45,0.66
13090,874,1002,1.003,30.82,0.37,,,,,,,,,,30.82,0.37,0.61
13108,1453,1406,1.004,31.91,0.20,,,,,,,,,,31.91,0.20,0.48
13112,9625,9453,1.025,35.33,0.34,,,,,,,,,,35.33,0.34,0.51
13113,4576,4262,1.011,34.09,0.33,34.09,0.32,0.35,34.10,0.33,0.39,34.09,0.34,0.40,,,
13121,1914,1584,1.004,31.67,0.26,,,,,,,,,,31.67,0.26,0.52
13154,1820,1794,1.005,32.52,0.33,,,,,,,,,,32.52,0.33,0.66
13163,453,576,1.002,29.77,0.46,,,,,,,,,,29.77,0.46,0.66
13171,1720,1692,1.004,31.65,0.29,,,,,,,,,,31.65,0.29,0.61
13179,1497,1541,1.004,30.36,0.26,,,,,,,,,,30.36,0.26,0.48
13180,5674,5365,1.014,33.84,0.30,33.85,0.29,0.50,33.84,0.30,0.50,33.82,0.30,0.50,,,
13194,3977,3937,1.010,33.32,0.51,,,,,,,,,,33.32,0.51,0.64
13200,3195,3091,1.008,33.41,0.39,,,,,,,,,,33.41,0.39,0.63
13204,10188,10068,1.026,35.40,0.17,35.38,0.17,0.35,35.41,0.17,0.39,35.42,0.18,0.40,,,
13223,5633,5327,1.014,34.40,0.30,34.40,0.29,0.44,34.41,0.30,0.44,34.40,0.31,0.44,34.26,0.33,0.56
13225,5095,4786,1.013,34.42,0.14,34.42,0.14,0.35,34.42,0.14,0.39,34.41,0.14,0.40,,,
13255,1362,1344,1.004,31.88,0.25,,,,,,,,,,31.88,0.25,0.48
13273,5778,5647,1.015,34.22,0.37,,,,,,,,,,34.22,0.37,0.55
13279,6433,6254,1.017,34.37,0.20,34.36,0.20,0.35,34.38,0.20,0.39,34.38,0.20,0.40,,,
13280,5854,5546,1.015,34.51,0.46,34.51,0.44,0.53,34.52,0.46,0.53,34.50,0.46,0.52,,,
13283,1722,1685,1.004,31.24,0.33,,,,,,,,,,31.24,0.33,0.66
13301,3364,3037,1.008,32.92,0.27,,,,,,,,,,32.92,0.27,0.48
13304,1489,1478,1.004,31.75,0.64,,,,,,,,,,31.75,0.64,0.66
13322,1074,1167,1.003,31.26,0.15,,,,,,,,,,31.26,0.15,0.58
13334,9164,8950,1.024,35.48,0.18,,,,,,,,,,35.48,0.18,0.48
13362,11642,11669,1.031,35.40,0.26,,,,,,,,,,35.40,0.26,0.48
13389,9696,9524,1.025,35.43,0.25,35.44,0.24,0.35,35.43,0.25,0.39,35.43,0.25,0.40,,,
13394,6637,6522,1.017,34.71,0.22,34.70,0.22,0.35,34.71,0.22,0.39,34.72,0.23,0.40,,,
13397,6947,6790,1.018,34.84,0.30,,,,,,,,,,34.84,0.30,0.57
13400,5104,4802,1.013,33.81,0.19,33.79,0.19,0.35,33.81,0.19,0.39,33.82,0.20,0.40,,,
13410,6175,5872,1.016,34.59,0.20,34.58,0.20,0.35,34.59,0.20,0.39,34.60,0.20,0.40,,,
13413,8959,8775,1.023,35.60,0.18,35.59,0.17,0.35,35.60,0.18,0.39,35.60,0.18,0.40,,,
13434,1286,1285,1.003,31.33,0.29,,,,,,,,,,31.33,0.29,0.48
13437,6360,6122,1.016,34.64,0.38,,,,,,,,,,34.64,0.38,0.58
13442,4253,4230,1.011,34.27,0.51,,,,,,,,,,34.27,0.51,0.65
13448,9883,9664,1.025,34.94,0.31,34.92,0.29,0.35,34.95,0.31,0.39,34.96,0.31,0.40,,,
13458,939,967,1.003,31.30,0.20,,,,,,,,,,31.30,0.20,0.54
13498,1410,1088,1.003,31.53,0.19,,,,,,,,,,31.53,0.19,0.64
13501,1721,1398,1.004,31.14,0.20,,,,,,,,,,31.14,0.20,0.60
13535,5219,5111,1.014,34.00,0.28,33.99,0.27,0.39,34.01,0.28,0.40,34.01,0.28,0.40,34.06,0.30,0.53
13545,1950,1915,1.005,32.98,0.78,,,,,,,,,,32.98,0.78,0.66
13561,1779,1768,1.005,32.22,0.46,,,,,,,,,,32.22,0.46,0.63
13567,10904,10772,1.028,35.62,0.18,,,,,,,,,,35.62,0.18,0.48
13569,1546,1524,1.004,30.49,0.53,,,,,,,,,,30.49,0.53,0.66
13571,1594,1646,1.004,30.70,0.50,,,,,,,,,,30.70,0.50,0.66
13572,9199,8984,1.024,35.26,0.17,35.25,0.17,0.35,35.26,0.17,0.39,35.28,0.18,0.40,,,
13574,5900,5613,1.015,34.19,0.18,34.18,0.18,0.35,34.20,0.18,0.39,34.20,0.18,0.40,,,
13584,4102,3988,1.011,33.60,0.26,,,,,,,,,,33.60,0.26,0.48
13601,3982,3996,1.011,32.98,0.26,,,,,,,,,,32.98,0.26,0.59
13602,1387,1413,1.004,31.78,0.19,,,,,,,,,,31.78,0.19,0.48
13612,1492,1441,1.004,31.34,0.78,,,,,,,,,,31.34,0.78,0.66
13620,2018,1952,1.005,31.52,0.19,,,,,,,,,,31.52,0.19,0.52
13628,6321,6218,1.016,34.38,0.24,34.38,0.23,0.35,34.39,0.24,0.39,34.39,0.24,0.40,,,
13631,1645,1602,1.004,32.73,0.52,,,,,,,,,,32.73,0.52,0.66
13633,1616,1296,1.003,30.43,0.40,,,,,,,,,,30.43,0.40,0.66
13639,9316,9105,1.024,35.64,0.19,35.61,0.19,0.35,35.64,0.19,0.39,35.66,0.19,0.40,,,
13646,2105,2037,1.005,32.45,0.17,32.44,0.16,0.35,32.45,0.17,0.39,32.46,0.17,0.40,32.63,0.16,0.50
13664,5608,5497,1.015,34.01,0.20,,,,,,,,,,34.01,0.20,0.52
13684,1142,1093,1.003,32.14,0.38,,,,,,,,,,32.14,0.38,0.64
13687,1246,1307,1.003,30.92,0.33,,,,,,,,,,30.92,0.33,0.60
13693,1557,1237,1.003,31.06,0.38,,,,,,,,,,31.06,0.38,0.62
13695,1405,1669,1.004,30.81,0.46,,,,,,,,,,30.81,0.46,0.66
13696,6077,5836,1.015,34.84,0.21,,,,,,,,,,34.84,0.21,0.48
13698,6590,6389,1.017,35.06,0.19,,,,,,,,,,35.06,0.19,0.50
13710,9041,8875,1.023,34.90,0.30,,,,,,,,,,34.90,0.30,0.48
13716,1515,1458,1.004,32.52,0.28,,,,,,,,,,32.52,0.28,0.56
13727,993,1103,1.003,31.13,0.11,,,,,,,,,,31.13,0.11,0.48
13741,5030,4729,1.013,33.00,0.25,,,,,,,,,,33.00,0.25,0.61
13744,6132,5971,1.016,34.33,0.18,34.30,0.17,0.36,34.33,0.18,0.39,34.35,0.18,0.40,,,
13754,5536,5310,1.014,35.20,0.19,,,,,,,,,,35.20,0.19,0.53
13774,8307,8010,1.021,35.49,0.21,,,,,,,,,,35.49,0.21,0.48
13783,5654,5353,1.014,34.04,0.19,,,,,,,,,,34.04,0.19,0.48
13788,8445,8355,1.022,34.77,0.25,34.76,0.24,0.43,34.77,0.25,0.43,34.78,0.25,0.42,,,
13809,1781,1843,1.005,31.28,0.29,,,,,,,,,,31.28,0.29,0.57
13813,8819,8619,1.023,35.90,0.19,35.88,0.18,0.35,35.91,0.19,0.39,35.92,0.19,0.40,,,
13817,5805,5528,1.015,32.92,0.42,32.92,0.40,0.56,32.92,0.42,0.59,32.90,0.42,0.58,,,
13820,3766,3662,1.010,33.40,0.12,,,,,,,,,,33.40,0.12,0.48
13830,3966,3857,1.010,33.79,0.23,,,,,,,,,,33.79,0.23,0.49
13832,4051,4062,1.011,33.60,0.28,,,,,,,,,,33.60,0.28,0.52
13833,6586,6305,1.017,34.24,0.30,34.22,0.29,0.35,34.24,0.30,0.39,34.25,0.31,0.40,,,
13837,5587,5663,1.015,34.64,0.39,,,,,,,,,,34.64,0.39,0.59
13853,1151,1375,1.004,31.75,0.46,,,,,,,,,,31.75,0.46,0.65
13854,830,913,1.002,31.71,0.34,,,,,,,,,,31.71,0.34,0.66
13857,4533,4218,1.011,32.77,0.41,,,,,,,,,,32.77,0.41,0.64
13858,6806,6618,1.017,34.54,0.29,,,,,,,,,,34.54,0.29,0.48
13859,6504,6223,1.016,34.22,0.21,34.20,0.20,0.35,34.22,0.21,0.39,34.23,0.21,0.40,,,
13860,4178,4075,1.011,34.00,0.55,,,,,,,,,,34.00,0.55,0.59
13871,1489,1481,1.004,32.45,0.41,,,,,,,,,,32.45,0.41,0.59
13880,1428,1113,1.003,31.10,0.16,,,,,,,,,,31.10,0.16,0.48
13882,9459,9436,1.025,35.86,0.14,,,,,,,,,,35.86,0.14,0.48
13884,5561,5293,1.014,34.56,0.22,34.55,0.21,0.35,34.56,0.22,0.39,34.56,0.22,0.40,,,
13889,4191,4170,1.011,34.26,0.27,,,,,,,,,,34.26,0.27,0.55
13905,3991,3885,1.010,33.03,0.29,,,,,,,,,,33.03,0.29,0.57
13912,789,928,1.002,31.52,0.24,,,,,,,,,,31.52,0.24,0.60
13913,4130,4003,1.011,32.23,0.31,32.23,0.30,0.56,32.23,0.31,0.60,32.23,0.32,0.59,,,
13922,5034,4740,1.013,33.77,0.36,,,,,,,,,,33.77,0.36,0.59
13926,1406,1431,1.004,31.72,0.34,,,,,,,,,,31.72,0.34,0.64
13931,1194,1432,1.004,30.60,0.32,,,,,,,,,,30.60,0.32,0.64
13933,8087,7884,1.021,35.02,0.21,,,,,,,,,,35.02,0.21,0.48
13940,10537,10334,1.027,34.79,0.36,34.77,0.34,0.42,34.80,0.36,0.43,34.79,0.36,0.42,34.71,0.39,0.55
13945,8261,8108,1.021,35.29,0.29,,,,,,,,,,35.29,0.29,0.48
13948,5905,5637,1.015,34.06,0.28,34.07,0.27,0.47,34.07,0.28,0.47,34.06,0.28,0.46,,,
13949,4580,4267,1.011,33.28,0.20,,,,,,,,,,33.28,0.20,0.48
13953,4323,4040,1.011,33.07,0.34,,,,,,,,,,33.07,0.34,0.58
13965,4477,4169,1.011,34.87,0.32,,,,,,,,,,34.87,0.32,0.61
13977,4021,3945,1.010,33.29,0.22,,,,,,,,,,33.29,0.22,0.63
13992,6082,5855,1.015,35.51,0.30,,,,,,,,,,35.51,0.30,0.60
13994,5557,5275,1.014,34.19,0.27,,,,,,,,,,34.19,0.27,0.58
13998,1432,1497,1.004,30.00,0.38,,,,,,,,,,30.00,0.38,0.66
13999,1470,1747,1.005,32.01,0.26,,,,,,,,,,32.01,0.26,0.48
14002,6585,6518,1.017,35.00,0.19,,,,,,,,,,35.00,0.19,0.48
14007,5720,5595,1.015,34.67,0.23,,,,,,,,,,34.67,0.23,0.53
14030,5937,5677,1.015,33.66,0.13,,,,,,,,,,33.66,0.13,0.48
14033,4172,3922,1.010,33.18,0.37,,,,,,,,,,33.18,0.37,0.60
14034,4182,3932,1.010,32.84,0.34,,,,,,,,,,32.84,0.34,0.60
14061,1226,1308,1.003,35.43,0.35,,,,,,,,,,35.43,0.35,0.59
14065,5252,5092,1.013,34.19,0.39,34.18,0.38,0.35,34.20,0.39,0.39,34.18,0.40,0.40,,,
14068,5994,5734,1.015,33.33,0.46,33.32,0.44,0.56,33.33,0.46,0.58,33.32,0.46,0.58,,,
14071,882,970,1.003,30.82,0.39,,,,,,,,,,30.82,0.39,0.66
14075,7413,7406,1.020,35.23,0.26,,,,,,,,,,35.23,0.26,0.48
14076,3497,3355,1.009,33.66,0.17,,,,,,,,,,33.66,0.17,0.62
14083,4985,5080,1.013,34.43,0.34,,,,,,,,,,34.43,0.34,0.61
14088,7850,7711,1.020,35.52,0.25,,,,,,,,,,35.52,0.25,0.48
14100,4878,4803,1.013,34.28,0.33,34.27,0.32,0.46,34.28,0.33,0.46,34.28,0.34,0.45,34.38,0.37,0.57
14102,8387,8372,1.022,34.88,0.29,,,,,,,,,,34.88,0.29,0.48
14106,1385,1429,1.004,31.15,0.41,,,,,,,,,,31.15,0.41,0.65
14123,1394,1086,1.003,30.07,0.48,,,,,,,,,,30.07,0.48,0.66
14169,934,1087,1.003,30.29,0.39,,,,,,,,,,30.29,0.39,0.65
14181,7068,6881,1.018,34.52,0.36,,,,,,,,,,34.52,0.36,0.57
14190,1095,1228,1.003,30.89,0.22,,,,,,,,,,30.89,0.22,0.64
14191,5519,5386,1.014,33.44,0.33,,,,,,,,,,33.44,0.33,0.63
14215,4750,4479,1.012,32.78,0.39,,,,,,,,,,32.78,0.39,0.61
14216,2464,2161,1.006,32.89,0.25,32.89,0.24,0.56,32.89,0.25,0.58,32.89,0.25,0.58,,,
14232,5341,5072,1.013,34.87,0.39,,,,,,,,,,34.87,0.39,0.48
14236,1093,1325,1.004,30.62,0.22,,,,,,,,,,30.62,0.22,0.58
14246,5421,5184,1.014,34.48,0.27,,,,,,,,,,34.48,0.27,0.57
14259,4009,4048,1.011,33.90,0.15,,,,,,,,,,33.90,0.15,0.48
14264,10138,9949,1.026,35.57,0.37,,,,,,,,,,35.57,0.37,0.50
14274,5266,5089,1.013,34.34,0.24,34.33,0.23,0.35,34.34,0.24,0.39,34.34,0.24,0.40,,,
14276,4309,4066,1.011,34.22,0.21,,,,,,,,,,34.22,0.21,0.50
14286,2723,2418,1.006,33.71,0.24,,,,,,,,,,33.71,0.24,0.48
14301,9499,9286,1.024,36.19,0.33,,,,,,,,,,36.19,0.33,0.48
14304,7324,7125,1.019,34.03,0.35,,,,,,,,,,34.03,0.35,0.64
14315,7618,7420,1.020,35.46,0.29,,,,,,,,,,35.46,0.29,0.48
14319,4258,4385,1.012,33.59,0.39,,,,,,,,,,33.59,0.39,0.64
14330,7447,7443,1.020,35.23,0.22,,,,,,,,,,35.23,0.22,0.48
14345,3797,3699,1.010,33.10,0.18,,,,,,,,,,33.10,0.18,0.48
14353,5326,5100,1.013,34.69,0.28,,,,,,,,,,34.69,0.28,0.55
14369,14698,14489,1.038,36.38,0.34,,,,,,,,,,36.38,0.34,0.48
14370,4739,4435,1.012,34.36,0.19,,,,,,,,,,34.36,0.19,0.54
14374,7159,6952,1.018,35.28,0.31,,,,,,,,,,35.28,0.31,0.48
14389,8782,8754,1.023,34.81,0.33,,,,,,,,,,34.81,0.33,0.58
14391,715,853,1.002,30.03,0.27,,,,,,,,,,30.03,0.27,0.56
14395,4604,4335,1.011,33.28,0.41,,,,,,,,,,33.28,0.41,0.56
14397,970,1155,1.003,31.32,0.22,,,,,,,,,,31.32,0.22,0.49
14409,833,760,1.002,29.80,0.20,,,,,,,,,,29.80,0.20,0.66
14421,5354,5258,1.014,34.22,0.20,,,,,,,,,,34.22,0.20,0.55
14432,1308,1006,1.003,31.05,0.22,,,,,,,,,,31.05,0.22,0.58
14435,5062,4841,1.013,34.43,0.18,,,,,,,,,,34.43,0.18,0.48
14449,5338,5233,1.014,33.98,0.31,,,,,,,,,,33.98,0.31,0.58
14458,1787,1799,1.005,31.49,0.20,,,,,,,,,,31.49,0.20,0.66
14460,1378,1416,1.004,32.94,0.85,,,,,,,,,,32.94,0.85,0.66
14468,4649,4430,1.012,33.81,0.17,,,,,,,,,,33.81,0.17,0.53
14475,811,843,1.002,,,,,,,,,,,,,,
14478,6301,6115,1.016,34.62,0.17,,,,,,,,,,34.62,0.17,0.48
14502,5298,5201,1.014,33.54,0.12,,,,,,,,,,33.54,0.12,0.48
14504,5505,5309,1.014,34.97,0.26,,,,,,,,,,34.97,0.26,0.55
14514,1736,1749,1.005,31.31,0.37,,,,,,,,,,31.31,0.37,0.65
14531,1111,813,1.002,34.46,0.11,,,,,,,,,,34.46,0.11,0.48
14551,3581,3465,1.009,32.85,0.23,,,,,,,,,,32.85,0.23,0.66
14559,5042,4974,1.013,33.50,0.28,33.49,0.27,0.48,33.50,0.28,0.48,33.51,0.28,0.47,,,
14587,7263,7198,1.019,34.83,0.19,,,,,,,,,,34.83,0.19,0.48
14600,2872,2839,1.008,32.37,0.30,,,,,,,,,,32.37,0.30,0.65
14606,9452,9433,1.025,35.66,0.19,,,,,,,,,,35.66,0.19,0.48
14621,5958,5768,1.015,34.77,0.34,34.77,0.32,0.54,34.78,0.34,0.55,34.77,0.34,0.54,,,
14622,8806,8814,1.023,35.48,0.24,,,,,,,,,,35.48,0.24,0.48
14626,1781,1797,1.005,32.92,0.45,,,,,,,,,,32.92,0.45,0.65
14627,6468,6276,1.017,34.56,0.25,,,,,,,,,,34.56,0.25,0.48
14638,1043,1145,1.003,31.12,0.14,,,,,,,,,,31.12,0.14,0.48
14651,5312,5219,1.014,33.69,0.15,33.69,0.15,0.35,33.69,0.15,0.39,33.69,0.15,0.40,,,
14664,717,822,1.002,31.75,0.54,,,,,,,,,,31.75,0.54,0.66
14665,4997,4921,1.013,34.04,0.15,,,,,,,,,,34.04,0.15,0.48
14676,8192,8096,1.021,35.94,0.24,35.90,0.23,0.35,35.95,0.24,0.39,35.96,0.24,0.40,,,
14687,4029,3839,1.010,33.02,0.24,,,,,,,,,,33.02,0.24,0.53
14693,3900,3719,1.010,33.19,0.13,33.18,0.13,0.35,33.20,0.13,0.39,33.20,0.13,0.40,33.52,0.11,0.48
14718,3300,3225,1.009,33.79,0.34,,,,,,,,,,33.79,0.34,0.56
14751,4959,4899,1.013,34.27,0.33,34.27,0.32,0.55,34.27,0.33,0.55,34.27,0.34,0.55,,,
14768,1851,1881,1.005,31.82,0.22,,,,,,,,,,31.82,0.22,0.66
14774,4189,4314,1.011,33.69,0.53,,,,,,,,,,33.69,0.53,0.64
14780,8829,8838,1.023,35.23,0.24,,,,,,,,,,35.23,0.24,0.48
14790,3564,3494,1.009,33.64,0.43,,,,,,,,,,33.64,0.43,0.62
14791,8851,8835,1.023,35.46,0.20,,,,,,,,,,35.46,0.20,0.48
14804,3207,3141,1.008,33.32,0.42,,,,,,,,,,33.32,0.42,0.65
14814,1068,1302,1.003,30.17,0.29,,,,,,,,,,30.17,0.29,0.58
14818,771,961,1.003,31.34,0.40,,,,,,,,,,31.34,0.40,0.66
14836,5661,5365,1.014,34.52,0.37,,,,,,,,,,34.52,0.37,0.63
14849,3852,3776,1.010,33.13,0.22,33.13,0.22,0.54,33.13,0.22,0.55,33.13,0.23,0.55,,,
14853,3827,3654,1.010,33.11,0.21,33.10,0.20,0.52,33.11,0.21,0.52,33.11,0.21,0.51,33.17,0.22,0.61
14892,4182,4124,1.011,32.56,0.30,,,,,,,,,,32.56,0.30,0.64
14901,5076,5028,1.013,34.60,0.20,34.60,0.20,0.39,34.60,0.20,0.39,34.59,0.20,0.40,,,
14914,4842,4807,1.013,33.92,0.35,,,,,,,,,,33.92,0.35,0.58
14920,3865,3791,1.010,33.55,0.35,33.56,0.33,0.55,33.55,0.35,0.57,33.54,0.35,0.56,,,
14936,772,840,1.002,30.25,0.35,,,,,,,,,,30.25,0.35,0.66
15009,4971,4904,1.013,34.14,0.19,,,,,,,,,,34.14,0.19,0.59
15027,4943,4910,1.013,34.24,0.37,34.24,0.36,0.45,34.25,0.37,0.45,34.23,0.38,0.44,,,
15047,5586,5394,1.014,33.60,0.20,33.60,0.19,0.35,33.61,0.20,0.39,33.60,0.20,0.40,,,
15059,8077,8006,1.021,35.22,0.19,35.22,0.18,0.35,35.21,0.19,0.39,35.22,0.19,0.40,,,
15074,8016,7946,1.021,34.78,0.37,34.77,0.36,0.47,34.78,0.37,0.47,34.78,0.38,0.46,,,
15084,7847,7563,1.020,35.09,0.23,,,,,,,,,,35.09,0.23,0.48
15103,3964,3686,1.010,32.89,0.38,,,,,,,,,,32.89,0.38,0.64
15157,7675,7391,1.020,35.27,0.22,,,,,,,,,,35.27,0.22,0.48
15181,3855,3823,1.010,33.36,0.38,33.37,0.36,0.56,33.37,0.38,0.57,33.35,0.38,0.57,,,
15212,3278,2995,1.008,32.32,0.26,,,,,,,,,,32.32,0.26,0.57
15222,4315,4251,1.011,33.95,0.35,33.94,0.34,0.53,33.95,0.35,0.53,33.95,0.35,0.52,,,
15225,7631,7348,1.019,35.25,0.20,,,,,,,,,,35.25,0.20,0.48
15259,4283,4283,1.011,34.05,0.23,34.04,0.23,0.44,34.05,0.23,0.45,34.06,0.24,0.44,33.87,0.25,0.56
15263,3267,2985,1.008,33.36,0.46,,,,,,,,,,33.36,0.46,0.52
15273,4044,4198,1.011,34.05,0.27,,,,,,,,,,34.05,0.27,0.53
15283,3710,3683,1.010,32.63,0.35,32.64,0.34,0.56,32.63,0.35,0.59,32.61,0.35,0.59,,,
15294,4779,4738,1.013,34.01,0.21,,,,,,,,,,34.01,0.21,0.48
15331,3520,3501,1.009,33.49,0.29,33.47,0.28,0.37,33.49,0.29,0.39,33.49,0.29,0.40,33.49,0.31,0.52
15342,3746,3721,1.010,32.91,0.14,32.93,0.14,0.35,32.91,0.14,0.39,32.89,0.15,0.40,,,
15349,9279,9342,1.025,35.54,0.41,,,,,,,,,,35.54,0.41,0.48
15355,4620,4572,1.012,33.90,0.26,,,,,,,,,,33.90,0.26,0.48
15356,2464,2454,1.007,32.38,0.33,,,,,,,,,,32.38,0.33,0.65
15359,3939,4064,1.011,33.74,0.37,,,,,,,,,,33.74,0.37,0.65
15387,4716,4717,1.012,34.08,0.42,,,,,,,,,,34.08,0.42,0.57
15389,4036,3976,1.011,33.83,0.28,33.82,0.27,0.50,33.84,0.28,0.51,33.84,0.28,0.50,,,
15455,1659,1870,1.005,32.34,0.25,,,,,,,,,,32.34,0.25,0.59
15460,10241,10262,1.027,35.69,0.31,35.70,0.30,0.35,35.70,0.31,0.39,35.67,0.31,0.40,35.41,0.34,0.48
15461,5515,5341,1.014,33.91,0.12,,,,,,,,,,33.91,0.12,0.48
15481,4060,3992,1.011,33.38,0.19,33.37,0.19,0.40,33.39,0.19,0.40,33.39,0.20,0.40,,,
15495,4831,4837,1.013,34.24,0.31,,,,,,,,,,34.24,0.31,0.58
15509,8133,7847,1.021,33.96,0.25,,,,,,,,,,33.96,0.25,0.51
15512,8094,8041,1.021,34.98,0.40,35.02,0.39,0.51,35.00,0.40,0.51,34.94,0.41,0.50,,,
15517,6150,6230,1.016,34.48,0.24,,,,,,,,,,34.48,0.24,0.51
15533,4626,4528,1.012,34.35,0.42,,,,,,,,,,34.35,0.42,0.48
15574,7878,7827,1.021,35.11,0.23,35.09,0.22,0.36,35.11,0.23,0.39,35.13,0.24,0.40,,,
15586,8957,8986,1.024,35.15,0.18,35.14,0.18,0.35,35.15,0.18,0.39,35.16,0.19,0.40,,,
15590,6641,6366,1.017,34.93,0.29,,,,,,,,,,34.93,0.29,0.50
15597,1670,1771,1.005,31.73,0.66,,,,,,,,,,31.73,0.66,0.66
15599,1871,1579,1.004,37.00,0.15,,,,,,,,,,37.00,0.15,0.48
15604,4498,4218,1.011,33.35,0.29,,,,,,,,,,33.35,0.29,0.60
15611,4825,4833,1.013,33.28,0.15,,,,,,,,,,33.28,0.15,0.48
15627,4440,4362,1.012,32.68,0.38,,,,,,,,,,32.68,0.38,0.59
15635,4783,4793,1.013,33.99,0.13,,,,,,,,,,33.99,0.13,0.48
15638,3463,3457,1.009,32.90,0.19,32.88,0.19,0.35,32.90,0.19,0.39,32.91,0.19,0.40,33.00,0.20,0.48
15668,8351,8299,1.022,35.29,0.19,35.28,0.18,0.35,35.29,0.19,0.39,35.29,0.19,0.40,,,
15673,3663,3660,1.010,33.24,0.46,33.24,0.44,0.56,33.25,0.46,0.60,33.23,0.47,0.59,,,
15674,3625,3645,1.010,33.56,0.17,33.54,0.16,0.35,33.56,0.17,0.39,33.57,0.17,0.40,,,
15691,4908,4953,1.013,33.53,0.25,,,,,,,,,,33.53,0.25,0.48
15693,5002,4725,1.013,34.34,0.23,,,,,,,,,,34.34,0.23,0.55
15706,8464,8570,1.023,34.77,0.20,,,,,,,,,,34.77,0.20,0.48
15731,7853,7794,1.021,34.77,0.18,34.75,0.17,0.35,34.78,0.18,0.39,34.78,0.18,0.40,,,
15734,4258,4377,1.012,34.00,0.35,,,,,,,,,,34.00,0.35,0.61
15749,1445,1678,1.004,31.43,0.20,,,,,,,,,,31.43,0.20,0.64
15753,5369,5481,1.014,34.56,0.31,,,,,,,,,,34.56,0.31,0.61
15755,4459,4445,1.012,34.58,0.16,,,,,,,,,,34.58,0.16,0.48
15760,4662,4628,1.012,34.52,0.43,,,,,,,,,,34.52,0.43,0.48
15767,4821,4868,1.013,34.45,0.37,,,,,,,,,,34.45,0.37,0.52
15788,5798,5612,1.015,34.07,0.36,,,,,,,,,,34.07,0.36,0.57
15789,3284,3297,1.009,31.99,0.22,,,,,,,,,,31.99,0.22,0.65
15793,3927,3662,1.010,33.51,0.19,,,,,,,,,,33.51,0.19,0.49
15810,4708,4430,1.012,33.63,0.21,,,,,,,,,,33.63,0.21,0.48
15822,4521,4533,1.012,34.66,0.50,,,,,,,,,,34.66,0.50,0.59
15838,4511,4226,1.011,33.74,0.45,,,,,,,,,,33.74,0.45,0.63
15866,4844,4760,1.013,34.05,0.19,,,,,,,,,,34.05,0.19,0.48
15869,2434,2484,1.007,33.09,0.35,,,,,,,,,,33.09,0.35,0.62
15870,8705,8779,1.023,35.45,0.24,,,,,,,,,,35.45,0.24,0.48
15919,4974,4700,1.012,34.33,0.26,,,,,,,,,,34.33,0.26,0.53
15924,4749,4670,1.012,34.66,0.34,,,,,,,,,,34.66,0.34,0.48
15967,1218,939,1.002,31.60,0.24,,,,,,,,,,31.60,0.24,0.63
15972,4238,3984,1.011,34.19,0.32,,,,,,,,,,34.19,0.32,0.59
15977,4588,4630,1.012,33.58,0.29,33.56,0.28,0.35,33.59,0.29,0.39,33.59,0.30,0.40,,,
15982,8730,8745,1.023,35.88,0.18,35.86,0.17,0.35,35.88,0.18,0.39,35.89,0.18,0.40,,,
15986,4771,4504,1.012,34.15,0.22,,,,,,,,,,34.15,0.22,0.53
15992,4627,4604,1.012,33.60,0.21,,,,,,,,,,33.60,0.21,0.61
15996,1145,1331,1.004,31.57,0.69,,,,,,,,,,31.57,0.69,0.66
16001,4908,4650,1.012,34.14,0.26,,,,,,,,,,34.14,0.26,0.48
16027,3101,2829,1.008,32.77,0.20,,,,,,,,,,32.77,0.20,0.59
16033,4710,4687,1.012,34.18,0.23,,,,,,,,,,34.18,0.23,0.52
16036,4405,4548,1.012,34.04,0.22,,,,,,,,,,34.04,0.22,0.52
16050,985,1248,1.003,30.50,0.35,,,,,,,,,,30.50,0.35,0.64
16058,4030,4261,1.011,33.64,0.29,,,,,,,,,,33.64,0.29,0.57
16059,611,632,1.002,31.20,0.36,31.21,0.34,0.56,31.21,0.36,0.60,31.20,0.36,0.59,,,
16067,2752,2801,1.007,32.46,0.46,32.45,0.44,0.56,32.46,0.46,0.60,32.47,0.47,0.59,32.74,0.51,0.66
16092,4930,4680,1.012,33.76,0.21,,,,,,,,,,33.76,0.21,0.48
16101,9241,9352,1.025,35.53,0.38,,,,,,,,,,35.53,0.38,0.49
16110,4732,4461,1.012,34.02,0.32,,,,,,,,,,34.02,0.32,0.55
16116,5136,5329,1.014,33.74,0.20,,,,,,,,,,33.74,0.20,0.59
16118,4373,4453,1.012,34.07,0.41,,,,,,,,,,34.07,0.41,0.60
16139,4895,4980,1.013,33.48,0.47,,,,,,,,,,33.48,0.47,0.63
16144,2735,2790,1.007,33.06,0.14,33.06,0.13,0.40,33.06,0.14,0.41,33.06,0.14,0.40,,,
16166,5289,5476,1.014,33.84,0.32,,,,,,,,,,33.84,0.32,0.58
16186,4524,4526,1.012,33.70,0.12,,,,,,,,,,33.70,0.12,0.48
16187,4432,4493,1.012,33.52,0.19,33.51,0.19,0.38,33.53,0.19,0.39,33.53,0.19,0.40,33.33,0.20,0.53
16189,4699,4694,1.012,34.06,0.40,,,,,,,,,,34.06,0.40,0.59
16191,4531,4543,1.012,33.79,0.26,,,,,,,,,,33.79,0.26,0.62
16199,982,1167,1.003,31.01,0.36,,,,,,,,,,31.01,0.36,0.65
16205,9436,9558,1.025,35.71,0.19,,,,,,,,,,35.71,0.19,0.48
16216,4400,4128,1.011,34.47,0.14,,,,,,,,,,34.47,0.14,0.48
16217,2911,3037,1.008,33.90,0.46,,,,,,,,,,33.90,0.46,0.66
16227,9107,9118,1.024,35.81,0.28,,,,,,,,,,35.81,0.28,0.48
16236,1209,1363,1.004,30.27,0.93,,,,,,,,,,30.27,0.93,0.66
16239,5576,5685,1.015,34.62,0.15,,,,,,,,,,34.62,0.15,0.48
16248,16298,16309,1.043,36.60,0.28,,,,,,,,,,36.60,0.28,0.48
16256,4517,4566,1.012,33.08,0.37,,,,,,,,,,33.08,0.37,0.64
16271,4875,4628,1.012,34.48,0.34,,,,,,,,,,34.48,0.34,0.52
16272,6964,6795,1.018,34.17,0.21,,,,,,,,,,34.17,0.21,0.48
16285,4685,4780,1.013,33.93,0.43,,,,,,,,,,33.93,0.43,0.62
16299,1158,1434,1.004,31.04,0.33,,,,,,,,,,31.04,0.33,0.65
16301,4770,4510,1.012,34.35,0.21,,,,,,,,,,34.35,0.21,0.52
16302,4806,4904,1.013,33.75,0.26,,,,,,,,,,33.75,0.26,0.56
16322,3766,3825,1.010,33.30,0.14,33.30,0.14,0.35,33.31,0.14,0.39,33.31,0.14,0.40,33.44,0.13,0.49
16324,4424,4516,1.012,33.81,0.12,,,,,,,,,,33.81,0.12,0.48
16338,5548,5735,1.015,35.11,0.24,,,,,,,,,,35.11,0.24,0.48
16359,4505,4536,1.012,34.17,0.15,,,,,,,,,,34.17,0.15,0.48
16360,3653,3543,1.009,33.59,0.14,,,,,,,,,,33.59,0.14,0.48
16367,5369,5488,1.015,33.96,0.28,,,,,,,,,,33.96,0.28,0.48
16369,8321,8348,1.022,35.17,0.28,,,,,,,,,,35.17,0.28,0.49
16373,4797,4973,1.013,34.42,0.30,,,,,,,,,,34.42,0.30,0.48
16379,3998,4093,1.011,33.43,0.29,,,,,,,,,,33.43,0.29,0.59
16382,4450,4496,1.012,33.63,0.45,33.63,0.43,0.56,33.63,0.45,0.59,33.61,0.46,0.58,,,
16400,4126,4161,1.011,33.74,0.21,,,,,,,,,,33.74,0.21,0.61
16420,4841,4887,1.013,33.57,0.14,33.56,0.14,0.35,33.57,0.14,0.39,33.58,0.15,0.40,,,
16421,4205,3961,1.010,33.58,0.31,,,,,,,,,,33.58,0.31,0.59
16423,1085,832,1.002,30.60,0.39,,,,,,,,,,30.60,0.39,0.61
16436,3904,3999,1.011,33.50,0.14,,,,,,,,,,33.50,0.14,0.53
16469,8440,8452,1.022,34.59,0.26,,,,,,,,,,34.59,0.26,0.57
16482,4637,4660,1.012,34.42,0.33,,,,,,,,,,34.42,0.33,0.48
16485,4085,4173,1.011,33.62,0.31,,,,,,,,,,33.62,0.31,0.48
16499,3836,3963,1.010,33.90,0.23,,,,,,,,,,33.90,0.23,0.48
16502,1605,1763,1.005,32.50,0.35,,,,,,,,,,32.50,0.35,0.66
16504,6628,6771,1.018,34.58,0.29,,,,,,,,,,34.58,0.29,0.54
16507,3558,3663,1.010,33.58,0.18,,,,,,,,,,33.58,0.18,0.54
16517,570,743,1.002,29.86,0.19,,,,,,,,,,29.86,0.19,0.65
16530,3632,3747,1.010,33.54,0.28,,,,,,,,,,33.54,0.28,0.61
16537,5413,5180,1.014,34.07,0.27,,,,,,,,,,34.07,0.27,0.48
16568,6507,6640,1.018,34.45,0.19,,,,,,,,,,34.45,0.19,0.48
16600,3471,3568,1.009,33.16,0.13,,,,,,,,,,33.16,0.13,0.48
16603,6197,6393,1.017,34.59,0.28,,,,,,,,,,34.59,0.28,0.48
16605,3868,3976,1.011,33.54,0.20,,,,,,,,,,33.54,0.20,0.48
16611,4170,4302,1.011,33.98,0.33,,,,,,,,,,33.98,0.33,0.59
16613,4760,4816,1.013,33.81,0.28,33.81,0.27,0.48,33.82,0.28,0.48,33.82,0.28,0.47,,,
16617,763,1045,1.003,30.75,0.36,,,,,,,,,,30.75,0.36,0.65
16636,4233,4306,1.011,33.38,0.21,33.36,0.20,0.35,33.38,0.21,0.39,33.39,0.21,0.40,,,
16641,6654,6833,1.018,34.07,0.21,,,,,,,,,,34.07,0.21,0.59
16642,5017,4980,1.013,34.07,0.17,,,,,,,,,,34.07,0.17,0.48
16646,4124,4180,1.011,33.73,0.14,33.73,0.14,0.46,33.73,0.14,0.46,33.73,0.15,0.45,,,
16650,8472,8497,1.022,35.48,0.23,,,,,,,,,,35.48,0.23,0.48
16654,4687,4738,1.013,34.17,0.25,,,,,,,,,,34.17,0.25,0.48
16668,10844,10881,1.029,35.34,0.19,,,,,,,,,,35.34,0.19,0.48
16672,3247,3358,1.009,33.10,0.21,,,,,,,,,,33.10,0.21,0.54
16677,7996,7727,1.020,34.92,0.25,,,,,,,,,,34.92,0.25,0.51
16678,6706,6851,1.018,34.75,0.17,,,,,,,,,,34.75,0.17,0.49
16687,6000,6040,1.016,34.85,0.19,,,,,,,,,,34.85,0.19,0.48
16702,3761,3968,1.011,34.05,0.51,,,,,,,,,,34.05,0.51,0.57
16709,998,1227,1.003,29.89,0.21,,,,,,,,,,29.89,0.21,0.54
16716,2193,2315,1.006,32.17,0.26,,,,,,,,,,32.17,0.26,0.48
16722,4157,3914,1.010,33.85,0.36,,,,,,,,,,33.85,0.36,0.62
16735,3249,3396,1.009,34.15,0.45,,,,,,,,,,34.15,0.45,0.63
16751,4316,4467,1.012,34.40,0.47,,,,,,,,,,34.40,0.47,0.49
16754,4404,4566,1.012,33.54,0.35,,,,,,,,,,33.54,0.35,0.61
16761,998,1283,1.003,30.26,0.38,,,,,,,,,,30.26,0.38,0.66
16764,8875,8923,1.024,34.95,0.18,,,,,,,,,,34.95,0.18,0.48
16769,6286,6043,1.016,34.65,0.20,,,,,,,,,,34.65,0.20,0.48
16772,2241,2367,1.006,33.07,0.32,,,,,,,,,,33.07,0.32,0.63
16779,786,1018,1.003,29.05,0.24,,,,,,,,,,29.05,0.24,0.57
16849,827,1062,1.003,29.98,0.19,,,,,,,,,,29.98,0.19,0.66
16850,1835,1983,1.005,32.02,0.29,,,,,,,,,,32.02,0.29,0.65
16854,6788,6997,1.018,34.60,0.22,,,,,,,,,,34.60,0.22,0.48
16858,4713,4488,1.012,34.15,0.25,,,,,,,,,,34.15,0.25,0.48
16874,3416,3582,1.009,33.71,0.24,,,,,,,,,,33.71,0.24,0.63
16875,2551,2675,1.007,32.20,0.14,,,,,,,,,,32.20,0.14,0.59
16878,1811,1982,1.005,32.62,0.46,,,,,,,,,,32.62,0.46,0.66
16894,1838,1989,1.005,32.45,0.43,,,,,,,,,,32.45,0.43,0.57
16906,1793,1948,1.005,31.78,0.29,,,,,,,,,,31.78,0.29,0.51
16911,1161,1449,1.004,31.27,0.32,,,,,,,,,,31.27,0.32,0.65
16917,2148,2299,1.006,33.51,0.29,,,,,,,,,,33.51,0.29,0.61
16926,2457,2585,1.007,33.11,0.30,,,,,,,,,,33.11,0.30,0.61
16930,3872,3971,1.011,32.70,0.33,32.71,0.32,0.56,32.71,0.33,0.59,32.70,0.34,0.58,32.37,0.37,0.65
16957,293,74,1.000,28.76,0.47,,,,,,,,,,28.76,0.47,0.66
16975,8785,8844,1.023,35.95,0.20,,,,,,,,,,35.95,0.20,0.48
16976,847,1104,1.003,31.49,0.38,,,,,,,,,,31.49,0.38,0.66
16983,1272,1495,1.004,31.64,0.29,,,,,,,,,,31.64,0.29,0.63
16984,8586,8640,1.023,35.73,0.27,,,,,,,,,,35.73,0.27,0.48
16989,8855,8906,1.023,35.22,0.24,,,,,,,,,,35.22,0.24,0.48
16990,5638,5832,1.015,34.88,0.33,,,,,,,,,,34.88,0.33,0.52
16993,5283,5271,1.014,34.01,0.17,,,,,,,,,,34.01,0.17,0.48
16997,7244,6996,1.018,34.59,0.31,,,,,,,,,,34.59,0.31,0.48
17015,3348,3503,1.009,33.04,0.22,,,,,,,,,,33.04,0.22,0.57
17027,1129,1377,1.004,31.23,0.22,,,,,,,,,,31.23,0.22,0.59
17031,7910,7967,1.021,35.37,0.18,,,,,,,,,,35.37,0.18,0.48
17042,1101,1403,1.004,30.64,0.28,,,,,,,,,,30.64,0.28,0.64
17044,8345,8402,1.022,35.26,0.16,,,,,,,,,,35.26,0.16,0.48
17052,8563,8640,1.023,35.02,0.29,,,,,,,,,,35.02,0.29,0.55
17056,2676,2844,1.008,33.18,0.15,,,,,,,,,,33.18,0.15,0.51
17058,4404,4504,1.012,34.27,0.18,34.26,0.17,0.37,34.27,0.18,0.39,34.28,0.18,0.40,,,
17064,4310,4536,1.012,33.90,0.31,,,,,,,,,,33.90,0.31,0.59
17084,5304,5080,1.013,34.33,0.26,,,,,,,,,,34.33,0.26,0.50
17087,9146,9213,1.024,35.14,0.17,,,,,,,,,,35.14,0.17,0.51
17095,6932,6941,1.018,34.63,0.24,34.63,0.24,0.35,34.64,0.24,0.39,34.63,0.25,0.40,,,
17104,4356,4077,1.011,33.82,0.22,33.82,0.21,0.35,33.83,0.22,0.39,33.82,0.22,0.40,,,
17113,1036,1275,1.003,31.14,0.54,,,,,,,,,,31.14,0.54,0.66
17125,8818,8884,1.023,34.61,0.26,,,,,,,,,,34.61,0.26,0.55
17126,8508,8577,1.023,34.80,0.17,,,,,,,,,,34.80,0.17,0.48
17157,1070,1326,1.004,30.74,0.27,,,,,,,,,,30.74,0.27,0.66
17159,2721,2463,1.007,32.91,0.17,,,,,,,,,,32.91,0.17,0.58
17162,4913,4665,1.012,34.18,0.43,,,,,,,,,,34.18,0.43,0.61
17165,5574,5597,1.015,34.68,0.20,,,,,,,,,,34.68,0.20,0.48
17170,2429,2150,1.006,31.33,0.48,,,,,,,,,,31.33,0.48,0.66
17174,1575,1787,1.005,32.28,0.16,,,,,,,,,,32.28,0.16,0.53
17178,10234,10065,1.026,35.67,0.21,,,,,,,,,,35.67,0.21,0.48
17187,9177,9397,1.025,35.16,0.17,,,,,,,,,,35.16,0.17,0.48
17229,3029,3219,1.009,33.58,0.22,,,,,,,,,,33.58,0.22,0.56
17248,3254,3426,1.009,34.06,0.13,,,,,,,,,,34.06,0.13,0.48
17309,10822,10933,1.029,36.29,0.24,36.28,0.24,0.35,36.29,0.24,0.39,36.29,0.25,0.40,,,
17326,7119,6973,1.018,35.34,0.18,,,,,,,,,,35.34,0.18,0.48
17340,2737,2950,1.008,32.59,0.36,,,,,,,,,,32.59,0.36,0.64
17344,6242,6020,1.016,35.18,0.43,,,,,,,,,,35.18,0.43,0.48
17359,2334,2163,1.006,32.01,0.19,,,,,,,,,,32.01,0.19,0.65
17378,2350,2180,1.006,33.32,0.30,,,,,,,,,,33.32,0.30,0.64
17380,11171,11412,1.030,35.51,0.24,,,,,,,,,,35.51,0.24,0.48
17395,2581,2758,1.007,32.34,0.17,,,,,,,,,,32.34,0.17,0.59
17402,1643,1874,1.005,31.41,0.56,,,,,,,,,,31.41,0.56,0.66
17422,2979,3175,1.008,33.60,0.23,,,,,,,,,,33.60,0.23,0.48
17433,1098,1376,1.004,30.76,0.21,,,,,,,,,,30.76,0.21,0.63
17436,1478,1709,1.005,31.53,0.15,,,,,,,,,,31.53,0.15,0.48
17444,7998,8097,1.021,34.92,0.21,34.92,0.20,0.35,34.92,0.21,0.39,34.91,0.21,0.40,,,
17456,4414,4186,1.011,34.04,0.23,,,,,,,,,,34.04,0.23,0.53
17462,7808,7906,1.021,35.49,0.24,,,,,,,,,,35.49,0.24,0.48
17463,1530,1769,1.005,32.59,0.46,,,,,,,,,,32.59,0.46,0.61
17475,6900,7083,1.019,35.02,0.19,,,,,,,,,,35.02,0.19,0.56
17502,7571,7786,1.021,34.87,0.22,,,,,,,,,,34.87,0.22,0.48
17504,3796,3896,1.010,33.80,0.21,33.79,0.20,0.35,33.80,0.21,0.39,33.80,0.21,0.40,,,
17509,5240,5290,1.014,34.40,0.16,,,,,,,,,,34.40,0.16,0.48
17513,2688,2913,1.008,33.27,0.26,,,,,,,,,,33.27,0.26,0.65
17525,1300,1555,1.004,33.21,0.50,,,,,,,,,,33.21,0.50,0.66
17554,5790,5851,1.015,34.14,0.13,,,,,,,,,,34.14,0.13,0.48
17556,4129,4353,1.012,34.06,0.32,,,,,,,,,,34.06,0.32,0.61
17561,4306,4055,1.011,34.06,0.16,,,,,,,,,,34.06,0.16,0.48
17567,1088,1413,1.004,30.87,0.54,,,,,,,,,,30.87,0.54,0.66
17595,1037,1328,1.004,30.94,0.51,,,,,,,,,,30.94,0.51,0.66
17597,3099,3333,1.009,33.91,0.33,,,,,,,,,,33.91,0.33,0.57
17619,1533,1786,1.005,30.91,0.35,,,,,,,,,,30.91,0.35,0.66
17625,4129,3910,1.010,32.95,0.24,,,,,,,,,,32.95,0.24,0.48
17655,1906,2145,1.006,31.67,0.43,,,,,,,,,,31.67,0.43,0.66
17657,2775,3054,1.008,33.71,0.20,,,,,,,,,,33.71,0.20,0.48
17736,1288,1059,1.003,30.70,0.29,,,,,,,,,,30.70,0.29,0.66
17776,4626,4460,1.012,33.30,0.16,,,,,,,,,,33.30,0.16,0.48
17810,2871,3118,1.008,32.82,0.16,,,,,,,,,,32.82,0.16,0.52
17819,694,993,1.003,30.44,0.18,,,,,,,,,,30.44,0.18,0.57
17822,904,1233,1.003,31.37,0.40,,,,,,,,,,31.37,0.40,0.65
17831,3232,3082,1.008,32.89,0.14,,,,,,,,,,32.89,0.14,0.48
17941,8435,8692,1.023,35.62,0.27,,,,,,,,,,35.62,0.27,0.48
17969,2183,2442,1.006,32.89,0.17,,,,,,,,,,32.89,0.17,0.54
17974,8371,8643,1.023,34.97,0.21,,,,,,,,,,34.97,0.21,0.48
18000,2878,3194,1.008,33.21,0.13,,,,,,,,,,33.21,0.13,0.50
18007,6024,5921,1.016,34.26,0.38,,,,,,,,,,34.26,0.38,0.51
18013,5269,5217,1.014,34.02,0.16,,,,,,,,,,34.02,0.16,0.55
18028,2794,3051,1.008,33.84,0.20,,,,,,,,,,33.84,0.20,0.48
18033,4440,4377,1.012,34.02,0.37,,,,,,,,,,34.02,0.37,0.62
18039,5335,5137,1.014,34.70,0.16,,,,,,,,,,34.70,0.16,0.48
18089,5914,5798,1.015,34.14,0.20,,,,,,,,,,34.14,0.20,0.48
18109,5907,5811,1.015,34.15,0.31,,,,,,,,,,34.15,0.31,0.49
18128,5217,4978,1.013,34.25,0.25,,,,,,,,,,34.25,0.25,0.56
18143,2703,2983,1.008,33.93,0.49,,,,,,,,,,33.93,0.49,0.64
18147,2770,3047,1.008,33.39,0.21,,,,,,,,,,33.39,0.21,0.48
18148,1663,1951,1.005,32.69,0.56,,,,,,,,,,32.69,0.56,0.59
18161,4300,4099,1.011,33.58,0.23,,,,,,,,,,33.58,0.23,0.48
18169,1588,1885,1.005,32.05,0.30,,,,,,,,,,32.05,0.30,0.66
18172,1458,1759,1.005,32.08,0.35,,,,,,,,,,32.08,0.35,0.66
18181,4976,4729,1.013,33.84,0.30,,,,,,,,,,33.84,0.30,0.54
18191,5465,5340,1.014,34.20,0.28,,,,,,,,,,34.20,0.28,0.48
18220,6383,6651,1.018,34.27,0.34,,,,,,,,,,34.27,0.34,0.48
18223,8153,8434,1.022,34.74,0.25,,,,,,,,,,34.74,0.25,0.48
18232,1168,1480,1.004,32.38,0.34,,,,,,,,,,32.38,0.34,0.64
18259,1572,1861,1.005,,,,,,,,,,,,,,
18299,1566,1555,1.004,32.48,0.27,,,,,,,,,,32.48,0.27,0.59
18369,2695,2987,1.008,33.34,0.21,,,,,,,,,,33.34,0.21,0.59
18373,2045,2307,1.006,31.91,0.14,,,,,,,,,,31.91,0.14,0.62
18377,1587,1898,1.005,31.69,0.22,,,,,,,,,,31.69,0.22,0.63
18389,5621,5359,1.014,34.49,0.27,34.48,0.26,0.45,34.49,0.27,0.45,34.48,0.27,0.45,34.30,0.29,0.57
18394,1618,1920,1.005,31.86,0.18,,,,,,,,,,31.86,0.18,0.48
18435,7147,7440,1.020,35.13,0.36,,,,,,,,,,35.13,0.36,0.49
18437,937,1292,1.003,31.11,0.21,,,,,,,,,,31.11,0.21,0.58
18444,6236,6534,1.017,34.60,0.16,,,,,,,,,,34.60,0.16,0.48
18445,2013,2322,1.006,31.98,0.38,,,,,,,,,,31.98,0.38,0.63
18487,2975,3303,1.009,33.59,0.35,,,,,,,,,,33.59,0.35,0.63
18488,2807,3131,1.008,33.83,0.36,,,,,,,,,,33.83,0.36,0.55
18494,3678,3642,1.010,33.36,0.33,,,,,,,,,,33.36,0.33,0.52
18511,6540,6841,1.018,34.62,0.21,,,,,,,,,,34.62,0.21,0.50
18536,509,851,1.002,28.33,0.49,,,,,,,,,,28.33,0.49,0.66
18556,5379,5194,1.014,34.22,0.29,,,,,,,,,,34.22,0.29,0.62
18557,1457,1251,1.003,31.22,0.21,,,,,,,,,,31.22,0.21,0.63
18558,1528,1359,1.004,32.62,0.66,32.61,0.64,0.56,32.63,0.66,0.60,32.61,0.68,0.59,,,
18565,5771,5779,1.015,33.54,0.31,33.54,0.30,0.43,33.54,0.31,0.43,33.53,0.32,0.42,,,
18566,8648,8991,1.024,34.66,0.44,,,,,,,,,,34.66,0.44,0.48
18581,1878,2166,1.006,32.34,0.38,,,,,,,,,,32.34,0.38,0.60
18608,8584,8494,1.022,34.94,0.19,,,,,,,,,,34.94,0.19,0.48
18637,4179,4012,1.011,34.08,0.17,34.06,0.17,0.35,34.08,0.17,0.39,34.09,0.18,0.40,34.48,0.17,0.48
18646,4096,3897,1.010,33.69,0.38,,,,,,,,,,33.69,0.38,0.66
18662,4190,3995,1.011,33.62,0.26,,,,,,,,,,33.62,0.26,0.56
18699,4234,4057,1.011,33.62,0.17,,,,,,,,,,33.62,0.17,0.48
18705,2232,2458,1.007,32.02,0.16,32.04,0.16,0.55,32.02,0.16,0.56,32.00,0.17,0.55,,,
18708,5445,5756,1.015,34.38,0.34,,,,,,,,,,34.38,0.34,0.51
18709,4252,4051,1.011,34.55,0.33,,,,,,,,,,34.55,0.33,0.48
18716,4062,3880,1.010,34.40,0.38,,,,,,,,,,34.40,0.38,0.65
18718,1841,2163,1.006,33.83,0.60,,,,,,,,,,33.83,0.60,0.64
18719,4222,3977,1.011,34.10,0.25,,,,,,,,,,34.10,0.25,0.59
18726,6012,5938,1.016,34.45,0.20,,,,,,,,,,34.45,0.20,0.48
18728,4242,4078,1.011,34.11,0.26,34.12,0.25,0.38,34.12,0.26,0.39,34.10,0.27,0.40,33.89,0.28,0.53
18729,4241,4063,1.011,33.63,0.26,,,,,,,,,,33.63,0.26,0.52
18736,6050,6386,1.017,34.23,0.25,,,,,,,,,,34.23,0.25,0.48
18739,5314,5088,1.013,34.23,0.15,,,,,,,,,,34.23,0.15,0.48
18747,5135,5015,1.013,34.12,0.17,,,,,,,,,,34.12,0.17,0.57
18762,6260,6551,1.017,34.39,0.21,,,,,,,,,,34.39,0.21,0.48
18764,4436,4184,1.011,32.88,0.29,,,,,,,,,,32.88,0.29,0.53
18765,1475,1814,1.005,32.14,0.23,,,,,,,,,,32.14,0.23,0.55
18778,4488,4248,1.011,34.17,0.31,,,,,,,,,,34.17,0.31,0.64
18781,2364,2686,1.007,33.89,0.43,,,,,,,,,,33.89,0.43,0.61
18800,4460,4305,1.011,34.01,0.31,34.00,0.30,0.52,34.01,0.31,0.52,34.02,0.32,0.52,,,
18805,5980,6291,1.017,34.34,0.17,,,,,,,,,,34.34,0.17,0.48
18807,4566,4320,1.011,33.75,0.33,,,,,,,,,,33.75,0.33,0.48
18813,5431,5564,1.015,34.34,0.26,,,,,,,,,,34.34,0.26,0.48
18848,2651,2962,1.008,32.49,0.31,,,,,,,,,,32.49,0.31,0.60
18855,566,846,1.002,30.04,0.13,,,,,,,,,,30.04,0.13,0.58
18859,9153,9486,1.025,35.86,0.49,,,,,,,,,,35.86,0.49,0.48
18872,5693,5618,1.015,34.61,0.24,,,,,,,,,,34.61,0.24,0.52
18886,1576,1926,1.005,31.42,0.26,,,,,,,,,,31.42,0.26,0.66
18895,9075,9443,1.025,35.51,0.35,,,,,,,,,,35.51,0.35,0.48
18930,2692,3009,1.008,32.92,0.30,,,,,,,,,,32.92,0.30,0.62
18960,1707,1471,1.004,31.92,0.19,,,,,,,,,,31.92,0.19,0.61
18964,2782,3005,1.008,33.28,0.30,,,,,,,,,,33.28,0.30,0.50
18977,3702,4038,1.011,34.05,0.13,,,,,,,,,,34.05,0.13,0.63
18987,1241,1035,1.003,31.44,0.44,,,,,,,,,,31.44,0.44,0.66
18989,4469,4306,1.011,33.01,0.33,33.02,0.32,0.56,33.01,0.33,0.59,33.00,0.34,0.58,,,
19024,6822,7180,1.019,35.03,0.17,,,,,,,,,,35.03,0.17,0.49
19030,2040,2382,1.006,32.21,0.20,,,,,,,,,,32.21,0.20,0.57
19032,6814,7171,1.019,34.32,0.24,,,,,,,,,,34.32,0.24,0.52
19054,2502,2863,1.008,32.86,0.15,,,,,,,,,,32.86,0.15,0.61
19064,2826,2707,1.007,32.95,0.24,,,,,,,,,,32.95,0.24,0.48
19072,2421,2568,1.007,32.16,0.19,,,,,,,,,,32.16,0.19,0.64
19073,5901,5845,1.015,35.14,0.33,,,,,,,,,,35.14,0.33,0.48
19119,2007,2360,1.006,33.51,0.87,,,,,,,,,,33.51,0.87,0.66
19121,6876,7239,1.019,35.18,0.22,,,,,,,,,,35.18,0.22,0.48
19161,536,553,1.001,31.80,0.26,,,,,,,,,,31.80,0.26,0.64
19170,7439,7321,1.019,35.06,0.22,,,,,,,,,,35.06,0.22,0.48
19173,2615,2972,1.008,32.70,0.42,,,,,,,,,,32.70,0.42,0.65
19186,6597,6543,1.017,34.63,0.15,,,,,,,,,,34.63,0.15,0.48
19201,1590,1957,1.005,31.22,0.33,,,,,,,,,,31.22,0.33,0.65
19215,7266,7315,1.019,35.03,0.19,35.02,0.19,0.35,35.03,0.19,0.39,35.04,0.20,0.40,,,
19217,7979,8373,1.022,35.47,0.20,,,,,,,,,,35.47,0.20,0.48
19221,6436,6451,1.017,34.79,0.21,,,,,,,,,,34.79,0.21,0.52
19222,3823,3631,1.010,33.31,0.16,,,,,,,,,,33.31,0.16,0.51
19228,3990,3847,1.010,32.97,0.22,,,,,,,,,,32.97,0.22,0.48
19229,6762,7146,1.019,34.94,0.29,,,,,,,,,,34.94,0.29,0.48
19249,5416,5561,1.015,34.27,0.15,,,,,,,,,,34.27,0.15,0.48
19260,6620,7007,1.018,34.45,0.27,,,,,,,,,,34.45,0.27,0.48
19261,7560,7450,1.020,34.93,0.16,,,,,,,,,,34.93,0.16,0.48
19281,10912,11264,1.030,35.55,0.17,35.55,0.16,0.35,35.54,0.17,0.39,35.55,0.17,0.40,,,
19292,3725,3912,1.010,33.54,0.12,,,,,,,,,,33.54,0.12,0.52
19309,6765,7141,1.019,34.82,0.19,,,,,,,,,,34.82,0.19,0.48
19343,548,891,1.002,30.47,0.25,,,,,,,,,,30.47,0.25,0.64
19355,2508,2883,1.008,32.08,0.18,,,,,,,,,,32.08,0.18,0.52
19360,2440,2802,1.007,32.85,0.27,32.85,0.26,0.46,32.85,0.27,0.46,32.84,0.28,0.46,32.82,0.30,0.57
19363,6417,6812,1.018,34.51,0.18,,,,,,,,,,34.51,0.18,0.51
19385,5321,5480,1.014,34.23,0.22,,,,,,,,,,34.23,0.22,0.56
19390,6566,6418,1.017,34.64,0.19,34.64,0.19,0.35,34.64,0.19,0.39,34.63,0.19,0.40,,,
19397,2247,2136,1.006,31.94,0.27,,,,,,,,,,31.94,0.27,0.59
19402,1901,2285,1.006,31.67,0.39,,,,,,,,,,31.67,0.39,0.66
19405,1907,2291,1.006,32.46,0.37,,,,,,,,,,32.46,0.37,0.66
19413,2330,2726,1.007,31.99,0.19,,,,,,,,,,31.99,0.19,0.55
19418,9614,10015,1.026,35.32,0.20,,,,,,,,,,35.32,0.20,0.48
19447,6724,6587,1.017,35.02,0.30,35.00,0.29,0.53,35.02,0.30,0.54,35.03,0.31,0.54,35.24,0.33,0.62
19461,1752,2139,1.006,33.61,0.29,,,,,,,,,,33.61,0.29,0.60
19469,6110,6125,1.016,34.96,0.36,,,,,,,,,,34.96,0.36,0.61
19475,7396,7419,1.020,35.09,0.19,,,,,,,,,,35.09,0.19,0.54
19483,1253,1406,1.004,31.62,0.25,,,,,,,,,,31.62,0.25,0.66
19500,5130,5040,1.013,35.20,0.23,,,,,,,,,,35.20,0.23,0.49
19512,3833,4054,1.011,33.57,0.14,,,,,,,,,,33.57,0.14,0.48
19518,1696,2087,1.006,32.37,0.27,,,,,,,,,,32.37,0.27,0.62
19526,570,936,1.002,29.78,0.51,29.77,0.49,0.56,29.78,0.51,0.60,29.78,0.52,0.59,,,
19531,1653,2046,1.005,31.87,0.16,,,,,,,,,,31.87,0.16,0.48
19549,4422,4582,1.012,33.46,0.30,,,,,,,,,,33.46,0.30,0.63
19557,6223,6217,1.016,34.90,0.25,,,,,,,,,,34.90,0.25,0.52
19571,6350,6361,1.017,34.46,0.24,,,,,,,,,,34.46,0.24,0.48
19579,2240,2133,1.006,32.63,0.30,,,,,,,,,,32.63,0.30,0.59
19583,1515,1910,1.005,32.86,0.95,,,,,,,,,,32.86,0.95,0.66
19585,1919,2315,1.006,33.23,0.43,,,,,,,,,,33.23,0.43,0.60
19589,1466,1860,1.005,31.29,0.17,,,,,,,,,,31.29,0.17,0.65
19606,2597,2991,1.008,33.85,0.32,,,,,,,,,,33.85,0.32,0.61
19627,4614,4355,1.012,33.22,0.23,33.21,0.22,0.53,33.21,0.23,0.53,33.23,0.23,0.53,,,
19652,3472,3326,1.009,33.42,0.20,33.41,0.19,0.42,33.42,0.20,0.43,33.42,0.20,0.42,,,
19665,6483,6495,1.017,28.62,1.11,,,,,,,,,,28.62,1.11,0.66
19671,5177,5360,1.014,34.30,0.34,,,,,,,,,,34.30,0.34,0.60
19674,4810,4929,1.013,35.48,0.19,35.44,0.18,0.35,35.49,0.19,0.39,35.51,0.19,0.40,,,
19679,4848,4976,1.013,33.98,0.30,33.97,0.29,0.47,33.98,0.30,0.47,33.98,0.31,0.46,,,
19697,5711,5734,1.015,34.26,0.28,,,,,,,,,,34.26,0.28,0.48
19700,7316,7567,1.020,34.99,0.21,34.97,0.20,0.43,34.99,0.21,0.43,35.01,0.21,0.42,,,
19705,797,1213,1.003,31.25,0.43,,,,,,,,,,31.25,0.43,0.66
19725,3858,4090,1.011,33.31,0.15,,,,,,,,,,33.31,0.15,0.48
19732,5779,5753,1.015,34.15,0.19,,,,,,,,,,34.15,0.19,0.49
19733,1758,2167,1.006,33.13,0.37,,,,,,,,,,33.13,0.37,0.64
19743,4809,4946,1.013,33.96,0.17,33.93,0.16,0.35,33.96,0.17,0.39,33.99,0.17,0.40,34.46,0.17,0.48
19785,1630,2053,1.005,32.33,0.34,,,,,,,,,,32.33,0.34,0.64
19788,6053,6028,1.016,34.51,0.27,,,,,,,,,,34.51,0.27,0.48
19790,5836,5856,1.015,34.98,0.34,,,,,,,,,,34.98,0.34,0.54
19792,4416,4558,1.012,33.93,0.22,,,,,,,,,,33.93,0.22,0.58
19794,6305,6302,1.017,34.66,0.21,,,,,,,,,,34.66,0.21,0.50
19795,7256,7159,1.019,34.98,0.23,,,,,,,,,,34.98,0.23,0.49
19809,10293,10435,1.027,35.64,0.53,,,,,,,,,,35.64,0.53,0.52
19813,1204,1401,1.004,31.51,0.23,,,,,,,,,,31.51,0.23,0.63
19817,4655,4398,1.012,34.39,0.27,34.37,0.26,0.36,34.39,0.27,0.39,34.40,0.27,0.40,,,
19820,4752,4619,1.012,34.30,0.30,34.30,0.29,0.36,34.30,0.30,0.39,34.29,0.30,0.40,,,
19838,4072,3900,1.010,34.03,0.29,,,,,,,,,,34.03,0.29,0.59
19841,2167,1919,1.005,32.34,0.47,32.33,0.45,0.56,32.34,0.47,0.60,32.34,0.48,0.59,,,
19856,6742,6787,1.018,34.64,0.24,,,,,,,,,,34.64,0.24,0.48
19861,1809,2220,1.006,32.48,0.14,,,,,,,,,,32.48,0.14,0.59
19867,1376,1213,1.003,31.55,0.29,,,,,,,,,,31.55,0.29,0.62
19874,6050,6044,1.016,34.70,0.20,,,,,,,,,,34.70,0.20,0.48
19885,2107,2518,1.007,33.47,0.49,,,,,,,,,,33.47,0.49,0.66
19886,4655,4398,1.012,33.57,0.26,33.57,0.25,0.37,33.57,0.26,0.39,33.57,0.26,0.40,,,
19920,2335,2745,1.007,33.12,0.15,,,,,,,,,,33.12,0.15,0.52
19931,4135,4015,1.011,33.97,0.36,,,,,,,,,,33.97,0.36,0.60
19974,4999,5110,1.014,33.81,0.15,,,,,,,,,,33.81,0.15,0.57
19979,7388,7539,1.020,35.20,0.20,,,,,,,,,,35.20,0.20,0.48
19981,8348,8442,1.022,35.54,0.23,,,,,,,,,,35.54,0.23,0.48
19985,2491,2919,1.008,32.35,0.27,,,,,,,,,,32.35,0.27,0.66
19996,2427,2848,1.008,32.76,0.12,,,,,,,,,,32.76,0.12,0.50
19997,8721,9128,1.024,35.51,0.26,,,,,,,,,,35.51,0.26,0.48
19998,5218,5289,1.014,34.69,0.36,34.69,0.34,0.56,34.69,0.36,0.59,34.70,0.36,0.58,34.81,0.39,0.65
20007,6378,6354,1.017,34.40,0.36,,,,,,,,,,34.40,0.36,0.53
20008,1616,1931,1.005,32.12,0.19,,,,,,,,,,32.12,0.19,0.48
20014,4365,4781,1.013,33.91,0.40,,,,,,,,,,33.91,0.40,0.61
20027,3413,3713,1.010,32.74,0.17,,,,,,,,,,32.74,0.17,0.63
20062,5619,5612,1.015,34.57,0.33,,,,,,,,,,34.57,0.33,0.48
20079,8651,8522,1.022,35.21,0.24,35.20,0.23,0.37,35.21,0.24,0.39,35.20,0.24,0.40,35.09,0.26,0.52
20083,4485,4679,1.012,33.59,0.19,,,,,,,,,,33.59,0.19,0.51
20088,6468,6453,1.017,34.92,0.18,,,,,,,,,,34.92,0.18,0.48
20112,1108,1336,1.004,33.60,0.59,,,,,,,,,,33.60,0.59,0.66
20131,8783,8898,1.023,35.94,0.43,,,,,,,,,,35.94,0.43,0.48
20143,3748,3550,1.009,33.90,0.16,,,,,,,,,,33.90,0.16,0.50
20158,4345,4232,1.011,33.07,0.33,,,,,,,,,,33.07,0.33,0.52
20167,7343,7787,1.021,35.05,0.20,,,,,,,,,,35.05,0.20,0.48
20184,3438,3272,1.009,33.13,0.51,,,,,,,,,,33.13,0.51,0.66
20214,2115,2365,1.006,31.94,0.28,,,,,,,,,,31.94,0.28,0.61
20222,2182,2409,1.006,32.52,0.40,,,,,,,,,,32.52,0.40,0.48
20239,4773,4902,1.013,34.96,0.26,,,,,,,,,,34.96,0.26,0.57
20241,5247,5206,1.014,34.40,0.38,,,,,,,,,,34.40,0.38,0.64
20274,1534,1901,1.005,32.37,0.26,,,,,,,,,,32.37,0.26,0.56
20293,3976,3785,1.010,33.97,0.23,,,,,,,,,,33.97,0.23,0.53
20324,5405,5855,1.015,34.58,0.19,,,,,,,,,,34.58,0.19,0.48
20335,7617,7800,1.021,34.71,0.14,,,,,,,,,,34.71,0.14,0.48
20351,7522,7674,1.020,34.00,0.27,33.98,0.26,0.39,33.98,0.27,0.39,34.02,0.27,0.40,,,
20352,3264,3228,1.009,33.91,0.46,,,,,,,,,,33.91,0.46,0.66
20353,5998,6010,1.016,35.05,0.28,,,,,,,,,,35.05,0.28,0.48
20361,4880,5039,1.013,34.31,0.16,34.30,0.16,0.35,34.31,0.16,0.39,34.31,0.16,0.40,,,
20363,2331,2770,1.007,32.61,0.30,,,,,,,,,,32.61,0.30,0.48
20366,6343,6424,1.017,34.16,0.22,34.18,0.21,0.41,34.17,0.22,0.41,34.15,0.22,0.40,34.06,0.23,0.54
20380,5369,5433,1.014,34.65,0.23,,,,,,,,,,34.65,0.23,0.53
20389,9833,10035,1.026,35.34,0.15,,,,,,,,,,35.34,0.15,0.48
20405,5730,5738,1.015,34.76,0.16,,,,,,,,,,34.76,0.16,0.48
20418,4378,4195,1.011,33.56,0.17,,,,,,,,,,33.56,0.17,0.48
20446,2241,2449,1.006,32.45,0.19,,,,,,,,,,32.45,0.19,0.60
20458,2459,2203,1.006,32.58,0.28,32.57,0.27,0.35,32.59,0.28,0.39,32.60,0.28,0.40,32.63,0.30,0.48
20464,7818,7780,1.021,35.68,0.33,,,,,,,,,,35.68,0.33,0.51
20486,5606,5619,1.015,35.07,0.22,,,,,,,,,,35.07,0.22,0.50
20487,7156,7279,1.019,35.53,0.25,,,,,,,,,,35.53,0.25,0.54
20504,1988,2438,1.006,32.78,0.25,,,,,,,,,,32.78,0.25,0.60
20513,6325,6533,1.017,34.67,0.28,,,,,,,,,,34.67,0.28,0.48
20526,1320,1183,1.003,32.02,0.25,,,,,,,,,,32.02,0.25,0.66
20531,804,1239,1.003,29.96,0.37,,,,,,,,,,29.96,0.37,0.66
20546,2736,3193,1.008,32.63,0.39,,,,,,,,,,32.63,0.39,0.55
20556,2943,3365,1.009,32.50,0.18,,,,,,,,,,32.50,0.18,0.48
20559,3882,4014,1.011,33.28,0.15,,,,,,,,,,33.28,0.15,0.56
20562,3191,3354,1.009,32.80,0.16,32.80,0.15,0.49,32.80,0.16,0.49,32.80,0.16,0.48,,,
20567,4272,4143,1.011,33.58,0.32,33.58,0.31,0.47,33.58,0.32,0.47,33.57,0.33,0.47,,,
20576,1812,2266,1.006,32.03,0.44,,,,,,,,,,32.03,0.44,0.66
20577,2125,2577,1.007,32.56,0.19,,,,,,,,,,32.56,0.19,0.61
20592,2223,2435,1.006,32.27,0.14,,,,,,,,,,32.27,0.14,0.55
20603,6136,6339,1.017,35.03,0.23,,,,,,,,,,35.03,0.23,0.50
20608,2554,2743,1.007,33.96,0.27,,,,,,,,,,33.96,0.27,0.65
20627,7210,7354,1.019,35.07,0.27,,,,,,,,,,35.07,0.27,0.54
20631,5044,5230,1.014,34.18,0.20,,,,,,,,,,34.18,0.20,0.53
20637,1742,2197,1.006,31.81,0.49,,,,,,,,,,31.81,0.49,0.66
20670,3123,3577,1.009,33.03,0.21,,,,,,,,,,33.03,0.21,0.60
20685,4742,4902,1.013,34.43,0.20,34.42,0.19,0.35,34.42,0.20,0.39,34.43,0.20,0.40,,,
20699,8212,8466,1.022,34.92,0.19,,,,,,,,,,34.92,0.19,0.48
20734,3372,3316,1.009,32.15,0.62,,,,,,,,,,32.15,0.62,0.66
20744,2343,2548,1.007,33.06,0.40,,,,,,,,,,33.06,0.40,0.64
20755,7562,8026,1.021,34.19,0.27,,,,,,,,,,34.19,0.27,0.50
20766,1068,1470,1.004,31.58,0.28,,,,,,,,,,31.58,0.28,0.52
20827,1423,1817,1.005,31.19,0.33,,,,,,,,,,31.19,0.33,0.60
20830,5056,5308,1.014,34.43,0.16,,,,,,,,,,34.43,0.16,0.51
20835,2443,2706,1.007,32.86,0.14,,,,,,,,,,32.86,0.14,0.56
20838,2209,2439,1.006,32.94,0.20,,,,,,,,,,32.94,0.20,0.48
20844,3049,2889,1.008,32.96,0.24,,,,,,,,,,32.96,0.24,0.52
20865,2916,3345,1.009,32.90,0.29,,,,,,,,,,32.90,0.29,0.57
20867,2043,2508,1.007,32.00,0.94,,,,,,,,,,32.00,0.94,0.66
20889,4787,4940,1.013,34.23,0.32,34.22,0.31,0.44,34.23,0.32,0.44,34.22,0.32,0.43,,,
20903,1974,2438,1.006,32.36,0.23,,,,,,,,,,32.36,0.23,0.49
20924,8079,8233,1.022,35.65,0.27,35.64,0.26,0.35,35.66,0.27,0.39,35.65,0.27,0.40,,,
20933,3633,3582,1.009,32.41,0.33,,,,,,,,,,32.41,0.33,0.54
20956,1643,2111,1.006,32.03,0.23,,,,,,,,,,32.03,0.23,0.59
20989,5204,5453,1.014,33.91,0.32,,,,,,,,,,33.91,0.32,0.65
20992,4810,4968,1.013,33.98,0.50,33.99,0.48,0.56,33.99,0.50,0.59,33.96,0.50,0.59,,,
21013,7787,7735,1.020,35.70,0.31,,,,,,,,,,35.70,0.31,0.51
21020,3095,3136,1.008,32.74,0.29,,,,,,,,,,32.74,0.29,0.61
21021,5346,5242,1.014,34.04,0.46,34.04,0.44,0.53,34.05,0.46,0.54,34.04,0.47,0.54,34.10,0.52,0.62
21033,2414,2191,1.006,32.06,0.18,,,,,,,,,,32.06,0.18,0.48
21040,6128,6160,1.016,34.66,0.29,,,,,,,,,,34.66,0.29,0.56
21086,6957,7131,1.019,34.88,0.16,34.88,0.15,0.39,34.88,0.16,0.39,34.88,0.16,0.40,,,
21087,5264,5486,1.015,34.81,0.21,34.80,0.20,0.45,34.81,0.21,0.45,34.82,0.21,0.44,,,
21109,3937,4089,1.011,34.29,0.36,34.25,0.34,0.35,34.30,0.36,0.39,34.31,0.36,0.40,,,
21120,828,1026,1.003,31.98,0.21,31.98,0.21,0.54,31.98,0.21,0.55,31.97,0.21,0.55,31.93,0.22,0.63
21136,4788,4942,1.013,33.28,0.18,33.27,0.18,0.52,33.27,0.18,0.52,33.29,0.19,0.52,,,
21154,4880,5032,1.013,34.18,0.27,34.17,0.26,0.40,34.18,0.27,0.41,34.18,0.28,0.40,,,
21161,1812,2288,1.006,31.77,0.18,,,,,,,,,,31.77,0.18,0.56
21162,3131,3156,1.008,33.77,0.29,,,,,,,,,,33.77,0.29,0.64
21164,2245,2025,1.005,32.57,0.27,,,,,,,,,,32.57,0.27,0.56
21167,2957,3393,1.009,32.62,0.30,,,,,,,,,,32.62,0.30,0.60
21168,4748,4883,1.013,33.10,0.54,33.10,0.52,0.56,33.11,0.54,0.60,33.08,0.55,0.59,,,
21189,2799,2636,1.007,33.17,0.29,,,,,,,,,,33.17,0.29,0.64
21197,7989,8295,1.022,35.10,0.20,,,,,,,,,,35.10,0.20,0.48
21275,4574,4759,1.013,33.76,0.15,33.77,0.15,0.56,33.76,0.15,0.58,33.76,0.15,0.57,,,
21288,6765,6661,1.018,35.21,0.41,35.19,0.40,0.35,35.23,0.41,0.39,35.21,0.42,0.40,,,
21322,4970,4891,1.013,33.65,0.53,,,,,,,,,,33.65,0.53,0.60
21328,4654,4834,1.013,33.97,0.23,33.95,0.22,0.35,33.98,0.23,0.39,33.99,0.23,0.40,,,
21338,2573,3051,1.008,32.82,0.21,,,,,,,,,,32.82,0.21,0.54
21358,4966,5289,1.014,33.57,0.43,,,,,,,,,,33.57,0.43,0.60
21375,674,1153,1.003,30.18,0.29,,,,,,,,,,30.18,0.29,0.59
21380,8892,8878,1.023,35.28,0.15,,,,,,,,,,35.28,0.15,0.48
21383,2623,2992,1.008,33.62,0.12,,,,,,,,,,33.62,0.12,0.59
21388,9090,9074,1.024,35.08,0.34,,,,,,,,,,35.08,0.34,0.52
21396,282,179,1.000,28.26,0.25,28.26,0.24,0.47,28.25,0.25,0.47,28.28,0.25,0.46,28.23,0.26,0.58
21397,5013,4919,1.013,34.40,0.27,,,,,,,,,,34.40,0.27,0.57
21398,1132,963,1.003,31.84,0.22,,,,,,,,,,31.84,0.22,0.66
21425,3995,4145,1.011,33.36,0.17,33.36,0.17,0.37,33.36,0.17,0.39,33.36,0.17,0.40,,,
21431,5933,6030,1.016,34.69,0.27,34.67,0.26,0.35,34.69,0.27,0.39,34.70,0.27,0.40,,,
21437,7931,8149,1.021,35.35,0.19,35.33,0.18,0.35,35.34,0.19,0.39,35.36,0.19,0.40,,,
21443,9719,9779,1.026,35.42,0.26,35.42,0.25,0.35,35.43,0.26,0.39,35.41,0.27,0.40,,,
21451,2661,2515,1.007,33.46,0.36,,,,,,,,,,33.46,0.36,0.66
21453,2525,2988,1.008,32.39,0.15,,,,,,,,,,32.39,0.15,0.52
21475,3907,4041,1.011,33.85,0.24,33.84,0.23,0.44,33.86,0.24,0.44,33.86,0.24,0.43,,,
21488,1923,2398,1.006,32.91,0.19,,,,,,,,,,32.91,0.19,0.48
21492,9085,9429,1.025,36.02,0.13,,,,,,,,,,36.02,0.13,0.48
21496,3646,3599,1.010,33.77,0.19,,,,,,,,,,33.77,0.19,0.58
21503,4973,5319,1.014,34.55,0.11,,,,,,,,,,34.55,0.11,0.53
21515,7297,7538,1.020,35.08,0.16,35.08,0.16,0.54,35.07,0.16,0.55,35.09,0.16,0.55,,,
21523,8309,8490,1.022,35.83,0.14,35.84,0.14,0.35,35.83,0.14,0.39,35.82,0.14,0.40,,,
21529,4056,4238,1.011,33.85,0.16,33.85,0.15,0.56,33.84,0.16,0.59,33.84,0.16,0.59,,,
21535,1282,1687,1.004,32.57,0.39,32.58,0.38,0.56,32.57,0.39,0.58,32.56,0.40,0.58,,,
21539,4790,5281,1.014,34.40,0.22,,,,,,,,,,34.40,0.22,0.55
21558,3373,3498,1.009,32.79,0.14,32.77,0.14,0.35,32.79,0.14,0.39,32.80,0.14,0.40,33.28,0.13,0.48
21569,2437,2930,1.008,32.85,0.28,,,,,,,,,,32.85,0.28,0.57
21615,8657,8994,1.024,34.88,0.22,34.88,0.21,0.40,34.89,0.22,0.41,34.88,0.22,0.40,,,
21619,3023,3065,1.008,32.52,0.26,32.53,0.25,0.56,32.52,0.26,0.60,32.52,0.26,0.59,,,
21623,8676,9013,1.024,35.37,0.24,35.37,0.23,0.49,35.37,0.24,0.49,35.36,0.25,0.49,,,
21657,3712,3903,1.010,33.54,0.24,33.53,0.23,0.56,33.53,0.24,0.60,33.56,0.24,0.59,,,
21660,2558,3023,1.008,33.06,0.25,,,,,,,,,,33.06,0.25,0.54
21673,4720,4931,1.013,33.55,0.18,33.55,0.17,0.35,33.55,0.18,0.39,33.54,0.18,0.40,33.36,0.18,0.48
21676,4180,4371,1.012,33.18,0.19,33.18,0.18,0.35,33.18,0.19,0.39,33.16,0.19,0.40,,,
21684,4221,4109,1.011,34.01,0.19,33.98,0.19,0.35,34.01,0.19,0.39,34.03,0.19,0.40,33.99,0.20,0.49
21690,2611,3071,1.008,33.17,0.15,,,,,,,,,,33.17,0.15,0.53
21697,5293,5253,1.014,34.63,0.43,,,,,,,,,,34.63,0.43,0.66
21706,4556,4944,1.013,34.73,0.31,,,,,,,,,,34.73,0.31,0.51
21708,9444,9516,1.025,35.51,0.19,35.51,0.19,0.35,35.51,0.19,0.39,35.51,0.19,0.40,,,
21710,4918,5280,1.014,34.45,0.11,,,,,,,,,,34.45,0.11,0.48
21712,4052,3918,1.010,33.66,0.22,,,,,,,,,,33.66,0.22,0.51
21713,4751,5093,1.013,34.38,0.40,34.37,0.38,0.41,34.39,0.40,0.41,34.38,0.41,0.40,,,
21718,4886,5248,1.014,34.93,0.23,,,,,,,,,,34.93,0.23,0.48
21722,4706,4924,1.013,34.03,0.21,34.05,0.21,0.56,34.03,0.21,0.59,34.01,0.22,0.58,,,
21724,4234,4136,1.011,33.56,0.35,33.56,0.34,0.53,33.56,0.35,0.54,33.55,0.36,0.53,,,
21730,2612,2992,1.008,32.76,0.13,,,,,,,,,,32.76,0.13,0.62
21753,12956,13209,1.035,35.92,0.15,35.90,0.14,0.41,35.92,0.15,0.41,35.93,0.15,0.40,,,
21758,6753,6714,1.018,35.29,0.22,,,,,,,,,,35.29,0.22,0.48
21759,3058,3537,1.009,33.33,0.16,,,,,,,,,,33.33,0.16,0.49
21777,6062,6089,1.016,34.68,0.26,34.68,0.25,0.46,34.68,0.26,0.46,34.68,0.26,0.45,34.48,0.28,0.57
21779,4922,5291,1.014,34.05,0.20,34.05,0.20,0.35,34.05,0.20,0.39,34.04,0.21,0.40,,,
21782,5870,5890,1.016,34.42,0.23,34.41,0.23,0.41,34.43,0.23,0.42,34.43,0.24,0.41,,,
21795,4455,4660,1.012,33.72,0.22,33.73,0.22,0.48,33.72,0.22,0.48,33.71,0.23,0.47,,,
21807,4735,4968,1.013,34.37,1.15,34.38,1.10,0.35,34.38,1.15,0.39,34.36,1.17,0.40,,,
21810,8882,8827,1.023,34.94,0.18,,,,,,,,,,34.94,0.18,0.48
21821,5846,5779,1.015,34.41,0.52,,,,,,,,,,34.41,0.52,0.60
21822,2991,3473,1.009,33.26,0.13,,,,,,,,,,33.26,0.13,0.48
21831,4683,4905,1.013,33.63,0.15,33.63,0.15,0.56,33.62,0.15,0.59,33.63,0.15,0.59,,,
21844,673,1155,1.003,31.59,0.27,,,,,,,,,,31.59,0.27,0.66
21847,4405,4580,1.012,33.48,0.17,33.47,0.16,0.37,33.49,0.17,0.39,33.49,0.17,0.40,33.50,0.16,0.52
21852,4363,4256,1.011,33.97,0.16,34.00,0.15,0.48,33.97,0.16,0.48,33.94,0.16,0.47,,,
21854,1850,1784,1.005,32.50,0.34,,,,,,,,,,32.50,0.34,0.64
21857,8095,8304,1.022,35.22,0.12,35.22,0.12,0.36,35.22,0.12,0.39,35.23,0.12,0.40,,,
21860,5767,5768,1.015,33.94,0.19,,,,,,,,,,33.94,0.19,0.48
21863,2384,2882,1.008,31.02,0.30,,,,,,,,,,31.02,0.30,0.60
21868,11758,12065,1.032,36.13,0.34,36.11,0.33,0.35,36.14,0.34,0.39,36.14,0.34,0.40,,,
21891,3942,4147,1.011,33.97,0.18,33.99,0.18,0.56,33.97,0.18,0.58,33.96,0.18,0.58,,,
21900,7020,7257,1.019,34.92,0.14,34.92,0.14,0.35,34.92,0.14,0.39,34.91,0.14,0.40,,,
21909,3675,3888,1.010,33.63,0.13,33.64,0.13,0.45,33.64,0.13,0.46,33.62,0.13,0.45,,,
21910,8296,8526,1.022,35.65,0.19,35.65,0.19,0.35,35.65,0.19,0.39,35.65,0.20,0.40,,,
21918,4786,4967,1.013,34.24,0.18,34.22,0.17,0.35,34.25,0.18,0.39,34.26,0.18,0.40,34.20,0.18,0.48
21919,4539,4837,1.013,34.14,0.28,34.13,0.27,0.53,34.14,0.28,0.53,34.14,0.28,0.52,,,
21951,4921,5321,1.014,34.27,0.24,,,,,,,,,,34.27,0.24,0.48
21970,3499,3504,1.009,33.81,0.16,,,,,,,,,,33.81,0.16,0.48
21976,2054,2316,1.006,32.76,0.14,32.77,0.14,0.53,32.76,0.14,0.54,32.76,0.14,0.53,32.71,0.13,0.62
22002,4562,4895,1.013,34.01,0.14,34.01,0.13,0.35,34.01,0.14,0.39,34.01,0.14,0.40,,,
22032,7867,8104,1.021,35.65,0.12,35.65,0.12,0.35,35.64,0.12,0.39,35.65,0.12,0.40,,,
22042,4278,4492,1.012,33.67,0.23,33.68,0.22,0.56,33.66,0.23,0.60,33.67,0.24,0.59,,,
22044,3511,3350,1.009,33.97,0.44,,,,,,,,,,33.97,0.44,0.66
22053,6706,6640,1.018,34.80,0.33,,,,,,,,,,34.80,0.33,0.56
22072,7591,7591,1.020,34.94,0.16,,,,,,,,,,34.94,0.16,0.48
22127,4019,3852,1.010,33.74,0.17,,,,,,,,,,33.74,0.17,0.48
22139,6719,6953,1.018,34.31,0.17,34.31,0.17,0.56,34.31,0.17,0.59,34.31,0.17,0.58,,,
22151,4961,5183,1.014,34.16,0.17,34.16,0.17,0.55,34.16,0.17,0.55,34.17,0.17,0.55,,,
22167,3641,3490,1.009,34.18,0.38,,,,,,,,,,34.18,0.38,0.61
22174,1483,1865,1.005,32.21,0.20,,,,,,,,,,32.21,0.20,0.56
22188,4574,4821,1.013,33.57,0.13,33.57,0.13,0.37,33.58,0.13,0.39,33.58,0.13,0.40,33.61,0.11,0.52
22195,2279,2782,1.007,33.14,0.21,,,,,,,,,,33.14,0.21,0.48
22218,10634,10973,1.029,35.05,0.39,35.05,0.38,0.53,35.05,0.39,0.53,35.04,0.40,0.53,,,
22222,7944,8186,1.022,35.18,0.20,35.19,0.19,0.52,35.18,0.20,0.52,35.17,0.20,0.52,,,
22225,4953,5173,1.014,34.43,0.15,34.44,0.14,0.49,34.43,0.15,0.49,34.42,0.15,0.49,,,
22263,6450,6686,1.018,35.45,0.21,35.46,0.20,0.35,35.45,0.21,0.39,35.44,0.21,0.40,,,
22271,4229,4131,1.011,33.87,0.21,33.86,0.21,0.38,33.87,0.21,0.39,33.88,0.22,0.40,,,
22272,1291,1799,1.005,32.50,0.16,,,,,,,,,,32.50,0.16,0.58
22297,5244,5455,1.014,34.51,0.15,34.50,0.14,0.56,34.50,0.15,0.58,34.53,0.15,0.57,,,
22301,5063,4967,1.013,34.94,0.29,34.93,0.28,0.35,34.95,0.29,0.39,34.95,0.30,0.40,34.89,0.32,0.48
22306,3262,3760,1.010,33.25,0.15,,,,,,,,,,33.25,0.15,0.53
22310,5851,5820,1.015,34.77,0.21,,,,,,,,,,34.77,0.21,0.48
22317,4588,4851,1.013,34.60,0.21,34.59,0.20,0.35,34.60,0.21,0.39,34.60,0.21,0.40,,,
22319,2031,2516,1.007,32.24,0.37,,,,,,,,,,32.24,0.37,0.65
22326,4524,4776,1.013,34.43,0.15,34.42,0.15,0.53,34.42,0.15,0.53,34.43,0.15,0.53,,,
22327,3587,3578,1.009,33.10,0.42,,,,,,,,,,33.10,0.42,0.57
22338,811,1309,1.003,30.33,0.20,,,,,,,,,,30.33,0.20,0.56
22366,9629,10016,1.026,34.44,0.36,34.44,0.34,0.44,34.45,0.36,0.44,34.44,0.36,0.43,,,
22369,1205,1184,1.003,32.05,0.24,,,,,,,,,,32.05,0.24,0.66
22374,4737,5009,1.013,34.04,0.15,34.04,0.15,0.39,34.04,0.15,0.39,34.04,0.15,0.40,,,
22381,5200,5401,1.014,34.32,0.15,34.31,0.15,0.35,34.32,0.15,0.39,34.32,0.15,0.40,34.13,0.14,0.48
22383,5770,6040,1.016,34.61,0.13,34.61,0.13,0.40,34.61,0.13,0.41,34.61,0.13,0.40,,,
22389,4611,4928,1.013,33.75,0.14,33.76,0.13,0.52,33.75,0.14,0.52,33.74,0.14,0.52,,,
22392,9664,10052,1.026,36.05,0.12,36.05,0.12,0.35,36.05,0.12,0.39,36.05,0.12,0.40,,,
22394,7892,8143,1.021,35.32,0.21,35.32,0.21,0.35,35.32,0.21,0.39,35.32,0.21,0.40,,,
22400,3402,3839,1.010,33.94,0.31,33.95,0.30,0.55,33.93,0.31,0.55,33.92,0.32,0.55,,,
22401,7349,7603,1.020,35.10,0.21,35.08,0.21,0.35,35.10,0.21,0.39,35.10,0.22,0.40,,,
22413,6840,7085,1.019,34.70,0.14,34.71,0.14,0.43,34.70,0.14,0.43,34.69,0.14,0.42,,,
22419,8068,8322,1.022,35.55,0.16,35.55,0.16,0.35,35.55,0.16,0.39,35.55,0.16,0.40,,,
22433,4500,4853,1.013,33.91,0.17,33.91,0.17,0.48,33.91,0.17,0.48,33.91,0.17,0.47,,,
22438,6091,6052,1.016,34.16,0.27,,,,,,,,,,34.16,0.27,0.49
22443,8320,8574,1.023,35.34,0.18,35.35,0.18,0.35,35.34,0.18,0.39,35.34,0.18,0.40,,,
22448,3925,4312,1.011,34.35,0.18,34.36,0.17,0.51,34.35,0.18,0.51,34.35,0.18,0.50,,,
22471,2341,2134,1.006,33.07,0.37,,,,,,,,,,33.07,0.37,0.66
22473,5847,5931,1.016,34.53,0.38,34.53,0.37,0.51,34.53,0.38,0.51,34.52,0.39,0.51,,,
22506,4755,5132,1.014,33.76,0.12,33.76,0.12,0.35,33.76,0.12,0.39,33.77,0.12,0.40,34.27,0.10,0.48
22509,12848,13121,1.034,36.90,0.14,36.94,0.14,0.35,36.88,0.14,0.39,36.87,0.14,0.40,,,
22511,4732,5103,1.014,34.48,0.26,34.47,0.25,0.40,34.48,0.26,0.41,34.48,0.26,0.40,,,
22527,5721,5544,1.015,34.32,0.34,,,,,,,,,,34.32,0.34,0.60
22542,9848,10239,1.027,35.67,0.13,35.68,0.13,0.35,35.67,0.13,0.39,35.65,0.13,0.40,,,
22561,1712,1665,1.004,32.47,0.25,,,,,,,,,,32.47,0.25,0.62
22565,5175,5427,1.014,33.95,0.17,33.94,0.17,0.35,33.95,0.17,0.39,33.95,0.17,0.40,,,
22575,3104,3244,1.009,33.24,0.27,33.24,0.26,0.56,33.24,0.27,0.58,33.24,0.27,0.57,,,
22596,4642,4926,1.013,33.80,0.29,33.79,0.28,0.35,33.80,0.29,0.39,33.79,0.30,0.40,,,
22606,10173,10592,1.028,36.44,0.57,36.45,0.54,0.35,36.46,0.57,0.39,36.42,0.58,0.40,,,
22611,4446,4824,1.013,33.99,0.20,33.97,0.19,0.35,33.99,0.20,0.39,34.01,0.20,0.40,34.40,0.21,0.48
22618,4609,4726,1.013,34.14,0.30,34.13,0.29,0.54,34.14,0.30,0.55,34.14,0.30,0.55,,,
22622,10107,10485,1.028,35.31,0.37,35.32,0.36,0.48,35.31,0.37,0.48,35.28,0.38,0.47,,,
22630,4480,4855,1.013,33.41,0.42,33.42,0.40,0.56,33.42,0.42,0.60,33.39,0.43,0.59,,,
22640,2089,1841,1.005,32.38,0.33,32.39,0.32,0.55,32.39,0.33,0.57,32.38,0.34,0.56,32.21,0.37,0.64
22646,10108,10488,1.028,35.93,0.35,35.93,0.34,0.35,35.94,0.35,0.39,35.93,0.36,0.40,,,
22655,4576,4964,1.013,33.98,0.17,33.99,0.17,0.56,33.98,0.17,0.57,33.97,0.17,0.57,,,
22677,4894,5169,1.014,33.95,0.25,33.96,0.24,0.56,33.95,0.25,0.59,33.95,0.25,0.59,,,
22689,8874,8873,1.023,35.32,0.23,35.33,0.22,0.35,35.31,0.23,0.39,35.31,0.23,0.40,35.44,0.24,0.48
22693,4953,5226,1.014,34.16,0.14,34.16,0.13,0.45,34.16,0.14,0.45,34.16,0.14,0.44,,,
22695,5033,4938,1.013,34.66,0.28,34.65,0.27,0.35,34.67,0.28,0.39,34.67,0.28,0.40,34.71,0.30,0.48
22698,6898,6983,1.018,34.98,0.21,34.97,0.20,0.35,34.99,0.21,0.39,34.99,0.21,0.40,35.16,0.22,0.49
22706,8530,8677,1.023,35.14,0.23,35.14,0.22,0.35,35.14,0.23,0.39,35.13,0.23,0.40,,,
22721,1348,1836,1.005,30.88,0.32,,,,,,,,,,30.88,0.32,0.58
22722,10127,10504,1.028,35.28,0.20,35.27,0.19,0.35,35.28,0.20,0.39,35.29,0.20,0.40,,,
22733,10843,11208,1.029,35.93,0.25,35.93,0.24,0.35,35.93,0.25,0.39,35.93,0.25,0.40,,,
22745,5375,5223,1.014,34.88,0.34,,,,,,,,,,34.88,0.34,0.60
22751,1235,985,1.003,31.93,0.50,31.92,0.48,0.56,31.94,0.50,0.60,31.93,0.51,0.59,,,
22752,6824,6875,1.018,34.95,0.28,34.95,0.27,0.41,34.96,0.28,0.41,34.95,0.29,0.40,35.00,0.31,0.54
22758,5088,4992,1.013,34.30,0.19,34.29,0.18,0.37,34.31,0.19,0.39,34.31,0.19,0.40,,,
22760,742,1268,1.003,29.23,0.21,,,,,,,,,,29.23,0.21,0.66
22763,3796,3644,1.010,33.73,0.26,,,,,,,,,,33.73,0.26,0.56
22778,4451,4847,1.013,34.35,0.19,34.34,0.19,0.35,34.35,0.19,0.39,34.35,0.19,0.40,,,
22796,8741,9132,1.024,35.62,0.18,35.62,0.18,0.35,35.61,0.18,0.39,35.62,0.18,0.40,,,
22802,7929,8077,1.021,35.27,0.26,35.25,0.25,0.35,35.27,0.26,0.39,35.29,0.26,0.40,,,
22803,5046,5377,1.014,33.17,0.15,33.19,0.15,0.56,33.17,0.15,0.58,33.16,0.16,0.58,,,
22807,4322,4726,1.013,34.16,0.17,34.16,0.16,0.48,34.15,0.17,0.48,34.15,0.17,0.47,,,
22815,2529,2366,1.006,32.96,0.38,,,,,,,,,,32.96,0.38,0.66
22830,4145,4415,1.012,34.36,0.21,34.37,0.20,0.56,34.36,0.21,0.57,34.35,0.21,0.57,,,
22835,8436,8789,1.023,35.36,0.16,35.35,0.16,0.35,35.36,0.16,0.39,35.37,0.17,0.40,,,
22873,2731,3072,1.008,33.83,0.15,33.84,0.15,0.56,33.83,0.15,0.59,33.82,0.15,0.58,,,
22880,4738,5078,1.013,34.14,0.13,34.14,0.13,0.44,34.14,0.13,0.44,34.14,0.14,0.43,,,
22890,1343,1334,1.004,31.70,0.31,31.72,0.30,0.56,31.71,0.31,0.58,31.68,0.32,0.58,,,
22892,5920,6432,1.017,35.01,0.20,,,,,,,,,,35.01,0.20,0.48
22896,6910,7028,1.019,35.10,0.21,35.10,0.20,0.36,35.10,0.21,0.39,35.10,0.21,0.40,,,
22909,6144,6297,1.017,34.85,0.20,34.84,0.20,0.42,34.85,0.20,0.43,34.87,0.21,0.42,,,
22918,4098,4379,1.012,33.54,0.21,33.55,0.20,0.49,33.54,0.21,0.50,33.52,0.21,0.49,,,
22921,4094,4375,1.012,33.47,0.14,33.47,0.13,0.53,33.47,0.14,0.53,33.47,0.14,0.53,33.40,0.12,0.62
22941,3174,3267,1.009,33.60,0.22,33.61,0.21,0.56,33.60,0.22,0.58,33.60,0.22,0.57,,,
22965,5721,6118,1.016,34.58,0.18,34.57,0.17,0.50,34.58,0.18,0.50,34.59,0.18,0.49,34.64,0.18,0.60
22969,1739,1561,1.004,31.52,0.34,,,,,,,,,,31.52,0.34,0.65
22980,4370,4886,1.013,34.16,0.18,,,,,,,,,,34.16,0.18,0.48
22994,9776,10159,1.027,35.93,0.20,35.93,0.19,0.35,35.93,0.20,0.39,35.93,0.20,0.40,,,
22998,4380,4900,1.013,34.98,0.30,,,,,,,,,,34.98,0.30,0.60
23002,4063,4587,1.012,34.26,0.19,,,,,,,,,,34.26,0.19,0.51
23014,4237,4538,1.012,34.14,0.32,34.13,0.31,0.56,34.14,0.32,0.60,34.15,0.33,0.59,,,
23017,6236,6509,1.017,34.39,0.21,34.38,0.20,0.35,34.39,0.21,0.39,34.40,0.21,0.40,,,
23018,8667,9062,1.024,34.71,0.25,34.71,0.24,0.35,34.71,0.25,0.39,34.70,0.25,0.40,,,
23021,4992,5515,1.015,34.23,0.22,,,,,,,,,,34.23,0.22,0.51
23025,4020,3869,1.010,33.85,0.22,,,,,,,,,,33.85,0.22,0.48
23026,2685,2705,1.007,32.72,0.39,32.73,0.37,0.56,32.73,0.39,0.58,32.71,0.39,0.58,,,
23028,2469,2659,1.007,32.78,0.21,32.77,0.21,0.35,32.79,0.21,0.39,32.79,0.22,0.40,32.68,0.22,0.51
23033,6068,6356,1.017,35.69,0.13,35.71,0.12,0.41,35.70,0.13,0.41,35.68,0.13,0.40,,,
23046,4050,4278,1.011,34.29,0.15,34.30,0.15,0.55,34.28,0.15,0.57,34.28,0.15,0.56,,,
23058,6620,6928,1.018,35.69,0.34,35.69,0.33,0.44,35.69,0.34,0.44,35.68,0.35,0.43,,,
23069,5543,5585,1.015,34.19,0.14,34.18,0.14,0.35,34.19,0.14,0.39,34.19,0.14,0.40,34.39,0.13,0.48
23071,602,708,1.002,30.38,0.20,30.37,0.19,0.56,30.38,0.20,0.60,30.40,0.20,0.59,30.51,0.20,0.66
23086,3296,3610,1.010,33.77,0.26,33.75,0.25,0.35,33.77,0.26,0.39,33.77,0.26,0.40,33.95,0.28,0.48
23090,1368,1888,1.005,32.30,0.29,,,,,,,,,,32.30,0.29,0.66
23103,3611,3634,1.010,33.83,0.23,33.82,0.22,0.36,33.83,0.23,0.39,33.83,0.23,0.40,,,
23109,1367,1904,1.005,31.64,0.28,,,,,,,,,,31.64,0.28,0.64
23110,621,697,1.002,30.65,0.28,30.64,0.27,0.55,30.66,0.28,0.56,30.67,0.28,0.56,30.37,0.30,0.64
23118,6216,6495,1.017,35.00,0.15,35.00,0.15,0.56,35.00,0.15,0.58,35.00,0.15,0.57,,,
23125,4891,5419,1.014,34.50,0.25,,,,,,,,,,34.50,0.25,0.52
23128,3668,3517,1.009,33.62,0.30,,,,,,,,,,33.62,0.30,0.48
23146,4178,4492,1.012,34.07,0.27,34.08,0.26,0.49,34.08,0.27,0.49,34.07,0.27,0.49,34.14,0.29,0.59
23147,8863,9269,1.024,35.54,0.14,35.51,0.14,0.42,35.54,0.14,0.43,35.57,0.15,0.42,,,
23169,4207,4510,1.012,33.72,0.18,33.70,0.17,0.35,33.72,0.18,0.39,33.73,0.18,0.40,33.70,0.18,0.48
23173,5916,6175,1.016,34.59,0.18,34.57,0.18,0.35,34.59,0.18,0.39,34.60,0.18,0.40,,,
23197,1205,1743,1.005,31.15,0.62,,,,,,,,,,31.15,0.62,0.66
23209,11919,12188,1.032,36.47,0.19,36.48,0.19,0.35,36.46,0.19,0.39,36.47,0.20,0.40,,,
23214,2021,2317,1.006,32.53,0.18,32.54,0.17,0.56,32.52,0.18,0.59,32.52,0.18,0.59,32.33,0.18,0.66
23215,4237,4561,1.012,34.31,0.45,34.32,0.44,0.54,34.32,0.45,0.54,34.29,0.46,0.54,34.29,0.51,0.62
23222,1275,1813,1.005,30.99,0.22,,,,,,,,,,30.99,0.22,0.48
23227,9556,9934,1.026,35.87,0.12,35.87,0.12,0.35,35.86,0.12,0.39,35.86,0.12,0.40,,,
23231,2067,2387,1.006,33.56,0.51,33.56,0.49,0.56,33.56,0.51,0.60,33.55,0.52,0.59,,,
23246,1369,1909,1.005,30.83,0.39,,,,,,,,,,30.83,0.39,0.62
23262,2015,2326,1.006,32.39,0.27,32.40,0.26,0.56,32.39,0.27,0.60,32.39,0.27,0.59,,,
23266,2003,2296,1.006,32.53,0.14,32.53,0.14,0.55,32.52,0.14,0.57,32.54,0.14,0.56,32.91,0.13,0.64
23268,3168,3259,1.009,33.58,0.20,33.58,0.19,0.55,33.58,0.20,0.55,33.58,0.20,0.55,,,
23285,9464,9853,1.026,35.38,0.12,35.38,0.12,0.35,35.38,0.12,0.39,35.39,0.12,0.40,,,
23289,4726,5050,1.013,33.86,0.24,33.86,0.23,0.41,33.86,0.24,0.42,33.85,0.25,0.41,33.71,0.26,0.55
23303,1357,1895,1.005,29.48,0.31,,,,,,,,,,29.48,0.31,0.61
23308,4370,4691,1.012,33.87,0.37,33.88,0.36,0.55,33.88,0.37,0.56,33.86,0.38,0.56,33.78,0.41,0.64
23319,4012,4334,1.011,33.33,0.27,33.32,0.26,0.48,33.33,0.27,0.48,33.33,0.27,0.47,33.32,0.29,0.58
23328,5749,6038,1.016,34.80,0.25,34.81,0.24,0.56,34.80,0.25,0.59,34.79,0.25,0.59,,,
23337,4906,5234,1.014,34.50,0.36,34.48,0.35,0.35,34.51,0.36,0.39,34.51,0.37,0.40,34.75,0.40,0.48
23338,4938,5264,1.014,34.73,0.48,34.73,0.46,0.53,34.74,0.48,0.53,34.72,0.49,0.53,34.84,0.54,0.62
23340,587,659,1.002,30.33,0.29,30.32,0.28,0.56,30.33,0.29,0.60,30.34,0.29,0.59,30.07,0.31,0.66
23341,5237,5445,1.014,34.29,0.28,34.28,0.27,0.47,34.30,0.28,0.48,34.30,0.28,0.47,,,
23342,4579,4882,1.013,32.96,0.76,32.97,0.73,0.56,32.98,0.76,0.60,32.91,0.77,0.59,33.33,0.86,0.66
23347,4767,5090,1.013,34.13,0.47,34.14,0.45,0.55,34.14,0.47,0.57,34.11,0.48,0.56,33.85,0.52,0.64
23351,3950,4384,1.012,33.72,0.20,33.72,0.19,0.35,33.72,0.20,0.39,33.72,0.20,0.40,,,
23355,5395,5719,1.015,34.55,0.18,34.54,0.17,0.35,34.55,0.18,0.39,34.57,0.18,0.40,34.46,0.18,0.48
23362,3497,3813,1.010,32.60,0.17,32.53,0.17,0.35,32.66,0.18,0.39,,,,33.38,0.18,0.48
23374,4146,4470,1.012,34.85,0.29,34.84,0.28,0.53,34.85,0.29,0.53,34.86,0.30,0.53,34.90,0.32,0.62
23380,4539,4891,1.013,34.67,0.32,34.67,0.31,0.55,34.68,0.32,0.55,34.67,0.33,0.55,,,
23385,4614,4899,1.013,34.31,0.23,34.31,0.22,0.54,34.30,0.23,0.55,34.30,0.23,0.54,,,
23405,4841,4738,1.013,34.04,0.15,,,,,,,,,,34.04,0.15,0.48
23410,4211,4678,1.012,34.35,0.20,34.34,0.19,0.35,34.35,0.20,0.39,34.36,0.20,0.40,,,
23418,2638,3138,1.008,33.62,0.27,,,,,,,,,,33.62,0.27,0.48
23420,4062,4375,1.012,34.09,0.38,34.08,0.37,0.46,34.10,0.38,0.47,34.10,0.39,0.46,34.14,0.42,0.58
23441,7882,8223,1.022,35.22,0.16,35.22,0.15,0.35,35.21,0.16,0.39,35.21,0.16,0.40,,,
23443,6471,6798,1.018,35.07,0.28,35.05,0.27,0.39,35.07,0.28,0.39,35.07,0.29,0.40,34.98,0.31,0.53
23447,2500,2945,1.008,33.46,0.14,33.45,0.14,0.44,33.46,0.14,0.45,33.46,0.14,0.44,33.55,0.13,0.56
23465,3661,3975,1.011,33.26,0.23,33.26,0.22,0.56,33.26,0.23,0.59,33.27,0.23,0.59,33.18,0.24,0.65
23483,1982,2321,1.006,32.79,0.34,32.78,0.33,0.56,32.79,0.34,0.58,32.80,0.35,0.57,32.96,0.38,0.64
23485,4309,4777,1.013,33.12,0.30,33.13,0.29,0.54,33.13,0.30,0.54,33.11,0.30,0.54,,,
23486,4367,4878,1.013,33.80,0.17,,,,,,,,,,33.80,0.17,0.48
23503,8789,9171,1.024,35.25,0.28,35.25,0.27,0.37,35.25,0.28,0.39,35.25,0.28,0.40,,,
23512,8279,8570,1.023,35.08,0.14,35.08,0.13,0.35,35.08,0.14,0.39,35.08,0.14,0.40,35.29,0.12,0.48
23513,5879,6154,1.016,34.36,0.22,34.36,0.21,0.50,34.36,0.22,0.50,34.35,0.22,0.50,,,
23519,4422,4890,1.013,33.86,0.18,33.86,0.17,0.37,33.87,0.18,0.39,33.86,0.18,0.40,,,
23522,1979,2295,1.006,33.03,0.29,33.02,0.28,0.35,33.04,0.29,0.39,33.03,0.30,0.40,33.03,0.32,0.51
23530,4205,4007,1.011,34.25,0.45,,,,,,,,,,34.25,0.45,0.64
23531,4589,4889,1.013,34.96,0.20,34.97,0.19,0.56,34.96,0.20,0.58,34.95,0.20,0.58,,,
23556,7789,8198,1.022,34.69,0.21,34.69,0.20,0.45,34.69,0.21,0.45,34.69,0.21,0.44,,,
23564,6305,6802,1.018,34.71,0.23,34.70,0.23,0.35,34.72,0.23,0.39,34.72,0.24,0.40,,,
23567,4553,4882,1.013,33.87,0.15,33.86,0.15,0.35,33.87,0.15,0.39,33.87,0.15,0.40,33.97,0.15,0.48
23574,4475,4998,1.013,33.76,0.35,,,,,,,,,,33.76,0.35,0.64
23589,5876,6210,1.016,35.28,0.28,35.29,0.27,0.40,35.29,0.28,0.40,35.28,0.28,0.40,35.26,0.30,0.54
23597,13388,13678,1.036,35.47,0.22,35.47,0.21,0.46,35.46,0.22,0.46,35.46,0.22,0.45,,,
23603,6547,7036,1.019,35.04,0.28,35.03,0.27,0.38,35.05,0.28,0.39,35.06,0.28,0.40,,,
23604,2445,2294,1.006,31.94,0.18,,,,,,,,,,31.94,0.18,0.62
23605,7465,7783,1.021,34.85,0.41,34.86,0.39,0.55,34.86,0.41,0.56,34.85,0.41,0.55,,,
23606,7562,7528,1.020,34.59,0.23,,,,,,,,,,34.59,0.23,0.52
23614,13112,13497,1.035,36.12,0.32,36.11,0.31,0.35,36.12,0.32,0.39,36.12,0.32,0.40,,,
23616,4801,5270,1.014,33.81,0.16,,,,,,,,,,33.81,0.16,0.48
23632,6515,6815,1.018,34.89,0.26,34.89,0.25,0.53,34.89,0.26,0.53,34.89,0.26,0.53,,,
23635,2390,2277,1.006,32.54,0.34,,,,,,,,,,32.54,0.34,0.66
23643,2139,2414,1.006,32.93,0.14,32.94,0.14,0.56,32.93,0.14,0.57,32.93,0.15,0.57,33.10,0.13,0.64
23646,2081,2358,1.006,32.67,0.24,32.68,0.24,0.54,32.68,0.24,0.54,32.66,0.25,0.54,32.73,0.26,0.62
23658,2556,3073,1.008,32.33,0.21,,,,,,,,,,32.33,0.21,0.63
23661,4302,4630,1.012,33.92,0.18,33.91,0.17,0.55,33.91,0.18,0.56,33.93,0.18,0.56,34.11,0.18,0.64
23662,4387,4716,1.012,33.88,0.29,33.87,0.28,0.53,33.88,0.29,0.53,33.88,0.30,0.53,33.89,0.32,0.62
23663,8334,8777,1.023,35.31,0.58,35.32,0.56,0.35,35.33,0.58,0.39,35.29,0.59,0.40,,,
23668,9387,9787,1.026,35.43,0.16,35.42,0.16,0.42,35.44,0.16,0.43,35.43,0.16,0.42,,,
23669,9224,9676,1.025,34.19,0.21,34.19,0.20,0.47,34.20,0.21,0.47,34.19,0.21,0.47,,,
23676,5317,5635,1.015,35.13,0.22,35.10,0.21,0.38,35.13,0.22,0.39,35.15,0.22,0.40,35.16,0.23,0.53
23678,7483,7821,1.021,35.64,0.20,35.63,0.20,0.35,35.64,0.20,0.39,35.65,0.21,0.40,,,
23689,8575,8932,1.024,35.65,0.13,35.66,0.13,0.35,35.65,0.13,0.39,35.64,0.13,0.40,,,
23705,5447,5767,1.015,34.05,0.19,34.04,0.18,0.35,34.05,0.19,0.39,34.06,0.19,0.40,34.03,0.19,0.48
23707,2176,2473,1.007,32.66,0.18,32.67,0.18,0.56,32.65,0.18,0.60,32.66,0.19,0.59,32.69,0.19,0.66
23709,5209,5526,1.015,34.97,0.24,34.97,0.23,0.43,34.97,0.24,0.43,34.96,0.25,0.42,35.00,0.26,0.55
23714,5825,6187,1.016,34.43,0.14,34.42,0.14,0.35,34.43,0.14,0.39,34.43,0.14,0.40,,,
23723,2552,3074,1.008,33.02,0.50,,,,,,,,,,33.02,0.50,0.57
23725,4244,4575,1.012,33.72,0.40,33.70,0.39,0.35,33.73,0.40,0.39,33.73,0.41,0.40,33.82,0.45,0.48
23729,3698,4002,1.011,33.80,0.16,33.80,0.15,0.56,33.79,0.16,0.59,33.80,0.16,0.59,,,
23734,8689,9134,1.024,34.31,0.46,34.32,0.44,0.56,34.32,0.46,0.58,34.28,0.47,0.57,,,
23741,3698,3735,1.010,33.23,0.36,33.23,0.35,0.56,33.23,0.36,0.59,33.23,0.37,0.59,,,
23748,4342,4683,1.012,33.96,0.18,33.96,0.18,0.56,33.96,0.18,0.57,33.98,0.18,0.57,33.91,0.19,0.64
23753,5848,6126,1.016,33.77,0.16,33.78,0.16,0.48,33.77,0.16,0.49,33.76,0.16,0.48,,,
23757,6364,6691,1.018,34.49,0.37,34.49,0.36,0.56,34.49,0.37,0.58,34.48,0.38,0.58,34.20,0.41,0.65
23812,7857,7885,1.021,35.73,0.19,35.71,0.18,0.35,35.73,0.19,0.39,35.75,0.19,0.40,,,
23816,3947,4405,1.012,33.84,0.20,33.85,0.20,0.52,33.83,0.20,0.52,33.83,0.20,0.51,,,
23830,9391,9771,1.026,36.31,0.23,36.29,0.23,0.35,36.32,0.23,0.39,36.32,0.24,0.40,36.24,0.25,0.48
23840,2474,2326,1.006,32.49,0.38,,,,,,,,,,32.49,0.38,0.66
23847,1306,1813,1.005,32.56,0.38,,,,,,,,,,32.56,0.38,0.66
23852,1972,2337,1.006,32.75,0.25,32.76,0.24,0.55,32.75,0.25,0.56,32.74,0.25,0.56,,,
23862,2072,2326,1.006,33.20,0.39,33.20,0.38,0.56,33.20,0.39,0.60,33.19,0.40,0.59,,,
23869,4549,4897,1.013,34.19,0.30,34.18,0.28,0.56,34.19,0.30,0.60,34.21,0.30,0.59,34.52,0.32,0.66
23878,5918,6259,1.017,34.74,0.20,34.74,0.19,0.39,34.75,0.20,0.40,34.75,0.20,0.40,34.60,0.21,0.53
23910,5824,6111,1.016,33.86,0.14,33.86,0.14,0.54,33.86,0.14,0.55,33.86,0.14,0.54,,,
23942,5665,6219,1.016,34.68,0.30,,,,,,,,,,34.68,0.30,0.60
23978,5200,5501,1.015,34.17,0.14,34.17,0.14,0.47,34.17,0.14,0.47,34.17,0.14,0.46,,,
23986,6677,7227,1.019,35.12,0.29,,,,,,,,,,35.12,0.29,0.48
23995,6689,7184,1.019,35.12,0.23,35.11,0.22,0.35,35.12,0.23,0.39,35.12,0.23,0.40,35.25,0.24,0.48
23997,1401,1954,1.005,31.68,0.14,,,,,,,,,,31.68,0.14,0.48
24012,2180,2467,1.007,33.50,0.22,33.51,0.21,0.55,33.50,0.22,0.57,33.49,0.22,0.56,,,
24024,4642,5142,1.014,34.39,0.19,34.39,0.19,0.35,34.39,0.19,0.39,34.38,0.19,0.40,,,
24034,4459,5010,1.013,34.86,0.36,,,,,,,,,,34.86,0.36,0.64
24039,1502,2054,1.005,32.49,0.36,,,,,,,,,,32.49,0.36,0.65
24053,2515,3075,1.008,33.16,0.39,,,,,,,,,,33.16,0.39,0.63
24063,1718,2279,1.006,31.90,0.24,,,,,,,,,,31.90,0.24,0.63
24089,1252,1813,1.005,31.47,0.37,,,,,,,,,,31.47,0.37,0.62
24104,2002,2282,1.006,33.45,0.47,33.46,0.45,0.56,33.46,0.47,0.60,33.45,0.48,0.59,,,
24111,2101,2384,1.006,31.50,0.22,31.51,0.22,0.52,31.51,0.22,0.52,31.49,0.22,0.51,31.23,0.23,0.61
24121,5170,5482,1.014,34.02,0.21,34.02,0.21,0.43,34.02,0.21,0.44,34.01,0.22,0.43,,,
24126,4945,5267,1.014,34.05,0.31,34.06,0.30,0.53,34.05,0.31,0.53,34.03,0.32,0.53,33.68,0.34,0.62
24152,3921,4392,1.012,33.40,0.13,33.39,0.13,0.35,33.40,0.13,0.39,33.40,0.14,0.40,33.56,0.12,0.48
24156,3843,4319,1.011,34.04,0.35,34.04,0.34,0.35,34.05,0.35,0.39,34.04,0.36,0.40,34.39,0.39,0.48
24160,3313,3396,1.009,33.94,0.16,33.95,0.15,0.37,33.95,0.16,0.39,33.94,0.16,0.40,,,
24169,6895,7207,1.019,35.12,0.20,35.11,0.19,0.47,35.12,0.20,0.47,35.13,0.20,0.46,,,
24189,5674,6205,1.016,34.39,0.22,,,,,,,,,,34.39,0.22,0.54
24193,13832,14241,1.037,36.03,0.30,36.02,0.29,0.49,36.03,0.30,0.49,36.03,0.30,0.49,,,
24204,8587,8899,1.023,35.99,0.18,35.99,0.18,0.35,35.99,0.18,0.39,36.00,0.19,0.40,,,
24219,1380,1936,1.005,31.71,0.32,,,,,,,,,,31.71,0.32,0.66
24231,1533,1349,1.004,31.45,0.30,,,,,,,,,,31.45,0.30,0.60
24233,7774,8089,1.021,35.17,0.13,35.18,0.13,0.35,35.17,0.13,0.39,35.17,0.13,0.40,35.45,0.11,0.48
24235,3423,3707,1.010,33.84,0.23,33.82,0.22,0.35,33.85,0.23,0.39,33.85,0.23,0.40,34.00,0.24,0.48
24236,1705,2251,1.006,32.69,0.20,,,,,,,,,,32.69,0.20,0.64
24244,4623,4974,1.013,34.02,0.37,34.02,0.35,0.52,34.03,0.37,0.53,34.02,0.37,0.52,,,
24251,8891,9298,1.024,35.04,0.24,35.04,0.23,0.38,35.04,0.24,0.39,35.03,0.25,0.40,,,
24259,4098,4624,1.012,34.78,0.28,,,,,,,,,,34.78,0.28,0.48
24281,6808,6709,1.018,35.15,0.32,,,,,,,,,,35.15,0.32,0.49
24299,7640,7907,1.021,34.58,0.14,34.57,0.14,0.35,34.59,0.14,0.39,34.58,0.14,0.40,,,
24301,8791,9235,1.024,35.14,0.27,35.15,0.26,0.52,35.14,0.27,0.52,35.14,0.28,0.51,,,
24312,856,1262,1.003,30.63,0.40,,,,,,,,,,30.63,0.40,0.66
24328,3865,4407,1.012,33.52,0.39,,,,,,,,,,33.52,0.39,0.63
24348,8033,8014,1.021,35.20,0.25,35.18,0.24,0.35,35.20,0.25,0.39,35.21,0.25,0.40,,,
24351,775,830,1.002,31.22,0.34,31.22,0.33,0.56,31.22,0.34,0.60,31.22,0.35,0.59,31.06,0.38,0.66
24360,3467,3324,1.009,33.20,0.30,,,,,,,,,,33.20,0.30,0.64
24372,5047,5112,1.014,34.39,0.21,34.39,0.21,0.35,34.39,0.21,0.39,34.39,0.22,0.40,,,
24374,1770,2225,1.006,32.20,0.17,32.21,0.17,0.56,32.19,0.17,0.60,32.19,0.17,0.59,32.30,0.17,0.66
24394,5497,5796,1.015,34.80,0.13,34.81,0.13,0.41,34.80,0.13,0.42,34.78,0.13,0.41,,,
24398,2559,3126,1.008,33.27,0.12,,,,,,,,,,33.27,0.12,0.53
24400,4272,4635,1.012,34.10,0.23,34.09,0.22,0.38,34.10,0.23,0.39,34.10,0.23,0.40,,,
24402,3624,4186,1.011,33.25,0.15,,,,,,,,,,33.25,0.15,0.54
24405,1617,2184,1.006,31.93,0.39,,,,,,,,,,31.93,0.39,0.65
24417,4315,4873,1.013,33.42,0.27,,,,,,,,,,33.42,0.27,0.60
24425,1769,2230,1.006,31.70,0.16,31.71,0.16,0.55,31.70,0.16,0.56,31.69,0.16,0.55,31.45,0.16,0.63
24429,1625,2184,1.006,32.29,0.38,,,,,,,,,,32.29,0.38,0.64
24431,4517,4885,1.013,33.91,0.15,33.91,0.15,0.53,33.91,0.15,0.54,33.92,0.15,0.53,,,
24467,7600,7901,1.021,34.52,0.24,34.52,0.23,0.53,34.52,0.24,0.53,34.52,0.24,0.52,,,
24470,2899,3126,1.008,34.41,0.35,34.39,0.34,0.56,34.40,0.35,0.59,34.43,0.36,0.59,,,
24479,1441,2000,1.005,31.86,0.12,,,,,,,,,,31.86,0.12,0.56
24485,6169,6542,1.017,34.87,0.22,34.86,0.21,0.35,34.87,0.22,0.39,34.87,0.22,0.40,,,
24489,1462,2022,1.005,31.79,0.25,,,,,,,,,,31.79,0.25,0.65
24490,1932,2342,1.006,32.64,0.13,32.64,0.13,0.49,32.64,0.13,0.49,32.63,0.13,0.48,32.80,0.12,0.59
24492,13899,14326,1.038,36.24,0.18,36.24,0.18,0.35,36.24,0.18,0.39,36.25,0.19,0.40,,,
24494,1758,2312,1.006,31.31,0.34,,,,,,,,,,31.31,0.34,0.66
24495,8737,9181,1.024,35.19,0.21,35.20,0.20,0.35,35.19,0.21,0.39,35.18,0.21,0.40,,,
24499,7951,8421,1.022,34.86,0.14,34.87,0.14,0.35,34.87,0.14,0.39,34.86,0.14,0.40,,,
24509,3623,3967,1.011,34.26,0.16,34.26,0.16,0.53,34.26,0.16,0.53,34.27,0.16,0.53,,,
24515,7587,8062,1.021,35.16,0.17,35.16,0.17,0.35,35.16,0.17,0.39,35.16,0.17,0.40,,,
24518,8456,8942,1.024,35.38,0.99,35.38,0.95,0.35,35.38,0.99,0.39,35.39,1.01,0.40,,,
24525,5467,6010,1.016,34.85,0.24,,,,,,,,,,34.85,0.24,0.48
24530,2037,2316,1.006,32.83,0.12,32.82,0.12,0.36,32.83,0.12,0.39,32.83,0.12,0.40,33.23,0.11,0.52
24548,3913,4349,1.012,34.38,0.14,34.38,0.14,0.55,34.37,0.14,0.56,34.38,0.14,0.56,,,
24557,3935,4374,1.012,34.38,0.14,34.39,0.14,0.55,34.38,0.14,0.56,34.37,0.15,0.55,,,
24558,3190,3752,1.010,33.37,0.22,,,,,,,,,,33.37,0.22,0.48
24566,3932,4367,1.012,33.98,0.14,33.99,0.14,0.54,33.98,0.14,0.55,33.97,0.14,0.54,,,
24567,3943,4374,1.012,32.58,0.15,32.59,0.14,0.56,32.58,0.15,0.57,32.57,0.15,0.57,,,
24573,3814,4300,1.011,33.65,0.17,33.65,0.16,0.56,33.64,0.17,0.59,33.65,0.17,0.59,,,
24575,8716,8831,1.023,35.03,0.29,35.01,0.28,0.36,35.03,0.29,0.39,35.04,0.29,0.40,,,
24591,7578,7893,1.021,34.31,0.25,34.30,0.24,0.56,34.31,0.25,0.58,34.32,0.25,0.58,,,
24602,2188,1935,1.005,33.49,0.25,,,,,,,,,,33.49,0.25,0.48
24621,12826,13158,1.035,36.92,0.13,36.91,0.13,0.35,36.91,0.13,0.39,36.92,0.13,0.40,,,
24629,8848,9264,1.024,34.60,0.16,34.58,0.16,0.50,34.59,0.16,0.50,34.61,0.16,0.49,,,
24631,8852,9268,1.024,34.95,0.28,34.93,0.27,0.51,34.95,0.28,0.52,34.96,0.29,0.51,,,
24643,5574,5878,1.016,33.10,0.23,33.10,0.22,0.56,33.09,0.23,0.59,33.10,0.23,0.59,,,
24649,5439,5982,1.016,34.37,0.23,,,,,,,,,,34.37,0.23,0.48
24656,4157,4529,1.012,34.04,0.13,34.04,0.13,0.49,34.04,0.13,0.49,34.03,0.13,0.49,,,
24685,4313,4877,1.013,33.89,0.11,,,,,,,,,,33.89,0.11,0.48
24698,6481,6799,1.018,34.79,0.21,34.76,0.20,0.37,34.79,0.21,0.39,34.81,0.21,0.40,,,
24711,2563,2424,1.006,31.79,0.23,,,,,,,,,,31.79,0.23,0.65
24723,2352,2208,1.006,31.86,0.32,,,,,,,,,,31.86,0.32,0.55
24726,6062,6446,1.017,34.96,0.17,34.95,0.17,0.35,34.96,0.17,0.39,34.96,0.17,0.40,,,
24737,3755,4265,1.011,34.01,0.30,34.00,0.29,0.48,34.01,0.30,0.48,34.01,0.31,0.47,,,
24752,8314,8650,1.023,34.97,0.34,34.97,0.33,0.48,34.97,0.34,0.48,34.96,0.35,0.48,,,
24771,5917,6202,1.016,35.17,0.12,35.17,0.12,0.35,35.17,0.12,0.39,35.17,0.12,0.40,,,
24778,2678,3209,1.009,33.06,0.30,,,,,,,,,,33.06,0.30,0.58
24784,1473,1467,1.004,32.13,0.18,32.11,0.18,0.35,32.13,0.18,0.39,32.14,0.19,0.40,32.44,0.19,0.48
24796,8121,8410,1.022,35.50,0.13,35.49,0.13,0.35,35.50,0.13,0.39,35.50,0.13,0.40,,,
24829,2279,2518,1.007,32.73,0.23,32.74,0.22,0.50,32.73,0.23,0.50,32.71,0.23,0.49,,,
24830,8294,8773,1.023,35.34,0.13,35.31,0.13,0.35,35.34,0.13,0.39,35.36,0.13,0.40,35.39,0.11,0.48
24836,5324,5883,1.016,29.12,0.49,,,,,,,,,,29.12,0.49,0.66
24839,8227,8547,1.023,35.62,0.18,35.62,0.18,0.35,35.62,0.18,0.39,35.62,0.18,0.40,,,
24840,3136,3702,1.010,33.00,0.42,,,,,,,,,,33.00,0.42,0.66
24854,2303,2873,1.008,33.04,0.23,,,,,,,,,,33.04,0.23,0.48
24860,2064,2639,1.007,32.71,0.14,,,,,,,,,,32.71,0.14,0.48
24870,1738,2301,1.006,33.04,0.14,,,,,,,,,,33.04,0.14,0.55
24871,8326,8797,1.023,33.74,0.25,33.75,0.24,0.55,33.74,0.25,0.57,33.72,0.25,0.56,,,
24887,844,931,1.002,31.24,0.66,31.24,0.63,0.56,31.26,0.66,0.60,31.23,0.67,0.59,,,
24893,3100,3610,1.010,33.31,0.18,33.29,0.17,0.37,33.31,0.18,0.39,33.33,0.18,0.40,33.42,0.18,0.52
24895,8037,8330,1.022,35.28,0.15,35.29,0.14,0.39,35.28,0.15,0.40,35.26,0.15,0.40,,,
24898,2311,2885,1.008,33.22,0.36,,,,,,,,,,33.22,0.36,0.64
24910,4068,4446,1.012,34.05,0.23,34.07,0.23,0.55,34.05,0.23,0.56,34.03,0.24,0.56,,,
24928,1960,2538,1.007,32.68,0.28,,,,,,,,,,32.68,0.28,0.62
24930,381,638,1.002,30.12,0.16,30.10,0.16,0.35,30.13,0.16,0.39,30.13,0.17,0.40,30.25,0.16,0.48
24947,3078,2912,1.008,33.16,0.19,,,,,,,,,,33.16,0.19,0.49
24948,8616,9065,1.024,35.30,0.23,35.29,0.22,0.35,35.31,0.23,0.39,35.30,0.23,0.40,,,
24960,6011,6486,1.017,34.75,0.13,34.76,0.13,0.49,34.75,0.13,0.49,34.75,0.13,0.48,,,
24967,4379,4957,1.013,34.34,0.31,,,,,,,,,,34.34,0.31,0.60
24977,8350,8823,1.023,35.21,0.20,35.20,0.19,0.36,35.21,0.20,0.39,35.21,0.20,0.40,,,
24980,8324,8710,1.023,34.94,0.13,34.94,0.13,0.35,34.94,0.13,0.39,34.94,0.13,0.40,,,
24982,4250,4632,1.012,34.02,0.13,34.02,0.13,0.49,34.01,0.13,0.49,34.02,0.13,0.48,,,
24991,8269,8768,1.023,35.71,0.17,35.70,0.16,0.37,35.71,0.17,0.39,35.70,0.17,0.40,,,
24992,8463,8931,1.024,34.84,0.94,34.85,0.90,0.55,34.84,0.94,0.56,34.84,0.96,0.55,,,
24994,16056,16504,1.043,37.31,0.23,37.31,0.22,0.35,37.30,0.23,0.39,37.30,0.24,0.40,,,
25000,7513,7568,1.020,35.56,0.24,35.55,0.24,0.38,35.55,0.24,0.39,35.57,0.25,0.40,,,
25012,1794,1923,1.005,32.95,0.38,32.95,0.36,0.56,32.95,0.38,0.59,32.95,0.38,0.59,,,
25053,4851,5430,1.014,34.77,0.29,,,,,,,,,,34.77,0.29,0.57
25077,4055,4476,1.012,32.88,0.21,32.89,0.20,0.56,32.87,0.21,0.60,32.87,0.21,0.59,,,
25083,8074,8558,1.023,35.24,0.16,35.24,0.15,0.50,35.24,0.16,0.50,35.23,0.16,0.50,,,
25102,1420,1936,1.005,32.59,0.17,32.59,0.17,0.43,32.59,0.17,0.43,32.58,0.17,0.42,32.05,0.17,0.56
25111,8700,9130,1.024,34.69,0.29,34.69,0.28,0.45,34.70,0.29,0.45,34.69,0.30,0.44,,,
25113,4004,4428,1.012,33.85,0.21,33.86,0.20,0.52,33.85,0.21,0.52,33.84,0.21,0.51,,,
25116,1815,2397,1.006,32.78,0.43,,,,,,,,,,32.78,0.43,0.66
25126,9075,9457,1.025,35.93,0.77,35.94,0.74,0.52,35.96,0.77,0.53,35.90,0.78,0.52,,,
25145,3842,4267,1.011,33.62,0.14,33.63,0.14,0.41,33.63,0.14,0.41,33.62,0.14,0.40,,,
25161,3731,4221,1.011,33.15,0.14,33.15,0.14,0.35,33.15,0.14,0.39,33.15,0.14,0.40,33.33,0.12,0.48
25166,2016,1772,1.005,32.30,0.20,,,,,,,,,,32.30,0.20,0.59
25169,1143,1596,1.004,31.15,0.33,,,,,,,,,,31.15,0.33,0.63
25180,6032,6430,1.017,34.21,0.22,34.21,0.22,0.52,34.21,0.22,0.52,34.21,0.23,0.52,,,
25181,5608,6039,1.016,35.14,0.27,35.12,0.26,0.51,35.14,0.27,0.51,35.15,0.28,0.51,,,
25197,4636,5170,1.014,33.96,0.18,,,,,,,,,,33.96,0.18,0.52
25210,7939,8247,1.022,35.22,0.17,35.24,0.17,0.35,35.21,0.17,0.39,35.20,0.17,0.40,,,
25221,2547,3071,1.008,33.21,0.30,,,,,,,,,,33.21,0.30,0.54
25223,9134,9718,1.026,35.27,0.20,,,,,,,,,,35.27,0.20,0.48
25235,4954,5020,1.013,33.59,0.24,33.59,0.23,0.56,33.59,0.24,0.57,33.59,0.25,0.57,,,
25237,2409,2474,1.007,32.59,0.32,32.57,0.31,0.43,32.59,0.32,0.44,32.59,0.33,0.43,32.58,0.35,0.56
25245,1866,2308,1.006,32.95,0.18,32.96,0.17,0.56,32.95,0.18,0.60,32.95,0.18,0.59,,,
25248,1853,2007,1.005,32.47,0.27,32.46,0.26,0.37,32.48,0.27,0.39,32.48,0.28,0.40,32.44,0.30,0.52
25258,2614,2660,1.007,32.93,0.18,32.92,0.18,0.46,32.93,0.18,0.47,32.93,0.19,0.46,32.86,0.19,0.58
25264,5579,6120,1.016,34.41,0.39,,,,,,,,,,34.41,0.39,0.55
25275,3895,3795,1.010,33.83,0.35,,,,,,,,,,33.83,0.35,0.65
25291,1622,2206,1.006,33.33,0.46,,,,,,,,,,33.33,0.46,0.66
25292,1728,2060,1.005,31.17,0.18,31.16,0.18,0.56,31.16,0.18,0.60,31.18,0.19,0.59,31.49,0.19,0.66
25293,16133,16533,1.043,37.02,0.48,37.03,0.46,0.35,37.02,0.48,0.39,37.00,0.49,0.40,,,
25300,4469,5053,1.013,34.23,0.49,,,,,,,,,,34.23,0.49,0.66
25301,3752,4151,1.011,32.35,0.17,32.37,0.17,0.56,32.35,0.17,0.60,32.34,0.18,0.59,,,
25305,4932,5024,1.013,34.60,0.26,34.60,0.25,0.39,34.61,0.26,0.40,34.60,0.27,0.40,34.72,0.28,0.53
25308,5136,5233,1.014,34.01,0.18,34.00,0.18,0.35,34.02,0.18,0.39,34.02,0.18,0.40,34.14,0.18,0.48
25318,1959,2237,1.006,32.66,0.19,32.66,0.18,0.56,32.65,0.19,0.60,32.67,0.19,0.59,,,
25331,3197,3440,1.009,33.89,0.31,33.88,0.30,0.48,33.90,0.31,0.48,33.91,0.31,0.48,,,
25336,8777,9208,1.024,35.01,0.26,35.03,0.25,0.43,35.01,0.26,0.44,35.00,0.27,0.43,,,
25341,8255,8742,1.023,35.75,0.14,35.75,0.13,0.37,35.76,0.14,0.39,35.75,0.14,0.40,,,
25344,5571,6089,1.016,34.51,0.24,34.50,0.23,0.41,34.51,0.24,0.41,34.51,0.24,0.40,34.52,0.25,0.54
25346,4938,5515,1.015,34.34,0.42,,,,,,,,,,34.34,0.42,0.65
25350,1666,2252,1.006,32.71,0.46,,,,,,,,,,32.71,0.46,0.64
25360,5598,6042,1.016,35.13,0.24,35.12,0.23,0.35,35.14,0.24,0.39,35.15,0.24,0.40,,,
25363,5360,5867,1.016,34.07,0.17,34.08,0.17,0.56,34.07,0.17,0.58,34.07,0.17,0.57,,,
25366,12547,12851,1.034,38.03,0.18,38.01,0.17,0.35,38.03,0.18,0.39,38.04,0.18,0.40,,,
25369,3355,3356,1.009,33.47,0.17,33.47,0.16,0.56,33.46,0.17,0.59,33.47,0.17,0.59,33.53,0.17,0.65
25371,1606,1425,1.004,32.85,0.40,,,,,,,,,,32.85,0.40,0.65
25373,1371,1851,1.005,32.09,0.28,,,,,,,,,,32.09,0.28,0.59
25376,2423,2886,1.008,31.48,0.24,31.49,0.23,0.56,31.48,0.24,0.59,31.47,0.24,0.59,,,
25401,5681,6128,1.016,34.70,0.20,34.69,0.19,0.39,34.70,0.20,0.40,34.70,0.20,0.40,,,
25405,5921,6261,1.017,34.78,0.16,34.78,0.15,0.41,34.78,0.16,0.42,34.77,0.16,0.41,,,
25406,5962,6299,1.017,34.67,0.18,34.66,0.17,0.37,34.67,0.18,0.39,34.68,0.18,0.40,,,
25412,3276,3852,1.010,34.40,0.42,,,,,,,,,,34.40,0.42,0.65
25423,4264,4556,1.012,33.66,0.13,33.66,0.13,0.40,33.67,0.13,0.41,33.66,0.13,0.40,33.70,0.11,0.54
25430,8827,9257,1.024,35.32,0.28,35.32,0.27,0.48,35.32,0.28,0.48,35.32,0.28,0.47,,,
25463,6817,7117,1.019,34.74,0.18,34.72,0.17,0.47,34.74,0.18,0.48,34.76,0.18,0.47,,,
25472,1870,2024,1.005,32.22,0.37,32.22,0.35,0.56,32.22,0.37,0.60,32.21,0.37,0.59,,,
25489,10175,10541,1.028,36.06,0.27,36.08,0.26,0.35,36.06,0.27,0.39,36.04,0.27,0.40,,,
25496,2912,3254,1.009,32.86,0.38,32.87,0.37,0.53,32.87,0.38,0.54,32.84,0.39,0.53,,,
25506,8070,8586,1.023,36.04,0.21,36.04,0.20,0.35,36.04,0.21,0.39,36.03,0.21,0.40,35.83,0.22,0.48
25512,2865,3202,1.008,33.23,0.27,33.23,0.26,0.56,33.23,0.27,0.59,33.23,0.27,0.59,,,
25515,1688,2268,1.006,32.26,0.19,,,,,,,,,,32.26,0.19,0.64
25523,8750,9147,1.024,35.06,0.13,35.07,0.13,0.35,35.06,0.13,0.39,35.05,0.13,0.40,35.03,0.11,0.48
25527,4428,5018,1.013,34.28,0.20,,,,,,,,,,34.28,0.20,0.55
25535,3329,3722,1.010,33.40,0.13,33.41,0.13,0.40,33.40,0.13,0.41,33.38,0.13,0.40,,,
25539,6251,6786,1.018,34.93,0.27,,,,,,,,,,34.93,0.27,0.48
25556,1274,1754,1.005,31.85,0.18,31.85,0.18,0.56,31.84,0.18,0.60,31.86,0.19,0.59,32.14,0.19,0.66
25558,4361,4769,1.013,33.55,0.22,,,,,,,,,,33.55,0.22,0.48
25562,2025,2283,1.006,32.30,0.25,32.30,0.24,0.56,32.30,0.25,0.60,32.30,0.26,0.59,32.19,0.27,0.66
25563,3531,4076,1.011,34.11,0.25,,,,,,,,,,34.11,0.25,0.56
25585,5608,6156,1.016,34.38,0.18,,,,,,,,,,34.38,0.18,0.48
25618,1163,1754,1.005,31.89,0.46,,,,,,,,,,31.89,0.46,0.66
25640,1409,1410,1.004,31.71,0.29,31.70,0.28,0.41,31.71,0.29,0.42,31.71,0.30,0.41,31.70,0.32,0.54
25644,519,791,1.002,30.88,0.26,30.87,0.25,0.56,30.87,0.26,0.60,30.89,0.26,0.59,30.85,0.28,0.66
25673,7570,7952,1.021,34.89,0.20,34.88,0.19,0.35,34.89,0.20,0.39,34.90,0.20,0.40,,,
25674,5298,5885,1.016,34.41,0.28,,,,,,,,,,34.41,0.28,0.48
25676,1522,1344,1.004,31.23,0.30,,,,,,,,,,31.23,0.30,0.57
25677,4031,4425,1.012,33.73,0.26,33.74,0.25,0.56,33.73,0.26,0.57,33.72,0.26,0.57,,,
25678,6294,6620,1.017,35.15,0.26,35.15,0.25,0.35,35.16,0.26,0.39,35.16,0.26,0.40,,,
25694,7462,8050,1.021,35.23,0.25,,,,,,,,,,35.23,0.25,0.55
25732,4557,5142,1.014,33.81,0.18,,,,,,,,,,33.81,0.18,0.48
25735,4128,4431,1.012,34.38,0.15,34.38,0.15,0.35,34.38,0.15,0.39,34.38,0.15,0.40,,,
25757,4057,4127,1.011,33.75,0.26,33.75,0.25,0.35,33.76,0.26,0.39,33.76,0.26,0.40,,,
25761,1337,1801,1.005,31.20,0.39,,,,,,,,,,31.20,0.39,0.63
25774,8002,8524,1.022,35.50,0.23,35.51,0.22,0.35,35.50,0.23,0.39,35.50,0.23,0.40,35.46,0.24,0.48
25776,11434,11786,1.031,36.31,0.28,36.31,0.27,0.35,36.31,0.28,0.39,36.31,0.28,0.40,,,
25780,2920,3301,1.009,33.06,0.20,33.05,0.19,0.56,33.05,0.20,0.57,33.06,0.20,0.56,,,
25781,2519,2578,1.007,33.34,0.21,33.35,0.21,0.52,33.34,0.21,0.53,33.34,0.21,0.52,,,
25783,3657,4075,1.011,34.32,0.17,34.32,0.16,0.35,34.32,0.17,0.39,34.32,0.17,0.40,,,
25806,1917,2192,1.006,32.16,0.14,32.15,0.14,0.40,32.16,0.14,0.40,32.16,0.15,0.40,32.28,0.14,0.54
25822,2512,3100,1.008,33.57,0.37,,,,,,,,,,33.57,0.37,0.65
25842,1224,1816,1.005,31.47,0.36,,,,,,,,,,31.47,0.36,0.65
25886,1603,2160,1.006,32.12,0.14,,,,,,,,,,32.12,0.14,0.48
25892,8491,8928,1.024,35.07,0.13,35.07,0.13,0.35,35.07,0.13,0.39,35.06,0.13,0.40,,,
25895,8874,9264,1.024,35.40,0.17,35.39,0.17,0.35,35.41,0.17,0.39,35.41,0.18,0.40,,,
25910,2250,2348,1.006,32.70,0.19,32.71,0.18,0.52,32.70,0.19,0.52,32.70,0.19,0.52,,,
25919,2040,2299,1.006,32.46,0.38,32.45,0.36,0.56,32.46,0.38,0.60,32.47,0.38,0.59,,,
25923,8146,8563,1.023,35.31,0.12,35.31,0.12,0.35,35.32,0.12,0.39,35.32,0.12,0.40,,,
25925,8018,8428,1.022,35.55,0.38,35.53,0.36,0.49,35.55,0.38,0.49,35.56,0.38,0.48,,,
25926,1904,2492,1.007,32.53,0.17,,,,,,,,,,32.53,0.17,0.53
25929,8178,8567,1.023,34.99,0.20,34.99,0.19,0.36,34.99,0.20,0.39,34.99,0.20,0.40,,,
25932,2133,2728,1.007,32.14,0.20,,,,,,,,,,32.14,0.20,0.63
25938,1800,2378,1.006,32.30,0.63,,,,,,,,,,32.30,0.63,0.66
25940,1860,2114,1.006,31.46,0.70,31.49,0.67,0.56,31.50,0.70,0.60,31.39,0.71,0.59,,,
25956,1965,2427,1.006,32.91,0.15,32.92,0.14,0.54,32.91,0.15,0.55,32.90,0.15,0.54,32.76,0.14,0.63
25959,8449,8884,1.023,35.68,0.24,35.66,0.23,0.39,35.68,0.24,0.40,35.69,0.24,0.40,,,
25976,4056,4172,1.011,33.31,0.30,33.30,0.29,0.47,33.31,0.30,0.48,33.30,0.30,0.47,,,
25986,3603,4107,1.011,33.58,0.17,33.58,0.17,0.53,33.57,0.17,0.54,33.58,0.18,0.53,,,
25996,2933,3328,1.009,32.57,0.38,32.57,0.36,0.56,32.57,0.38,0.60,32.57,0.38,0.59,,,
26002,7873,8188,1.022,35.11,0.13,35.13,0.13,0.35,35.10,0.13,0.39,35.09,0.13,0.40,,,
26003,1592,2084,1.006,32.45,0.31,,,,,,,,,,32.45,0.31,0.48
26014,3367,3643,1.010,33.80,0.19,33.81,0.19,0.56,33.80,0.19,0.59,33.79,0.19,0.58,,,
26018,1665,1504,1.004,31.09,0.13,,,,,,,,,,31.09,0.13,0.58
26024,4055,4369,1.012,34.15,0.20,34.14,0.20,0.50,34.15,0.20,0.50,34.15,0.21,0.50,,,
26028,2096,2690,1.007,33.08,0.30,,,,,,,,,,33.08,0.30,0.62
26056,2486,3078,1.008,33.07,0.18,,,,,,,,,,33.07,0.18,0.62
26057,4878,5468,1.014,33.93,0.20,,,,,,,,,,33.93,0.20,0.51
26064,6365,6671,1.018,35.11,0.26,35.10,0.25,0.42,35.11,0.26,0.43,35.12,0.27,0.42,,,
26070,8287,8386,1.022,35.03,0.23,35.01,0.23,0.35,35.03,0.23,0.39,35.04,0.24,0.40,,,
26079,10406,10770,1.028,36.66,0.19,36.63,0.18,0.35,36.67,0.19,0.39,36.69,0.19,0.40,,,
26082,4323,4467,1.012,32.93,0.24,32.94,0.23,0.49,32.93,0.24,0.49,32.92,0.24,0.48,,,
26083,2505,2725,1.007,32.63,0.51,32.62,0.49,0.56,32.63,0.51,0.60,32.62,0.52,0.59,,,
26086,8215,8428,1.022,35.12,0.20,35.10,0.20,0.35,35.12,0.20,0.39,35.12,0.21,0.40,35.31,0.21,0.48
26093,1829,2426,1.006,32.83,0.38,,,,,,,,,,32.83,0.38,0.54
26101,4824,5275,1.014,34.18,0.12,34.17,0.12,0.35,34.18,0.12,0.39,34.19,0.12,0.40,34.45,0.11,0.48
26102,4396,4992,1.013,34.02,0.32,,,,,,,,,,34.02,0.32,0.57
26108,1830,2125,1.006,32.65,0.19,32.65,0.18,0.56,32.64,0.19,0.60,32.66,0.19,0.59,,,
26127,9218,9682,1.025,35.53,0.22,35.52,0.22,0.35,35.53,0.22,0.39,35.54,0.23,0.40,,,
26135,4898,5487,1.015,34.76,0.30,,,,,,,,,,34.76,0.30,0.62
26144,1431,1994,1.005,33.01,0.45,,,,,,,,,,33.01,0.45,0.64
26150,3511,3999,1.011,33.81,0.21,33.82,0.20,0.55,33.81,0.21,0.56,33.81,0.21,0.56,,,
26154,3966,3778,1.010,33.38,0.37,,,,,,,,,,33.38,0.37,0.65
26157,2260,2856,1.008,33.01,0.18,,,,,,,,,,33.01,0.18,0.48
26168,4757,5344,1.014,34.62,0.19,,,,,,,,,,34.62,0.19,0.50
26173,5456,5938,1.016,34.50,0.23,34.48,0.22,0.47,34.50,0.23,0.47,34.51,0.23,0.46,,,
26188,2281,2359,1.006,33.54,0.46,33.54,0.44,0.56,33.54,0.46,0.59,33.53,0.47,0.58,,,
26190,5114,5580,1.015,35.01,0.13,35.01,0.13,0.42,35.01,0.13,0.43,35.01,0.13,0.42,,,
26192,2146,2744,1.007,33.14,0.22,,,,,,,,,,33.14,0.22,0.48
26194,4809,5264,1.014,34.30,0.14,34.31,0.14,0.53,34.30,0.14,0.53,34.30,0.14,0.53,,,
26197,7008,7338,1.019,34.92,0.13,34.92,0.13,0.35,34.92,0.13,0.39,34.92,0.13,0.40,,,
26245,7309,7868,1.021,34.84,0.23,,,,,,,,,,34.84,0.23,0.50
26246,2352,2436,1.006,32.52,0.15,32.52,0.15,0.35,32.53,0.15,0.39,32.52,0.16,0.40,32.85,0.15,0.50
26258,5026,5552,1.015,34.04,0.23,34.03,0.23,0.36,34.05,0.23,0.39,34.05,0.24,0.40,,,
26270,11827,12295,1.032,36.53,0.19,36.55,0.18,0.35,36.53,0.19,0.39,36.53,0.19,0.40,,,
26286,8194,8586,1.023,35.54,0.20,35.53,0.19,0.45,35.54,0.20,0.46,35.55,0.20,0.45,,,
26287,2894,3306,1.009,33.54,0.15,33.54,0.14,0.56,33.54,0.15,0.58,33.55,0.15,0.57,,,
26291,9475,9866,1.026,35.97,0.12,35.98,0.12,0.35,35.97,0.12,0.39,35.95,0.12,0.40,,,
26294,4866,4986,1.013,33.97,0.32,33.96,0.31,0.56,33.96,0.32,0.58,33.97,0.32,0.58,,,
26295,2435,2302,1.006,32.31,0.29,,,,,,,,,,32.31,0.29,0.55
26304,2039,2176,1.006,33.01,0.24,33.00,0.23,0.51,33.01,0.24,0.51,33.02,0.24,0.50,,,
26309,8957,9345,1.025,35.33,0.92,35.34,0.88,0.47,35.33,0.92,0.47,35.32,0.93,0.47,,,
26317,4198,4635,1.012,33.12,0.18,33.04,0.17,0.55,33.19,0.18,0.57,,,,,,
26343,9519,9999,1.026,35.98,0.22,35.97,0.22,0.37,35.99,0.22,0.39,36.00,0.23,0.40,,,
26355,10157,10555,1.028,35.55,0.19,35.56,0.18,0.45,35.55,0.19,0.45,35.54,0.19,0.44,,,
26357,9984,10477,1.028,36.00,0.23,35.99,0.23,0.35,35.99,0.23,0.39,36.02,0.24,0.40,,,
26383,3070,3531,1.009,33.24,0.25,,,,,,,,,,33.24,0.25,0.54
26390,2249,2493,1.007,33.21,0.13,33.21,0.13,0.35,33.21,0.13,0.39,33.22,0.13,0.40,,,
26393,8861,9277,1.024,35.50,0.40,35.49,0.38,0.53,35.51,0.40,0.54,35.51,0.41,0.53,,,
26397,6357,6640,1.018,35.14,0.16,35.14,0.16,0.35,35.14,0.16,0.39,35.14,0.16,0.40,,,
26407,8312,8788,1.023,35.24,0.12,35.26,0.12,0.35,35.23,0.12,0.39,35.24,0.12,0.40,,,
26409,6382,6734,1.018,35.14,0.22,35.13,0.22,0.53,35.14,0.22,0.53,35.16,0.23,0.52,,,
26411,3204,3765,1.010,33.99,0.26,,,,,,,,,,33.99,0.26,0.48
26412,2167,2420,1.006,33.87,0.23,33.86,0.23,0.56,33.86,0.23,0.59,33.88,0.24,0.58,,,
26420,8681,9094,1.024,35.52,0.21,35.52,0.20,0.35,35.53,0.21,0.39,35.52,0.21,0.40,,,
26426,6439,6722,1.018,35.04,0.24,35.04,0.23,0.35,35.04,0.24,0.39,35.04,0.24,0.40,,,
26437,2130,2729,1.007,32.28,0.44,,,,,,,,,,32.28,0.44,0.64
26443,6563,6884,1.018,34.88,0.13,34.87,0.13,0.47,34.88,0.13,0.47,34.89,0.13,0.46,,,
26455,2124,2724,1.007,32.83,0.23,,,,,,,,,,32.83,0.23,0.49
26457,8319,8439,1.022,35.09,0.18,35.08,0.18,0.35,35.09,0.18,0.39,35.10,0.18,0.40,,,
26461,7920,8280,1.022,35.31,0.17,35.30,0.16,0.35,35.30,0.17,0.39,35.31,0.17,0.40,,,
26463,1547,2149,1.006,32.45,0.40,,,,,,,,,,32.45,0.40,0.61
26471,3329,3840,1.010,33.27,0.13,33.27,0.13,0.52,33.27,0.13,0.52,33.28,0.14,0.52,,,
26476,4353,4952,1.013,34.05,0.19,,,,,,,,,,34.05,0.19,0.54
26481,7457,7811,1.021,34.93,0.14,34.93,0.13,0.46,34.93,0.14,0.46,34.94,0.14,0.45,,,
26495,2410,2632,1.007,33.29,0.23,33.30,0.22,0.54,33.29,0.23,0.55,33.29,0.23,0.55,,,
26498,1706,1673,1.004,32.30,0.15,32.28,0.14,0.42,32.30,0.15,0.43,32.31,0.15,0.42,32.28,0.14,0.55
26510,8184,8694,1.023,34.89,0.20,34.88,0.20,0.47,34.90,0.20,0.47,34.90,0.20,0.46,,,
26512,697,804,1.002,30.83,0.16,30.82,0.15,0.35,30.84,0.16,0.39,30.84,0.16,0.40,31.03,0.15,0.48
26523,5991,6267,1.017,35.04,0.31,35.03,0.30,0.53,35.04,0.31,0.54,35.04,0.31,0.53,,,
26542,10077,10459,1.028,35.15,0.17,35.16,0.17,0.35,35.16,0.17,0.39,35.14,0.17,0.40,,,
26561,1364,1966,1.005,31.77,0.13,,,,,,,,,,31.77,0.13,0.48
26563,2688,2861,1.008,33.20,0.18,33.21,0.18,0.47,33.20,0.18,0.48,33.20,0.18,0.47,,,
26568,4828,5343,1.014,34.28,0.17,34.29,0.16,0.53,34.28,0.17,0.54,34.27,0.17,0.53,,,
26569,2114,2717,1.007,32.54,0.28,,,,,,,,,,32.54,0.28,0.65
26570,2405,2746,1.007,33.02,0.23,33.03,0.22,0.56,33.01,0.23,0.59,33.01,0.23,0.59,,,
26576,3298,3831,1.010,33.64,0.31,33.63,0.30,0.53,33.64,0.31,0.54,33.65,0.32,0.53,,,
26606,7516,7875,1.021,34.99,0.17,35.00,0.17,0.35,34.99,0.17,0.39,35.00,0.17,0.40,,,
26608,2077,2681,1.007,32.39,0.14,,,,,,,,,,32.39,0.14,0.56
26620,7939,8202,1.022,35.36,0.19,35.36,0.19,0.44,35.36,0.19,0.45,35.37,0.19,0.44,,,
26625,4155,4352,1.012,33.86,0.22,33.86,0.21,0.47,33.87,0.22,0.47,33.87,0.22,0.46,,,
26627,10991,11441,1.030,35.93,0.28,35.91,0.27,0.42,35.93,0.28,0.42,35.94,0.28,0.41,,,
26636,10891,11409,1.030,36.75,0.31,36.73,0.29,0.35,36.76,0.31,0.39,36.78,0.31,0.40,,,
26690,4029,4371,1.012,33.77,0.12,33.76,0.12,0.35,33.77,0.12,0.39,33.77,0.12,0.40,34.12,0.10,0.48
26715,8509,8966,1.024,35.35,0.13,35.34,0.13,0.47,35.34,0.13,0.47,35.36,0.13,0.47,,,
26721,3047,3512,1.009,34.01,0.32,34.02,0.31,0.54,34.01,0.32,0.54,33.99,0.32,0.54,,,
26727,4846,5115,1.014,34.14,0.36,34.13,0.35,0.56,34.14,0.36,0.60,34.16,0.37,0.59,,,
26731,3331,3199,1.008,33.44,0.30,,,,,,,,,,33.44,0.30,0.60
26740,3634,4097,1.011,32.77,0.13,32.77,0.13,0.35,32.77,0.13,0.39,32.77,0.13,0.40,32.81,0.12,0.48
26750,2419,2824,1.007,33.06,0.26,33.07,0.25,0.55,33.06,0.26,0.56,33.04,0.26,0.56,,,
26752,1597,1868,1.005,32.37,0.15,32.38,0.15,0.56,32.37,0.15,0.59,32.37,0.15,0.58,32.39,0.15,0.65
26762,3962,4477,1.012,33.96,0.14,33.96,0.14,0.54,33.96,0.14,0.54,33.97,0.14,0.54,,,
26765,7632,8014,1.021,34.53,0.20,34.52,0.20,0.35,34.53,0.20,0.39,34.53,0.21,0.40,,,
26781,1988,2474,1.007,32.59,0.17,32.59,0.16,0.44,32.59,0.17,0.45,32.58,0.17,0.44,32.65,0.16,0.56
26813,6889,7164,1.019,35.32,0.21,35.31,0.20,0.35,35.32,0.21,0.39,35.33,0.21,0.40,,,
26815,8728,9111,1.024,35.27,0.13,35.27,0.13,0.36,35.27,0.13,0.39,35.27,0.13,0.40,,,
26826,5144,5656,1.015,34.16,0.24,34.15,0.23,0.43,34.16,0.24,0.43,34.17,0.24,0.42,,,
26831,8502,8960,1.024,35.54,1.21,35.56,1.16,0.35,35.55,1.21,0.39,35.53,1.23,0.40,,,
26852,8045,8336,1.022,35.14,0.18,35.13,0.17,0.35,35.14,0.18,0.39,35.14,0.18,0.40,,,
26856,3311,3353,1.009,33.28,0.21,33.26,0.20,0.36,33.28,0.21,0.39,33.29,0.21,0.40,33.33,0.22,0.52
26871,5345,5307,1.014,34.52,0.27,34.50,0.26,0.50,34.52,0.27,0.50,34.53,0.28,0.49,,,
26874,3571,4166,1.011,33.84,0.21,,,,,,,,,,33.84,0.21,0.53
26899,569,673,1.002,31.37,0.70,31.38,0.67,0.56,31.40,0.70,0.60,31.34,0.71,0.59,,,
26903,2774,2902,1.008,33.21,0.16,33.21,0.16,0.45,33.21,0.16,0.45,33.21,0.17,0.44,,,
26906,15531,15989,1.042,36.85,0.25,36.85,0.24,0.35,36.86,0.25,0.39,36.86,0.26,0.40,,,
26907,4389,4989,1.013,33.13,0.23,,,,,,,,,,33.13,0.23,0.51
26932,1978,2468,1.007,32.78,0.16,32.78,0.16,0.35,32.79,0.16,0.39,32.77,0.16,0.40,32.93,0.16,0.48
26936,4327,4595,1.012,33.68,0.22,33.70,0.21,0.56,33.68,0.22,0.59,33.67,0.22,0.59,,,
26953,3365,3880,1.010,33.63,0.18,33.64,0.18,0.56,33.63,0.18,0.60,33.63,0.18,0.59,,,
26966,4234,4636,1.012,33.73,0.13,33.72,0.13,0.35,33.73,0.13,0.39,33.74,0.13,0.40,33.84,0.11,0.49
26968,1877,2366,1.006,32.86,0.27,32.86,0.26,0.46,32.86,0.27,0.47,32.86,0.27,0.46,33.11,0.29,0.58
26978,7303,7617,1.020,35.34,0.17,35.35,0.16,0.35,35.34,0.17,0.39,35.34,0.17,0.40,,,
26982,13651,13998,1.037,35.61,0.37,35.60,0.35,0.35,35.61,0.37,0.39,35.61,0.37,0.40,,,
26989,12936,13273,1.035,36.04,0.25,36.02,0.24,0.35,36.04,0.25,0.39,36.05,0.26,0.40,,,
26990,8511,8942,1.024,36.50,1.01,36.53,0.97,0.35,36.49,1.01,0.39,36.49,1.03,0.40,,,
27005,7043,7398,1.020,35.86,0.39,35.87,0.37,0.35,35.87,0.39,0.39,35.85,0.39,0.40,,,
27009,5274,5773,1.015,34.64,0.14,34.64,0.14,0.42,34.64,0.14,0.43,34.63,0.14,0.42,,,
27023,4132,4450,1.012,33.30,0.14,33.31,0.14,0.49,33.30,0.14,0.50,33.29,0.15,0.49,,,
27045,2261,2870,1.008,31.66,0.21,,,,,,,,,,31.66,0.21,0.64
27054,4104,4699,1.012,34.16,0.20,,,,,,,,,,34.16,0.20,0.54
27059,3036,3552,1.009,33.56,0.15,33.56,0.15,0.56,33.56,0.15,0.59,33.57,0.15,0.59,33.73,0.15,0.65
27074,1980,2468,1.007,32.92,0.22,32.91,0.22,0.35,32.92,0.22,0.39,32.92,0.23,0.40,32.91,0.24,0.48
27077,456,848,1.002,29.75,0.22,29.73,0.21,0.35,29.77,0.22,0.39,29.77,0.22,0.40,29.74,0.23,0.48
27088,3039,3511,1.009,33.21,0.13,33.22,0.13,0.49,33.21,0.13,0.49,33.19,0.14,0.48,33.07,0.12,0.59
27114,10083,10425,1.027,36.07,0.23,36.07,0.22,0.35,36.07,0.23,0.39,36.07,0.23,0.40,,,
27135,623,1231,1.003,29.58,0.28,,,,,,,,,,29.58,0.28,0.64
27158,2420,3003,1.008,32.97,0.18,,,,,,,,,,32.97,0.18,0.54
27175,2971,3449,1.009,34.00,0.46,34.00,0.44,0.47,34.01,0.46,0.47,33.98,0.47,0.47,,,
27184,2897,3379,1.009,33.50,0.24,33.50,0.23,0.48,33.50,0.24,0.48,33.49,0.24,0.48,,,
27192,4670,5206,1.014,33.85,0.51,33.84,0.49,0.49,33.87,0.51,0.49,33.85,0.52,0.48,,,
27214,2691,3296,1.009,33.34,0.23,,,,,,,,,,33.34,0.23,0.48
27216,4714,5251,1.014,34.29,0.19,34.29,0.18,0.45,34.29,0.19,0.45,34.29,0.19,0.45,,,
27219,5332,5837,1.015,35.04,0.34,35.03,0.33,0.35,35.04,0.34,0.39,35.04,0.35,0.40,,,
27220,7443,7977,1.021,34.91,0.13,34.91,0.13,0.35,34.91,0.13,0.39,34.91,0.13,0.40,,,
27221,13018,13362,1.035,36.89,0.24,36.89,0.24,0.49,36.86,0.24,0.50,36.90,0.25,0.49,,,
27232,2273,2750,1.007,32.92,0.14,32.92,0.14,0.40,32.92,0.14,0.41,32.92,0.14,0.40,33.02,0.13,0.54
27236,10019,10375,1.027,36.56,0.28,36.57,0.27,0.35,36.56,0.28,0.39,36.55,0.29,0.40,,,
27248,1830,2339,1.006,32.45,0.16,32.46,0.16,0.56,32.45,0.16,0.60,32.45,0.16,0.59,32.36,0.16,0.66
27249,3524,3916,1.010,33.88,0.18,33.89,0.18,0.56,33.88,0.18,0.57,33.87,0.18,0.57,,,
27259,5835,6290,1.017,35.19,0.24,35.18,0.23,0.36,35.19,0.24,0.39,35.20,0.24,0.40,,,
27266,8086,8408,1.022,35.22,0.41,35.21,0.40,0.35,35.23,0.41,0.39,35.22,0.42,0.40,,,
27293,7476,7842,1.021,34.42,0.27,34.42,0.26,0.47,34.42,0.27,0.47,34.42,0.28,0.46,34.19,0.30,0.58
27310,5395,5918,1.016,33.59,0.18,33.60,0.17,0.56,33.59,0.18,0.58,33.58,0.18,0.58,,,
27311,1582,1911,1.005,31.78,0.60,31.79,0.58,0.56,31.80,0.60,0.60,31.76,0.61,0.59,,,
27358,6880,6825,1.018,34.41,0.18,34.40,0.18,0.35,34.41,0.18,0.39,34.41,0.18,0.40,34.36,0.18,0.48
27361,4359,4608,1.012,33.38,0.22,33.38,0.21,0.46,33.38,0.22,0.47,33.38,0.22,0.46,33.31,0.23,0.58
27371,8439,8892,1.023,35.11,0.17,35.10,0.16,0.36,35.12,0.17,0.39,35.13,0.17,0.40,35.10,0.17,0.52
27388,6774,7060,1.019,35.22,0.12,35.23,0.12,0.35,35.22,0.12,0.39,35.21,0.12,0.40,35.03,0.10,0.48
27389,10331,10786,1.028,34.47,0.15,34.50,0.15,0.53,34.47,0.15,0.53,34.44,0.15,0.53,,,
27398,7426,7807,1.021,34.64,0.19,34.62,0.18,0.35,34.65,0.19,0.39,34.65,0.19,0.40,,,
27402,10518,10970,1.029,36.50,0.20,36.50,0.19,0.35,36.50,0.20,0.39,36.49,0.20,0.40,,,
27425,5125,5710,1.015,34.67,0.21,,,,,,,,,,34.67,0.21,0.48
27430,2125,2735,1.007,31.99,0.28,,,,,,,,,,31.99,0.28,0.64
27432,6573,7094,1.019,34.73,0.14,34.74,0.14,0.51,34.73,0.14,0.51,34.71,0.14,0.51,,,
27436,4224,4655,1.012,33.46,0.15,33.47,0.15,0.55,33.46,0.15,0.56,33.45,0.15,0.55,,,
27437,3985,4347,1.012,34.15,0.21,34.14,0.20,0.35,34.16,0.21,0.39,34.16,0.21,0.40,34.21,0.22,0.49
27442,1605,2193,1.006,33.99,0.58,,,,,,,,,,33.99,0.58,0.64
27450,2335,2945,1.008,33.07,0.40,,,,,,,,,,33.07,0.40,0.64
27451,3176,3661,1.010,32.77,0.13,32.77,0.13,0.37,32.77,0.13,0.39,32.77,0.13,0.40,32.69,0.11,0.52
27455,10057,10397,1.027,36.19,0.27,36.19,0.26,0.35,36.18,0.27,0.39,36.18,0.27,0.40,,,
27458,1689,2190,1.006,30.86,0.32,,,,,,,,,,30.86,0.32,0.63
27473,2477,2322,1.006,32.86,0.28,,,,,,,,,,32.86,0.28,0.61
27479,8265,8722,1.023,35.02,0.38,35.02,0.36,0.53,35.03,0.38,0.53,35.01,0.38,0.52,34.75,0.42,0.62
27510,4387,4669,1.012,34.40,0.23,34.40,0.22,0.35,34.40,0.23,0.39,34.39,0.23,0.40,34.29,0.24,0.49
27518,4813,5314,1.014,33.97,0.20,33.96,0.19,0.35,33.98,0.20,0.39,33.98,0.20,0.40,34.06,0.20,0.48
27529,2038,2647,1.007,32.36,0.71,,,,,,,,,,32.36,0.71,0.66
27544,4833,5339,1.014,34.31,0.21,34.31,0.21,0.54,34.31,0.21,0.55,34.32,0.22,0.54,,,
27549,5838,6081,1.016,34.37,0.27,34.37,0.26,0.54,34.37,0.27,0.55,34.37,0.27,0.55,34.53,0.29,0.63
27552,5754,6041,1.016,34.89,0.27,34.88,0.26,0.40,34.90,0.27,0.40,34.90,0.27,0.40,,,
27558,5749,6221,1.016,34.19,0.12,34.19,0.12,0.39,34.19,0.12,0.40,34.19,0.13,0.40,34.30,0.11,0.54
27564,8948,9287,1.024,35.41,0.24,35.40,0.24,0.35,35.41,0.24,0.39,35.41,0.25,0.40,,,
27570,4631,5032,1.013,34.23,0.14,34.24,0.14,0.55,34.23,0.14,0.55,34.23,0.14,0.55,34.46,0.13,0.63
27572,7925,8365,1.022,35.01,0.24,35.00,0.23,0.46,35.01,0.24,0.47,35.01,0.24,0.46,,,
27574,5768,6136,1.016,34.37,0.39,34.37,0.38,0.55,34.38,0.39,0.56,34.37,0.40,0.56,,,
27606,2505,3117,1.008,32.72,0.17,,,,,,,,,,32.72,0.17,0.50
27613,5600,5933,1.016,34.49,0.16,34.48,0.16,0.52,34.49,0.16,0.53,34.49,0.16,0.52,,,
27615,9878,10242,1.027,35.63,0.14,35.64,0.14,0.35,35.63,0.14,0.39,35.63,0.14,0.40,,,
27618,7770,8183,1.022,35.20,0.13,35.20,0.13,0.47,35.20,0.13,0.47,35.19,0.13,0.46,,,
27622,1145,1665,1.004,32.27,0.25,32.28,0.25,0.56,32.27,0.25,0.60,32.27,0.26,0.59,,,
27623,728,1341,1.004,31.07,0.46,,,,,,,,,,31.07,0.46,0.66
27630,6562,7035,1.019,35.39,0.15,35.35,0.15,0.35,35.39,0.15,0.39,35.42,0.15,0.40,,,
27634,6735,7043,1.019,34.83,0.13,34.83,0.13,0.50,34.82,0.13,0.51,34.83,0.13,0.50,34.92,0.12,0.60
27640,10128,10492,1.028,35.81,0.21,35.79,0.20,0.35,35.81,0.21,0.39,35.82,0.21,0.40,35.47,0.22,0.48
27641,4877,5028,1.013,33.54,0.21,33.53,0.21,0.44,33.54,0.21,0.44,33.55,0.22,0.43,33.39,0.22,0.56
27645,8426,8929,1.024,35.45,0.40,35.45,0.39,0.35,35.46,0.40,0.39,35.44,0.41,0.40,,,
27651,6498,6971,1.018,35.09,0.27,35.09,0.26,0.45,35.09,0.27,0.45,35.10,0.27,0.44,,,
27659,14378,14905,1.039,36.91,0.18,36.90,0.18,0.35,36.92,0.18,0.39,36.92,0.18,0.40,,,
27666,6991,7260,1.019,34.40,0.17,34.39,0.17,0.35,34.40,0.17,0.39,34.41,0.17,0.40,34.49,0.17,0.48
27681,6090,6563,1.017,34.39,0.12,34.37,0.12,0.35,34.39,0.12,0.39,34.40,0.12,0.40,34.58,0.10,0.48
27690,2233,2848,1.008,33.07,0.30,,,,,,,,,,33.07,0.30,0.57
27699,11224,11516,1.030,36.05,0.13,36.05,0.13,0.35,36.05,0.13,0.39,36.05,0.13,0.40,,,
27711,4923,5395,1.014,34.40,0.15,34.40,0.15,0.52,34.40,0.15,0.52,34.41,0.15,0.52,34.59,0.14,0.61
27727,9530,9515,1.025,35.64,0.18,35.63,0.17,0.35,35.64,0.18,0.39,35.65,0.18,0.40,35.71,0.18,0.48
27734,1859,2375,1.006,31.76,0.16,31.78,0.16,0.51,31.76,0.16,0.51,31.75,0.16,0.51,31.47,0.16,0.61
27735,4248,4813,1.013,33.64,0.21,,,,,,,,,,33.64,0.21,0.50
27736,8303,8822,1.023,34.33,0.17,34.34,0.17,0.56,34.32,0.17,0.58,34.32,0.18,0.58,,,
27743,4550,4856,1.013,34.79,0.23,34.80,0.22,0.56,34.79,0.23,0.60,34.79,0.23,0.59,,,
27744,7763,8079,1.021,35.52,0.15,35.52,0.15,0.35,35.52,0.15,0.39,35.52,0.15,0.40,,,
27747,1623,2194,1.006,32.52,0.35,,,,,,,,,,32.52,0.35,0.64
27774,3352,3954,1.010,33.54,0.31,,,,,,,,,,33.54,0.31,0.61
27780,8444,8778,1.023,35.04,0.14,35.04,0.14,0.35,35.04,0.14,0.39,35.04,0.14,0.40,,,
27795,2405,2991,1.008,33.90,0.31,,,,,,,,,,33.90,0.31,0.48
27796,4800,5202,1.014,34.05,0.14,34.04,0.13,0.35,34.06,0.14,0.39,34.06,0.14,0.40,34.16,0.12,0.48
27799,5504,6088,1.016,34.22,0.23,,,,,,,,,,34.22,0.23,0.48
27803,7371,7912,1.021,35.06,0.14,35.06,0.14,0.35,35.07,0.14,0.39,35.07,0.14,0.40,,,
27810,2460,3045,1.008,33.39,0.25,,,,,,,,,,33.39,0.25,0.55
27826,8480,8767,1.023,35.63,0.18,35.62,0.17,0.35,35.63,0.18,0.39,35.63,0.18,0.40,35.76,0.18,0.48
27839,13187,13545,1.036,37.25,0.27,37.26,0.26,0.35,37.21,0.27,0.39,37.28,0.27,0.40,,,
27845,3232,3094,1.008,33.00,0.18,,,,,,,,,,33.00,0.18,0.52
27856,2342,2955,1.008,32.92,0.18,,,,,,,,,,32.92,0.18,0.64
27903,949,1564,1.004,30.45,0.33,,,,,,,,,,30.45,0.33,0.66
27912,6931,7291,1.019,35.26,0.14,35.26,0.14,0.46,35.27,0.14,0.46,35.26,0.14,0.45,,,
27946,5323,5815,1.015,34.38,0.18,34.36,0.17,0.35,34.38,0.18,0.39,34.39,0.18,0.40,34.52,0.18,0.48
27954,5396,5783,1.015,34.56,0.16,34.57,0.16,0.56,34.55,0.16,0.58,34.56,0.17,0.57,,,
27959,3125,3612,1.010,33.42,0.18,33.43,0.18,0.54,33.42,0.18,0.54,33.41,0.18,0.54,,,
27962,3872,4480,1.012,33.73,0.31,,,,,,,,,,33.73,0.31,0.50
27966,699,1315,1.003,30.88,0.51,,,,,,,,,,30.88,0.51,0.66
27968,2913,3421,1.009,33.60,0.22,33.60,0.21,0.56,33.59,0.22,0.57,33.60,0.22,0.57,33.75,0.23,0.64
27978,788,1404,1.004,29.70,0.45,,,,,,,,,,29.70,0.45,0.53
27981,3561,4078,1.011,33.51,0.15,33.52,0.14,0.35,33.52,0.15,0.39,33.51,0.15,0.40,33.40,0.14,0.51
27987,6702,6992,1.018,34.30,0.21,34.30,0.21,0.54,34.30,0.21,0.54,34.31,0.22,0.54,,,
27996,6096,6378,1.017,34.73,0.20,34.73,0.20,0.35,34.74,0.20,0.39,34.74,0.21,0.40,,,
27997,1742,2271,1.006,33.02,0.28,33.02,0.27,0.56,33.01,0.28,0.59,33.02,0.29,0.59,,,
28010,1675,2211,1.006,32.08,0.14,32.08,0.14,0.50,32.08,0.14,0.50,32.09,0.14,0.50,32.13,0.13,0.60
28018,4600,4524,1.012,34.00,0.20,33.99,0.19,0.43,34.00,0.20,0.44,34.01,0.20,0.43,34.05,0.21,0.56
28026,2900,3414,1.009,33.25,0.20,33.23,0.20,0.37,33.25,0.20,0.39,33.27,0.21,0.40,33.12,0.21,0.52
28031,6585,6867,1.018,34.69,0.14,34.71,0.14,0.46,34.69,0.14,0.46,34.68,0.14,0.45,,,
28033,5794,6323,1.017,34.38,0.13,34.37,0.13,0.35,34.38,0.13,0.39,34.39,0.13,0.40,34.32,0.12,0.48
28034,5825,6316,1.017,34.87,0.15,34.87,0.15,0.45,34.87,0.15,0.45,34.87,0.15,0.44,34.94,0.14,0.57
28044,863,1289,1.003,31.52,0.33,,,,,,,,,,31.52,0.33,0.65
28052,3679,4123,1.011,34.34,0.19,34.35,0.18,0.52,34.34,0.19,0.52,34.32,0.19,0.52,,,
28053,4188,4804,1.013,34.22,0.22,,,,,,,,,,34.22,0.22,0.56
28081,5889,6332,1.017,34.20,0.23,34.20,0.22,0.35,34.20,0.23,0.39,34.20,0.23,0.40,34.10,0.24,0.48
28087,1585,2128,1.006,32.64,0.15,,,,,,,,,,32.64,0.15,0.64
28088,7199,7587,1.020,35.50,0.13,35.49,0.13,0.35,35.50,0.13,0.39,35.50,0.13,0.40,35.36,0.11,0.48
28093,726,1344,1.004,33.26,0.58,,,,,,,,,,33.26,0.58,0.66
28098,1746,1556,1.004,32.07,0.19,,,,,,,,,,32.07,0.19,0.66
28101,1659,2199,1.006,32.12,0.27,32.11,0.26,0.56,32.11,0.27,0.60,32.14,0.27,0.59,,,
28103,8458,8927,1.024,35.72,0.30,35.71,0.29,0.50,35.72,0.30,0.50,35.72,0.31,0.50,,,
28117,4012,4629,1.012,33.65,0.23,,,,,,,,,,33.65,0.23,0.49
28126,4730,4893,1.013,34.34,0.32,34.33,0.30,0.49,34.34,0.32,0.49,34.35,0.32,0.48,34.36,0.35,0.59
28128,6857,7222,1.019,34.80,0.13,34.79,0.13,0.39,34.80,0.13,0.40,34.81,0.13,0.40,34.86,0.11,0.53
28136,1209,1765,1.005,31.17,0.28,31.17,0.27,0.56,31.16,0.28,0.60,31.18,0.28,0.59,31.40,0.30,0.66
28146,7355,7755,1.020,35.26,0.12,35.27,0.12,0.35,35.26,0.12,0.39,35.25,0.12,0.40,,,
28147,2502,3118,1.008,32.50,0.27,,,,,,,,,,32.50,0.27,0.57
28148,1687,2218,1.006,31.97,0.15,31.98,0.15,0.56,31.97,0.15,0.57,31.97,0.16,0.57,32.02,0.15,0.64
28159,5728,6173,1.016,34.87,0.12,34.87,0.12,0.35,34.87,0.12,0.39,34.87,0.12,0.40,35.08,0.10,0.48
28167,11984,12395,1.033,37.25,0.28,37.24,0.27,0.35,37.25,0.28,0.39,37.26,0.29,0.40,,,
28186,1448,1743,1.005,31.25,0.13,31.25,0.13,0.49,31.25,0.13,0.49,31.26,0.13,0.48,31.42,0.12,0.59
28196,4800,4990,1.013,33.81,0.23,33.79,0.22,0.35,33.82,0.23,0.39,33.83,0.23,0.40,33.85,0.24,0.48
28197,3158,3134,1.008,33.46,0.30,33.46,0.29,0.53,33.46,0.30,0.54,33.47,0.31,0.53,33.43,0.33,0.62
28206,6356,6937,1.018,34.61,0.38,,,,,,,,,,34.61,0.38,0.52
28224,4426,5040,1.013,33.68,0.22,,,,,,,,,,33.68,0.22,0.59
28228,4661,4941,1.013,34.12,0.25,34.12,0.24,0.46,34.13,0.25,0.46,34.13,0.26,0.45,,,
28242,7253,7654,1.020,34.69,0.18,34.69,0.17,0.43,34.69,0.18,0.43,34.69,0.18,0.42,,,
28246,2585,3202,1.008,32.88,0.22,,,,,,,,,,32.88,0.22,0.48
28248,5789,6244,1.016,34.20,0.13,34.20,0.13,0.44,34.20,0.13,0.44,34.20,0.13,0.43,34.26,0.11,0.56
28254,5077,5571,1.015,34.37,0.23,34.36,0.22,0.38,34.37,0.23,0.39,34.37,0.23,0.40,,,
28271,8730,9215,1.024,34.56,0.16,34.57,0.15,0.45,34.56,0.16,0.45,34.55,0.16,0.44,34.24,0.15,0.57
28274,5482,5975,1.016,34.51,0.19,34.50,0.19,0.35,34.51,0.19,0.39,34.52,0.19,0.40,34.48,0.20,0.48
28283,2565,3182,1.008,32.58,0.21,,,,,,,,,,32.58,0.21,0.48
28295,8732,9201,1.024,35.66,0.22,35.64,0.21,0.36,35.66,0.22,0.39,35.67,0.22,0.40,,,
28296,1300,1768,1.005,32.02,0.20,32.01,0.20,0.53,32.01,0.20,0.53,32.03,0.21,0.52,32.11,0.21,0.62
28304,6553,6840,1.018,34.45,0.14,34.46,0.14,0.55,34.44,0.14,0.56,34.45,0.14,0.55,,,
28313,1804,2421,1.006,32.73,0.19,,,,,,,,,,32.73,0.19,0.55
28324,1281,1751,1.005,32.09,0.14,32.09,0.13,0.53,32.09,0.14,0.53,32.10,0.14,0.53,32.24,0.12,0.62
28341,8710,9034,1.024,35.81,0.28,35.81,0.27,0.35,35.82,0.28,0.39,35.81,0.28,0.40,,,
28343,8491,8883,1.023,35.41,0.24,35.41,0.23,0.35,35.42,0.24,0.39,35.42,0.24,0.40,,,
28351,1427,1769,1.005,31.80,0.15,31.81,0.15,0.55,31.80,0.15,0.56,31.79,0.15,0.56,31.65,0.14,0.64
28352,4884,5408,1.014,34.65,0.24,34.66,0.24,0.54,34.65,0.24,0.55,34.63,0.25,0.55,,,
28357,1512,1807,1.005,31.92,0.21,31.92,0.21,0.47,31.92,0.21,0.47,31.91,0.21,0.46,31.63,0.22,0.58
28366,5033,5528,1.015,34.41,0.23,34.39,0.23,0.35,34.42,0.23,0.39,34.43,0.24,0.40,34.51,0.25,0.48
28368,8553,9001,1.024,35.06,0.29,35.06,0.28,0.35,35.06,0.29,0.39,35.06,0.30,0.40,,,
28370,1528,1828,1.005,31.87,0.25,31.87,0.25,0.56,31.87,0.25,0.60,31.87,0.26,0.59,,,
28376,2487,3105,1.008,32.79,0.26,,,,,,,,,,32.79,0.26,0.48
28378,391,893,1.002,31.30,0.52,31.30,0.50,0.56,31.31,0.52,0.60,31.30,0.52,0.59,,,
28380,2275,2873,1.008,32.95,0.34,,,,,,,,,,32.95,0.34,0.63
28396,2664,3220,1.009,33.40,0.42,33.41,0.40,0.56,33.41,0.42,0.60,33.40,0.43,0.59,,,
28400,2744,3205,1.008,32.91,0.21,32.91,0.21,0.56,32.90,0.21,0.60,32.91,0.22,0.59,,,
28403,3741,4342,1.011,33.89,0.27,,,,,,,,,,33.89,0.27,0.55
28416,2625,3243,1.009,32.68,0.31,,,,,,,,,,32.68,0.31,0.60
28421,4711,5129,1.014,34.17,0.14,34.18,0.14,0.48,34.17,0.14,0.48,34.15,0.14,0.48,,,
28452,4799,5335,1.014,34.37,0.19,34.36,0.19,0.35,34.37,0.19,0.39,34.37,0.19,0.40,,,
28461,4217,4838,1.013,34.28,0.40,,,,,,,,,,34.28,0.40,0.64
28463,2723,3272,1.009,33.79,0.25,33.78,0.24,0.56,33.78,0.25,0.60,33.80,0.26,0.59,,,
28485,1288,1730,1.005,31.87,0.22,31.86,0.22,0.38,31.87,0.22,0.39,31.87,0.23,0.40,,,
28492,1986,2599,1.007,32.55,0.21,,,,,,,,,,32.55,0.21,0.60
28511,8926,9402,1.025,35.96,0.27,35.94,0.26,0.41,35.96,0.27,0.41,35.97,0.27,0.40,35.96,0.29,0.54
28517,1094,1635,1.004,31.28,0.13,31.27,0.12,0.42,31.29,0.13,0.42,31.30,0.13,0.41,31.60,0.11,0.55
28520,6080,6616,1.017,34.68,0.14,34.68,0.14,0.39,34.69,0.14,0.40,34.69,0.14,0.40,,,
28531,6249,6746,1.018,34.82,0.13,34.81,0.13,0.48,34.82,0.13,0.48,34.82,0.13,0.47,,,
28534,4274,4894,1.013,33.94,0.19,,,,,,,,,,33.94,0.19,0.55
28557,4052,4441,1.012,34.04,0.23,34.02,0.23,0.39,34.04,0.23,0.40,34.05,0.24,0.40,34.13,0.25,0.53
28565,1219,1838,1.005,32.48,0.57,,,,,,,,,,32.48,0.57,0.66
28570,3505,4119,1.011,33.31,0.46,,,,,,,,,,33.31,0.46,0.49
28571,2140,2761,1.007,32.81,0.25,,,,,,,,,,32.81,0.25,0.48
28582,6405,6737,1.018,34.88,0.29,34.89,0.28,0.53,34.88,0.29,0.53,34.87,0.30,0.53,,,
28587,5153,5662,1.015,34.65,0.30,34.65,0.29,0.56,34.65,0.30,0.58,34.65,0.31,0.58,,,
28588,5821,6288,1.017,34.65,0.18,34.65,0.18,0.54,34.65,0.18,0.54,34.65,0.18,0.54,,,
28590,1336,1831,1.005,31.96,0.23,31.97,0.22,0.53,31.96,0.23,0.53,31.95,0.23,0.53,31.80,0.24,0.62
28595,9886,10331,1.027,35.96,0.60,35.97,0.57,0.42,35.98,0.60,0.43,35.93,0.61,0.42,,,
28607,2312,2931,1.008,31.23,0.49,,,,,,,,,,31.23,0.49,0.65
28611,7185,7646,1.020,35.20,0.27,35.21,0.26,0.35,35.20,0.27,0.39,35.20,0.27,0.40,,,
28617,1638,2164,1.006,32.34,0.22,32.34,0.21,0.42,32.35,0.22,0.42,32.35,0.22,0.41,32.34,0.23,0.55
28630,121,46,1.000,27.65,0.20,27.61,0.20,0.35,27.69,0.20,0.39,,,,28.17,0.21,0.48
28631,3625,4070,1.011,33.67,0.16,33.67,0.16,0.35,33.68,0.16,0.39,33.67,0.16,0.40,,,
28636,1231,1122,1.003,30.76,0.16,,,,,,,,,,30.76,0.16,0.64
28656,9093,9696,1.026,35.91,0.19,,,,,,,,,,35.91,0.19,0.48
28664,1923,2544,1.007,32.62,0.27,,,,,,,,,,32.62,0.27,0.62
28667,3007,3626,1.010,34.51,0.41,,,,,,,,,,34.51,0.41,0.57
28672,3111,3142,1.008,32.71,0.19,32.72,0.19,0.49,32.71,0.19,0.49,32.71,0.19,0.48,32.75,0.20,0.59
28676,7066,7479,1.020,35.32,0.20,35.32,0.19,0.37,35.33,0.20,0.39,35.33,0.20,0.40,,,
28680,3564,4006,1.011,33.77,0.13,33.77,0.12,0.35,33.78,0.13,0.39,33.78,0.13,0.40,33.97,0.11,0.48
28700,7468,7880,1.021,35.03,0.12,35.03,0.12,0.35,35.03,0.12,0.39,35.03,0.12,0.40,35.11,0.10,0.48
28716,3625,4068,1.011,33.91,0.15,33.91,0.15,0.55,33.90,0.15,0.57,33.91,0.16,0.56,,,
28718,5793,6375,1.017,34.55,0.16,,,,,,,,,,34.55,0.16,0.48
28734,4000,4585,1.012,34.07,0.53,,,,,,,,,,34.07,0.53,0.60
28741,1973,2498,1.007,32.79,0.14,32.79,0.14,0.56,32.78,0.14,0.57,32.78,0.15,0.57,32.92,0.13,0.64
28758,1430,1728,1.005,33.48,0.25,33.49,0.24,0.55,33.48,0.25,0.56,33.47,0.26,0.56,,,
28778,2368,2990,1.008,32.91,0.25,,,,,,,,,,32.91,0.25,0.57
28781,2142,2763,1.007,31.46,0.55,,,,,,,,,,31.46,0.55,0.66
28795,1365,1626,1.004,31.98,0.19,31.98,0.19,0.56,31.98,0.19,0.59,31.98,0.19,0.58,32.03,0.20,0.65
28800,7973,8422,1.022,34.82,0.23,34.83,0.22,0.35,34.82,0.23,0.39,34.81,0.23,0.40,,,
28801,2117,2739,1.007,32.42,0.38,,,,,,,,,,32.42,0.38,0.64
28803,2116,2738,1.007,32.37,0.33,,,,,,,,,,32.37,0.33,0.63
28805,1428,1738,1.005,31.60,0.15,31.61,0.14,0.46,31.60,0.15,0.46,31.59,0.15,0.46,31.31,0.14,0.57
28818,3826,4348,1.012,33.93,0.15,33.94,0.15,0.56,33.92,0.15,0.59,33.93,0.16,0.59,,,
28821,2765,3248,1.009,33.22,0.16,33.23,0.16,0.56,33.22,0.16,0.57,33.22,0.16,0.56,,,
28828,8360,8784,1.023,35.27,0.16,35.25,0.15,0.35,35.26,0.16,0.39,35.28,0.16,0.40,,,
28830,1215,1371,1.004,32.16,0.22,32.16,0.21,0.56,32.16,0.22,0.59,32.16,0.22,0.59,,,
28832,4523,4977,1.013,34.28,0.23,34.29,0.23,0.52,34.28,0.23,0.53,34.28,0.24,0.52,,,
28833,3452,3913,1.010,33.42,0.19,33.41,0.19,0.44,33.42,0.19,0.44,33.42,0.19,0.43,,,
28840,2512,3135,1.008,31.82,0.25,,,,,,,,,,31.82,0.25,0.60
28855,2673,3277,1.009,33.37,0.21,,,,,,,,,,33.37,0.21,0.59
28874,2151,2775,1.007,33.34,0.29,,,,,,,,,,33.34,0.29,0.49
28880,13251,13800,1.036,36.76,0.21,36.75,0.21,0.35,36.76,0.21,0.39,36.77,0.22,0.40,,,
28882,2416,3039,1.008,32.49,0.32,,,,,,,,,,32.49,0.32,0.52
28909,2176,2799,1.007,32.60,0.14,,,,,,,,,,32.60,0.14,0.48
28918,4346,4926,1.013,34.32,0.30,,,,,,,,,,34.32,0.30,0.56
28919,2421,3043,1.008,32.57,0.26,,,,,,,,,,32.57,0.26,0.48
28939,1864,2397,1.006,32.99,0.12,32.98,0.12,0.35,32.99,0.12,0.39,32.99,0.12,0.40,,,
28949,3980,4508,1.012,33.85,0.18,33.85,0.18,0.46,33.85,0.18,0.47,33.84,0.19,0.46,33.84,0.19,0.58
28951,8855,9266,1.024,36.10,0.64,36.10,0.61,0.45,36.13,0.64,0.45,36.07,0.65,0.44,,,
28955,2712,3334,1.009,33.09,0.69,,,,,,,,,,33.09,0.69,0.66
28959,7259,7739,1.020,35.15,0.23,35.14,0.22,0.35,35.15,0.23,0.39,35.15,0.23,0.40,,,
28973,6819,7219,1.019,34.79,0.14,34.79,0.14,0.35,34.79,0.14,0.39,34.78,0.14,0.40,,,
29022,3451,4070,1.011,34.33,0.29,,,,,,,,,,34.33,0.29,0.63
29028,6120,6526,1.017,34.84,0.12,34.82,0.12,0.35,34.84,0.12,0.39,34.85,0.12,0.40,,,
29032,5250,5738,1.015,34.04,0.14,34.04,0.14,0.38,34.04,0.14,0.39,34.04,0.14,0.40,,,
29034,1557,1820,1.005,32.68,0.21,32.69,0.20,0.56,32.68,0.21,0.58,32.69,0.21,0.58,32.60,0.22,0.65
29036,1424,1727,1.005,32.45,0.25,32.45,0.24,0.56,32.45,0.25,0.59,32.46,0.25,0.59,,,
29043,1419,1689,1.004,32.93,0.24,32.93,0.23,0.56,32.92,0.24,0.60,32.94,0.24,0.59,,,
29050,1196,1267,1.003,30.92,0.12,30.90,0.12,0.35,30.93,0.12,0.39,30.93,0.12,0.40,30.91,0.10,0.48
29064,5150,5447,1.014,33.71,0.30,33.72,0.29,0.52,33.71,0.30,0.53,33.70,0.30,0.52,,,
29082,1896,2323,1.006,32.69,0.24,32.69,0.24,0.56,32.68,0.24,0.60,32.69,0.25,0.59,,,
29093,8911,9372,1.025,35.58,0.24,35.57,0.24,0.41,35.59,0.24,0.42,35.59,0.25,0.41,,,
29096,2673,3278,1.009,33.02,0.14,,,,,,,,,,33.02,0.14,0.48
29101,8449,8855,1.023,35.02,0.47,35.03,0.45,0.44,35.04,0.47,0.44,35.01,0.47,0.43,,,
29111,4827,5245,1.014,34.85,0.14,34.84,0.14,0.53,34.85,0.14,0.54,34.86,0.14,0.53,,,
29126,2856,3345,1.009,33.32,0.15,33.33,0.15,0.56,33.32,0.15,0.57,33.32,0.15,0.56,,,
29127,6038,6602,1.017,34.86,0.25,34.84,0.24,0.35,34.86,0.25,0.39,34.87,0.25,0.40,,,
29136,4598,5208,1.014,34.22,0.28,,,,,,,,,,34.22,0.28,0.51
29141,1866,2364,1.006,32.13,0.27,,,,,,,,,,32.13,0.27,0.56
29156,8167,8639,1.023,35.45,0.13,35.46,0.13,0.43,35.45,0.13,0.43,35.44,0.13,0.42,,,
29157,2428,3049,1.008,32.39,0.31,,,,,,,,,,32.39,0.31,0.61
29166,663,1288,1.003,31.17,0.32,,,,,,,,,,31.17,0.32,0.65
29179,2501,3126,1.008,32.93,0.27,,,,,,,,,,32.93,0.27,0.48
29181,8830,9450,1.025,35.33,0.24,,,,,,,,,,35.33,0.24,0.48
29185,7777,8317,1.022,35.84,0.14,35.84,0.13,0.35,35.83,0.14,0.39,35.84,0.14,0.40,,,
29203,2534,3157,1.008,32.32,0.24,,,,,,,,,,32.32,0.24,0.58
29205,8573,9107,1.024,35.24,0.16,35.22,0.15,0.42,35.24,0.16,0.43,35.25,0.16,0.42,,,
29212,6846,7307,1.019,35.14,0.12,35.15,0.12,0.35,35.14,0.12,0.39,35.14,0.12,0.40,,,
29213,5757,6322,1.017,34.53,0.31,34.51,0.29,0.48,34.53,0.31,0.49,34.53,0.31,0.48,,,
29214,5617,6224,1.016,34.13,0.16,,,,,,,,,,34.13,0.16,0.48
29216,788,1413,1.004,30.72,0.30,,,,,,,,,,30.72,0.30,0.65
29221,2331,2350,1.006,33.85,0.46,33.83,0.44,0.56,33.85,0.46,0.60,33.86,0.47,0.59,,,
29223,9101,9592,1.025,34.64,0.27,34.64,0.26,0.48,34.64,0.27,0.48,34.63,0.27,0.47,,,
29233,3896,4420,1.012,34.07,0.14,34.08,0.14,0.55,34.07,0.14,0.56,34.07,0.14,0.56,,,
29253,3865,4273,1.011,33.77,0.15,33.77,0.15,0.56,33.77,0.15,0.59,33.79,0.15,0.59,,,
29258,3929,4332,1.011,34.13,0.17,34.12,0.16,0.56,34.12,0.17,0.60,34.14,0.17,0.59,,,
29271,9304,9121,1.024,36.07,0.27,,,,,,,,,,36.07,0.27,0.48
29277,3660,4086,1.011,33.85,0.14,33.85,0.13,0.45,33.85,0.14,0.45,33.86,0.14,0.44,,,
29278,2487,3108,1.008,31.88,0.35,,,,,,,,,,31.88,0.35,0.60
29281,2792,3408,1.009,33.82,0.21,,,,,,,,,,33.82,0.21,0.57
29291,6290,6647,1.018,34.28,0.16,34.28,0.16,0.56,34.28,0.16,0.58,34.27,0.16,0.58,,,
29296,1732,1539,1.004,31.41,0.31,31.41,0.30,0.56,31.41,0.31,0.60,31.40,0.31,0.59,,,
29365,1322,1629,1.004,32.77,0.16,32.77,0.16,0.56,32.76,0.16,0.60,32.77,0.16,0.59,,,
29392,9886,10446,1.027,35.82,0.33,35.81,0.32,0.35,35.83,0.33,0.39,35.83,0.34,0.40,,,
29393,3587,4185,1.011,33.16,0.18,,,,,,,,,,33.16,0.18,0.50
29405,4898,5479,1.014,34.83,0.18,,,,,,,,,,34.83,0.18,0.48
29413,2649,3126,1.008,33.15,0.27,33.15,0.26,0.56,33.14,0.27,0.60,33.15,0.27,0.59,,,
29415,1306,1612,1.004,31.96,0.15,31.96,0.14,0.56,31.95,0.15,0.57,31.96,0.15,0.57,32.09,0.14,0.64
29427,678,843,1.002,30.57,0.53,30.57,0.50,0.56,30.58,0.53,0.60,30.56,0.53,0.59,30.55,0.59,0.66
29435,2687,3167,1.008,32.06,0.32,32.07,0.31,0.56,32.06,0.32,0.60,32.05,0.32,0.59,,,
29459,4747,5087,1.013,34.07,0.13,34.07,0.13,0.50,34.07,0.13,0.50,34.07,0.13,0.49,,,
29466,2619,3092,1.008,33.18,0.17,33.18,0.17,0.56,33.17,0.17,0.60,33.19,0.17,0.59,,,
29468,953,1292,1.003,32.08,0.28,32.08,0.27,0.56,32.08,0.28,0.60,32.07,0.29,0.59,,,
29472,1185,1286,1.003,31.08,0.16,31.07,0.15,0.50,31.08,0.16,0.50,31.08,0.16,0.50,31.64,0.15,0.60
29476,12425,12953,1.034,35.45,0.13,35.46,0.13,0.35,35.45,0.13,0.39,35.45,0.13,0.40,,,
29484,5125,5443,1.014,33.79,0.12,33.78,0.12,0.35,33.79,0.12,0.39,33.79,0.12,0.40,,,
29487,1902,2527,1.007,33.27,0.55,,,,,,,,,,33.27,0.55,0.66
29496,6225,6783,1.018,35.14,0.26,35.14,0.25,0.35,35.15,0.26,0.39,35.15,0.27,0.40,,,
29499,4987,5422,1.014,34.03,0.13,34.02,0.13,0.35,34.03,0.13,0.39,34.04,0.13,0.40,34.25,0.11,0.48
29515,6799,7273,1.019,34.88,0.13,34.89,0.13,0.51,34.89,0.13,0.52,34.87,0.13,0.51,,,
29530,810,1436,1.004,30.78,0.24,,,,,,,,,,30.78,0.24,0.60
29567,6247,6579,1.017,34.61,0.15,34.61,0.15,0.35,34.61,0.15,0.39,34.62,0.15,0.40,,,
29577,9282,9908,1.026,35.69,0.32,,,,,,,,,,35.69,0.32,0.48
29588,8152,8603,1.023,35.79,0.20,35.81,0.19,0.35,35.79,0.20,0.39,35.78,0.20,0.40,,,
29603,1418,1732,1.005,32.39,0.31,32.40,0.29,0.56,32.39,0.31,0.60,32.37,0.31,0.59,,,
29614,6279,6822,1.018,34.09,0.25,34.09,0.24,0.53,34.09,0.25,0.53,34.08,0.25,0.53,,,
29631,3722,4144,1.011,33.66,0.17,33.66,0.16,0.35,33.66,0.17,0.39,33.66,0.17,0.40,33.85,0.16,0.48
29641,2419,3045,1.008,33.01,0.35,,,,,,,,,,33.01,0.35,0.65
29660,7704,8215,1.022,34.52,0.14,34.53,0.14,0.51,34.52,0.14,0.51,34.50,0.14,0.50,,,
29691,2541,3166,1.008,32.43,0.21,,,,,,,,,,32.43,0.21,0.56
29698,8126,8576,1.023,34.49,0.12,34.48,0.12,0.35,34.49,0.12,0.39,34.50,0.12,0.40,,,
29708,6214,6611,1.017,34.61,0.12,34.61,0.12,0.35,34.61,0.12,0.39,34.61,0.12,0.40,,,
29715,4693,5048,1.013,33.98,0.13,33.97,0.13,0.35,33.99,0.13,0.39,33.99,0.13,0.40,,,
29716,2214,2804,1.007,32.54,0.22,,,,,,,,,,32.54,0.22,0.53
29717,3256,3259,1.009,34.20,0.41,34.19,0.39,0.56,34.20,0.41,0.60,34.20,0.42,0.59,,,
29727,2199,2821,1.007,32.79,0.26,,,,,,,,,,32.79,0.26,0.61
29743,2322,2950,1.008,32.70,0.13,,,,,,,,,,32.70,0.13,0.52
29746,1378,1894,1.005,32.47,0.18,32.48,0.17,0.56,32.46,0.18,0.60,32.47,0.18,0.59,32.55,0.18,0.66
29747,2669,3147,1.008,32.72,0.18,32.71,0.17,0.48,32.72,0.18,0.49,32.72,0.18,0.48,32.76,0.18,0.59
29749,9396,9926,1.026,36.08,0.22,36.10,0.21,0.35,36.08,0.22,0.39,36.08,0.22,0.40,,,
29759,6527,6973,1.018,34.30,0.17,34.30,0.17,0.35,34.30,0.17,0.39,34.30,0.18,0.40,,,
29778,8316,8937,1.024,35.27,0.28,,,,,,,,,,35.27,0.28,0.48
29781,5112,5707,1.015,34.74,0.45,,,,,,,,,,34.74,0.45,0.59
29792,14847,15181,1.040,36.97,0.49,36.93,0.47,0.52,36.96,0.49,0.53,37.01,0.49,0.52,,,
29798,1149,1687,1.004,31.96,0.23,31.97,0.23,0.56,31.96,0.23,0.60,31.96,0.24,0.59,,,
29802,8248,8670,1.023,35.29,0.13,35.29,0.13,0.35,35.29,0.13,0.39,35.30,0.13,0.40,,,
29813,3546,3984,1.011,33.14,0.16,33.15,0.15,0.56,33.13,0.16,0.59,33.14,0.16,0.59,,,
29841,3332,3956,1.010,33.78,0.22,,,,,,,,,,33.78,0.22,0.48
29853,2443,3066,1.008,33.42,0.38,,,,,,,,,,33.42,0.38,0.65
29865,1547,1952,1.005,32.00,0.16,32.01,0.15,0.56,31.99,0.16,0.59,31.99,0.16,0.59,31.87,0.15,0.66
29866,2911,3367,1.009,33.00,0.18,33.01,0.17,0.56,33.00,0.18,0.60,33.00,0.18,0.59,,,
29888,3859,4486,1.012,34.12,0.28,,,,,,,,,,34.12,0.28,0.54
29892,797,1424,1.004,30.75,0.23,,,,,,,,,,30.75,0.23,0.53
29895,2311,2934,1.008,32.09,0.57,,,,,,,,,,32.09,0.57,0.65
29898,2687,3311,1.009,32.77,0.29,,,,,,,,,,32.77,0.29,0.59
29903,3895,4523,1.012,34.59,0.20,,,,,,,,,,34.59,0.20,0.48
29914,8328,8839,1.023,35.24,0.36,35.24,0.35,0.53,35.25,0.36,0.54,35.25,0.37,0.54,,,
29919,3456,3426,1.009,33.67,0.26,33.65,0.25,0.45,33.67,0.26,0.45,33.68,0.26,0.44,,,
29924,6105,6518,1.017,34.19,0.13,34.19,0.13,0.48,34.19,0.13,0.48,34.19,0.13,0.47,,,
29935,9193,9685,1.025,36.39,0.28,36.37,0.27,0.35,36.39,0.28,0.39,36.40,0.29,0.40,,,
29943,10137,10606,1.028,35.97,0.14,35.97,0.14,0.35,35.97,0.14,0.39,35.97,0.14,0.40,,,
29949,6629,6501,1.017,34.82,0.28,,,,,,,,,,34.82,0.28,0.48
29955,5243,5442,1.014,34.52,0.20,34.52,0.20,0.35,34.52,0.20,0.39,34.51,0.21,0.40,,,
29956,3590,4105,1.011,33.80,0.13,33.80,0.13,0.46,33.80,0.13,0.46,33.81,0.13,0.46,33.65,0.11,0.57
29966,2308,2932,1.008,29.77,1.46,,,,,,,,,,29.77,1.46,0.66
29980,3223,3838,1.010,33.35,0.44,,,,,,,,,,33.35,0.44,0.57
29983,7758,7802,1.021,35.23,0.24,35.22,0.23,0.35,35.23,0.24,0.39,35.24,0.25,0.40,,,
29984,3605,3567,1.009,33.93,0.19,33.93,0.18,0.36,33.94,0.19,0.39,33.94,0.19,0.40,,,
29993,2622,3247,1.009,32.47,0.18,,,,,,,,,,32.47,0.18,0.48
29997,1156,1418,1.004,30.61,0.25,30.60,0.24,0.56,30.61,0.25,0.60,30.63,0.26,0.59,,,
30013,9334,9814,1.026,35.57,0.13,35.57,0.13,0.35,35.56,0.13,0.39,35.56,0.13,0.40,,,
30022,2429,3014,1.008,31.89,0.21,,,,,,,,,,31.89,0.21,0.48
30041,1094,1668,1.004,31.38,0.28,,,,,,,,,,31.38,0.28,0.65
30052,8179,8626,1.023,35.28,0.14,35.28,0.14,0.35,35.28,0.14,0.39,35.29,0.14,0.40,,,
30059,1154,1564,1.004,31.97,0.22,31.98,0.21,0.44,31.98,0.22,0.45,31.97,0.22,0.44,31.85,0.23,0.56
30064,3128,2998,1.008,33.12,0.19,,,,,,,,,,33.12,0.19,0.59
30090,3593,4110,1.011,34.29,0.22,34.26,0.21,0.35,34.29,0.22,0.39,34.31,0.22,0.40,,,
30108,3255,3875,1.010,33.44,0.17,,,,,,,,,,33.44,0.17,0.48
30111,5357,5833,1.015,33.65,0.34,33.66,0.33,0.56,33.66,0.34,0.58,33.65,0.34,0.58,,,
30120,6703,6958,1.018,34.53,0.22,34.52,0.22,0.40,34.53,0.22,0.40,34.54,0.23,0.40,,,
30147,4495,4788,1.013,33.70,0.19,33.70,0.18,0.47,33.70,0.19,0.48,33.70,0.19,0.47,,,
30172,6191,6611,1.017,34.91,0.13,34.91,0.13,0.45,34.91,0.13,0.45,34.90,0.13,0.44,,,
30178,8392,8914,1.023,35.60,0.26,35.59,0.25,0.35,35.61,0.26,0.39,35.61,0.26,0.40,,,
30182,1377,1781,1.005,31.61,0.25,31.62,0.24,0.56,31.60,0.25,0.60,31.60,0.25,0.59,,,
30188,1382,1785,1.005,32.32,0.21,32.32,0.20,0.56,32.31,0.21,0.60,32.32,0.21,0.59,,,
30197,696,879,1.002,30.46,0.14,30.44,0.14,0.43,30.46,0.14,0.43,30.47,0.14,0.42,30.48,0.13,0.55
30214,4906,5263,1.014,34.45,0.23,34.44,0.22,0.35,34.46,0.23,0.39,34.46,0.23,0.40,,,
30231,2407,3023,1.008,32.57,0.30,,,,,,,,,,32.57,0.30,0.58
30244,5401,5872,1.016,35.35,0.30,35.35,0.29,0.35,35.36,0.30,0.39,35.35,0.31,0.40,,,
30252,8366,8889,1.023,35.39,0.22,35.39,0.21,0.49,35.39,0.22,0.49,35.40,0.22,0.49,,,
30256,9536,10025,1.026,35.35,0.28,35.35,0.27,0.39,35.35,0.28,0.40,35.36,0.29,0.40,,,
30257,9683,10312,1.027,35.90,0.18,,,,,,,,,,35.90,0.18,0.48
30263,1213,1592,1.004,32.97,0.25,32.98,0.24,0.53,32.97,0.25,0.54,32.96,0.25,0.53,,,
30308,2594,3218,1.009,32.39,0.32,,,,,,,,,,32.39,0.32,0.48
30322,1259,1319,1.004,31.69,0.35,31.68,0.34,0.55,31.69,0.35,0.57,31.69,0.36,0.56,31.66,0.39,0.64
30328,6196,6588,1.017,34.88,0.12,34.87,0.12,0.35,34.88,0.12,0.39,34.88,0.12,0.40,,,
30341,6319,6694,1.018,34.60,0.42,34.60,0.40,0.54,34.61,0.42,0.55,34.60,0.43,0.54,,,
30351,5536,5956,1.016,34.19,0.13,34.19,0.13,0.39,34.19,0.13,0.39,34.19,0.13,0.40,,,
30358,4013,4425,1.012,33.57,0.12,33.57,0.12,0.35,33.57,0.12,0.39,33.58,0.13,0.40,33.28,0.11,0.48
30364,6660,7197,1.019,34.53,0.14,34.52,0.14,0.35,34.53,0.14,0.39,34.54,0.14,0.40,,,
30370,8387,8920,1.024,35.52,0.53,35.52,0.50,0.35,35.53,0.53,0.39,35.50,0.53,0.40,,,
30372,5291,5492,1.015,34.50,0.29,34.49,0.27,0.50,34.50,0.29,0.51,34.51,0.29,0.50,,,
30409,2559,3175,1.008,28.08,1.54,,,,,,,,,,28.08,1.54,0.66
30422,2360,2952,1.008,33.09,0.25,,,,,,,,,,33.09,0.25,0.63
30430,9566,10066,1.026,35.51,0.18,35.50,0.18,0.35,35.51,0.18,0.39,35.53,0.18,0.40,,,
30453,6501,6855,1.018,34.21,0.34,34.21,0.32,0.54,34.21,0.34,0.54,34.20,0.34,0.54,,,
30462,1268,1328,1.004,32.62,0.31,32.63,0.29,0.56,32.62,0.31,0.57,32.61,0.31,0.57,,,
30464,2989,3471,1.009,33.41,0.16,33.43,0.16,0.56,33.41,0.16,0.58,33.41,0.17,0.57,,,
30484,1177,1085,1.003,31.29,0.36,,,,,,,,,,31.29,0.36,0.64
30487,5051,5635,1.015,33.65,0.23,,,,,,,,,,33.65,0.23,0.59
30489,6753,7228,1.019,35.04,0.16,35.04,0.15,0.35,35.05,0.16,0.39,35.05,0.16,0.40,,,
30492,3595,4224,1.011,33.31,0.37,,,,,,,,,,33.31,0.37,0.65
30498,2720,3347,1.009,33.33,0.27,,,,,,,,,,33.33,0.27,0.48
30500,10967,11553,1.030,35.47,0.30,,,,,,,,,,35.47,0.30,0.48
30510,2977,2802,1.007,32.21,0.46,32.21,0.45,0.56,32.22,0.46,0.60,32.20,0.47,0.59,,,
30513,2639,2695,1.007,34.33,0.33,34.31,0.32,0.52,34.34,0.33,0.53,34.36,0.34,0.52,,,
30531,1254,1720,1.005,32.44,0.25,32.44,0.25,0.56,32.44,0.25,0.57,32.44,0.26,0.57,32.39,0.27,0.64
30534,2442,3058,1.008,33.01,0.26,,,,,,,,,,33.01,0.26,0.48
30549,7023,7343,1.019,35.30,0.19,35.31,0.18,0.36,35.30,0.19,0.39,35.28,0.19,0.40,,,
30562,6073,6429,1.017,34.89,0.18,34.90,0.17,0.35,34.89,0.18,0.39,34.88,0.18,0.40,,,
30569,2229,2277,1.006,33.07,0.24,33.06,0.23,0.47,33.08,0.24,0.47,33.08,0.24,0.46,32.92,0.26,0.58
30591,1772,2388,1.006,32.93,0.28,,,,,,,,,,32.93,0.28,0.61
30604,2215,2703,1.007,33.04,0.14,33.05,0.13,0.53,33.04,0.14,0.53,33.03,0.14,0.53,32.99,0.12,0.62
30628,9599,10080,1.027,35.84,0.19,35.84,0.18,0.35,35.84,0.19,0.39,35.83,0.19,0.40,,,
30630,1237,1706,1.005,32.19,0.14,32.20,0.14,0.55,32.19,0.14,0.56,32.18,0.15,0.55,32.31,0.13,0.63
30637,6684,7219,1.019,34.96,0.13,34.95,0.13,0.40,34.96,0.13,0.41,34.96,0.13,0.40,,,
30645,6269,6627,1.018,34.26,0.13,34.28,0.13,0.42,34.27,0.13,0.43,34.25,0.13,0.42,,,
30646,4225,4823,1.013,33.95,0.19,,,,,,,,,,33.95,0.19,0.48
30659,5453,5899,1.016,33.73,0.38,33.73,0.37,0.47,33.74,0.38,0.47,33.73,0.39,0.47,,,
30663,9836,10319,1.027,35.74,0.39,35.75,0.37,0.35,35.74,0.39,0.39,35.71,0.39,0.40,,,
30667,5237,5864,1.016,34.72,0.24,,,,,,,,,,34.72,0.24,0.56
30669,9705,10167,1.027,35.81,0.25,35.79,0.24,0.38,35.81,0.25,0.39,35.83,0.25,0.40,,,
30670,1064,1488,1.004,32.34,0.13,32.35,0.13,0.46,32.34,0.13,0.46,32.33,0.13,0.45,,,
30673,9939,10433,1.027,36.79,0.46,36.80,0.44,0.35,36.80,0.46,0.39,36.77,0.47,0.40,,,
30675,9259,9745,1.026,35.75,0.27,35.75,0.26,0.35,35.74,0.27,0.39,35.75,0.27,0.40,,,
30684,1969,2507,1.007,32.73,0.18,32.73,0.18,0.50,32.73,0.18,0.50,32.73,0.18,0.49,32.77,0.19,0.59
30685,6302,6855,1.018,34.84,0.14,34.83,0.14,0.40,34.84,0.14,0.41,34.84,0.14,0.40,,,
30688,5424,6051,1.016,34.48,0.24,,,,,,,,,,34.48,0.24,0.56
30694,6642,6933,1.018,34.98,0.21,34.97,0.20,0.35,34.99,0.21,0.39,35.00,0.21,0.40,,,
30697,6902,7124,1.019,34.84,0.20,34.84,0.19,0.35,34.84,0.20,0.39,34.85,0.20,0.40,,,
30714,1270,1621,1.004,31.62,0.16,31.63,0.15,0.56,31.61,0.16,0.60,31.61,0.16,0.59,31.51,0.15,0.66
30716,2823,3446,1.009,32.92,0.15,,,,,,,,,,32.92,0.15,0.53
30753,3588,4214,1.011,33.64,0.18,,,,,,,,,,33.64,0.18,0.51
30759,4542,5145,1.014,34.21,0.23,,,,,,,,,,34.21,0.23,0.51
30774,2284,2899,1.008,33.16,0.25,,,,,,,,,,33.16,0.25,0.50
30780,6507,6872,1.018,34.52,0.13,34.53,0.13,0.48,34.52,0.13,0.48,34.52,0.13,0.47,,,
30789,5508,5964,1.016,34.34,0.38,34.34,0.37,0.55,34.34,0.38,0.56,34.33,0.39,0.55,,,
30850,5163,5531,1.015,34.94,0.24,34.94,0.23,0.53,34.94,0.24,0.54,34.95,0.24,0.54,,,
30855,6139,6567,1.017,34.96,0.20,34.96,0.20,0.39,34.96,0.20,0.40,34.97,0.20,0.40,,,
30862,9794,10276,1.027,,,,,,,,,,,,,,
30867,2401,3004,1.008,32.50,0.21,,,,,,,,,,32.50,0.21,0.52
30885,3398,3923,1.010,33.39,0.13,33.39,0.13,0.49,33.39,0.13,0.50,33.39,0.13,0.49,33.61,0.12,0.59
30891,11353,11748,1.031,36.25,0.19,36.24,0.18,0.35,36.25,0.19,0.39,36.27,0.19,0.40,,,
30892,5019,5393,1.014,33.84,0.13,33.83,0.12,0.35,33.84,0.13,0.39,33.84,0.13,0.40,34.08,0.11,0.48
30895,1308,1652,1.004,32.36,0.13,32.34,0.13,0.35,32.36,0.13,0.39,32.37,0.13,0.40,32.67,0.11,0.48
30912,3642,4272,1.011,34.12,0.47,,,,,,,,,,34.12,0.47,0.65
30915,3525,4154,1.011,33.72,0.32,,,,,,,,,,33.72,0.32,0.59
30919,12336,12885,1.034,35.52,0.21,35.50,0.20,0.43,35.51,0.21,0.44,35.54,0.21,0.43,,,
30928,2805,3285,1.009,33.26,0.17,33.28,0.16,0.53,33.27,0.17,0.54,33.25,0.17,0.54,,,
30933,7777,8028,1.021,35.05,0.17,35.04,0.17,0.35,35.06,0.17,0.39,35.07,0.17,0.40,,,
30955,10519,11051,1.029,35.44,0.21,35.43,0.21,0.37,35.44,0.21,0.39,35.44,0.21,0.40,,,
30961,4163,4370,1.012,33.95,0.25,33.94,0.24,0.41,33.96,0.25,0.41,33.96,0.26,0.40,,,
30971,8728,8926,1.024,35.51,0.16,35.50,0.16,0.35,35.51,0.16,0.39,35.52,0.16,0.40,35.68,0.15,0.48
30976,2759,3384,1.009,32.52,0.40,,,,,,,,,,32.52,0.40,0.63
30978,14731,15135,1.040,36.78,0.16,36.78,0.16,0.35,36.78,0.16,0.39,36.79,0.16,0.40,,,
31011,3008,2884,1.008,33.42,0.30,,,,,,,,,,33.42,0.30,0.60
31037,1000,1535,1.004,31.01,0.16,31.01,0.16,0.56,31.00,0.16,0.60,31.01,0.16,0.59,31.16,0.16,0.66
31052,11343,11875,1.031,35.94,0.24,35.92,0.23,0.38,35.94,0.24,0.39,35.95,0.24,0.40,,,
31053,2258,2883,1.008,32.68,0.43,,,,,,,,,,32.68,0.43,0.62
31058,3526,4153,1.011,33.84,0.32,,,,,,,,,,33.84,0.32,0.58
31059,6183,6568,1.017,34.00,0.12,33.99,0.12,0.35,34.01,0.12,0.39,34.02,0.12,0.40,34.23,0.11,0.48
31063,10801,11118,1.029,35.48,0.12,35.48,0.12,0.35,35.49,0.12,0.39,35.47,0.12,0.40,,,
31066,9829,10312,1.027,35.73,0.27,35.72,0.26,0.35,35.73,0.27,0.39,35.74,0.27,0.40,,,
31068,2681,3297,1.009,32.36,0.27,,,,,,,,,,32.36,0.27,0.53
31075,6254,6629,1.018,34.46,0.12,34.46,0.12,0.35,34.46,0.12,0.39,34.46,0.12,0.40,,,
31076,2357,2956,1.008,32.10,0.27,,,,,,,,,,32.10,0.27,0.60
31084,4578,5194,1.014,33.95,0.17,,,,,,,,,,33.95,0.17,0.51
31094,2177,2802,1.007,32.31,0.43,,,,,,,,,,32.31,0.43,0.60
31097,3636,4263,1.011,33.87,0.42,,,,,,,,,,33.87,0.42,0.64
31109,6135,6706,1.018,34.81,0.38,34.81,0.36,0.46,34.82,0.38,0.46,34.81,0.38,0.45,,,
31125,1029,1100,1.003,30.68,0.26,30.67,0.25,0.56,30.67,0.26,0.60,30.69,0.26,0.59,30.52,0.28,0.66
31126,3423,4053,1.011,32.84,0.42,,,,,,,,,,32.84,0.42,0.60
31130,6408,6953,1.018,35.09,0.18,35.10,0.18,0.54,35.08,0.18,0.55,35.08,0.18,0.55,,,
31145,1814,1786,1.005,32.83,0.33,32.83,0.31,0.46,32.84,0.33,0.47,32.84,0.33,0.46,32.68,0.36,0.58
31147,9740,10225,1.027,35.90,0.25,35.90,0.24,0.35,35.90,0.25,0.39,35.90,0.25,0.40,,,
31154,3321,3951,1.010,33.87,0.16,,,,,,,,,,33.87,0.16,0.48
31178,658,1275,1.003,30.90,0.49,,,,,,,,,,30.90,0.49,0.66
31184,9681,10169,1.027,35.54,0.21,35.53,0.20,0.45,35.54,0.21,0.45,35.54,0.21,0.44,35.48,0.21,0.57
31186,3488,4118,1.011,33.90,0.27,,,,,,,,,,33.90,0.27,0.57
31204,9988,10476,1.028,36.35,0.36,36.33,0.34,0.40,36.35,0.36,0.41,36.36,0.36,0.40,,,
31217,3106,3737,1.010,33.58,0.26,,,,,,,,,,33.58,0.26,0.48
31220,11084,11655,1.031,35.89,0.23,35.89,0.22,0.35,35.89,0.23,0.39,35.89,0.23,0.40,,,
31233,5267,5659,1.015,34.60,0.17,34.59,0.17,0.44,34.60,0.17,0.45,34.60,0.18,0.44,,,
31238,2460,3090,1.008,34.11,0.44,,,,,,,,,,34.11,0.44,0.63
31242,3200,3830,1.010,33.99,0.22,,,,,,,,,,33.99,0.22,0.48
31273,2342,2968,1.008,32.48,0.27,,,,,,,,,,32.48,0.27,0.60
31275,2837,3311,1.009,32.19,0.21,32.21,0.20,0.54,32.19,0.21,0.54,32.18,0.21,0.54,,,
31276,4138,4766,1.013,33.38,0.19,,,,,,,,,,33.38,0.19,0.57
31278,1329,1206,1.003,31.65,0.29,,,,,,,,,,31.65,0.29,0.63
31293,2739,3370,1.009,33.40,0.36,,,,,,,,,,33.40,0.36,0.55
31302,1245,1738,1.005,32.33,0.12,32.32,0.12,0.37,32.33,0.12,0.39,32.33,0.12,0.40,32.47,0.11,0.52
31306,5095,5474,1.014,34.50,0.20,34.50,0.19,0.53,34.49,0.20,0.53,34.50,0.20,0.53,,,
31311,1212,1625,1.004,30.96,0.16,30.97,0.16,0.56,30.96,0.16,0.57,30.95,0.16,0.57,30.81,0.16,0.64
31335,2572,3178,1.008,33.00,0.20,,,,,,,,,,33.00,0.20,0.48
31336,7583,7772,1.021,35.00,0.25,35.00,0.25,0.35,35.00,0.25,0.39,35.01,0.26,0.40,,,
31345,4838,5429,1.014,34.31,0.31,,,,,,,,,,34.31,0.31,0.53
31355,2612,3243,1.009,33.65,0.42,,,,,,,,,,33.65,0.42,0.66
31388,6934,7352,1.019,34.69,0.15,34.66,0.15,0.35,34.70,0.15,0.39,34.72,0.15,0.40,34.67,0.15,0.48
31427,2826,3302,1.009,33.81,0.27,33.82,0.26,0.56,33.81,0.27,0.60,33.80,0.27,0.59,,,
31428,1571,1840,1.005,32.24,0.20,32.23,0.19,0.35,32.25,0.20,0.39,32.26,0.20,0.40,32.30,0.20,0.48
31435,2869,3344,1.009,33.00,0.14,33.01,0.14,0.45,33.00,0.14,0.45,33.00,0.14,0.44,,,
31485,5823,6445,1.017,34.76,0.28,,,,,,,,,,34.76,0.28,0.48
31493,2562,3191,1.008,32.72,0.20,,,,,,,,,,32.72,0.20,0.49
31494,3265,3896,1.010,33.85,0.38,,,,,,,,,,33.85,0.38,0.63
31498,9502,10005,1.026,35.89,0.20,35.87,0.20,0.35,35.89,0.20,0.39,35.90,0.20,0.40,,,
31503,8572,9131,1.024,35.35,0.20,35.35,0.20,0.35,35.35,0.20,0.39,35.35,0.21,0.40,,,
31513,2570,3201,1.008,33.58,0.15,,,,,,,,,,33.58,0.15,0.48
31528,2753,3235,1.009,32.86,0.15,32.87,0.14,0.48,32.86,0.15,0.49,32.85,0.15,0.48,,,
31545,7056,7327,1.019,35.17,0.21,35.16,0.20,0.35,35.18,0.21,0.39,35.19,0.21,0.40,,,
31553,9547,10049,1.026,35.54,0.21,35.53,0.20,0.39,35.54,0.21,0.39,35.54,0.21,0.40,,,
31554,2718,3203,1.008,34.07,0.59,34.08,0.57,0.56,34.08,0.59,0.58,34.04,0.60,0.57,,,
31557,3066,3696,1.010,33.97,0.23,,,,,,,,,,33.97,0.23,0.48
31559,8382,8910,1.023,35.00,0.23,34.99,0.22,0.41,35.00,0.23,0.42,35.01,0.24,0.41,,,
31560,1984,1915,1.005,33.18,0.38,,,,,,,,,,33.18,0.38,0.64
31578,5364,5543,1.015,34.40,0.29,34.40,0.28,0.50,34.40,0.29,0.50,34.39,0.30,0.49,,,
31590,3076,3705,1.010,33.83,0.25,,,,,,,,,,33.83,0.25,0.56
31593,4092,4723,1.013,34.02,0.34,,,,,,,,,,34.02,0.34,0.49
31594,2893,3368,1.009,34.11,0.21,34.12,0.21,0.56,34.11,0.21,0.59,34.12,0.22,0.59,,,
31600,1731,2105,1.006,32.26,0.43,,,,,,,,,,32.26,0.43,0.62
31607,8981,9231,1.024,35.81,0.25,35.80,0.24,0.35,35.81,0.25,0.39,35.81,0.25,0.40,,,
31608,6431,6964,1.018,34.99,0.13,34.98,0.13,0.35,34.99,0.13,0.39,34.99,0.13,0.40,,,
31621,2162,1980,1.005,32.55,0.30,32.56,0.29,0.56,32.55,0.30,0.60,32.55,0.30,0.59,,,
31626,4097,4728,1.013,34.20,0.29,,,,,,,,,,34.20,0.29,0.57
31642,3174,3805,1.010,32.82,0.25,,,,,,,,,,32.82,0.25,0.60
31651,8317,8845,1.023,35.11,0.20,35.10,0.19,0.35,35.12,0.20,0.39,35.12,0.20,0.40,,,
31653,2246,2853,1.008,32.96,0.21,,,,,,,,,,32.96,0.21,0.57
31663,8005,8519,1.022,35.09,0.20,35.08,0.19,0.55,35.09,0.20,0.57,35.10,0.20,0.56,,,
31671,757,981,1.003,30.57,0.32,30.56,0.31,0.55,30.57,0.32,0.56,30.58,0.32,0.55,30.49,0.35,0.63
31677,3470,4099,1.011,33.29,0.17,,,,,,,,,,33.29,0.17,0.48
31683,2795,3426,1.009,33.74,0.26,,,,,,,,,,33.74,0.26,0.52
31687,6463,6930,1.018,34.82,0.12,34.81,0.12,0.35,34.82,0.12,0.39,34.84,0.12,0.40,,,
31690,3590,4220,1.011,33.65,0.30,,,,,,,,,,33.65,0.30,0.62
31695,3701,4331,1.011,32.31,0.44,,,,,,,,,,32.31,0.44,0.65
31708,2364,2529,1.007,32.83,0.20,32.82,0.19,0.43,32.83,0.20,0.43,32.84,0.20,0.42,32.80,0.20,0.55
31712,5113,5494,1.015,34.18,0.20,34.15,0.20,0.39,34.18,0.20,0.40,34.20,0.21,0.40,,,
31713,5768,6137,1.016,34.22,0.26,34.23,0.25,0.47,34.23,0.26,0.47,34.22,0.26,0.46,,,
31720,1577,1736,1.005,32.05,0.31,32.05,0.30,0.56,32.04,0.31,0.60,32.05,0.31,0.59,,,
31723,3859,4482,1.012,33.63,0.20,,,,,,,,,,33.63,0.20,0.48
31725,6535,6996,1.018,35.48,0.15,35.48,0.14,0.35,35.48,0.15,0.39,35.47,0.15,0.40,,,
31729,6238,6630,1.018,33.99,0.38,33.98,0.36,0.35,34.00,0.38,0.39,33.99,0.38,0.40,,,
31732,3476,4107,1.011,33.59,0.36,,,,,,,,,,33.59,0.36,0.65
31738,3100,3730,1.010,32.79,0.32,,,,,,,,,,32.79,0.32,0.61
31761,2482,3105,1.008,32.62,0.15,,,,,,,,,,32.62,0.15,0.53
31762,1137,1550,1.004,32.47,0.25,32.47,0.24,0.56,32.46,0.25,0.60,32.47,0.25,0.59,,,
31804,3444,4072,1.011,34.05,0.26,,,,,,,,,,34.05,0.26,0.57
31805,4458,5088,1.013,33.46,0.29,,,,,,,,,,33.46,0.29,0.49
31809,3455,4086,1.011,33.10,0.41,,,,,,,,,,33.10,0.41,0.66
31812,9635,10265,1.027,35.68,0.30,,,,,,,,,,35.68,0.30,0.48
31825,3370,4000,1.011,34.30,0.50,,,,,,,,,,34.30,0.50,0.66
31829,4157,4787,1.013,33.78,0.32,,,,,,,,,,33.78,0.32,0.61
31834,6093,6617,1.017,34.80,0.22,34.80,0.21,0.42,34.80,0.22,0.42,34.80,0.22,0.41,,,
31858,6482,6942,1.018,35.17,0.13,35.17,0.13,0.35,35.17,0.13,0.39,35.17,0.13,0.40,,,
31864,7362,7778,1.021,33.98,0.23,33.98,0.22,0.46,33.98,0.23,0.46,33.96,0.23,0.45,,,
31867,7851,8387,1.022,35.11,0.24,35.11,0.23,0.35,35.12,0.24,0.39,35.12,0.24,0.40,,,
31875,2884,3506,1.009,33.08,0.27,,,,,,,,,,33.08,0.27,0.53
31880,9260,9875,1.026,35.34,0.16,,,,,,,,,,35.34,0.16,0.48
31883,1169,1643,1.004,32.01,0.23,,,,,,,,,,32.01,0.23,0.48
31887,3410,3805,1.010,33.80,0.16,33.80,0.16,0.40,33.80,0.16,0.40,33.79,0.16,0.40,,,
31889,9647,10131,1.027,35.54,0.17,35.54,0.16,0.38,35.54,0.17,0.39,35.54,0.17,0.40,,,
31893,8116,8641,1.023,35.42,0.18,35.41,0.18,0.35,35.42,0.18,0.39,35.42,0.18,0.40,,,
31909,2199,2829,1.008,32.82,0.50,,,,,,,,,,32.82,0.50,0.66
31919,766,1395,1.004,30.14,0.27,,,,,,,,,,30.14,0.27,0.66
31929,3278,3905,1.010,33.32,0.45,,,,,,,,,,33.32,0.45,0.65
31930,1088,1565,1.004,30.81,0.30,30.80,0.29,0.56,30.81,0.30,0.60,30.81,0.30,0.59,30.44,0.32,0.66
31932,783,1375,1.004,31.29,0.63,,,,,,,,,,31.29,0.63,0.66
31951,4237,4868,1.013,34.45,0.25,,,,,,,,,,34.45,0.25,0.48
31969,6670,6974,1.018,35.45,0.19,35.45,0.18,0.46,35.45,0.19,0.47,35.47,0.19,0.46,,,
31974,2651,3274,1.009,33.16,0.33,,,,,,,,,,33.16,0.33,0.48
31977,5583,6115,1.016,34.54,0.18,34.54,0.18,0.49,34.54,0.18,0.49,34.53,0.18,0.48,,,
31978,4497,5099,1.013,34.13,0.45,,,,,,,,,,34.13,0.45,0.61
31981,3178,3809,1.010,33.61,0.30,,,,,,,,,,33.61,0.30,0.59
31984,6445,6935,1.018,35.64,0.27,35.64,0.26,0.44,35.64,0.27,0.44,35.64,0.27,0.43,,,
31987,3450,4079,1.011,33.85,0.23,,,,,,,,,,33.85,0.23,0.49
31995,2630,3250,1.009,32.82,0.14,,,,,,,,,,32.82,0.14,0.48
31996,1410,1766,1.005,31.91,0.19,31.92,0.19,0.56,31.91,0.19,0.60,31.91,0.19,0.59,31.64,0.20,0.66
32002,8954,9391,1.025,35.72,0.18,35.71,0.18,0.35,35.72,0.18,0.39,35.73,0.19,0.40,,,
32004,3867,3668,1.010,34.01,0.24,34.01,0.24,0.44,34.02,0.24,0.44,34.02,0.25,0.43,,,
32017,8388,9007,1.024,34.23,0.37,,,,,,,,,,34.23,0.37,0.53
32021,6012,6534,1.017,33.91,0.21,33.89,0.20,0.35,33.92,0.21,0.39,33.93,0.21,0.40,33.92,0.22,0.49
32039,2634,3262,1.009,32.93,0.28,,,,,,,,,,32.93,0.28,0.58
32041,919,987,1.003,32.50,0.30,32.51,0.29,0.56,32.50,0.30,0.60,32.50,0.31,0.59,,,
32044,1677,2282,1.006,32.20,0.30,,,,,,,,,,32.20,0.30,0.60
32055,6183,6557,1.017,34.60,0.13,34.60,0.13,0.35,34.60,0.13,0.39,34.60,0.13,0.40,,,
32059,2085,1929,1.005,32.90,0.30,,,,,,,,,,32.90,0.30,0.49
32064,3608,4237,1.011,33.78,0.28,,,,,,,,,,33.78,0.28,0.61
32083,9854,10353,1.027,35.64,0.24,35.64,0.23,0.35,35.65,0.24,0.39,35.64,0.24,0.40,,,
32097,8394,8828,1.023,35.38,0.19,35.37,0.18,0.46,35.38,0.19,0.46,35.39,0.19,0.45,,,
32100,3462,4090,1.011,33.83,0.30,,,,,,,,,,33.83,0.30,0.64
32109,5686,6141,1.016,33.99,0.15,33.99,0.15,0.53,33.99,0.15,0.53,33.99,0.15,0.53,33.93,0.14,0.62
32110,6054,6445,1.017,34.70,0.16,34.69,0.15,0.35,34.70,0.16,0.39,34.70,0.16,0.40,,,
32125,9914,10416,1.027,35.96,0.30,35.95,0.29,0.35,35.96,0.30,0.39,35.97,0.30,0.40,,,
32129,6448,6899,1.018,33.81,0.32,33.81,0.31,0.49,33.82,0.32,0.49,33.81,0.33,0.49,,,
32153,802,1352,1.004,31.25,0.14,31.26,0.14,0.54,31.25,0.14,0.55,31.24,0.14,0.55,31.23,0.13,0.63
32183,1145,1138,1.003,30.95,0.24,30.94,0.23,0.44,30.96,0.24,0.45,30.96,0.24,0.44,30.95,0.25,0.56
32184,3918,4540,1.012,33.57,0.36,,,,,,,,,,33.57,0.36,0.62
32192,753,1241,1.003,30.02,0.23,30.00,0.23,0.35,30.03,0.23,0.39,30.03,0.24,0.40,30.12,0.25,0.48
32196,11249,11815,1.031,35.46,0.29,35.44,0.28,0.35,35.47,0.29,0.39,35.48,0.29,0.40,,,
32204,5724,5752,1.015,34.34,0.22,34.32,0.21,0.46,34.34,0.22,0.46,34.36,0.22,0.45,,,
32206,6217,6587,1.017,34.48,0.25,34.46,0.24,0.35,34.48,0.25,0.39,34.50,0.25,0.40,,,
32207,1171,1619,1.004,32.39,0.21,32.38,0.21,0.39,32.39,0.21,0.40,32.40,0.22,0.40,32.30,0.23,0.54
32243,6482,6854,1.018,34.52,0.14,34.52,0.13,0.35,34.52,0.14,0.39,34.52,0.14,0.40,,,
32245,9373,9714,1.026,35.59,0.13,35.59,0.13,0.35,35.59,0.13,0.39,35.59,0.13,0.40,,,
32251,2575,3068,1.008,32.73,0.14,32.73,0.13,0.44,32.74,0.14,0.45,32.73,0.14,0.44,32.92,0.12,0.56
32259,1618,1921,1.005,32.32,0.19,32.33,0.19,0.56,32.32,0.19,0.60,32.33,0.19,0.59,,,
32264,6301,6656,1.018,35.25,0.20,35.26,0.19,0.35,35.25,0.20,0.39,35.25,0.20,0.40,,,
32276,9266,9768,1.026,35.05,0.25,35.04,0.24,0.51,35.06,0.25,0.51,35.07,0.25,0.51,,,
32282,1620,1923,1.005,32.51,0.33,32.51,0.32,0.56,32.50,0.33,0.60,32.50,0.34,0.59,,,
32306,1171,1654,1.004,31.84,0.18,31.83,0.18,0.46,31.84,0.18,0.46,31.84,0.18,0.45,31.83,0.18,0.57
32321,6699,6657,1.018,34.41,0.18,34.40,0.17,0.35,34.42,0.18,0.39,34.43,0.18,0.40,34.43,0.18,0.48
32343,788,959,1.003,32.04,0.40,32.03,0.39,0.56,32.04,0.40,0.60,32.05,0.41,0.59,,,
32347,2832,3302,1.009,33.36,0.22,33.35,0.21,0.51,33.35,0.22,0.52,33.36,0.22,0.51,,,
32367,7548,7958,1.021,34.91,0.13,34.91,0.13,0.35,34.90,0.13,0.39,34.90,0.13,0.40,,,
32368,1356,1714,1.005,31.57,0.24,31.57,0.23,0.56,31.56,0.24,0.60,31.57,0.25,0.59,31.40,0.26,0.66
32396,7710,8242,1.022,34.79,0.18,34.79,0.18,0.45,34.79,0.18,0.45,34.79,0.19,0.45,,,
32437,1574,1894,1.005,31.35,0.43,31.35,0.41,0.56,31.35,0.43,0.60,31.35,0.43,0.59,,,
32443,9969,10462,1.028,35.98,0.25,35.98,0.24,0.39,35.98,0.25,0.40,35.99,0.25,0.40,,,
32464,1647,1960,1.005,32.56,0.20,32.57,0.20,0.56,32.55,0.20,0.60,32.55,0.21,0.59,,,
32470,5897,6517,1.017,34.70,0.23,,,,,,,,,,34.70,0.23,0.49
32473,4468,5086,1.013,34.57,0.26,,,,,,,,,,34.57,0.26,0.49
32474,1024,1469,1.004,32.14,0.20,32.15,0.20,0.56,32.13,0.20,0.60,32.13,0.21,0.59,,,
32476,5731,6239,1.016,35.82,0.20,35.83,0.19,0.35,35.82,0.20,0.39,35.81,0.20,0.40,,,
32519,7123,7402,1.020,34.83,0.24,34.81,0.23,0.44,34.83,0.24,0.44,34.85,0.24,0.43,,,
32527,4094,4519,1.012,33.99,0.12,33.99,0.12,0.35,33.99,0.12,0.39,33.99,0.12,0.40,,,
32531,5121,5741,1.015,34.35,0.21,,,,,,,,,,34.35,0.21,0.48
32532,1127,1485,1.004,32.02,0.16,32.04,0.15,0.56,32.02,0.16,0.59,32.01,0.16,0.59,31.84,0.15,0.66
32540,2949,3421,1.009,33.15,0.13,33.15,0.13,0.52,33.15,0.13,0.52,33.16,0.13,0.51,33.25,0.12,0.61
32542,675,1300,1.003,31.01,0.49,,,,,,,,,,31.01,0.49,0.66
32550,1790,2414,1.006,32.14,0.19,,,,,,,,,,32.14,0.19,0.61
32552,7869,8374,1.022,35.26,0.17,35.25,0.17,0.35,35.26,0.17,0.39,35.27,0.17,0.40,,,
32564,2997,3075,1.008,33.01,0.23,33.03,0.22,0.51,33.01,0.23,0.51,33.00,0.23,0.51,,,
32565,4457,5081,1.013,34.29,0.25,,,,,,,,,,34.29,0.25,0.53
32570,869,1403,1.004,31.69,0.18,31.69,0.18,0.56,31.68,0.18,0.60,31.70,0.18,0.59,31.73,0.18,0.66
32581,6718,7175,1.019,34.73,0.24,34.73,0.23,0.46,34.73,0.24,0.46,34.74,0.24,0.45,,,
32584,1471,1782,1.005,31.47,0.14,31.48,0.13,0.50,31.47,0.14,0.50,31.45,0.14,0.49,,,
32612,5332,5813,1.015,34.08,0.16,34.09,0.16,0.53,34.08,0.16,0.53,34.07,0.16,0.53,,,
32614,1558,1868,1.005,32.44,0.19,32.42,0.19,0.35,32.44,0.19,0.39,32.46,0.19,0.40,32.44,0.20,0.48
32633,6393,6905,1.018,34.78,0.28,34.78,0.27,0.35,34.79,0.28,0.39,34.78,0.29,0.40,,,
32637,8430,8461,1.022,35.03,0.32,35.03,0.31,0.35,35.04,0.32,0.39,35.03,0.33,0.40,,,
32643,606,881,1.002,30.45,0.32,30.44,0.31,0.53,30.46,0.32,0.53,30.47,0.33,0.53,30.65,0.36,0.62
32644,6240,6739,1.018,34.78,0.12,34.77,0.12,0.36,34.78,0.12,0.39,34.78,0.12,0.40,,,
32645,1030,1457,1.004,31.03,0.19,31.03,0.18,0.56,31.03,0.19,0.60,31.04,0.19,0.59,,,
32648,1195,1596,1.004,31.87,0.14,31.87,0.14,0.41,31.87,0.14,0.42,31.87,0.14,0.41,31.64,0.13,0.55
32652,1560,1856,1.005,32.47,0.17,32.49,0.17,0.56,32.47,0.17,0.58,32.46,0.17,0.57,,,
32666,2983,3610,1.010,33.15,0.15,,,,,,,,,,33.15,0.15,0.48
32670,9250,9748,1.026,35.51,0.13,35.50,0.13,0.35,35.51,0.13,0.39,35.52,0.13,0.40,,,
32671,1025,1469,1.004,32.04,0.20,32.04,0.20,0.56,32.04,0.20,0.58,32.04,0.21,0.58,31.86,0.21,0.65
32676,13458,13835,1.036,36.42,0.13,36.43,0.13,0.35,36.42,0.13,0.39,36.41,0.13,0.40,,,
32678,1452,1585,1.004,32.89,0.34,32.88,0.33,0.56,32.88,0.34,0.59,32.89,0.35,0.59,,,
32679,1711,2012,1.005,31.77,0.39,31.78,0.38,0.56,31.78,0.39,0.60,31.76,0.40,0.59,,,
32705,7738,7866,1.021,34.74,0.17,34.73,0.16,0.35,34.74,0.17,0.39,34.74,0.17,0.40,34.87,0.17,0.48
32706,1841,2141,1.006,33.27,0.20,33.28,0.19,0.56,33.27,0.20,0.58,33.26,0.20,0.57,,,
32707,3747,4374,1.012,32.91,0.38,32.91,0.37,0.48,32.92,0.38,0.48,32.91,0.39,0.47,32.68,0.43,0.59
32709,6278,6645,1.018,34.83,0.12,34.82,0.12,0.35,34.83,0.12,0.39,34.82,0.12,0.40,,,
32714,2010,2069,1.005,32.76,0.20,32.76,0.19,0.54,32.76,0.20,0.55,32.77,0.20,0.54,32.79,0.21,0.63
32719,1443,1321,1.004,32.19,0.15,,,,,,,,,,32.19,0.15,0.57
32753,6338,6916,1.018,35.00,0.18,,,,,,,,,,35.00,0.18,0.48
32754,1275,1639,1.004,32.34,0.18,32.34,0.17,0.51,32.34,0.18,0.51,32.34,0.18,0.51,32.24,0.18,0.61
32760,7188,7470,1.020,35.70,0.13,35.69,0.13,0.35,35.70,0.13,0.39,35.70,0.13,0.40,,,
32763,991,1437,1.004,31.37,0.21,31.37,0.20,0.56,31.37,0.21,0.57,31.36,0.21,0.57,31.31,0.22,0.64
32767,991,1438,1.004,32.02,0.25,32.02,0.24,0.54,32.02,0.25,0.54,32.02,0.25,0.54,31.83,0.27,0.62
32768,9343,9833,1.026,35.67,0.16,35.67,0.16,0.43,35.67,0.16,0.43,35.67,0.16,0.42,,,
32773,9294,9787,1.026,36.22,0.27,36.24,0.26,0.35,36.22,0.27,0.39,36.20,0.28,0.40,,,
32774,1466,1556,1.004,32.53,0.19,32.50,0.18,0.35,32.53,0.19,0.39,32.55,0.19,0.40,32.66,0.19,0.50
32778,3464,4090,1.011,33.39,0.29,33.37,0.28,0.35,33.40,0.29,0.39,33.41,0.30,0.40,33.47,0.32,0.48
32786,5282,5295,1.014,34.46,0.30,34.44,0.29,0.35,34.47,0.30,0.39,34.47,0.31,0.40,,,
32788,9839,10307,1.027,36.11,0.27,36.09,0.26,0.37,36.11,0.27,0.39,36.11,0.27,0.40,,,
32813,3668,4298,1.011,33.94,0.22,,,,,,,,,,33.94,0.22,0.48
32821,1876,2504,1.007,,,,,,,,,,,,,,
32845,9478,9978,1.026,35.47,0.13,35.47,0.13,0.45,35.47,0.13,0.45,35.48,0.13,0.44,,,
32869,3042,3670,1.010,33.83,0.18,,,,,,,,,,33.83,0.18,0.50
32870,1482,1706,1.005,32.94,0.54,32.94,0.51,0.56,32.95,0.54,0.60,32.94,0.54,0.59,,,
32871,8025,8487,1.022,35.47,0.17,35.45,0.17,0.45,35.47,0.17,0.45,35.49,0.17,0.44,,,
32907,6439,6958,1.018,34.41,0.19,34.39,0.18,0.51,34.41,0.19,0.52,34.43,0.19,0.51,,,
32922,9838,10302,1.027,35.65,0.25,35.67,0.24,0.35,35.66,0.25,0.39,35.63,0.25,0.40,,,
32985,6466,7046,1.019,34.66,0.15,,,,,,,,,,34.66,0.15,0.50
33003,4194,4725,1.013,34.49,0.29,34.49,0.28,0.52,34.49,0.29,0.52,34.48,0.29,0.51,,,
33012,6354,6743,1.018,35.03,0.22,35.06,0.22,0.35,35.03,0.22,0.39,35.01,0.23,0.40,,,
33019,6464,6997,1.018,34.61,0.19,34.61,0.18,0.53,34.61,0.19,0.53,34.61,0.19,0.53,,,
33034,2554,3133,1.008,33.20,0.21,,,,,,,,,,33.20,0.21,0.52
33041,5995,6377,1.017,34.60,0.13,34.59,0.13,0.35,34.60,0.13,0.39,34.60,0.13,0.40,,,
33053,4288,4902,1.013,34.46,0.35,,,,,,,,,,34.46,0.35,0.48
33054,10152,10629,1.028,35.66,0.13,35.67,0.13,0.38,35.66,0.13,0.39,35.65,0.14,0.40,,,
33058,11651,12172,1.032,36.07,0.13,36.09,0.13,0.35,36.06,0.13,0.39,36.05,0.13,0.40,,,
33074,2254,2264,1.006,31.51,0.35,31.52,0.34,0.55,31.51,0.35,0.56,31.49,0.36,0.55,,,
33101,6716,6892,1.018,34.42,0.19,34.40,0.18,0.35,34.42,0.19,0.39,34.43,0.19,0.40,34.63,0.19,0.48
33108,2797,3412,1.009,33.29,0.24,,,,,,,,,,33.29,0.24,0.59
33147,6143,6626,1.018,34.83,0.15,34.83,0.14,0.39,34.83,0.15,0.40,34.83,0.15,0.40,,,
33148,9902,10399,1.027,36.35,0.24,36.36,0.24,0.35,36.35,0.24,0.39,36.35,0.25,0.40,,,
33166,633,980,1.003,30.48,0.38,30.47,0.37,0.49,30.49,0.38,0.49,30.49,0.39,0.48,30.50,0.42,0.59
33167,7959,8558,1.023,35.21,0.24,,,,,,,,,,35.21,0.24,0.48
33174,9163,9661,1.025,35.55,0.21,35.53,0.20,0.35,35.55,0.21,0.39,35.56,0.21,0.40,,,
33175,10333,10673,1.028,35.75,0.22,35.74,0.21,0.35,35.74,0.22,0.39,35.76,0.22,0.40,,,
33188,2305,2317,1.006,32.66,0.36,32.66,0.35,0.56,32.66,0.36,0.60,32.66,0.37,0.59,,,
33190,10572,11071,1.029,35.64,0.16,35.62,0.16,0.35,35.63,0.16,0.39,35.65,0.17,0.40,,,
33195,8667,9110,1.024,35.13,0.18,35.12,0.18,0.35,35.13,0.18,0.39,35.13,0.18,0.40,,,
33225,1084,1687,1.004,31.27,0.33,,,,,,,,,,31.27,0.33,0.63
33234,953,1490,1.004,31.36,0.24,31.34,0.23,0.44,31.36,0.24,0.44,31.37,0.24,0.43,31.49,0.25,0.56
33238,10019,10358,1.027,36.01,0.13,36.01,0.13,0.35,36.00,0.13,0.39,36.01,0.13,0.40,,,
33242,3102,3154,1.008,33.15,0.28,33.15,0.27,0.45,33.15,0.28,0.45,33.15,0.29,0.44,,,
33249,8853,9211,1.024,35.10,0.16,35.09,0.15,0.35,35.10,0.16,0.39,35.10,0.16,0.40,,,
33269,6637,6803,1.018,35.28,0.20,35.28,0.19,0.35,35.29,0.20,0.39,35.28,0.20,0.40,,,
33270,1261,1665,1.004,32.46,0.26,32.47,0.25,0.56,32.46,0.26,0.60,32.45,0.26,0.59,,,
33271,6211,6602,1.017,34.73,0.33,34.73,0.32,0.47,34.73,0.33,0.47,34.72,0.34,0.46,,,
33276,2835,3286,1.009,33.46,0.14,33.46,0.14,0.52,33.45,0.14,0.53,33.46,0.14,0.52,,,
33278,10273,10769,1.028,35.95,0.32,35.94,0.31,0.40,35.95,0.32,0.40,35.95,0.32,0.40,,,
33281,3562,4184,1.011,34.43,0.44,34.44,0.42,0.56,34.44,0.44,0.60,34.43,0.45,0.59,,,
33294,6617,6796,1.018,34.58,0.21,34.57,0.20,0.35,34.58,0.21,0.39,34.58,0.21,0.40,,,
33310,6439,6962,1.018,34.94,0.24,34.95,0.23,0.46,34.94,0.24,0.46,34.93,0.24,0.45,,,
33322,10539,11037,1.029,36.16,0.40,36.20,0.38,0.54,36.15,0.40,0.54,36.14,0.41,0.54,,,
33329,3686,4314,1.011,33.83,0.35,,,,,,,,,,33.83,0.35,0.59
33333,921,1370,1.004,31.79,0.17,31.80,0.17,0.56,31.79,0.17,0.60,31.79,0.17,0.59,31.52,0.17,0.66
33343,1025,1465,1.004,31.77,0.13,31.78,0.13,0.44,31.77,0.13,0.45,31.76,0.13,0.44,31.82,0.11,0.56
33349,3349,3975,1.011,33.26,0.33,,,,,,,,,,33.26,0.33,0.57
33377,2616,3238,1.009,34.26,0.45,,,,,,,,,,34.26,0.45,0.66
33385,835,1461,1.004,30.62,0.22,,,,,,,,,,30.62,0.22,0.57
33388,6472,6718,1.018,34.93,0.21,34.91,0.21,0.39,34.93,0.21,0.39,34.94,0.22,0.40,34.95,0.23,0.53
33401,7824,8443,1.022,34.84,0.14,34.83,0.14,0.35,34.84,0.14,0.39,34.84,0.14,0.40,34.96,0.13,0.48
33408,660,1006,1.003,30.86,0.15,30.85,0.15,0.56,30.85,0.15,0.59,30.86,0.16,0.59,,,
33461,6840,7367,1.019,34.81,0.37,34.82,0.35,0.40,34.81,0.37,0.41,34.79,0.37,0.40,,,
33463,2521,2878,1.008,34.36,0.36,34.37,0.35,0.50,34.36,0.36,0.50,34.36,0.36,0.50,34.64,0.40,0.60
33467,8638,8991,1.024,36.12,0.23,36.11,0.22,0.35,36.12,0.23,0.39,36.12,0.23,0.40,,,
33474,2856,3474,1.009,33.18,0.46,,,,,,,,,,33.18,0.46,0.66
33480,8138,8446,1.022,34.99,0.30,34.98,0.29,0.50,34.99,0.30,0.51,34.99,0.31,0.50,,,
33495,7465,7750,1.020,34.91,0.15,34.91,0.14,0.35,34.92,0.15,0.39,34.91,0.15,0.40,,,
33496,7486,8017,1.021,35.34,0.16,35.33,0.16,0.35,35.34,0.16,0.39,35.34,0.16,0.40,,,
33497,8315,8825,1.023,34.74,0.36,34.74,0.35,0.53,34.74,0.36,0.53,34.74,0.37,0.53,,,
33505,1234,1861,1.005,30.89,0.44,,,,,,,,,,30.89,0.44,0.66
33529,6165,6698,1.018,34.69,0.15,34.69,0.15,0.54,34.68,0.15,0.54,34.70,0.15,0.54,,,
33539,3439,4065,1.011,34.08,0.45,,,,,,,,,,34.08,0.45,0.66
33549,9885,10232,1.027,35.59,0.13,35.59,0.12,0.35,35.59,0.13,0.39,35.60,0.13,0.40,,,
33550,614,1170,1.003,29.79,0.13,,,,,,,,,,29.79,0.13,0.48
33552,3272,3895,1.010,33.73,0.23,,,,,,,,,,33.73,0.23,0.55
33555,6980,7576,1.020,35.23,0.35,,,,,,,,,,35.23,0.35,0.48
33573,8885,9221,1.024,34.91,0.15,34.91,0.14,0.35,34.91,0.15,0.39,34.91,0.15,0.40,,,
33588,9237,9724,1.026,36.24,0.31,36.23,0.30,0.40,36.24,0.31,0.40,36.25,0.31,0.40,,,
33599,6472,6570,1.017,35.00,0.16,35.00,0.15,0.35,35.00,0.16,0.39,35.00,0.16,0.40,,,
33601,2576,3194,1.008,32.85,0.22,,,,,,,,,,32.85,0.22,0.48
33614,13403,13767,1.036,36.74,0.25,36.72,0.24,0.40,36.75,0.25,0.41,36.74,0.25,0.40,,,
33621,9271,9618,1.025,35.62,0.14,35.62,0.14,0.44,35.62,0.14,0.45,35.63,0.14,0.44,,,
33625,793,994,1.003,30.71,0.47,30.70,0.45,0.56,30.72,0.47,0.60,30.73,0.48,0.59,,,
33633,2281,2402,1.006,32.71,0.24,32.71,0.23,0.50,32.71,0.24,0.51,32.72,0.24,0.50,32.77,0.25,0.60
33635,1265,1780,1.005,31.41,0.15,31.42,0.15,0.56,31.41,0.15,0.58,31.41,0.15,0.58,31.32,0.14,0.65
33642,1420,1903,1.005,32.72,0.14,32.73,0.14,0.53,32.71,0.14,0.54,32.70,0.14,0.53,32.72,0.13,0.62
33643,7633,7811,1.021,35.18,0.19,35.15,0.18,0.35,35.18,0.19,0.39,35.21,0.19,0.40,,,
33645,7922,8433,1.022,35.37,0.16,35.36,0.16,0.35,35.37,0.16,0.39,35.38,0.16,0.40,,,
33647,2824,3443,1.009,32.98,0.16,,,,,,,,,,32.98,0.16,0.48
33659,4066,4668,1.012,34.91,0.33,,,,,,,,,,34.91,0.33,0.59
33660,1105,1539,1.004,31.46,0.18,31.47,0.17,0.56,31.46,0.18,0.60,31.46,0.18,0.59,31.31,0.18,0.66
33688,13443,13916,1.036,36.13,0.19,36.14,0.19,0.35,36.12,0.19,0.39,36.12,0.20,0.40,,,
33705,761,1354,1.004,29.96,0.26,,,,,,,,,,29.96,0.26,0.61
33713,12651,13141,1.034,35.33,0.36,35.35,0.35,0.41,35.33,0.36,0.42,35.31,0.37,0.41,,,
33728,11063,11538,1.030,36.35,0.19,36.37,0.19,0.35,36.34,0.19,0.39,36.35,0.20,0.40,,,
33738,11935,12432,1.033,36.14,0.20,36.14,0.20,0.35,36.14,0.20,0.39,36.15,0.20,0.40,,,
33739,12098,12594,1.033,36.06,0.22,36.05,0.22,0.35,36.06,0.22,0.39,36.07,0.23,0.40,,,
33745,4092,4680,1.012,34.44,0.18,,,,,,,,,,34.44,0.18,0.48
33746,9353,9701,1.026,36.97,0.18,36.92,0.17,0.35,36.98,0.18,0.39,37.01,0.18,0.40,,,
33760,6742,7270,1.019,34.16,0.14,34.16,0.14,0.35,34.16,0.14,0.39,34.16,0.14,0.40,,,
33768,7448,8002,1.021,34.61,0.18,34.61,0.18,0.37,34.61,0.18,0.39,34.61,0.19,0.40,,,
33786,6520,6886,1.018,34.78,0.12,34.77,0.12,0.35,34.78,0.12,0.39,34.79,0.12,0.40,,,
33788,1219,1845,1.005,31.18,0.39,,,,,,,,,,31.18,0.39,0.66
33802,6324,6622,1.017,35.18,0.15,35.17,0.15,0.55,35.17,0.15,0.56,35.20,0.15,0.55,,,
33813,1113,1737,1.005,31.56,0.60,,,,,,,,,,31.56,0.60,0.66
33817,3681,4236,1.011,33.94,0.14,33.93,0.13,0.35,33.94,0.14,0.39,33.94,0.14,0.40,,,
33849,8739,9242,1.024,35.62,0.30,35.63,0.29,0.35,35.63,0.30,0.39,35.62,0.30,0.40,,,
33866,1453,1943,1.005,31.87,0.20,31.87,0.19,0.55,31.87,0.20,0.56,31.86,0.20,0.56,31.65,0.20,0.64
33869,6171,6685,1.018,34.92,0.13,34.92,0.12,0.35,34.93,0.13,0.39,34.92,0.13,0.40,,,
33875,1457,1632,1.004,32.80,0.46,32.80,0.44,0.56,32.80,0.46,0.60,32.79,0.47,0.59,,,
33876,8544,9069,1.024,35.28,0.16,35.27,0.16,0.35,35.28,0.16,0.39,35.28,0.16,0.40,,,
33892,9966,10427,1.027,36.21,0.28,36.18,0.27,0.42,36.21,0.28,0.43,36.22,0.29,0.42,,,
33925,6123,6602,1.017,34.60,0.16,34.60,0.15,0.52,34.60,0.16,0.52,34.60,0.16,0.52,,,
33930,5632,6160,1.016,34.56,0.13,34.56,0.13,0.35,34.56,0.13,0.39,34.56,0.13,0.40,34.70,0.11,0.48
33940,3115,3597,1.010,32.97,0.24,32.98,0.23,0.50,32.97,0.24,0.51,32.97,0.24,0.50,,,
33941,2692,3312,1.009,32.59,0.41,,,,,,,,,,32.59,0.41,0.63
33943,3682,4295,1.011,33.71,0.34,33.70,0.32,0.51,33.71,0.34,0.52,33.72,0.34,0.51,,,
33947,10949,11299,1.030,36.38,0.13,36.41,0.13,0.41,36.38,0.13,0.41,36.35,0.13,0.40,,,
33952,2145,2762,1.007,31.19,0.25,,,,,,,,,,31.19,0.25,0.59
33957,1211,1837,1.005,31.60,0.31,,,,,,,,,,31.60,0.31,0.66
33962,2467,3086,1.008,32.82,0.25,,,,,,,,,,32.82,0.25,0.58
33964,2940,3037,1.008,32.92,0.17,32.90,0.17,0.35,32.92,0.17,0.39,32.93,0.17,0.40,33.08,0.17,0.48
33982,7563,7763,1.020,34.85,0.16,34.85,0.16,0.35,34.85,0.16,0.39,34.86,0.16,0.40,,,
34011,7756,8285,1.022,35.73,0.19,35.72,0.19,0.46,35.73,0.19,0.47,35.73,0.20,0.46,,,
34028,3485,4103,1.011,33.51,0.18,,,,,,,,,,33.51,0.18,0.48
34030,797,869,1.002,29.71,0.15,29.71,0.15,0.43,29.72,0.15,0.44,29.72,0.15,0.43,29.57,0.14,0.56
34068,1514,1862,1.005,31.73,0.16,31.74,0.16,0.56,31.72,0.16,0.60,31.73,0.16,0.59,,,
34112,10222,10693,1.028,35.76,0.21,35.76,0.20,0.44,35.75,0.21,0.45,35.77,0.21,0.44,,,
34121,6263,6656,1.018,34.18,0.13,34.18,0.13,0.48,34.18,0.13,0.48,34.17,0.13,0.48,,,
34125,6779,7136,1.019,35.04,0.17,35.03,0.17,0.35,35.04,0.17,0.39,35.04,0.18,0.40,,,
34135,1247,1756,1.005,31.07,0.26,31.06,0.25,0.56,31.06,0.26,0.60,31.08,0.26,0.59,30.86,0.27,0.66
34139,7953,8479,1.022,35.41,0.24,35.39,0.23,0.35,35.41,0.24,0.39,35.42,0.24,0.40,,,
34147,1035,1503,1.004,30.10,0.30,,,,,,,,,,30.10,0.30,0.65
34167,7755,8266,1.022,34.80,0.34,34.79,0.33,0.54,34.81,0.34,0.55,34.81,0.35,0.55,,,
34173,6136,6530,1.017,34.44,0.24,34.44,0.23,0.52,34.45,0.24,0.53,34.44,0.24,0.52,,,
34180,7621,7882,1.021,35.33,0.29,35.32,0.28,0.46,35.33,0.29,0.46,35.33,0.29,0.45,,,
34181,6121,6514,1.017,35.11,0.24,35.10,0.23,0.44,35.11,0.24,0.44,35.11,0.24,0.43,,,
34198,1370,1778,1.005,32.33,0.17,32.33,0.16,0.56,32.32,0.17,0.60,32.33,0.17,0.59,,,
34203,3542,3511,1.009,33.89,0.23,33.89,0.23,0.47,33.89,0.23,0.47,33.88,0.24,0.46,,,
34204,6885,7415,1.020,35.23,0.14,35.24,0.14,0.35,35.22,0.14,0.39,35.22,0.14,0.40,,,
34211,3119,3597,1.010,33.41,0.17,33.41,0.17,0.42,33.42,0.17,0.43,33.42,0.18,0.42,,,
34236,9202,9552,1.025,35.53,0.39,35.55,0.37,0.35,35.53,0.39,0.39,35.50,0.39,0.40,,,
34243,3324,3326,1.009,34.00,0.52,34.02,0.50,0.55,34.02,0.52,0.56,33.98,0.53,0.55,,,
34247,5201,5601,1.015,34.52,0.13,34.52,0.13,0.43,34.52,0.13,0.44,34.52,0.13,0.43,,,
34248,1191,1633,1.004,31.37,0.16,31.39,0.15,0.56,31.37,0.16,0.59,31.36,0.16,0.59,31.17,0.15,0.66
34249,2233,2436,1.006,33.47,0.58,33.49,0.55,0.56,33.49,0.58,0.60,33.45,0.59,0.59,,,
34260,1962,2292,1.006,32.66,0.15,32.68,0.15,0.55,32.66,0.15,0.56,32.64,0.15,0.55,,,
34275,7507,8104,1.021,35.18,0.43,,,,,,,,,,35.18,0.43,0.56
34292,3090,3714,1.010,32.91,0.16,,,,,,,,,,32.91,0.16,0.54
34308,2093,2110,1.006,32.46,0.41,32.46,0.39,0.56,32.46,0.41,0.60,32.45,0.42,0.59,,,
34333,4580,5187,1.014,33.70,0.25,33.70,0.24,0.41,33.70,0.25,0.42,33.69,0.26,0.41,,,
34362,2727,3348,1.009,33.34,0.29,,,,,,,,,,33.34,0.29,0.55
34363,8083,8427,1.022,35.32,0.22,35.32,0.21,0.38,35.32,0.22,0.39,35.30,0.22,0.40,,,
34373,5746,6233,1.016,34.97,0.24,34.96,0.23,0.51,34.96,0.24,0.51,34.98,0.24,0.51,,,
34382,938,1467,1.004,32.14,0.17,32.16,0.17,0.56,32.14,0.17,0.60,32.12,0.17,0.59,,,
34409,8675,8991,1.024,35.32,0.15,35.32,0.15,0.56,35.32,0.15,0.57,35.31,0.15,0.57,,,
34411,8103,8469,1.022,35.70,0.18,35.69,0.17,0.35,35.70,0.18,0.39,35.71,0.18,0.40,,,
34419,867,1304,1.003,31.43,0.19,31.45,0.18,0.56,31.43,0.19,0.59,31.41,0.19,0.59,,,
34428,3377,3991,1.011,33.60,0.20,,,,,,,,,,33.60,0.20,0.58
34431,3759,4113,1.011,34.44,0.22,34.44,0.21,0.54,34.44,0.22,0.55,34.45,0.22,0.54,,,
34445,2321,2940,1.008,31.69,0.17,,,,,,,,,,31.69,0.17,0.63
34454,6744,7114,1.019,34.72,0.17,34.72,0.17,0.47,34.72,0.17,0.47,34.72,0.17,0.46,,,
34459,3722,4330,1.011,34.21,0.25,34.21,0.24,0.37,34.22,0.25,0.39,34.21,0.26,0.40,,,
34466,953,1577,1.004,31.48,0.57,,,,,,,,,,31.48,0.57,0.66
34468,9662,10062,1.026,35.75,0.12,35.74,0.12,0.35,35.75,0.12,0.39,35.76,0.13,0.40,,,
34471,5775,6129,1.016,34.33,0.13,34.34,0.13,0.43,34.33,0.13,0.43,34.32,0.13,0.42,,,
34478,1425,1952,1.005,32.47,0.28,32.46,0.27,0.35,32.48,0.28,0.39,32.47,0.29,0.40,32.73,0.31,0.51
34487,6902,7525,1.020,34.69,0.25,,,,,,,,,,34.69,0.25,0.50
34495,8004,8363,1.022,35.09,0.14,35.10,0.13,0.43,35.09,0.14,0.43,35.08,0.14,0.42,,,
34497,1967,2222,1.006,32.53,0.25,32.54,0.24,0.56,32.53,0.25,0.58,32.52,0.26,0.58,,,
34501,2532,3040,1.008,32.85,0.28,32.84,0.27,0.56,32.84,0.28,0.60,32.88,0.28,0.59,,,
34508,2951,3067,1.008,32.69,0.31,32.69,0.30,0.50,32.69,0.31,0.50,32.68,0.32,0.49,,,
34515,7256,7338,1.019,35.69,0.37,35.71,0.36,0.49,35.70,0.37,0.50,35.67,0.38,0.49,,,
34519,2797,3405,1.009,33.51,0.35,,,,,,,,,,33.51,0.35,0.52
34529,2163,2689,1.007,32.74,0.19,32.75,0.19,0.56,32.74,0.19,0.60,32.75,0.19,0.59,,,
34541,6960,7491,1.020,35.07,0.18,35.07,0.17,0.50,35.07,0.18,0.50,35.07,0.18,0.50,,,
34546,8300,8663,1.023,35.08,0.38,35.06,0.36,0.35,35.08,0.38,0.39,35.08,0.38,0.40,,,
34554,444,1065,1.003,29.00,0.26,,,,,,,,,,29.00,0.26,0.57
34561,2378,2555,1.007,32.77,0.27,32.76,0.26,0.35,32.78,0.27,0.39,32.78,0.27,0.40,,,
34568,7486,7860,1.021,34.93,0.14,34.92,0.13,0.35,34.93,0.14,0.39,34.94,0.14,0.40,,,
34595,6159,6615,1.017,35.40,0.22,35.40,0.22,0.37,35.40,0.22,0.39,35.40,0.23,0.40,,,
34612,682,1153,1.003,30.27,0.13,30.26,0.13,0.35,30.27,0.13,0.39,30.26,0.13,0.40,30.43,0.11,0.48
34623,5865,6399,1.017,34.50,0.12,34.50,0.12,0.35,34.51,0.12,0.39,34.50,0.12,0.40,,,
34629,3384,3375,1.009,34.04,0.45,34.04,0.43,0.56,34.04,0.45,0.60,34.04,0.46,0.59,,,
34632,6214,6609,1.017,34.03,0.19,34.03,0.18,0.53,34.03,0.19,0.53,34.03,0.19,0.53,,,
34644,9972,10451,1.027,35.96,0.26,35.96,0.25,0.42,35.96,0.26,0.42,35.97,0.26,0.41,,,
34681,7554,7828,1.021,35.19,0.16,35.17,0.16,0.35,35.19,0.16,0.39,35.20,0.16,0.40,,,
34686,2524,3033,1.008,34.32,0.21,34.33,0.20,0.56,34.32,0.21,0.60,34.32,0.21,0.59,,,
34691,1079,1698,1.005,32.49,0.33,,,,,,,,,,32.49,0.33,0.64
34695,605,1076,1.003,29.40,0.17,29.38,0.17,0.35,29.40,0.17,0.39,29.41,0.18,0.40,29.41,0.17,0.48
34697,725,1192,1.003,29.92,0.12,29.89,0.12,0.35,29.92,0.12,0.39,29.94,0.12,0.40,29.99,0.10,0.48
34711,2422,2953,1.008,33.28,0.14,33.29,0.14,0.38,33.28,0.14,0.39,33.27,0.14,0.40,,,
34713,6036,6552,1.017,34.37,0.23,34.37,0.22,0.53,34.37,0.23,0.53,34.38,0.24,0.53,,,
34717,6597,7186,1.019,34.45,0.26,34.44,0.26,0.35,34.45,0.26,0.39,34.45,0.27,0.40,34.49,0.29,0.48
34718,2057,2104,1.006,32.88,0.22,32.88,0.21,0.52,32.88,0.22,0.52,32.87,0.22,0.52,,,
34719,1455,1814,1.005,32.15,0.24,32.15,0.23,0.53,32.15,0.24,0.54,32.15,0.24,0.53,32.11,0.25,0.62
34733,2152,2472,1.007,32.46,0.15,32.47,0.15,0.56,32.46,0.15,0.59,32.45,0.16,0.59,,,
34752,3422,3408,1.009,33.73,0.33,33.72,0.31,0.56,33.73,0.33,0.58,33.73,0.33,0.57,,,
34757,7312,7862,1.021,34.99,0.17,34.99,0.17,0.41,34.99,0.17,0.41,34.99,0.17,0.40,,,
34758,4199,4619,1.012,33.93,0.13,33.93,0.13,0.37,33.93,0.13,0.39,33.93,0.13,0.40,,,
34763,6227,6633,1.018,34.59,0.15,34.57,0.15,0.35,34.59,0.15,0.39,34.61,0.15,0.40,,,
34770,8381,8763,1.023,35.48,0.16,35.48,0.16,0.35,35.48,0.16,0.39,35.49,0.17,0.40,,,
34787,3377,3368,1.009,34.20,0.34,34.20,0.33,0.56,34.20,0.34,0.59,34.20,0.35,0.58,,,
34814,6961,7496,1.020,34.72,0.14,34.72,0.14,0.35,34.72,0.14,0.39,34.71,0.15,0.40,,,
34824,9420,9868,1.026,35.58,0.28,35.56,0.27,0.35,35.59,0.28,0.39,35.60,0.28,0.40,,,
34832,8637,9259,1.024,35.31,0.34,,,,,,,,,,35.31,0.34,0.52
34836,4160,4576,1.012,33.06,0.18,33.04,0.18,0.35,33.06,0.18,0.39,33.07,0.18,0.40,,,
34837,7494,7665,1.020,35.17,0.17,35.16,0.16,0.35,35.17,0.17,0.39,35.18,0.17,0.40,,,
34852,4607,5207,1.014,34.27,0.37,34.27,0.35,0.48,34.27,0.37,0.48,34.26,0.37,0.48,,,
34864,3197,3402,1.009,33.45,0.20,33.45,0.20,0.54,33.45,0.20,0.55,33.45,0.21,0.55,,,
34869,1475,1394,1.004,31.19,0.24,,,,,,,,,,31.19,0.24,0.66
34870,2025,2309,1.006,33.27,0.16,33.27,0.16,0.56,33.26,0.16,0.60,33.28,0.16,0.59,,,
34887,1451,1921,1.005,31.27,0.19,31.27,0.18,0.56,31.26,0.19,0.60,31.27,0.19,0.59,31.31,0.19,0.66
34888,4059,4531,1.012,33.87,0.19,33.88,0.19,0.56,33.86,0.19,0.58,33.86,0.19,0.58,,,
34913,4315,4726,1.013,34.40,0.15,34.38,0.15,0.35,34.40,0.15,0.39,34.43,0.16,0.40,,,
34917,2002,2258,1.006,31.82,0.16,31.83,0.16,0.53,31.82,0.16,0.54,31.82,0.16,0.53,,,
34921,12308,12815,1.034,36.69,0.26,36.68,0.25,0.35,36.69,0.26,0.39,36.69,0.26,0.40,,,
34924,4029,4497,1.012,32.22,0.24,32.22,0.23,0.56,32.21,0.24,0.60,32.22,0.24,0.59,,,
34929,1155,1133,1.003,31.94,0.21,31.94,0.20,0.56,31.93,0.21,0.60,31.94,0.21,0.59,,,
34935,1397,1841,1.005,32.25,0.23,32.24,0.22,0.35,32.25,0.23,0.39,32.25,0.23,0.40,,,
34943,4907,5506,1.015,34.81,0.46,,,,,,,,,,34.81,0.46,0.48
34971,868,989,1.003,31.60,0.21,31.60,0.21,0.56,31.59,0.21,0.60,31.60,0.22,0.59,31.48,0.22,0.66
34983,7054,7384,1.019,34.93,0.50,34.94,0.48,0.52,34.95,0.50,0.53,34.91,0.51,0.52,,,
34995,1188,1621,1.004,31.66,0.15,31.67,0.15,0.54,31.66,0.15,0.55,31.66,0.15,0.54,,,
34996,5446,6001,1.016,34.63,0.27,34.64,0.26,0.35,34.63,0.27,0.39,34.62,0.27,0.40,,,
35017,7623,8000,1.021,35.19,0.14,35.18,0.14,0.35,35.18,0.14,0.39,35.20,0.14,0.40,,,
35018,7612,8157,1.022,35.16,0.18,35.15,0.17,0.35,35.16,0.18,0.39,35.17,0.18,0.40,,,
35019,9921,10278,1.027,35.56,0.13,35.56,0.13,0.35,35.55,0.13,0.39,35.56,0.13,0.40,,,
35025,1740,1661,1.004,31.95,0.30,,,,,,,,,,31.95,0.30,0.63
35037,10602,11134,1.029,35.78,0.12,35.77,0.12,0.35,35.78,0.12,0.39,35.79,0.12,0.40,,,
35043,931,1412,1.004,31.11,0.14,31.12,0.14,0.51,31.12,0.14,0.51,31.11,0.14,0.51,31.00,0.13,0.60
35044,1456,1808,1.005,33.59,0.23,33.59,0.23,0.56,33.58,0.23,0.58,33.60,0.24,0.58,33.58,0.25,0.65
35061,4047,4502,1.012,34.11,0.13,34.11,0.13,0.50,34.11,0.13,0.50,34.11,0.14,0.49,,,
35073,5149,5750,1.015,33.58,0.38,,,,,,,,,,33.58,0.38,0.56
35080,2023,2277,1.006,33.74,0.45,33.73,0.43,0.56,33.75,0.45,0.60,33.76,0.46,0.59,,,
35083,5912,6380,1.017,34.53,0.15,34.53,0.14,0.38,34.54,0.15,0.39,34.54,0.15,0.40,,,
35088,1646,2236,1.006,31.90,0.16,31.88,0.16,0.35,31.90,0.16,0.39,31.91,0.16,0.40,31.87,0.16,0.48
35097,1667,2288,1.006,32.23,0.32,,,,,,,,,,32.23,0.32,0.48
35113,1958,2005,1.005,31.87,0.19,31.87,0.18,0.54,31.87,0.19,0.55,31.87,0.19,0.55,,,
35123,3610,3595,1.010,34.32,0.39,34.32,0.37,0.35,34.33,0.39,0.39,34.31,0.39,0.40,,,
35127,2083,2336,1.006,33.26,0.39,33.26,0.37,0.56,33.26,0.39,0.60,33.27,0.39,0.59,,,
35137,5242,5666,1.015,34.43,0.18,34.43,0.17,0.46,34.43,0.18,0.47,34.43,0.18,0.46,,,
35142,10132,10588,1.028,34.95,0.21,34.95,0.20,0.35,34.95,0.21,0.39,34.95,0.21,0.40,,,
35157,8292,8742,1.023,35.57,0.26,35.55,0.25,0.51,35.57,0.26,0.51,35.57,0.26,0.50,,,
35164,807,1003,1.003,30.83,0.22,30.81,0.21,0.35,30.83,0.22,0.39,30.83,0.22,0.40,,,
35174,6161,6664,1.018,34.97,0.12,34.96,0.12,0.35,34.97,0.12,0.39,34.97,0.12,0.40,,,
35184,12819,13226,1.035,35.94,0.30,35.93,0.29,0.46,35.94,0.30,0.47,35.95,0.30,0.46,,,
35194,12177,12639,1.033,36.01,0.14,36.01,0.13,0.42,36.01,0.14,0.43,35.99,0.14,0.42,,,
35196,3078,3557,1.009,33.76,0.19,33.76,0.19,0.52,33.76,0.19,0.53,33.76,0.19,0.52,,,
35202,737,826,1.002,31.05,0.97,31.05,0.93,0.56,31.04,0.97,0.60,31.06,0.99,0.59,31.30,1.10,0.66
35221,5532,6035,1.016,34.46,0.37,34.46,0.36,0.56,34.46,0.37,0.57,34.46,0.38,0.57,,,
35224,1057,1495,1.004,31.42,0.24,31.43,0.24,0.50,31.42,0.24,0.51,31.40,0.25,0.50,,,
35235,6362,6608,1.017,34.26,0.27,34.26,0.26,0.50,34.27,0.27,0.50,34.27,0.28,0.50,,,
35236,5236,5262,1.014,34.17,0.22,34.15,0.21,0.40,34.17,0.22,0.40,34.18,0.22,0.40,,,
35249,1818,1873,1.005,32.29,0.15,32.29,0.15,0.35,32.29,0.15,0.39,32.29,0.15,0.40,,,
35261,5845,6229,1.016,33.37,0.31,33.37,0.30,0.56,33.36,0.31,0.60,33.37,0.32,0.59,,,
35273,6196,6698,1.018,33.87,0.14,33.87,0.13,0.51,33.86,0.14,0.51,33.86,0.14,0.50,,,
35288,2728,3341,1.009,32.74,0.22,,,,,,,,,,32.74,0.22,0.57
35292,964,1402,1.004,31.22,0.38,31.26,0.36,0.56,31.24,0.38,0.60,31.16,0.38,0.59,,,
35294,2683,3050,1.008,33.13,0.24,33.12,0.23,0.35,33.13,0.24,0.39,33.13,0.24,0.40,,,
35300,6235,6633,1.018,33.70,0.29,33.70,0.28,0.53,33.70,0.29,0.54,33.69,0.30,0.53,,,
35301,6138,6633,1.018,34.87,0.25,34.86,0.24,0.43,34.87,0.25,0.44,34.88,0.25,0.43,,,
35302,6173,6666,1.018,34.90,0.22,34.89,0.21,0.35,34.90,0.22,0.39,34.91,0.22,0.40,,,
35307,6665,7198,1.019,34.47,0.16,34.45,0.15,0.35,34.48,0.16,0.39,34.49,0.16,0.40,,,
35314,1581,2073,1.006,32.72,0.12,32.71,0.12,0.35,32.73,0.12,0.39,32.73,0.12,0.40,33.02,0.10,0.48
35320,6174,6668,1.018,34.59,0.12,34.58,0.12,0.35,34.59,0.12,0.39,34.60,0.12,0.40,,,
35323,6056,6461,1.017,35.10,0.30,35.07,0.29,0.36,35.10,0.30,0.39,35.12,0.31,0.40,35.22,0.33,0.52
35335,5746,6162,1.016,34.80,0.14,34.79,0.14,0.44,34.80,0.14,0.44,34.81,0.14,0.44,35.00,0.13,0.56
35341,2863,3478,1.009,34.20,0.55,,,,,,,,,,34.20,0.55,0.59
35347,6185,6592,1.017,34.41,0.13,34.39,0.13,0.35,34.41,0.13,0.39,34.42,0.13,0.40,34.73,0.12,0.48
35349,6586,6467,1.017,34.72,0.21,34.72,0.21,0.35,34.73,0.21,0.39,34.72,0.21,0.40,,,
35362,3795,4230,1.011,33.61,0.13,33.61,0.12,0.41,33.61,0.13,0.42,33.61,0.13,0.41,,,
35365,6091,6586,1.017,34.71,0.16,34.71,0.16,0.35,34.71,0.16,0.39,34.71,0.16,0.40,,,
35405,2741,3121,1.008,33.11,0.20,33.10,0.19,0.45,33.11,0.20,0.46,33.11,0.20,0.45,,,
35406,10169,10634,1.028,35.01,0.36,35.00,0.34,0.45,35.01,0.36,0.46,35.01,0.36,0.45,,,
35434,7432,8045,1.021,34.53,0.38,,,,,,,,,,34.53,0.38,0.52
35437,6337,6582,1.017,34.94,0.17,34.92,0.17,0.35,34.95,0.17,0.39,34.95,0.17,0.40,,,
35440,882,1374,1.004,31.12,0.14,31.12,0.14,0.35,31.13,0.14,0.39,31.12,0.14,0.40,31.27,0.13,0.50
35443,2502,2772,1.007,33.96,0.23,33.97,0.22,0.56,33.95,0.23,0.60,33.96,0.23,0.59,,,
35450,2221,2493,1.007,33.09,0.19,33.10,0.19,0.56,33.08,0.19,0.60,33.08,0.20,0.59,,,
35464,1947,2210,1.006,32.02,0.43,32.02,0.42,0.56,32.02,0.43,0.60,32.02,0.44,0.59,,,
35469,6048,6646,1.018,34.76,0.35,,,,,,,,,,34.76,0.35,0.51
35470,6000,6491,1.017,34.64,0.13,34.64,0.13,0.51,34.64,0.13,0.51,34.64,0.14,0.51,,,
35477,7570,7729,1.020,34.47,0.33,34.46,0.32,0.46,34.47,0.33,0.46,34.47,0.34,0.45,,,
35485,4116,4525,1.012,33.14,0.16,33.15,0.15,0.56,33.13,0.16,0.59,33.13,0.16,0.58,,,
35487,4945,5478,1.014,34.32,0.16,34.34,0.16,0.55,34.32,0.16,0.56,34.31,0.16,0.56,,,
35499,8430,8959,1.024,35.04,0.16,35.04,0.16,0.35,35.04,0.16,0.39,35.03,0.16,0.40,,,
35503,1899,2173,1.006,31.48,0.19,31.49,0.19,0.56,31.48,0.19,0.60,31.49,0.19,0.59,,,
35507,1542,1882,1.005,31.41,0.18,31.42,0.18,0.56,31.40,0.18,0.60,31.40,0.19,0.59,,,
35517,6297,6584,1.017,34.65,0.24,34.63,0.24,0.45,34.65,0.24,0.46,34.66,0.25,0.45,,,
35521,2847,3234,1.009,32.90,0.15,32.90,0.15,0.56,32.90,0.15,0.59,32.91,0.15,0.59,,,
35526,2500,2771,1.007,33.58,0.17,33.57,0.16,0.56,33.57,0.17,0.60,33.58,0.17,0.59,,,
35527,4062,4474,1.012,33.99,0.21,34.00,0.20,0.56,33.99,0.21,0.59,33.98,0.21,0.59,,,
35539,1455,2073,1.006,31.15,0.16,,,,,,,,,,31.15,0.16,0.48
35540,1887,2487,1.007,32.69,0.32,,,,,,,,,,32.69,0.32,0.53
35547,12614,12920,1.034,36.43,0.14,36.44,0.14,0.35,36.43,0.14,0.39,36.42,0.14,0.40,,,
35549,1858,2143,1.006,32.83,0.23,32.83,0.22,0.56,32.82,0.23,0.59,32.83,0.23,0.59,,,
35562,8137,8225,1.022,34.97,0.38,34.96,0.36,0.55,34.97,0.38,0.56,34.98,0.38,0.55,,,
35565,1013,1467,1.004,32.33,0.24,32.33,0.23,0.56,32.33,0.24,0.60,32.34,0.24,0.59,,,
35569,2498,2761,1.007,33.52,0.28,33.51,0.27,0.48,33.52,0.28,0.48,33.52,0.28,0.48,,,
35584,6302,6888,1.018,34.67,0.46,,,,,,,,,,34.67,0.46,0.60
35601,3787,3780,1.010,34.07,0.25,34.06,0.25,0.35,34.07,0.25,0.39,34.07,0.26,0.40,,,
35608,2108,1972,1.005,32.07,0.20,32.08,0.19,0.54,32.07,0.20,0.55,32.05,0.20,0.54,,,
35612,7543,8082,1.021,36.11,0.45,36.11,0.43,0.46,36.13,0.45,0.46,36.10,0.46,0.45,,,
35621,1849,2125,1.006,31.27,0.16,31.28,0.16,0.56,31.27,0.16,0.60,31.26,0.16,0.59,,,
35622,6047,6459,1.017,34.97,0.24,34.97,0.23,0.45,34.98,0.24,0.45,34.97,0.24,0.45,34.86,0.26,0.57
35636,9944,10314,1.027,36.00,0.23,36.00,0.22,0.35,36.00,0.23,0.39,36.01,0.23,0.40,,,
35656,9687,10101,1.027,36.31,0.13,36.33,0.12,0.35,36.32,0.13,0.39,36.29,0.13,0.40,,,
35664,6196,6783,1.018,34.35,0.27,,,,,,,,,,34.35,0.27,0.53
35669,6909,7284,1.019,34.67,0.21,34.66,0.20,0.35,34.68,0.21,0.39,34.68,0.21,0.40,,,
35671,3213,3336,1.009,33.45,0.27,33.47,0.26,0.55,33.46,0.27,0.56,33.44,0.28,0.55,,,
35675,1410,1395,1.004,31.03,0.31,31.02,0.29,0.56,31.03,0.31,0.60,31.04,0.31,0.59,,,
35676,924,1082,1.003,30.71,0.26,30.69,0.25,0.40,30.72,0.26,0.41,30.73,0.26,0.40,30.68,0.28,0.54
35679,6252,6554,1.017,34.49,0.13,34.49,0.13,0.38,34.49,0.13,0.39,34.49,0.14,0.40,,,
35680,2505,2792,1.007,33.90,0.20,33.91,0.20,0.56,33.90,0.20,0.58,33.89,0.21,0.57,,,
35686,1606,2222,1.006,32.35,0.56,,,,,,,,,,32.35,0.56,0.66
35694,7082,7465,1.020,35.08,0.22,35.07,0.21,0.35,35.08,0.22,0.39,35.09,0.22,0.40,,,
35700,9034,9518,1.025,35.94,0.23,35.94,0.22,0.35,35.94,0.23,0.39,35.95,0.23,0.40,,,
35701,5660,6092,1.016,34.16,0.13,34.17,0.13,0.48,34.16,0.13,0.48,34.16,0.13,0.48,34.38,0.11,0.59
35704,3427,4029,1.011,34.11,0.23,,,,,,,,,,34.11,0.23,0.59
35705,1417,1978,1.005,32.68,0.45,32.69,0.44,0.56,32.69,0.45,0.60,32.68,0.46,0.59,,,
35707,2616,2917,1.008,32.85,0.19,32.87,0.19,0.47,32.86,0.19,0.48,32.83,0.19,0.47,,,
35711,1081,1175,1.003,33.23,0.27,33.21,0.26,0.35,33.23,0.27,0.39,33.24,0.27,0.40,33.37,0.29,0.48
35721,8022,8415,1.022,35.99,0.26,35.98,0.25,0.35,35.99,0.26,0.39,36.00,0.26,0.40,35.99,0.28,0.48
35725,6444,6706,1.018,35.04,0.26,35.02,0.25,0.48,35.05,0.26,0.48,35.06,0.27,0.47,,,
35742,4812,5384,1.014,33.93,0.16,33.92,0.16,0.35,33.94,0.16,0.39,33.94,0.17,0.40,,,
35745,5099,5544,1.015,34.47,0.15,34.46,0.15,0.42,34.47,0.15,0.42,34.48,0.15,0.41,,,
35760,3488,3910,1.010,33.83,0.15,33.85,0.15,0.56,33.83,0.15,0.58,33.82,0.15,0.58,,,
35767,2982,2878,1.008,32.67,0.30,32.68,0.29,0.56,32.67,0.30,0.58,32.67,0.30,0.58,,,
35776,2935,3543,1.009,33.16,0.22,,,,,,,,,,33.16,0.22,0.61
35782,10626,11102,1.029,35.77,0.24,35.77,0.23,0.35,35.77,0.24,0.39,35.77,0.25,0.40,,,
35784,6751,7158,1.019,34.53,0.14,34.53,0.14,0.45,34.53,0.14,0.45,34.53,0.14,0.44,34.59,0.13,0.57
35786,6984,7349,1.019,34.96,0.14,34.97,0.13,0.35,34.96,0.14,0.39,34.94,0.14,0.40,,,
35792,5340,5781,1.015,34.14,0.13,34.14,0.13,0.51,34.13,0.13,0.51,34.13,0.13,0.51,,,
35797,1284,1359,1.004,31.84,0.25,31.84,0.24,0.53,31.84,0.25,0.54,31.84,0.26,0.53,,,
35803,5019,5461,1.014,34.56,0.13,34.56,0.13,0.50,34.56,0.13,0.50,34.56,0.13,0.49,,,
35804,3345,3773,1.010,33.41,0.16,33.42,0.16,0.56,33.40,0.16,0.59,33.39,0.16,0.59,,,
35821,3374,3683,1.010,34.65,0.18,34.66,0.17,0.56,34.65,0.18,0.58,34.64,0.18,0.57,,,
35823,6576,6982,1.018,35.60,0.19,35.58,0.18,0.38,35.61,0.19,0.39,35.62,0.19,0.40,35.54,0.19,0.53
35826,2407,2701,1.007,32.71,0.17,32.72,0.17,0.56,32.71,0.17,0.60,32.71,0.17,0.59,,,
35841,9546,9915,1.026,35.67,0.16,35.67,0.16,0.35,35.67,0.16,0.39,35.68,0.16,0.40,,,
35868,4881,4898,1.013,34.62,0.32,34.61,0.31,0.56,34.62,0.32,0.57,34.63,0.32,0.57,,,
35869,2867,2773,1.007,32.76,0.18,32.74,0.18,0.35,32.77,0.18,0.39,32.78,0.18,0.40,,,
35877,5669,6226,1.016,34.75,0.27,34.74,0.26,0.41,34.75,0.27,0.42,34.75,0.28,0.41,,,
35900,1332,1371,1.004,32.39,0.16,32.40,0.15,0.55,32.39,0.16,0.57,32.39,0.16,0.56,,,
35913,1574,1838,1.005,32.43,0.22,32.42,0.21,0.49,32.43,0.22,0.49,32.43,0.22,0.49,,,
35927,4799,5393,1.014,34.31,0.20,,,,,,,,,,34.31,0.20,0.54
35931,1386,1466,1.004,31.62,0.23,31.61,0.23,0.40,31.63,0.23,0.41,31.62,0.24,0.40,,,
35934,4412,4992,1.013,33.99,0.19,,,,,,,,,,33.99,0.19,0.48
35938,10214,10685,1.028,35.85,0.23,35.83,0.22,0.39,35.85,0.23,0.40,35.86,0.23,0.40,,,
35942,6128,6538,1.017,34.99,0.21,34.97,0.20,0.35,35.00,0.21,0.39,35.01,0.21,0.40,34.85,0.22,0.48
35946,7901,8515,1.022,35.45,0.30,,,,,,,,,,35.45,0.30,0.49
35952,3856,4299,1.011,33.77,0.23,33.76,0.22,0.45,33.77,0.23,0.45,33.78,0.23,0.45,,,
35954,2511,3119,1.008,32.85,0.18,,,,,,,,,,32.85,0.18,0.57
35956,10151,10527,1.028,36.04,0.28,36.06,0.27,0.35,36.03,0.28,0.39,36.02,0.29,0.40,,,
35966,3933,4378,1.012,33.96,0.14,33.97,0.14,0.46,33.96,0.14,0.46,33.96,0.14,0.45,,,
35973,7654,8062,1.021,35.67,0.25,35.67,0.24,0.35,35.67,0.25,0.39,35.67,0.25,0.40,35.72,0.27,0.48
35978,6792,7182,1.019,34.87,0.18,34.87,0.18,0.44,34.88,0.18,0.44,34.88,0.19,0.43,34.89,0.19,0.56
35989,14778,15265,1.040,36.70,0.21,36.70,0.21,0.35,36.70,0.21,0.39,36.71,0.22,0.40,,,
35991,941,1377,1.004,31.26,0.17,31.27,0.17,0.56,31.26,0.17,0.60,31.26,0.17,0.59,,,
35995,6192,6623,1.017,34.53,0.65,34.53,0.63,0.56,34.55,0.65,0.57,34.50,0.66,0.57,35.05,0.74,0.64
35999,792,939,1.002,30.76,0.17,30.76,0.17,0.54,30.76,0.17,0.55,30.76,0.18,0.54,30.59,0.18,0.63
36000,2384,2444,1.006,33.14,0.38,33.14,0.37,0.56,33.14,0.38,0.60,33.15,0.39,0.59,,,
36023,6112,6522,1.017,34.74,0.15,34.74,0.15,0.55,34.73,0.15,0.57,34.75,0.15,0.56,34.68,0.14,0.64
36029,1625,1900,1.005,31.89,0.16,31.90,0.16,0.56,31.89,0.16,0.60,31.89,0.16,0.59,,,
36060,3281,3684,1.010,33.79,0.19,33.79,0.19,0.52,33.79,0.19,0.53,33.80,0.19,0.52,,,
36079,1843,2131,1.006,32.50,0.15,32.51,0.15,0.56,32.49,0.15,0.58,32.49,0.15,0.57,,,
36093,5427,5948,1.016,30.39,0.34,30.39,0.32,0.56,30.39,0.34,0.60,30.38,0.34,0.59,,,
36094,3521,3980,1.011,33.66,0.25,,,,,,,,,,33.66,0.25,0.58
36097,6371,6975,1.018,34.46,0.28,,,,,,,,,,34.46,0.28,0.48
36100,6091,6447,1.017,33.77,0.17,33.77,0.17,0.56,33.76,0.17,0.60,33.78,0.17,0.59,,,
36132,6694,7106,1.019,34.73,0.23,34.73,0.23,0.43,34.73,0.23,0.44,34.72,0.24,0.43,34.69,0.25,0.56
36133,7691,8096,1.021,35.72,0.18,35.71,0.18,0.35,35.71,0.18,0.39,35.72,0.19,0.40,36.17,0.19,0.48
36142,6363,6859,1.018,34.47,0.22,34.47,0.21,0.43,34.48,0.22,0.44,34.47,0.22,0.43,,,
36147,6835,7191,1.019,34.20,0.29,34.20,0.28,0.40,34.21,0.29,0.41,34.20,0.29,0.40,,,
36155,5601,6117,1.016,35.16,0.22,35.16,0.22,0.36,35.17,0.22,0.39,35.16,0.23,0.40,,,
36174,1852,2341,1.006,31.97,0.24,31.98,0.23,0.56,31.96,0.24,0.60,31.96,0.24,0.59,31.57,0.25,0.66
36176,3434,3892,1.010,33.91,0.19,33.92,0.18,0.56,33.91,0.19,0.59,33.91,0.19,0.58,,,
36183,10148,10619,1.028,35.72,0.12,35.73,0.12,0.35,35.72,0.12,0.39,35.72,0.12,0.40,,,
36189,3785,4211,1.011,35.23,0.51,35.24,0.49,0.52,35.25,0.51,0.52,35.22,0.52,0.52,,,
36192,1332,1365,1.004,32.01,0.23,32.02,0.22,0.55,32.01,0.23,0.56,32.00,0.23,0.55,,,
36195,3439,3867,1.010,33.20,0.31,33.21,0.30,0.51,33.20,0.31,0.51,33.18,0.32,0.51,,,
36197,3190,3633,1.010,33.16,0.15,33.15,0.15,0.35,33.16,0.15,0.39,33.16,0.15,0.40,,,
36237,5933,6446,1.017,34.51,0.14,34.51,0.14,0.44,34.51,0.14,0.45,34.51,0.14,0.44,,,
36238,1490,1549,1.004,32.05,0.42,32.06,0.41,0.56,32.06,0.42,0.57,32.04,0.43,0.57,,,
36240,2884,3472,1.009,32.98,0.38,,,,,,,,,,32.98,0.38,0.52
36241,6819,7178,1.019,34.55,0.35,34.54,0.34,0.35,34.56,0.35,0.39,34.55,0.36,0.40,,,
36242,5673,6185,1.016,34.38,0.15,34.39,0.15,0.36,34.38,0.15,0.39,34.38,0.15,0.40,,,
36243,871,1342,1.004,30.80,0.24,30.79,0.23,0.43,30.81,0.24,0.43,30.81,0.24,0.42,30.65,0.25,0.55
36245,6853,7463,1.020,34.92,0.20,,,,,,,,,,34.92,0.20,0.48
36257,8463,9016,1.024,36.01,0.26,36.02,0.25,0.35,36.02,0.26,0.39,36.01,0.26,0.40,35.93,0.28,0.48
36266,1472,1732,1.005,31.60,0.19,31.60,0.18,0.44,31.60,0.19,0.45,31.60,0.19,0.44,,,
36276,10107,10394,1.027,35.88,0.14,35.87,0.14,0.35,35.87,0.14,0.39,35.91,0.14,0.40,,,
36283,6642,7072,1.019,34.67,0.35,34.66,0.33,0.49,34.68,0.35,0.49,34.67,0.35,0.48,34.69,0.38,0.59
36284,6582,7012,1.019,35.27,0.13,35.26,0.13,0.35,35.27,0.13,0.39,35.27,0.13,0.40,35.21,0.12,0.51
36288,3659,4027,1.011,33.51,0.14,33.51,0.14,0.35,33.51,0.14,0.39,33.52,0.14,0.40,,,
36305,1432,1735,1.005,31.78,0.19,31.79,0.18,0.56,31.77,0.19,0.60,31.77,0.19,0.59,,,
36312,6797,7153,1.019,33.92,0.17,33.92,0.16,0.56,33.92,0.17,0.58,33.92,0.17,0.58,,,
36316,6032,6492,1.017,35.14,0.19,35.12,0.18,0.51,35.14,0.19,0.51,35.16,0.19,0.51,,,
36324,6392,6975,1.018,35.08,0.33,,,,,,,,,,35.08,0.33,0.48
36329,4006,4001,1.011,33.40,0.42,33.40,0.40,0.56,33.40,0.42,0.60,33.40,0.43,0.59,,,
36334,9657,9976,1.026,35.27,0.12,35.27,0.12,0.35,35.27,0.12,0.39,35.27,0.12,0.40,,,
36340,9391,9678,1.025,35.29,0.13,35.28,0.13,0.42,35.29,0.13,0.42,35.29,0.13,0.41,,,
36342,2980,3417,1.009,32.26,0.17,32.28,0.17,0.56,32.26,0.17,0.59,32.25,0.17,0.59,,,
36343,1059,1165,1.003,31.13,0.20,31.13,0.19,0.56,31.13,0.20,0.60,31.13,0.20,0.59,31.07,0.20,0.66
36349,5893,6298,1.017,34.71,0.26,34.71,0.25,0.35,34.72,0.26,0.39,34.71,0.26,0.40,34.41,0.28,0.49
36350,6654,7048,1.019,35.25,0.14,35.25,0.14,0.42,35.25,0.14,0.42,35.25,0.14,0.41,35.37,0.13,0.55
36355,837,1256,1.003,31.85,0.15,31.86,0.14,0.55,31.85,0.15,0.56,31.85,0.15,0.56,,,
36363,6250,6616,1.017,35.13,0.18,35.12,0.17,0.35,35.13,0.18,0.39,35.14,0.18,0.40,,,
36365,6404,6890,1.018,34.84,0.25,34.83,0.24,0.35,34.84,0.25,0.39,34.84,0.25,0.40,,,
36368,7058,7607,1.020,34.73,0.57,34.74,0.55,0.56,34.75,0.57,0.59,34.71,0.58,0.58,34.72,0.64,0.65
36371,6251,6657,1.018,34.57,0.31,34.58,0.30,0.37,34.58,0.31,0.39,34.57,0.32,0.40,34.56,0.34,0.52
36380,8621,9002,1.024,34.76,0.26,34.76,0.25,0.46,34.76,0.26,0.47,34.76,0.27,0.46,,,
36381,5193,5410,1.014,34.21,0.23,34.20,0.22,0.43,34.21,0.23,0.43,34.21,0.23,0.42,,,
36386,1911,1745,1.005,32.20,0.36,,,,,,,,,,32.20,0.36,0.64
36389,6757,7131,1.019,34.81,0.18,34.80,0.18,0.35,34.81,0.18,0.39,34.81,0.19,0.40,35.07,0.19,0.48
36390,6745,7118,1.019,34.73,0.28,34.73,0.27,0.53,34.73,0.28,0.53,34.74,0.28,0.53,34.70,0.30,0.62
36392,9429,9783,1.026,36.64,0.22,36.58,0.21,0.35,36.63,0.22,0.39,36.69,0.22,0.40,,,
36395,1675,2285,1.006,32.48,0.43,,,,,,,,,,32.48,0.43,0.66
36396,4290,4429,1.012,34.24,0.22,34.23,0.22,0.35,34.24,0.22,0.39,34.25,0.23,0.40,,,
36409,4560,5149,1.014,34.40,0.26,,,,,,,,,,34.40,0.26,0.52
36428,5974,6448,1.017,34.46,0.14,34.46,0.14,0.54,34.46,0.14,0.54,34.47,0.14,0.54,,,
36431,6447,6880,1.018,34.03,0.12,34.02,0.12,0.35,34.03,0.12,0.39,34.03,0.12,0.40,34.35,0.10,0.48
36433,3105,3525,1.009,33.37,0.16,33.38,0.16,0.56,33.36,0.16,0.60,33.37,0.16,0.59,,,
36434,3452,3844,1.010,33.66,0.14,33.67,0.14,0.55,33.66,0.14,0.55,33.66,0.15,0.55,,,
36437,6142,6507,1.017,34.87,0.25,34.86,0.24,0.48,34.88,0.25,0.48,34.89,0.25,0.48,,,
36441,5933,6411,1.017,34.78,0.19,34.76,0.19,0.35,34.78,0.19,0.39,34.80,0.19,0.40,,,
36442,5888,6365,1.017,33.98,0.31,33.99,0.30,0.55,33.99,0.31,0.56,33.98,0.32,0.55,,,
36447,1409,1418,1.004,32.95,0.71,32.96,0.68,0.56,32.97,0.71,0.60,32.91,0.72,0.59,,,
36450,5834,6320,1.017,33.89,0.18,33.88,0.18,0.35,33.89,0.18,0.39,33.90,0.18,0.40,,,
36466,6654,7060,1.019,35.10,0.15,35.05,0.15,0.35,35.10,0.15,0.39,35.15,0.15,0.40,35.43,0.14,0.48
36475,5789,6263,1.017,34.13,0.18,34.12,0.18,0.35,34.14,0.18,0.39,34.15,0.18,0.40,,,
36477,7293,7698,1.020,34.45,0.37,34.44,0.35,0.38,34.46,0.37,0.39,34.45,0.37,0.40,34.35,0.41,0.53
36482,11772,12092,1.032,36.63,0.30,36.64,0.29,0.35,36.63,0.30,0.39,36.61,0.31,0.40,,,
36493,2584,2600,1.007,33.25,0.15,33.24,0.15,0.35,33.25,0.15,0.39,33.26,0.15,0.40,,,
36512,6282,6686,1.018,34.82,0.31,34.83,0.30,0.35,34.83,0.31,0.39,34.81,0.32,0.40,34.95,0.35,0.49
36520,5738,6228,1.016,34.21,0.15,34.21,0.15,0.50,34.21,0.15,0.50,34.21,0.15,0.49,,,
36542,2873,2786,1.007,32.35,0.45,32.35,0.43,0.56,32.35,0.45,0.59,32.33,0.46,0.59,,,
36547,6067,6540,1.017,34.22,0.25,34.22,0.24,0.54,34.22,0.25,0.54,34.23,0.25,0.54,,,
36574,6501,6905,1.018,35.13,0.30,35.14,0.29,0.35,35.14,0.30,0.39,35.13,0.30,0.40,35.38,0.32,0.48
36591,9081,9037,1.024,35.58,0.28,35.56,0.27,0.40,35.58,0.28,0.40,35.59,0.28,0.40,,,
36604,5009,5414,1.014,34.35,0.20,34.34,0.19,0.35,34.35,0.20,0.39,34.37,0.20,0.40,34.53,0.21,0.48
36605,5764,6258,1.017,34.52,0.16,34.52,0.16,0.56,34.52,0.16,0.58,34.53,0.16,0.57,,,
36607,4351,4839,1.013,33.77,0.14,33.76,0.13,0.35,33.78,0.14,0.39,33.78,0.14,0.40,,,
36643,1502,2082,1.006,31.67,0.24,,,,,,,,,,31.67,0.24,0.65
36644,2761,3244,1.009,32.06,0.25,32.07,0.24,0.56,32.06,0.25,0.58,32.04,0.25,0.58,,,
36659,6136,6620,1.017,34.46,0.12,34.47,0.12,0.35,34.47,0.12,0.39,34.45,0.12,0.40,,,
36660,1261,1321,1.004,31.60,0.22,31.61,0.22,0.56,31.60,0.22,0.59,31.59,0.23,0.59,31.40,0.24,0.65
36664,1575,2185,1.006,,,,,,,,,,,,,,
36666,5327,5801,1.015,34.92,0.23,34.90,0.22,0.35,34.93,0.23,0.39,34.94,0.23,0.40,,,
36671,5838,6358,1.017,34.41,0.13,34.40,0.13,0.45,34.41,0.13,0.45,34.41,0.13,0.44,,,
36683,6994,7393,1.020,34.20,0.29,34.20,0.28,0.48,34.21,0.29,0.48,34.20,0.29,0.48,34.04,0.31,0.59
36689,6359,6958,1.018,34.48,0.22,,,,,,,,,,34.48,0.22,0.49
36697,1536,2075,1.006,30.99,0.31,,,,,,,,,,30.99,0.31,0.54
36699,957,1105,1.003,30.88,0.18,30.86,0.17,0.37,30.88,0.18,0.39,30.88,0.18,0.40,30.86,0.18,0.52
36706,6872,7273,1.019,34.15,0.24,34.16,0.23,0.35,34.15,0.24,0.39,34.14,0.24,0.40,34.32,0.26,0.48
36707,5061,5612,1.015,34.43,0.22,34.42,0.21,0.51,34.43,0.22,0.51,34.44,0.22,0.51,,,
36726,8273,8818,1.023,35.21,0.23,35.20,0.22,0.35,35.21,0.23,0.39,35.21,0.23,0.40,,,
36727,6336,6707,1.018,34.01,0.15,34.02,0.14,0.46,34.01,0.15,0.46,34.01,0.15,0.45,34.00,0.14,0.57
36739,3054,3499,1.009,32.62,0.18,32.63,0.18,0.56,32.61,0.18,0.60,32.61,0.19,0.59,,,
36743,1600,1516,1.004,32.06,0.27,32.05,0.26,0.56,32.06,0.27,0.58,32.07,0.27,0.57,,,
36768,3270,3700,1.010,33.80,0.16,33.81,0.15,0.56,33.80,0.16,0.59,33.80,0.16,0.59,,,
36779,6090,6494,1.017,35.17,0.22,35.16,0.21,0.35,35.17,0.22,0.39,35.18,0.22,0.40,35.35,0.23,0.48
36787,1628,1547,1.004,33.00,0.35,33.00,0.34,0.56,32.99,0.35,0.60,32.99,0.35,0.59,,,
36791,10732,10998,1.029,35.20,0.31,35.20,0.30,0.45,35.20,0.31,0.45,35.19,0.31,0.45,,,
36800,8373,8898,1.023,35.44,0.17,35.44,0.17,0.35,35.44,0.17,0.39,35.44,0.17,0.40,,,
36823,8844,9179,1.024,35.14,0.14,35.13,0.14,0.47,35.14,0.14,0.47,35.15,0.15,0.46,,,
36836,2522,2591,1.007,33.43,0.25,33.42,0.24,0.54,33.43,0.25,0.54,33.44,0.25,0.54,,,
36840,6105,6561,1.017,35.02,0.23,35.02,0.22,0.48,35.02,0.23,0.48,35.01,0.23,0.48,,,
36849,3055,3509,1.009,33.22,0.21,33.23,0.21,0.55,33.22,0.21,0.56,33.21,0.22,0.55,,,
36855,9849,10348,1.027,35.72,0.24,35.73,0.23,0.50,35.72,0.24,0.50,35.72,0.24,0.49,,,
36856,6751,7144,1.019,34.72,0.15,34.72,0.15,0.36,34.72,0.15,0.39,34.72,0.15,0.40,34.62,0.15,0.52
36868,780,965,1.003,32.49,0.46,32.49,0.45,0.56,32.49,0.46,0.60,32.48,0.47,0.59,,,
36871,4276,4733,1.013,34.40,0.37,34.40,0.35,0.55,34.41,0.37,0.56,34.40,0.37,0.56,,,
36875,1040,1174,1.003,31.06,0.24,31.04,0.23,0.36,31.06,0.24,0.39,31.07,0.24,0.40,30.98,0.26,0.52
36884,3098,3546,1.009,33.77,0.17,33.79,0.17,0.54,33.77,0.17,0.54,33.75,0.17,0.54,,,
36887,1550,2094,1.006,32.41,0.16,32.41,0.16,0.55,32.40,0.16,0.56,32.41,0.16,0.55,,,
36921,1282,1338,1.004,31.72,0.18,31.72,0.17,0.35,31.73,0.18,0.39,31.72,0.18,0.40,,,
36923,3556,3907,1.010,33.32,0.24,33.32,0.23,0.44,33.33,0.24,0.44,33.32,0.24,0.44,,,
36929,3366,3794,1.010,33.34,0.14,33.34,0.14,0.53,33.33,0.14,0.53,33.34,0.14,0.53,,,
36930,877,1101,1.003,31.53,0.27,31.53,0.26,0.56,31.53,0.27,0.60,31.53,0.27,0.59,31.41,0.29,0.66
36932,1811,2156,1.006,32.31,0.14,32.32,0.14,0.56,32.31,0.14,0.57,32.30,0.14,0.56,32.38,0.13,0.64
36973,1338,1439,1.004,32.02,0.43,32.01,0.41,0.56,32.02,0.43,0.60,32.02,0.43,0.59,32.17,0.48,0.66
36979,1739,2087,1.006,30.96,0.19,30.98,0.18,0.56,30.96,0.19,0.58,30.95,0.19,0.58,30.67,0.19,0.65
36988,5853,6347,1.017,34.11,0.15,34.10,0.15,0.46,34.11,0.15,0.46,34.11,0.15,0.45,,,
36996,3714,4066,1.011,32.89,0.15,32.89,0.14,0.54,32.89,0.15,0.55,32.89,0.15,0.55,,,
37004,6367,6634,1.018,35.03,0.13,35.04,0.13,0.43,35.03,0.13,0.43,35.02,0.13,0.42,,,
37014,6000,6495,1.017,34.43,0.22,34.42,0.21,0.35,34.43,0.22,0.39,34.43,0.22,0.40,,,
37036,1050,1151,1.003,31.23,0.20,31.22,0.19,0.48,31.23,0.20,0.48,31.23,0.20,0.47,31.20,0.21,0.58
37037,997,1049,1.003,31.91,0.43,31.90,0.42,0.56,31.91,0.43,0.60,31.92,0.44,0.59,31.86,0.48,0.66
37038,865,1028,1.003,31.51,0.27,31.51,0.26,0.56,31.50,0.27,0.60,31.51,0.27,0.59,31.42,0.29,0.66
37040,7612,8003,1.021,34.67,0.35,34.66,0.34,0.44,34.67,0.35,0.44,34.67,0.35,0.43,34.62,0.39,0.56
37051,6354,6745,1.018,33.90,0.25,33.90,0.24,0.56,33.90,0.25,0.57,33.90,0.26,0.57,33.56,0.27,0.64
37054,8006,8397,1.022,35.60,0.22,35.59,0.21,0.35,35.60,0.22,0.39,35.60,0.22,0.40,35.53,0.23,0.48
37065,6494,6963,1.018,34.41,0.28,34.40,0.27,0.52,34.41,0.28,0.52,34.42,0.28,0.51,,,
37075,3309,3702,1.010,33.75,0.15,33.77,0.15,0.53,33.75,0.15,0.53,33.74,0.16,0.53,,,
37099,3486,4066,1.011,33.63,0.30,,,,,,,,,,33.63,0.30,0.57
37140,7155,7527,1.020,33.37,0.48,33.38,0.47,0.56,33.38,0.48,0.60,33.35,0.49,0.59,33.13,0.54,0.66
37143,5892,6303,1.017,35.23,0.13,35.23,0.13,0.40,35.24,0.13,0.40,35.23,0.13,0.40,35.18,0.12,0.54
37145,5972,6375,1.017,35.46,0.27,35.45,0.26,0.56,35.46,0.27,0.58,35.47,0.27,0.57,35.50,0.29,0.64
37147,3708,4252,1.011,34.17,0.32,34.17,0.31,0.53,34.18,0.32,0.54,34.17,0.33,0.54,,,
37156,3624,4049,1.011,33.82,0.18,33.81,0.17,0.35,33.82,0.18,0.39,33.81,0.18,0.40,,,
37164,1110,1207,1.003,30.78,0.52,30.77,0.50,0.56,30.79,0.52,0.60,30.77,0.53,0.59,31.43,0.58,0.66
37174,6301,6770,1.018,34.88,0.24,34.88,0.23,0.55,34.88,0.24,0.55,34.89,0.24,0.55,,,
37178,1759,2365,1.006,31.59,0.28,,,,,,,,,,31.59,0.28,0.57
37193,6871,6780,1.018,35.31,0.17,35.33,0.17,0.35,35.31,0.17,0.39,35.30,0.17,0.40,,,
37196,1396,1946,1.005,32.14,0.42,,,,,,,,,,32.14,0.42,0.65
37198,7079,7457,1.020,34.71,0.17,34.70,0.17,0.54,34.71,0.17,0.55,34.72,0.18,0.54,34.87,0.17,0.63
37200,1615,2221,1.006,32.54,0.53,,,,,,,,,,32.54,0.53,0.66
37208,6350,6614,1.017,35.11,0.24,35.10,0.23,0.56,35.11,0.24,0.58,35.13,0.24,0.58,,,
37210,6178,6627,1.018,34.81,0.13,34.80,0.13,0.35,34.81,0.13,0.39,34.81,0.13,0.40,,,
37214,4889,5254,1.014,34.03,0.15,34.02,0.15,0.52,34.02,0.15,0.52,34.03,0.15,0.52,,,
37223,7797,8207,1.022,35.02,0.21,35.02,0.20,0.51,35.02,0.21,0.51,35.03,0.21,0.51,35.08,0.22,0.61
37236,3274,3275,1.009,33.81,0.37,33.80,0.35,0.51,33.81,0.37,0.51,33.80,0.37,0.50,,,
37238,1299,1851,1.005,31.12,0.38,,,,,,,,,,31.12,0.38,0.66
37243,2670,3270,1.009,32.91,0.24,,,,,,,,,,32.91,0.24,0.51
37251,2405,2901,1.008,34.39,0.15,34.40,0.15,0.56,34.39,0.15,0.58,34.40,0.15,0.58,,,
37254,2809,3405,1.009,32.30,0.32,,,,,,,,,,32.30,0.32,0.51
37259,2622,3083,1.008,33.48,0.15,33.48,0.15,0.56,33.47,0.15,0.59,33.48,0.15,0.59,,,
37260,7378,7749,1.020,34.56,0.20,34.56,0.20,0.37,34.57,0.20,0.39,34.56,0.21,0.40,34.49,0.21,0.52
37264,6129,6522,1.017,34.49,0.23,34.48,0.22,0.35,34.50,0.23,0.39,34.50,0.23,0.40,34.63,0.24,0.48
37267,3625,4208,1.011,33.11,0.31,,,,,,,,,,33.11,0.31,0.62
37271,1442,2047,1.005,31.31,0.22,,,,,,,,,,31.31,0.22,0.60
37276,6358,6824,1.018,34.68,0.13,34.67,0.13,0.44,34.69,0.13,0.44,34.69,0.13,0.44,,,
37285,1392,1941,1.005,31.39,0.36,,,,,,,,,,31.39,0.36,0.65
37288,6400,6772,1.018,34.35,0.17,34.34,0.16,0.35,34.35,0.17,0.39,34.35,0.17,0.40,34.33,0.16,0.48
37290,872,1013,1.003,31.26,0.31,31.25,0.30,0.44,31.27,0.31,0.44,31.27,0.32,0.43,31.19,0.35,0.56
37304,5553,6108,1.016,34.39,0.14,,,,,,,,,,34.39,0.14,0.48
37306,1142,1236,1.003,31.15,0.24,31.13,0.23,0.35,31.15,0.24,0.39,31.16,0.24,0.40,31.20,0.25,0.48
37308,3195,3478,1.009,33.01,0.22,33.01,0.21,0.55,33.01,0.22,0.55,33.01,0.22,0.55,,,
37315,6803,7192,1.019,35.84,0.28,35.82,0.27,0.48,35.85,0.28,0.48,35.86,0.28,0.48,35.78,0.30,0.59
37321,5968,6463,1.017,34.72,0.16,34.72,0.16,0.44,34.72,0.16,0.44,34.72,0.17,0.43,,,
37323,2904,3360,1.009,32.69,0.27,32.69,0.26,0.56,32.68,0.27,0.60,32.69,0.27,0.59,,,
37325,1413,2012,1.005,31.72,0.23,,,,,,,,,,31.72,0.23,0.60
37327,7258,7431,1.020,35.08,0.24,35.10,0.23,0.39,35.08,0.24,0.40,35.07,0.24,0.40,,,
37345,6131,6530,1.017,34.70,0.15,34.70,0.15,0.51,34.70,0.15,0.52,34.71,0.15,0.51,34.83,0.14,0.61
37346,3186,3474,1.009,33.79,0.14,33.80,0.14,0.54,33.79,0.14,0.55,33.78,0.14,0.54,,,
37352,2209,2750,1.007,32.72,0.19,32.72,0.18,0.53,32.72,0.19,0.54,32.71,0.19,0.53,,,
37373,1580,2171,1.006,32.06,0.34,,,,,,,,,,32.06,0.34,0.64
37400,6846,7341,1.019,34.65,0.23,34.64,0.22,0.35,34.65,0.23,0.39,34.65,0.23,0.40,,,
37407,3058,3584,1.009,33.59,0.18,33.59,0.18,0.56,33.59,0.18,0.60,33.60,0.19,0.59,,,
37409,6697,7114,1.019,34.69,0.13,34.68,0.13,0.35,34.69,0.13,0.39,34.70,0.13,0.40,34.76,0.11,0.51
37415,2286,2844,1.008,33.27,0.43,,,,,,,,,,33.27,0.43,0.66
37418,954,1022,1.003,31.22,0.25,31.22,0.25,0.56,31.22,0.25,0.60,31.24,0.26,0.59,31.26,0.27,0.66
37421,3159,3443,1.009,32.61,0.17,32.63,0.17,0.56,32.61,0.17,0.57,32.59,0.17,0.57,,,
37422,1556,2160,1.006,32.21,0.87,,,,,,,,,,32.21,0.87,0.66
37428,10104,10461,1.028,35.81,0.22,35.79,0.21,0.35,35.81,0.22,0.39,35.82,0.22,0.40,,,
37429,6276,6733,1.018,33.94,0.22,33.93,0.21,0.35,33.94,0.22,0.39,33.94,0.22,0.40,,,
37438,6399,6871,1.018,35.08,0.23,35.07,0.22,0.52,35.09,0.23,0.53,35.09,0.23,0.52,,,
37440,4987,5336,1.014,33.75,0.14,33.74,0.14,0.47,33.74,0.14,0.48,33.75,0.14,0.47,,,
37449,573,872,1.002,31.16,0.30,31.17,0.28,0.56,31.16,0.30,0.60,31.15,0.30,0.59,,,
37463,6266,6680,1.018,35.04,0.16,35.02,0.16,0.41,35.04,0.16,0.41,35.05,0.16,0.40,35.15,0.16,0.54
37466,953,1015,1.003,31.56,0.16,31.56,0.16,0.50,31.56,0.16,0.50,31.55,0.16,0.49,31.48,0.16,0.60
37467,6771,7084,1.019,34.77,0.13,34.76,0.13,0.35,34.77,0.13,0.39,34.77,0.13,0.40,,,
37476,1356,1949,1.005,31.71,0.24,,,,,,,,,,31.71,0.24,0.64
37483,2359,2850,1.008,32.54,0.13,32.53,0.13,0.35,32.54,0.13,0.39,32.54,0.13,0.40,32.69,0.12,0.48
37496,1479,2075,1.006,30.90,0.17,,,,,,,,,,30.90,0.17,0.57
37501,6253,6687,1.018,34.70,0.13,34.69,0.13,0.35,34.70,0.13,0.39,34.70,0.13,0.40,,,
37507,6708,7128,1.019,35.20,0.16,35.20,0.16,0.35,35.21,0.16,0.39,35.21,0.16,0.40,35.37,0.15,0.48
37511,4687,5039,1.013,34.60,0.17,34.60,0.17,0.53,34.60,0.17,0.54,34.60,0.17,0.53,,,
37513,1676,2271,1.006,32.95,0.46,,,,,,,,,,32.95,0.46,0.65
37515,3223,3516,1.009,33.19,0.17,33.21,0.17,0.56,33.19,0.17,0.58,33.18,0.17,0.58,,,
37521,6215,6435,1.017,34.46,0.20,34.44,0.19,0.35,34.46,0.20,0.39,34.48,0.20,0.40,,,
37522,5052,5411,1.014,34.41,0.31,34.41,0.30,0.56,34.41,0.31,0.59,34.40,0.31,0.59,,,
37525,994,1106,1.003,31.62,0.32,31.62,0.31,0.55,31.63,0.32,0.56,31.63,0.33,0.56,31.41,0.36,0.64
37529,3491,3816,1.010,34.24,0.21,34.25,0.21,0.55,34.24,0.21,0.57,34.24,0.22,0.56,,,
37530,4935,5284,1.014,34.03,0.18,34.02,0.18,0.56,34.01,0.18,0.60,34.04,0.19,0.59,,,
37538,3408,3696,1.010,33.90,0.17,33.90,0.16,0.56,33.89,0.17,0.59,33.90,0.17,0.58,,,
37539,8017,8315,1.022,35.00,0.13,35.00,0.13,0.35,35.00,0.13,0.39,35.01,0.14,0.40,,,
37542,1014,1147,1.003,31.29,0.31,31.30,0.30,0.56,31.30,0.31,0.59,31.28,0.32,0.58,30.86,0.35,0.65
37549,2714,3309,1.009,32.59,0.42,,,,,,,,,,32.59,0.42,0.59
37553,1164,1247,1.003,30.94,0.25,30.95,0.24,0.56,30.94,0.25,0.60,30.93,0.25,0.59,30.72,0.27,0.66
37554,6295,6745,1.018,35.02,0.14,35.01,0.14,0.52,35.02,0.14,0.52,35.03,0.14,0.52,,,
37556,1193,1231,1.003,33.03,0.52,33.03,0.50,0.56,33.04,0.52,0.60,33.01,0.52,0.59,,,
37566,1607,2202,1.006,32.95,0.57,,,,,,,,,,32.95,0.57,0.66
37591,4449,4802,1.013,33.68,0.12,33.67,0.12,0.35,33.68,0.12,0.39,33.69,0.12,0.40,,,
37598,1311,1344,1.004,31.81,0.44,31.81,0.42,0.56,31.82,0.44,0.60,31.82,0.45,0.59,,,
37617,1146,1227,1.003,31.46,0.21,31.44,0.20,0.35,31.46,0.21,0.39,31.46,0.21,0.40,31.64,0.22,0.48
37619,4775,5128,1.014,33.99,0.20,33.98,0.20,0.37,34.00,0.20,0.39,34.00,0.21,0.40,,,
37629,4730,5082,1.013,32.85,0.19,32.86,0.18,0.49,32.86,0.19,0.50,32.85,0.19,0.49,,,
37641,9191,9569,1.025,35.52,0.12,35.50,0.12,0.35,35.53,0.12,0.39,35.54,0.12,0.40,,,
37643,4502,4855,1.013,33.76,0.14,33.77,0.14,0.49,33.76,0.14,0.49,33.75,0.14,0.48,,,
37669,3427,4018,1.011,33.18,0.38,,,,,,,,,,33.18,0.38,0.56
37676,5285,5321,1.014,34.57,0.26,34.57,0.25,0.35,34.58,0.26,0.39,34.57,0.26,0.40,,,
37681,1548,2146,1.006,31.57,0.51,,,,,,,,,,31.57,0.51,0.66
37686,4061,4528,1.012,33.93,0.13,33.93,0.13,0.35,33.94,0.13,0.39,33.94,0.13,0.40,,,
37689,925,1160,1.003,30.83,0.24,30.83,0.23,0.56,30.82,0.24,0.60,30.83,0.24,0.59,,,
37691,883,1060,1.003,31.10,0.19,31.09,0.18,0.35,31.11,0.19,0.39,31.12,0.19,0.40,31.16,0.19,0.48
37696,6773,7177,1.019,34.85,0.19,34.84,0.19,0.38,34.85,0.19,0.39,34.85,0.19,0.40,34.85,0.20,0.53
37697,972,1116,1.003,31.27,0.23,31.27,0.22,0.52,31.27,0.23,0.53,31.27,0.23,0.52,30.97,0.24,0.62
37699,4429,4781,1.013,33.73,0.12,33.72,0.12,0.38,33.73,0.12,0.39,33.73,0.13,0.40,,,
37700,1212,1292,1.003,31.94,0.23,31.94,0.22,0.56,31.94,0.23,0.60,31.95,0.23,0.59,31.49,0.24,0.66
37710,1310,1844,1.005,32.13,0.23,32.16,0.22,0.56,32.13,0.23,0.60,32.10,0.23,0.59,,,
37719,740,929,1.002,31.24,0.17,,,,,,,,,,31.24,0.17,0.51
37723,743,1049,1.003,30.60,0.18,30.61,0.17,0.56,30.60,0.18,0.60,30.59,0.18,0.59,,,
37726,9819,10207,1.027,35.85,0.14,35.86,0.14,0.35,35.85,0.14,0.39,35.84,0.14,0.40,,,
37735,1176,1263,1.003,31.79,0.35,31.78,0.34,0.55,31.79,0.35,0.56,31.79,0.36,0.56,31.79,0.39,0.64
37737,1365,1903,1.005,32.67,0.67,32.67,0.64,0.56,32.69,0.67,0.60,32.66,0.68,0.59,,,
37738,3234,3471,1.009,32.83,0.35,32.83,0.34,0.55,32.83,0.35,0.57,32.83,0.36,0.56,,,
37761,6371,6782,1.018,34.54,0.13,34.54,0.13,0.43,34.54,0.13,0.43,34.54,0.13,0.42,,,
37770,6190,6169,1.016,35.12,0.28,35.11,0.27,0.50,35.12,0.28,0.51,35.13,0.28,0.50,,,
37775,8760,9068,1.024,35.39,0.31,35.39,0.30,0.35,35.40,0.31,0.39,35.39,0.32,0.40,,,
37781,5643,6151,1.016,34.32,0.25,34.33,0.24,0.52,34.32,0.25,0.52,34.31,0.25,0.51,,,
37787,6245,5990,1.016,34.77,0.16,,,,,,,,,,34.77,0.16,0.48
37803,3498,3835,1.010,33.29,0.25,33.30,0.24,0.56,33.28,0.25,0.60,33.28,0.25,0.59,,,
37804,6192,6412,1.017,34.80,0.28,34.79,0.27,0.38,34.80,0.28,0.39,34.81,0.29,0.40,,,
37807,10503,11035,1.029,35.18,0.35,35.18,0.34,0.47,35.18,0.35,0.47,35.17,0.35,0.46,,,
37813,6341,6722,1.018,34.51,0.23,34.52,0.22,0.53,34.51,0.23,0.54,34.51,0.23,0.53,,,
37832,841,948,1.003,31.49,0.48,31.49,0.46,0.56,31.49,0.48,0.60,31.47,0.48,0.59,31.30,0.53,0.66
37848,6239,5966,1.016,34.59,0.21,,,,,,,,,,34.59,0.21,0.48
37861,6134,6608,1.017,34.98,0.14,34.98,0.14,0.43,34.98,0.14,0.44,34.98,0.14,0.43,,,
37870,10524,11090,1.029,35.16,0.32,,,,,,,,,,35.16,0.32,0.54
37872,6151,6614,1.017,34.98,0.20,34.99,0.19,0.44,34.98,0.20,0.45,34.97,0.20,0.44,,,
37906,1538,2136,1.006,31.51,0.29,,,,,,,,,,31.51,0.29,0.65
37912,1405,1843,1.005,31.96,0.15,31.96,0.15,0.56,31.95,0.15,0.58,31.96,0.15,0.58,32.07,0.14,0.65
37935,2542,2455,1.007,33.53,0.43,33.53,0.41,0.50,33.54,0.43,0.51,33.52,0.44,0.50,,,
37958,3844,4401,1.012,33.51,0.25,,,,,,,,,,33.51,0.25,0.53
37959,6424,6837,1.018,34.49,0.15,34.51,0.15,0.54,34.49,0.15,0.55,34.48,0.15,0.54,,,
37971,5943,6472,1.017,34.63,0.21,34.62,0.20,0.35,34.63,0.21,0.39,34.64,0.21,0.40,34.75,0.22,0.49
37976,3060,3369,1.009,33.41,0.24,33.41,0.23,0.52,33.41,0.24,0.52,33.42,0.24,0.52,,,
37998,7804,8403,1.022,34.78,0.38,,,,,,,,,,34.78,0.38,0.57
38008,5547,6091,1.016,34.56,0.20,,,,,,,,,,34.56,0.20,0.55
38009,3123,3432,1.009,33.45,0.13,33.45,0.13,0.40,33.46,0.13,0.41,33.45,0.13,0.40,,,
38012,7181,7612,1.020,34.76,0.13,34.76,0.13,0.35,34.76,0.13,0.39,34.76,0.13,0.40,,,
38013,3356,3669,1.010,33.05,0.16,33.07,0.15,0.56,33.05,0.16,0.59,33.04,0.16,0.58,,,
38014,1659,1643,1.004,32.15,0.58,32.16,0.55,0.56,32.17,0.58,0.60,32.14,0.59,0.59,,,
38031,1821,2333,1.006,32.53,0.29,32.52,0.27,0.35,32.54,0.29,0.39,32.53,0.29,0.40,,,
38044,7451,7824,1.021,35.22,0.15,35.21,0.15,0.35,35.22,0.15,0.39,35.22,0.16,0.40,35.28,0.15,0.48
38049,1535,2118,1.006,32.63,0.30,,,,,,,,,,32.63,0.30,0.48
38050,750,1152,1.003,30.34,0.32,30.33,0.31,0.56,30.34,0.32,0.60,30.34,0.33,0.59,,,
38054,6137,6633,1.018,34.78,0.18,34.77,0.17,0.35,34.78,0.18,0.39,34.78,0.18,0.40,,,
38081,3550,3863,1.010,33.23,0.14,33.23,0.13,0.53,33.22,0.14,0.54,33.23,0.14,0.53,,,
38087,1424,2013,1.005,32.27,0.40,,,,,,,,,,32.27,0.40,0.66
38095,6521,6934,1.018,34.21,0.24,34.21,0.23,0.46,34.21,0.24,0.46,34.21,0.24,0.46,,,
38097,12065,12540,1.033,36.41,0.16,36.42,0.16,0.35,36.40,0.16,0.39,36.40,0.16,0.40,,,
38117,1077,1585,1.004,30.56,0.24,30.56,0.24,0.56,30.56,0.24,0.60,30.57,0.25,0.59,,,
38122,5451,5951,1.016,34.50,0.18,34.50,0.18,0.40,34.51,0.18,0.40,34.50,0.18,0.40,,,
38125,3145,3454,1.009,33.34,0.14,33.34,0.14,0.55,33.34,0.14,0.56,33.35,0.14,0.55,,,
38126,1882,2479,1.007,32.05,0.48,,,,,,,,,,32.05,0.48,0.66
38128,1977,2394,1.006,33.57,0.25,33.58,0.24,0.56,33.57,0.25,0.57,33.57,0.25,0.57,,,
38137,6024,6507,1.017,35.18,0.30,35.17,0.29,0.48,35.18,0.30,0.48,35.18,0.31,0.47,,,
38143,5585,5707,1.015,34.64,0.27,34.63,0.26,0.52,34.64,0.27,0.52,34.64,0.28,0.51,34.59,0.30,0.61
38144,6428,6796,1.018,34.71,0.26,34.70,0.25,0.56,34.70,0.26,0.59,34.71,0.26,0.59,34.56,0.28,0.65
38150,758,1047,1.003,30.82,0.14,30.83,0.14,0.43,30.83,0.14,0.43,30.82,0.14,0.42,,,
38163,7484,7873,1.021,35.47,0.17,35.44,0.17,0.35,35.47,0.17,0.39,35.50,0.17,0.40,,,
38167,856,1259,1.003,,,,,,,,,,,,,,
38183,5536,6037,1.016,34.65,0.13,34.66,0.13,0.47,34.65,0.13,0.47,34.63,0.13,0.46,,,
38192,6779,7247,1.019,34.60,0.15,34.62,0.15,0.47,34.60,0.15,0.47,34.59,0.15,0.46,,,
38212,1605,1568,1.004,30.97,0.24,30.99,0.23,0.56,30.97,0.24,0.59,30.95,0.24,0.58,,,
38219,6676,7131,1.019,35.21,0.17,35.21,0.16,0.37,35.21,0.17,0.39,35.22,0.17,0.40,,,
38239,3818,4375,1.012,33.73,0.21,,,,,,,,,,33.73,0.21,0.52
38244,537,869,1.002,31.09,0.21,31.10,0.20,0.56,31.09,0.21,0.60,31.07,0.21,0.59,30.82,0.22,0.66
38249,5665,6201,1.016,35.23,0.24,35.24,0.23,0.35,35.23,0.24,0.39,35.22,0.24,0.40,,,
38273,9904,10362,1.027,35.78,0.26,35.77,0.25,0.46,35.79,0.26,0.47,35.78,0.26,0.46,,,
38283,830,938,1.002,31.75,0.16,31.75,0.16,0.48,31.75,0.16,0.48,31.74,0.16,0.47,31.32,0.16,0.59
38287,4198,4604,1.012,34.55,0.13,34.55,0.13,0.35,34.55,0.13,0.39,34.55,0.13,0.40,,,
38288,7248,7635,1.020,34.98,0.16,34.98,0.16,0.35,34.98,0.16,0.39,34.98,0.16,0.40,35.04,0.15,0.48
38295,8629,8726,1.023,35.27,0.19,35.26,0.19,0.35,35.27,0.19,0.39,35.29,0.20,0.40,,,
38297,7020,7368,1.019,34.82,0.12,34.82,0.12,0.35,34.82,0.12,0.39,34.82,0.12,0.40,,,
38302,836,942,1.003,30.73,0.15,30.71,0.15,0.36,30.73,0.15,0.39,30.73,0.15,0.40,30.54,0.15,0.52
38330,1591,2187,1.006,31.36,0.16,,,,,,,,,,31.36,0.16,0.62
38333,6893,7280,1.019,34.98,0.18,34.99,0.17,0.54,34.99,0.18,0.54,34.97,0.18,0.54,,,
38346,1222,1798,1.005,31.08,0.21,,,,,,,,,,31.08,0.21,0.60
38347,2218,2046,1.005,32.37,0.19,,,,,,,,,,32.37,0.19,0.59
38356,822,1002,1.003,30.17,0.24,30.17,0.24,0.56,30.17,0.24,0.60,30.17,0.25,0.59,29.99,0.26,0.66
38361,643,780,1.002,30.50,0.21,30.48,0.21,0.43,30.50,0.21,0.43,30.50,0.22,0.42,,,
38370,1156,1272,1.003,31.51,0.14,31.50,0.14,0.35,31.51,0.14,0.39,31.52,0.15,0.40,31.48,0.13,0.48
38374,7147,7531,1.020,35.17,0.21,35.17,0.20,0.54,35.16,0.21,0.55,35.17,0.21,0.54,34.79,0.22,0.63
38392,935,1018,1.003,30.52,0.28,30.54,0.27,0.36,30.53,0.28,0.39,30.50,0.28,0.40,30.61,0.30,0.52
38405,3123,3470,1.009,33.84,0.40,33.83,0.38,0.56,33.84,0.40,0.60,33.85,0.40,0.59,,,
38408,5793,6380,1.017,35.42,0.52,,,,,,,,,,35.42,0.52,0.54
38410,4235,4641,1.012,33.79,0.13,33.79,0.13,0.37,33.79,0.13,0.39,33.79,0.13,0.40,,,
38426,4269,4835,1.013,33.69,0.18,,,,,,,,,,33.69,0.18,0.48
38431,2583,3174,1.008,33.37,0.32,,,,,,,,,,33.37,0.32,0.65
38441,7121,7521,1.020,35.11,0.19,35.11,0.19,0.35,35.11,0.19,0.39,35.11,0.20,0.40,35.26,0.20,0.48
38457,6251,6690,1.018,34.58,0.25,34.58,0.24,0.55,34.57,0.25,0.56,34.59,0.25,0.56,,,
38464,1460,2055,1.005,31.84,0.16,,,,,,,,,,31.84,0.16,0.60
38476,6652,7061,1.019,34.78,0.13,34.77,0.13,0.35,34.78,0.13,0.39,34.78,0.13,0.40,,,
38485,6848,7260,1.019,34.50,0.12,34.50,0.12,0.35,34.50,0.12,0.39,34.50,0.12,0.40,,,
38487,1892,2486,1.007,32.69,0.66,,,,,,,,,,32.69,0.66,0.66
38492,1163,1667,1.004,31.09,0.19,31.10,0.19,0.54,31.10,0.19,0.55,31.08,0.20,0.55,,,
38496,5155,5731,1.015,33.96,0.32,,,,,,,,,,33.96,0.32,0.48
38506,7340,7729,1.020,35.27,0.18,35.28,0.17,0.53,35.28,0.18,0.53,35.26,0.18,0.52,,,
38512,6873,7309,1.019,35.27,0.20,35.26,0.19,0.35,35.28,0.20,0.39,35.28,0.20,0.40,,,
38536,1953,2547,1.007,31.47,0.30,,,,,,,,,,31.47,0.30,0.66
38550,2018,1853,1.005,32.54,0.32,,,,,,,,,,32.54,0.32,0.57
38553,2420,2329,1.006,32.58,0.30,32.58,0.29,0.55,32.58,0.30,0.56,32.58,0.31,0.56,,,
38567,1091,1331,1.004,30.58,0.23,30.57,0.22,0.56,30.58,0.23,0.60,30.59,0.23,0.59,,,
38578,1551,1405,1.004,32.69,0.34,,,,,,,,,,32.69,0.34,0.51
38580,978,1535,1.004,31.31,0.15,,,,,,,,,,31.31,0.15,0.61
38593,3981,4290,1.011,33.12,1.54,33.13,1.48,0.50,33.12,1.54,0.51,33.11,1.57,0.50,,,
38598,238,532,1.001,31.58,0.21,31.58,0.20,0.56,31.58,0.21,0.60,31.59,0.21,0.59,,,
38605,3815,4125,1.011,33.40,0.16,33.40,0.16,0.35,33.41,0.16,0.39,33.41,0.16,0.40,,,
38622,2505,2899,1.008,33.35,0.23,33.36,0.23,0.55,33.35,0.23,0.56,33.35,0.24,0.55,,,
38627,1881,2315,1.006,33.17,0.15,33.19,0.15,0.56,33.17,0.15,0.59,33.17,0.16,0.59,32.96,0.15,0.65
38628,1885,2478,1.007,32.18,0.39,,,,,,,,,,32.18,0.39,0.66
38635,1912,2504,1.007,32.52,0.16,,,,,,,,,,32.52,0.16,0.58
38637,2133,2468,1.007,32.71,0.27,32.71,0.26,0.56,32.71,0.27,0.59,32.71,0.27,0.59,32.51,0.29,0.65
38645,1265,1343,1.004,32.12,0.25,32.13,0.24,0.56,32.12,0.25,0.58,32.11,0.25,0.58,31.98,0.27,0.65
38652,1432,2021,1.005,31.99,0.56,,,,,,,,,,31.99,0.56,0.66
38657,6883,7243,1.019,34.85,0.13,34.84,0.13,0.35,34.85,0.13,0.39,34.86,0.13,0.40,,,
38658,6369,6772,1.018,34.72,0.25,34.73,0.24,0.55,34.72,0.25,0.56,34.72,0.25,0.55,34.65,0.27,0.63
38667,2533,2878,1.008,33.22,0.18,33.22,0.17,0.54,33.22,0.18,0.55,33.22,0.18,0.55,33.05,0.18,0.63
38669,2028,2046,1.005,33.67,0.53,33.67,0.51,0.55,33.68,0.53,0.56,33.66,0.54,0.56,,,
38680,2751,2734,1.007,33.10,0.20,33.10,0.20,0.54,33.10,0.20,0.55,33.11,0.20,0.54,,,
38682,5749,6261,1.017,34.78,0.13,34.79,0.13,0.39,34.78,0.13,0.39,34.77,0.13,0.40,,,
38684,2433,2870,1.008,33.44,0.55,33.45,0.52,0.56,33.45,0.55,0.60,33.42,0.56,0.59,33.31,0.62,0.66
38688,333,478,1.001,29.04,0.29,29.03,0.28,0.56,29.03,0.29,0.60,29.06,0.29,0.59,29.01,0.32,0.66
38693,1051,1261,1.003,30.91,0.25,30.90,0.24,0.47,30.91,0.25,0.48,30.91,0.25,0.47,,,
38709,8646,9089,1.024,35.29,0.13,35.29,0.13,0.35,35.30,0.13,0.39,35.29,0.13,0.40,,,
38711,1875,2467,1.007,31.79,0.18,,,,,,,,,,31.79,0.18,0.58
38712,1903,2495,1.007,33.26,0.31,,,,,,,,,,33.26,0.31,0.63
38713,6543,6897,1.018,34.80,0.13,34.81,0.13,0.35,34.80,0.13,0.39,34.80,0.14,0.40,,,
38741,3201,3225,1.009,34.10,0.20,34.12,0.19,0.35,34.11,0.20,0.39,34.08,0.20,0.40,,,
38747,1189,1635,1.004,34.18,0.26,34.19,0.25,0.55,34.18,0.26,0.56,34.17,0.26,0.55,33.91,0.28,0.63
38748,2379,2774,1.007,32.47,0.14,32.47,0.14,0.56,32.46,0.14,0.57,32.47,0.14,0.57,,,
38755,6719,7153,1.019,34.57,0.22,34.56,0.21,0.38,34.58,0.22,0.39,34.59,0.22,0.40,,,
38765,6242,6658,1.018,35.26,0.44,35.26,0.42,0.53,35.27,0.44,0.53,35.26,0.44,0.53,,,
38777,1955,1797,1.005,31.15,0.32,,,,,,,,,,31.15,0.32,0.66
38784,2123,2585,1.007,33.45,0.22,33.46,0.21,0.56,33.44,0.22,0.60,33.44,0.22,0.59,33.21,0.23,0.66
38785,6939,6873,1.018,34.88,0.18,34.87,0.18,0.35,34.89,0.18,0.39,34.89,0.18,0.40,,,
38795,852,956,1.003,31.27,0.17,31.26,0.17,0.35,31.28,0.17,0.39,31.27,0.18,0.40,30.89,0.17,0.48
38803,169,601,1.002,31.57,0.30,,,,,,,,,,31.57,0.30,0.66
38805,1878,1733,1.005,31.89,0.47,,,,,,,,,,31.89,0.47,0.65
38815,1960,2468,1.007,32.63,0.17,32.64,0.17,0.56,32.62,0.17,0.59,32.62,0.17,0.58,,,
38823,2249,2649,1.007,32.51,0.17,32.52,0.16,0.56,32.50,0.17,0.60,32.51,0.17,0.59,,,
38834,5023,5052,1.013,34.36,0.27,34.35,0.26,0.35,34.36,0.27,0.39,34.36,0.27,0.40,,,
38841,2863,3446,1.009,32.97,0.25,,,,,,,,,,32.97,0.25,0.55
38848,3915,4357,1.012,33.80,0.18,33.80,0.18,0.46,33.81,0.18,0.47,33.81,0.19,0.46,,,
38851,2529,2879,1.008,33.02,0.23,33.01,0.22,0.35,33.03,0.23,0.39,33.04,0.23,0.40,33.00,0.24,0.48
38864,6089,6597,1.017,35.02,0.22,35.01,0.22,0.51,35.02,0.22,0.51,35.03,0.23,0.51,,,
38868,6776,7198,1.019,35.51,0.39,35.51,0.37,0.48,35.52,0.39,0.48,35.50,0.39,0.47,,,
38874,7528,7804,1.021,34.91,0.14,34.91,0.14,0.38,34.91,0.14,0.39,34.90,0.14,0.40,,,
38878,2575,2915,1.008,33.11,0.21,33.11,0.21,0.56,33.11,0.21,0.60,33.12,0.22,0.59,,,
38885,1777,2211,1.006,33.66,0.30,33.66,0.29,0.43,33.67,0.30,0.43,33.66,0.31,0.42,33.87,0.33,0.55
38897,1102,1408,1.004,30.58,0.17,30.59,0.16,0.56,30.58,0.17,0.60,30.58,0.17,0.59,,,
38898,10217,10680,1.028,36.51,0.34,36.51,0.33,0.36,36.51,0.34,0.39,36.51,0.34,0.40,,,
38903,3875,4185,1.011,32.75,0.20,32.77,0.20,0.56,32.75,0.20,0.57,32.73,0.20,0.56,,,
38916,2106,2547,1.007,32.66,0.21,32.66,0.21,0.47,32.66,0.21,0.47,32.66,0.22,0.46,32.72,0.22,0.58
38919,6905,7345,1.019,35.57,0.17,35.55,0.16,0.35,35.57,0.17,0.39,35.58,0.17,0.40,,,
38933,6395,6652,1.018,34.10,0.17,34.09,0.17,0.54,34.10,0.17,0.55,34.10,0.17,0.55,,,
38943,265,714,1.002,30.70,0.14,30.70,0.14,0.51,30.71,0.14,0.51,30.70,0.14,0.50,30.73,0.13,0.60
38945,-277,151,1.000,30.81,0.20,30.81,0.19,0.56,30.81,0.20,0.60,30.82,0.20,0.59,30.58,0.20,0.66
38958,5816,6243,1.016,34.98,0.61,34.95,0.58,0.56,34.99,0.61,0.60,35.01,0.62,0.59,,,
38961,7263,7603,1.020,34.91,0.13,34.90,0.12,0.38,34.91,0.13,0.39,34.92,0.13,0.40,,,
38964,1957,2431,1.006,33.13,0.18,33.13,0.18,0.35,33.13,0.18,0.39,33.12,0.19,0.40,32.98,0.19,0.48
38977,8000,8435,1.022,35.22,0.12,35.20,0.12,0.35,35.22,0.12,0.39,35.24,0.13,0.40,,,
38984,3781,4090,1.011,33.69,0.15,33.70,0.15,0.52,33.69,0.15,0.52,33.69,0.15,0.52,,,
38988,984,1154,1.003,31.07,0.22,31.06,0.21,0.54,31.07,0.22,0.55,31.08,0.22,0.54,30.99,0.23,0.63
38989,6771,7193,1.019,35.39,0.47,35.40,0.45,0.56,35.39,0.47,0.60,35.37,0.48,0.59,,,
39009,2349,2772,1.007,32.78,0.59,32.78,0.56,0.56,32.79,0.59,0.60,32.77,0.60,0.59,32.68,0.66,0.66
39028,-227,193,1.001,30.87,0.13,30.85,0.13,0.35,30.87,0.13,0.39,30.88,0.13,0.40,31.08,0.11,0.48
39036,1890,1746,1.005,32.33,0.40,,,,,,,,,,32.33,0.40,0.66
39038,14959,15384,1.040,36.57,0.22,36.58,0.21,0.35,36.57,0.22,0.39,36.56,0.22,0.40,,,
39040,2374,2806,1.007,32.81,0.17,32.81,0.17,0.35,32.82,0.17,0.39,32.81,0.17,0.40,32.86,0.17,0.49
39046,6500,6753,1.018,34.53,0.14,34.54,0.14,0.54,34.53,0.14,0.55,34.53,0.14,0.54,,,
39050,2201,2599,1.007,33.21,0.27,33.21,0.26,0.56,33.21,0.27,0.60,33.22,0.27,0.59,,,
39051,5922,6323,1.017,35.20,0.14,35.21,0.14,0.35,35.21,0.14,0.39,35.19,0.14,0.40,,,
39052,2302,2777,1.007,32.27,0.49,32.28,0.47,0.56,32.28,0.49,0.60,32.25,0.50,0.59,32.32,0.55,0.66
39099,5987,6495,1.017,34.80,0.13,34.80,0.13,0.35,34.80,0.13,0.39,34.79,0.13,0.40,,,
39101,6227,6574,1.017,35.01,0.15,34.99,0.15,0.37,35.01,0.15,0.39,35.02,0.15,0.40,,,
39109,1672,2131,1.006,33.43,0.24,33.42,0.23,0.56,33.42,0.24,0.60,33.45,0.24,0.59,33.28,0.25,0.66
39113,523,958,1.003,31.86,0.20,31.85,0.20,0.56,31.85,0.20,0.60,31.88,0.20,0.59,31.73,0.21,0.66
39114,1930,2410,1.006,31.86,0.13,31.86,0.13,0.50,31.85,0.13,0.51,31.86,0.13,0.50,32.00,0.12,0.60
39143,1590,1555,1.004,30.70,0.19,30.71,0.19,0.56,30.69,0.19,0.59,30.69,0.19,0.59,,,
39152,2223,2649,1.007,33.05,0.13,33.05,0.13,0.45,33.05,0.13,0.45,33.05,0.13,0.44,33.16,0.11,0.57
39155,4086,4650,1.012,34.31,0.35,,,,,,,,,,34.31,0.35,0.58
39163,6215,6804,1.018,34.58,0.14,,,,,,,,,,34.58,0.14,0.48
39177,12522,13009,1.034,35.99,0.15,35.99,0.15,0.35,35.99,0.15,0.39,36.00,0.15,0.40,,,
39181,286,715,1.002,32.06,0.24,32.06,0.23,0.56,32.05,0.24,0.60,32.06,0.25,0.59,31.90,0.26,0.66
39183,609,1041,1.003,31.34,0.13,31.34,0.13,0.49,31.34,0.13,0.49,31.34,0.13,0.48,31.54,0.12,0.59
39191,567,659,1.002,30.99,0.38,30.98,0.36,0.56,30.99,0.38,0.60,30.99,0.38,0.59,,,
39201,2905,3486,1.009,31.90,0.22,,,,,,,,,,31.90,0.22,0.62
39203,4116,4202,1.011,34.31,0.30,34.30,0.29,0.56,34.31,0.30,0.57,34.32,0.30,0.56,,,
39206,486,942,1.003,30.35,0.15,30.36,0.15,0.56,30.34,0.15,0.58,30.34,0.15,0.58,30.16,0.14,0.65
39212,2673,3258,1.009,32.49,0.20,,,,,,,,,,32.49,0.20,0.48
39224,-176,250,1.001,31.20,0.23,31.20,0.22,0.41,31.21,0.23,0.42,31.20,0.23,0.41,31.12,0.25,0.55
39232,11016,11480,1.030,35.91,0.16,35.91,0.16,0.35,35.91,0.16,0.39,35.91,0.16,0.40,,,
39233,1874,2322,1.006,32.56,0.15,32.56,0.14,0.56,32.55,0.15,0.57,32.56,0.15,0.57,32.77,0.14,0.64
39237,800,925,1.002,31.10,0.41,31.10,0.39,0.56,31.10,0.41,0.60,31.09,0.41,0.59,30.82,0.45,0.66
39241,1103,1238,1.003,31.00,0.17,30.99,0.16,0.35,31.00,0.17,0.39,31.01,0.17,0.40,30.92,0.17,0.48
39243,3581,3665,1.010,33.70,0.41,33.69,0.40,0.56,33.69,0.41,0.60,33.71,0.42,0.59,,,
39245,6172,6681,1.018,34.88,0.20,34.87,0.20,0.35,34.88,0.20,0.39,34.88,0.20,0.40,,,
39246,42,473,1.001,30.89,0.12,30.88,0.12,0.35,30.89,0.12,0.39,30.90,0.12,0.40,30.99,0.10,0.48
39253,3082,3669,1.010,33.16,0.31,,,,,,,,,,33.16,0.31,0.64
39265,2046,2531,1.007,31.85,0.25,31.85,0.24,0.56,31.84,0.25,0.60,31.85,0.25,0.59,31.74,0.26,0.66
39289,7802,8110,1.021,35.26,0.13,35.26,0.13,0.35,35.27,0.13,0.39,35.27,0.13,0.40,,,
39306,10650,11065,1.029,36.15,0.25,36.14,0.24,0.35,36.16,0.25,0.39,36.16,0.25,0.40,,,
39308,136,565,1.002,31.22,0.14,31.23,0.14,0.55,31.22,0.14,0.56,31.21,0.14,0.55,31.22,0.13,0.63
39315,1707,2277,1.006,31.43,0.18,,,,,,,,,,31.43,0.18,0.50
39321,6690,6955,1.018,34.45,0.15,34.46,0.15,0.54,34.44,0.15,0.55,34.44,0.15,0.55,,,
39322,3882,4179,1.011,33.85,0.18,33.86,0.18,0.56,33.85,0.18,0.57,33.85,0.18,0.57,,,
39323,10209,10608,1.028,35.80,0.13,35.80,0.13,0.35,35.81,0.13,0.39,35.80,0.13,0.40,,,
39328,2470,2938,1.008,32.88,0.17,32.87,0.16,0.35,32.88,0.17,0.39,32.88,0.17,0.40,33.13,0.16,0.48
39342,6960,7383,1.019,34.62,0.29,34.61,0.28,0.53,34.62,0.29,0.54,34.62,0.29,0.53,,,
39344,775,919,1.002,31.71,0.38,31.71,0.37,0.56,31.71,0.38,0.60,31.72,0.39,0.59,31.92,0.43,0.66
39346,167,74,1.000,28.55,0.25,,,,,,,,,,28.55,0.25,0.65
39366,2915,2883,1.008,32.95,0.32,32.94,0.31,0.53,32.95,0.32,0.53,32.95,0.33,0.53,,,
39390,2033,2467,1.007,32.48,0.14,32.49,0.14,0.56,32.48,0.14,0.57,32.47,0.15,0.57,32.60,0.13,0.64
39393,779,1193,1.003,31.40,0.25,31.41,0.24,0.45,31.41,0.25,0.46,31.39,0.25,0.45,31.25,0.26,0.57
39400,4895,5327,1.014,35.18,0.24,35.17,0.23,0.48,35.18,0.24,0.48,35.18,0.24,0.47,,,
39407,6422,6917,1.018,34.31,0.15,34.32,0.14,0.56,34.31,0.15,0.57,34.31,0.15,0.57,,,
39422,273,496,1.001,28.19,0.18,28.20,0.18,0.56,28.17,0.18,0.58,28.20,0.18,0.58,28.21,0.18,0.65
39423,581,729,1.002,29.05,0.35,29.05,0.33,0.56,29.04,0.35,0.60,29.05,0.35,0.59,28.66,0.38,0.66
39432,358,717,1.002,,,,,,,,,,,,,,
39440,6614,7017,1.019,35.01,0.12,35.00,0.12,0.35,35.01,0.12,0.39,35.02,0.12,0.40,,,
39449,7286,7713,1.020,35.03,0.14,35.05,0.14,0.46,35.03,0.14,0.46,35.02,0.14,0.45,,,
39452,7420,8001,1.021,34.98,0.35,,,,,,,,,,34.98,0.35,0.62
39458,7181,7625,1.020,34.83,0.18,34.82,0.17,0.35,34.83,0.18,0.39,34.84,0.18,0.40,,,
39461,560,690,1.002,29.04,0.59,29.05,0.56,0.56,29.05,0.59,0.60,29.04,0.60,0.59,29.21,0.66,0.66
39473,6872,7348,1.019,35.26,0.32,35.25,0.30,0.48,35.26,0.32,0.48,35.28,0.32,0.48,,,
39479,3596,4064,1.011,33.50,0.19,33.48,0.18,0.35,33.50,0.19,0.39,33.52,0.19,0.40,,,
39482,5132,5715,1.015,34.34,0.28,,,,,,,,,,34.34,0.28,0.59
39487,6778,7187,1.019,34.44,0.23,34.44,0.23,0.47,34.44,0.23,0.47,34.44,0.24,0.46,,,
39504,3835,4300,1.011,32.85,0.24,32.86,0.23,0.56,32.85,0.24,0.60,32.86,0.24,0.59,,,
39519,6911,7247,1.019,34.25,0.19,34.25,0.19,0.36,34.26,0.19,0.39,34.26,0.20,0.40,,,
39537,733,1211,1.003,31.71,0.17,31.72,0.17,0.56,31.70,0.17,0.60,31.70,0.17,0.59,31.32,0.17,0.66
39556,1872,2342,1.006,31.96,0.22,31.96,0.21,0.56,31.95,0.22,0.60,31.97,0.22,0.59,32.01,0.23,0.66
39573,161,537,1.001,26.79,3.26,,,,,,,,,,26.79,3.26,0.66
39580,6302,6735,1.018,35.51,0.13,35.52,0.13,0.45,35.50,0.13,0.46,35.50,0.13,0.45,,,
39591,8705,9072,1.024,35.14,0.13,35.14,0.13,0.47,35.14,0.13,0.47,35.15,0.13,0.47,,,
39600,522,652,1.002,29.21,0.15,29.19,0.15,0.35,29.22,0.15,0.39,29.24,0.16,0.40,29.46,0.15,0.48
39601,5468,5941,1.016,33.71,0.19,33.71,0.19,0.44,33.71,0.19,0.45,33.71,0.20,0.44,,,
39613,2352,2808,1.007,32.55,0.24,32.55,0.23,0.56,32.55,0.24,0.59,32.55,0.24,0.58,32.37,0.25,0.65
39617,6942,7260,1.019,34.17,0.41,34.17,0.39,0.56,34.17,0.41,0.58,34.16,0.41,0.58,,,
39635,3745,3854,1.010,33.38,0.20,33.38,0.20,0.44,33.39,0.20,0.45,33.39,0.20,0.44,,,
39656,1604,2078,1.006,33.28,0.21,33.28,0.20,0.35,33.28,0.21,0.39,33.29,0.21,0.40,33.50,0.22,0.48
39663,2512,2821,1.007,33.00,0.20,33.01,0.19,0.53,33.00,0.20,0.54,32.99,0.20,0.53,,,
39697,2062,2557,1.007,32.08,0.20,32.09,0.19,0.56,32.07,0.20,0.60,32.06,0.20,0.59,,,
39698,3972,4529,1.012,32.99,0.32,,,,,,,,,,32.99,0.32,0.55
39703,5760,6214,1.016,34.66,0.41,34.65,0.39,0.49,34.67,0.41,0.49,34.66,0.41,0.48,,,
39704,3487,3559,1.009,34.13,0.42,34.14,0.40,0.55,34.14,0.42,0.56,34.11,0.43,0.55,,,
39724,904,1201,1.003,31.13,0.13,31.14,0.13,0.35,31.14,0.13,0.39,31.12,0.13,0.40,,,
39726,7820,8358,1.022,35.24,0.19,,,,,,,,,,35.24,0.19,0.48
39731,3654,4117,1.011,33.89,0.62,33.89,0.60,0.56,33.91,0.62,0.60,33.88,0.63,0.59,,,
39738,2243,2720,1.007,32.20,0.23,32.19,0.22,0.38,32.21,0.23,0.39,32.21,0.23,0.40,32.04,0.25,0.53
39749,8303,8614,1.023,35.24,0.21,35.22,0.20,0.35,35.24,0.21,0.39,35.25,0.21,0.40,,,
39768,3773,4355,1.012,34.41,0.20,,,,,,,,,,34.41,0.20,0.48
39775,4331,4352,1.012,34.03,0.21,34.02,0.20,0.35,34.04,0.21,0.39,34.04,0.21,0.40,,,
39785,883,1004,1.003,32.69,0.64,32.69,0.61,0.56,32.70,0.64,0.60,32.67,0.65,0.59,,,
39813,2435,2902,1.008,31.87,0.28,31.88,0.27,0.56,31.87,0.28,0.60,31.86,0.29,0.59,31.56,0.31,0.66
39819,1445,1944,1.005,32.28,0.15,32.28,0.15,0.56,32.28,0.15,0.59,32.29,0.15,0.59,,,
39822,9418,9864,1.026,36.18,0.21,36.18,0.20,0.35,36.18,0.21,0.39,36.18,0.21,0.40,35.96,0.21,0.48
39831,5789,6238,1.016,34.72,0.13,34.73,0.13,0.36,34.72,0.13,0.39,34.71,0.13,0.40,,,
39846,632,931,1.002,30.36,0.29,30.37,0.28,0.56,30.36,0.29,0.60,30.34,0.29,0.59,,,
39847,6601,6937,1.018,34.11,0.20,34.12,0.19,0.54,34.11,0.20,0.54,34.11,0.20,0.54,,,
39851,4128,4688,1.012,33.14,0.41,,,,,,,,,,33.14,0.41,0.64
39855,5257,5794,1.015,34.53,0.16,,,,,,,,,,34.53,0.16,0.49
39860,2020,2495,1.007,32.36,0.34,32.38,0.33,0.56,32.37,0.34,0.58,32.35,0.34,0.58,32.34,0.37,0.65
39886,2402,2887,1.008,32.76,0.12,32.76,0.12,0.35,32.77,0.12,0.39,32.76,0.12,0.40,33.08,0.10,0.51
39909,7657,8227,1.022,35.35,0.20,,,,,,,,,,35.35,0.20,0.48
39920,6633,7210,1.019,34.62,0.36,,,,,,,,,,34.62,0.36,0.59
39925,246,682,1.002,30.68,0.16,30.69,0.16,0.56,30.68,0.16,0.58,30.68,0.16,0.57,30.50,0.15,0.65
39950,1047,1462,1.004,30.80,0.25,30.80,0.24,0.49,30.81,0.25,0.49,30.79,0.25,0.48,30.59,0.27,0.59
39956,9917,10322,1.027,35.36,0.21,35.38,0.20,0.44,35.36,0.21,0.45,35.35,0.21,0.44,,,
39974,1060,1475,1.004,30.84,0.12,30.83,0.12,0.35,30.85,0.12,0.39,30.85,0.12,0.40,30.96,0.10,0.50
39979,1875,2449,1.006,32.61,0.19,,,,,,,,,,32.61,0.19,0.53
39982,3902,4458,1.012,33.50,0.19,,,,,,,,,,33.50,0.19,0.55
39992,3733,4313,1.011,33.92,0.25,,,,,,,,,,33.92,0.25,0.55
40004,1133,1602,1.004,32.43,0.21,32.43,0.20,0.56,32.42,0.21,0.60,32.43,0.21,0.59,,,
40023,2667,3246,1.009,32.87,0.12,,,,,,,,,,32.87,0.12,0.48
40033,942,1394,1.004,31.48,0.19,31.48,0.18,0.42,31.48,0.19,0.43,31.47,0.19,0.42,31.49,0.19,0.55
40038,7416,7851,1.021,35.08,0.14,35.08,0.13,0.35,35.08,0.14,0.39,35.08,0.14,0.40,,,
40062,684,974,1.003,30.07,0.89,30.07,0.86,0.56,30.07,0.89,0.60,30.09,0.91,0.59,,,
40072,7570,7814,1.021,35.05,0.21,35.04,0.20,0.41,35.05,0.21,0.42,35.05,0.21,0.41,,,
40080,5837,6412,1.017,34.84,0.21,,,,,,,,,,34.84,0.21,0.48
40085,1766,1604,1.004,31.48,0.38,,,,,,,,,,31.48,0.38,0.66
40092,4704,5229,1.014,33.98,0.17,,,,,,,,,,33.98,0.17,0.48
40095,63,470,1.001,30.19,0.18,30.20,0.18,0.55,30.19,0.18,0.56,30.18,0.19,0.56,30.07,0.19,0.64
40105,1346,1779,1.005,30.57,0.17,30.58,0.17,0.50,30.57,0.17,0.51,30.55,0.18,0.50,30.54,0.17,0.60
40111,2243,2709,1.007,32.41,0.16,32.42,0.16,0.55,32.40,0.16,0.57,32.40,0.16,0.56,32.31,0.16,0.64
40114,2711,3180,1.008,32.65,0.42,32.66,0.40,0.56,32.66,0.42,0.60,32.65,0.43,0.59,,,
40119,1141,1591,1.004,31.95,0.13,31.96,0.13,0.42,31.96,0.13,0.43,31.94,0.13,0.42,32.02,0.11,0.55
40121,6789,7143,1.019,34.42,0.16,34.42,0.15,0.56,34.42,0.16,0.58,34.43,0.16,0.58,,,
40147,1417,1883,1.005,31.62,0.26,31.62,0.25,0.56,31.61,0.26,0.60,31.62,0.26,0.59,31.49,0.28,0.66
40148,2720,3300,1.009,32.09,0.44,,,,,,,,,,32.09,0.44,0.66
40201,1459,1895,1.005,31.35,0.14,31.35,0.14,0.53,31.35,0.14,0.53,31.34,0.14,0.52,31.15,0.13,0.62
40205,554,854,1.002,31.61,0.17,31.62,0.16,0.56,31.61,0.17,0.60,31.60,0.17,0.59,,,
40218,4132,4593,1.012,32.23,0.30,32.24,0.29,0.46,32.24,0.30,0.46,32.22,0.31,0.45,,,
40251,892,1355,1.004,31.89,0.13,31.90,0.13,0.40,31.89,0.13,0.40,31.87,0.13,0.40,31.93,0.11,0.54
40256,7796,8291,1.022,35.96,0.13,35.96,0.13,0.35,35.96,0.13,0.39,35.95,0.13,0.40,,,
40260,7407,7894,1.021,35.06,0.12,35.06,0.12,0.35,35.06,0.12,0.39,35.07,0.12,0.40,,,
40265,2440,3019,1.008,32.22,0.17,,,,,,,,,,32.22,0.17,0.51
40273,1302,1764,1.005,31.83,0.32,31.84,0.31,0.56,31.83,0.32,0.59,31.82,0.32,0.59,31.54,0.35,0.65
40284,1847,2365,1.006,32.46,0.17,32.45,0.16,0.35,32.46,0.17,0.39,32.47,0.17,0.40,,,
40303,1009,1467,1.004,31.93,0.49,31.94,0.47,0.56,31.94,0.49,0.59,31.90,0.50,0.59,31.86,0.55,0.66
40307,6878,7351,1.019,34.70,0.16,34.70,0.15,0.51,34.70,0.16,0.52,34.69,0.16,0.51,,,
40330,1248,1524,1.004,30.58,0.15,30.59,0.15,0.56,30.58,0.15,0.58,30.59,0.15,0.58,,,
40342,1019,1473,1.004,30.80,0.35,30.80,0.34,0.55,30.81,0.35,0.56,30.80,0.36,0.55,31.16,0.39,0.63
40392,5508,5972,1.016,34.21,0.25,34.22,0.25,0.56,34.21,0.25,0.59,34.21,0.26,0.58,,,
40406,7039,7530,1.020,35.05,0.15,35.04,0.15,0.35,35.05,0.15,0.39,35.05,0.16,0.40,,,
40408,1590,2070,1.005,32.08,0.17,32.09,0.17,0.56,32.08,0.17,0.60,32.08,0.17,0.59,32.10,0.17,0.66
40414,1726,2207,1.006,32.94,0.20,32.94,0.19,0.56,32.93,0.20,0.60,32.94,0.20,0.59,,,
40458,2371,2765,1.007,32.46,0.17,32.47,0.16,0.56,32.46,0.17,0.60,32.46,0.17,0.59,32.18,0.16,0.66
40459,6646,6969,1.018,34.74,0.15,34.73,0.15,0.35,34.74,0.15,0.39,34.74,0.15,0.40,,,
40467,7438,7915,1.021,35.26,0.13,35.26,0.13,0.35,35.26,0.13,0.39,35.25,0.13,0.40,,,
40494,1013,1482,1.004,31.40,0.23,31.41,0.22,0.56,31.40,0.23,0.60,31.40,0.23,0.59,31.13,0.25,0.66
40495,290,607,1.002,31.63,0.19,31.62,0.19,0.56,31.62,0.19,0.60,31.64,0.20,0.59,,,
40507,855,1297,1.003,31.31,0.20,31.31,0.19,0.44,31.32,0.20,0.44,31.30,0.20,0.43,31.28,0.20,0.56
40530,-227,200,1.001,31.26,0.23,31.26,0.22,0.56,31.25,0.23,0.60,31.26,0.24,0.59,31.09,0.25,0.66
40537,786,928,1.002,30.41,0.43,30.42,0.42,0.56,30.42,0.43,0.59,30.39,0.44,0.58,30.08,0.49,0.65
40558,6783,7232,1.019,36.10,0.28,36.08,0.27,0.47,36.10,0.28,0.47,36.11,0.28,0.46,,,
40566,874,1334,1.004,31.76,0.13,31.76,0.13,0.48,31.76,0.13,0.48,31.76,0.13,0.47,31.80,0.11,0.59
40579,5249,5725,1.015,33.73,0.18,33.73,0.18,0.52,33.73,0.18,0.52,33.72,0.18,0.52,,,
40581,2422,2846,1.008,31.23,0.15,31.22,0.15,0.35,31.23,0.15,0.39,31.23,0.15,0.40,31.18,0.14,0.50
40601,7448,7897,1.021,35.18,0.30,35.18,0.29,0.48,35.19,0.30,0.48,35.19,0.30,0.47,,,
40604,1413,1881,1.005,32.13,0.18,32.14,0.17,0.56,32.13,0.18,0.60,32.14,0.18,0.59,,,
40607,1077,1534,1.004,31.06,0.16,31.07,0.15,0.56,31.05,0.16,0.59,31.04,0.16,0.59,30.89,0.15,0.65
40612,6817,7097,1.019,34.71,0.14,34.70,0.14,0.35,34.71,0.14,0.39,34.71,0.14,0.40,,,
40621,1291,1773,1.005,32.45,0.13,32.46,0.13,0.43,32.46,0.13,0.43,32.44,0.13,0.42,32.57,0.11,0.56
40622,-204,199,1.001,30.72,0.15,30.72,0.15,0.56,30.71,0.15,0.58,30.71,0.16,0.58,30.53,0.15,0.65
40628,9504,9548,1.025,35.82,0.32,35.83,0.31,0.35,35.82,0.32,0.39,35.80,0.33,0.40,,,
40644,148,569,1.002,30.49,0.14,30.51,0.14,0.51,30.50,0.14,0.51,30.48,0.14,0.51,30.22,0.13,0.61
40692,713,989,1.003,30.97,0.20,30.95,0.19,0.35,30.97,0.20,0.39,30.98,0.20,0.40,30.81,0.20,0.48
40705,10,434,1.001,30.62,0.34,30.62,0.33,0.56,30.62,0.34,0.59,30.60,0.35,0.58,30.32,0.38,0.65
40716,6611,6679,1.018,34.83,0.29,34.82,0.28,0.46,34.83,0.29,0.46,34.83,0.29,0.45,34.86,0.31,0.57
40738,1412,1983,1.005,33.03,0.60,,,,,,,,,,33.03,0.60,0.66
40741,4375,4680,1.012,34.35,0.15,34.35,0.15,0.56,34.35,0.15,0.59,34.36,0.15,0.58,,,
40757,13971,14413,1.038,36.83,0.23,36.83,0.22,0.35,36.83,0.23,0.39,36.85,0.23,0.40,,,
40772,-355,51,1.000,30.02,0.23,30.05,0.22,0.52,30.03,0.23,0.52,29.99,0.23,0.51,29.70,0.24,0.61
40775,1554,2039,1.005,30.75,0.17,30.76,0.16,0.56,30.75,0.17,0.58,30.74,0.17,0.57,,,
40800,6145,6542,1.017,34.72,0.14,34.71,0.14,0.35,34.72,0.14,0.39,34.73,0.14,0.40,,,
40801,993,1459,1.004,31.03,0.16,31.04,0.16,0.56,31.03,0.16,0.60,31.03,0.16,0.59,30.94,0.16,0.66
40811,2263,2663,1.007,31.01,0.21,31.01,0.20,0.56,31.01,0.21,0.60,31.01,0.21,0.59,30.94,0.21,0.66
40820,6377,6886,1.018,34.83,0.32,34.82,0.31,0.46,34.83,0.32,0.46,34.83,0.32,0.45,34.90,0.35,0.57
40839,824,1259,1.003,32.03,0.17,32.03,0.17,0.56,32.02,0.17,0.60,32.03,0.17,0.59,31.87,0.17,0.66
40857,14567,15047,1.039,36.54,0.24,36.54,0.24,0.35,36.55,0.24,0.39,36.54,0.25,0.40,,,
40860,2793,3327,1.009,32.94,0.20,,,,,,,,,,32.94,0.20,0.50
40861,753,1208,1.003,31.98,0.22,31.99,0.22,0.56,31.98,0.22,0.60,31.98,0.23,0.59,31.90,0.24,0.66
40894,2803,3338,1.009,32.69,0.14,,,,,,,,,,32.69,0.14,0.49
40920,7114,7426,1.020,34.76,0.23,34.76,0.22,0.35,34.76,0.23,0.39,34.76,0.23,0.40,,,
40933,2137,2603,1.007,32.26,0.20,32.26,0.20,0.56,32.25,0.20,0.58,32.25,0.20,0.58,32.32,0.21,0.65
40944,2773,3345,1.009,32.22,0.36,,,,,,,,,,32.22,0.36,0.66
40954,5948,6364,1.017,34.66,0.18,34.66,0.17,0.46,34.66,0.18,0.46,34.66,0.18,0.46,,,
40955,13482,13871,1.036,36.51,0.16,36.50,0.16,0.35,36.51,0.16,0.39,36.52,0.16,0.40,,,
40987,256,699,1.002,31.46,0.30,31.46,0.29,0.53,31.46,0.30,0.54,31.45,0.30,0.53,,,
40988,650,947,1.003,31.01,0.13,31.03,0.13,0.35,31.02,0.13,0.39,30.99,0.13,0.40,,,
40993,1009,1456,1.004,32.13,0.17,32.14,0.16,0.56,32.12,0.17,0.59,32.12,0.17,0.59,31.97,0.16,0.65
41010,3135,3705,1.010,32.64,0.40,,,,,,,,,,32.64,0.40,0.66
41014,4445,4742,1.013,34.28,0.17,34.29,0.17,0.56,34.28,0.17,0.57,34.27,0.17,0.57,,,
41024,1884,2273,1.006,30.20,0.22,30.20,0.21,0.35,30.21,0.22,0.39,30.19,0.22,0.40,30.44,0.23,0.50
41050,754,1198,1.003,31.40,0.22,31.42,0.22,0.55,31.40,0.22,0.56,31.38,0.23,0.55,31.31,0.24,0.63
41051,6871,7143,1.019,34.68,0.14,34.68,0.14,0.49,34.69,0.14,0.49,34.68,0.14,0.48,,,
41061,1599,2003,1.005,30.34,0.27,30.36,0.26,0.56,30.34,0.27,0.59,30.32,0.27,0.58,,,
41066,602,947,1.003,29.41,0.20,29.40,0.20,0.56,29.41,0.20,0.60,29.43,0.21,0.59,29.30,0.21,0.66
41088,4109,4582,1.012,34.02,0.13,34.02,0.13,0.45,34.02,0.13,0.46,34.02,0.13,0.45,,,
41093,463,635,1.002,32.03,0.74,32.04,0.71,0.56,32.06,0.74,0.60,32.00,0.75,0.59,,,
41100,8000,8295,1.022,35.70,0.12,35.66,0.12,0.35,35.71,0.12,0.39,35.74,0.12,0.40,,,
41109,1436,1918,1.005,32.48,0.21,32.49,0.21,0.56,32.48,0.21,0.59,32.48,0.21,0.59,,,
41110,4825,4842,1.013,33.81,0.28,33.81,0.27,0.54,33.81,0.28,0.55,33.82,0.28,0.54,,,
41112,6972,7276,1.019,33.86,0.19,33.86,0.18,0.43,33.86,0.19,0.43,33.85,0.19,0.42,,,
41119,7038,7187,1.019,34.60,0.19,34.58,0.19,0.35,34.60,0.19,0.39,34.61,0.19,0.40,,,
41150,1559,2129,1.006,32.29,0.22,,,,,,,,,,32.29,0.22,0.48
41166,416,875,1.002,30.37,0.32,30.36,0.31,0.56,30.37,0.32,0.60,30.38,0.33,0.59,30.00,0.35,0.66
41170,643,1095,1.003,31.64,0.16,31.65,0.16,0.56,31.64,0.16,0.60,31.63,0.17,0.59,31.49,0.16,0.66
41177,2095,2587,1.007,33.00,0.19,33.00,0.19,0.56,32.99,0.19,0.60,33.01,0.19,0.59,,,
41184,5198,5731,1.015,34.24,0.30,,,,,,,,,,34.24,0.30,0.53
41196,1198,1675,1.004,32.11,0.43,32.10,0.41,0.56,32.11,0.43,0.60,32.12,0.43,0.59,,,
41222,2503,2458,1.007,33.59,0.25,33.60,0.24,0.46,33.60,0.25,0.46,33.59,0.25,0.46,,,
41225,7373,7681,1.020,35.10,0.22,35.08,0.21,0.35,35.10,0.22,0.39,35.11,0.22,0.40,,,
41263,2418,2804,1.007,32.76,0.18,32.77,0.18,0.56,32.75,0.18,0.60,32.76,0.18,0.59,32.91,0.18,0.66
41278,5095,5572,1.015,33.96,0.36,33.96,0.35,0.56,33.96,0.36,0.60,33.96,0.37,0.59,,,
41307,4088,4563,1.012,33.57,0.12,33.57,0.12,0.39,33.57,0.12,0.40,33.57,0.13,0.40,,,
41317,2309,2781,1.007,33.05,0.20,33.03,0.19,0.35,33.05,0.20,0.39,33.05,0.20,0.40,33.11,0.20,0.51
41320,5948,6356,1.017,33.92,0.29,33.93,0.28,0.53,33.92,0.29,0.53,33.91,0.29,0.53,,,
41399,855,1385,1.004,30.67,0.37,,,,,,,,,,30.67,0.37,0.62
41402,5462,5541,1.015,34.77,0.35,34.78,0.33,0.55,34.78,0.35,0.56,34.75,0.35,0.55,,,
41406,4001,4471,1.012,33.67,0.17,33.69,0.17,0.55,33.67,0.17,0.57,33.66,0.17,0.56,,,
41436,3258,3273,1.009,33.16,0.23,33.16,0.22,0.35,33.17,0.23,0.39,33.17,0.23,0.40,,,
41440,1157,1583,1.004,33.15,0.22,33.16,0.21,0.56,33.15,0.22,0.60,33.16,0.22,0.59,33.01,0.23,0.66
41468,6996,7299,1.019,34.57,0.13,34.57,0.13,0.37,34.57,0.13,0.39,34.57,0.13,0.40,,,
41472,1438,1826,1.005,30.72,0.18,30.72,0.18,0.56,30.72,0.18,0.58,30.71,0.19,0.58,30.44,0.19,0.65
41477,9327,9577,1.025,35.46,0.15,35.47,0.15,0.35,35.47,0.15,0.39,35.46,0.15,0.40,,,
41492,4480,4785,1.013,33.23,0.18,33.24,0.18,0.56,33.22,0.18,0.60,33.24,0.18,0.59,,,
41504,2019,2419,1.006,30.69,0.26,30.70,0.25,0.56,30.69,0.26,0.60,30.68,0.27,0.59,30.16,0.28,0.66
41517,2199,2604,1.007,30.78,0.18,30.78,0.17,0.35,30.79,0.18,0.39,30.78,0.18,0.40,30.87,0.18,0.48
41531,1557,1945,1.005,32.42,0.20,32.43,0.20,0.56,32.41,0.20,0.59,32.41,0.20,0.59,32.29,0.21,0.65
41555,819,1346,1.004,30.80,0.26,,,,,,,,,,30.80,0.26,0.60
41572,7407,7830,1.021,34.76,0.13,34.75,0.13,0.49,34.76,0.13,0.49,34.76,0.13,0.48,35.00,0.12,0.59
41578,1385,1875,1.005,30.88,0.25,30.87,0.24,0.56,30.88,0.25,0.59,30.89,0.25,0.59,30.56,0.27,0.65
41579,6255,6450,1.017,34.75,0.20,34.73,0.19,0.35,34.76,0.20,0.39,34.77,0.20,0.40,34.57,0.20,0.48
41599,1599,2077,1.006,31.01,0.18,31.00,0.17,0.56,31.00,0.18,0.60,31.02,0.18,0.59,30.85,0.18,0.66
41608,-255,152,1.000,30.44,0.28,30.43,0.27,0.56,30.44,0.28,0.60,30.44,0.29,0.59,29.89,0.31,0.66
41618,979,1471,1.004,29.51,0.13,29.51,0.13,0.45,29.52,0.13,0.45,29.52,0.13,0.44,29.72,0.11,0.57
41639,2481,2843,1.008,33.22,0.14,33.23,0.14,0.55,33.22,0.14,0.56,33.22,0.14,0.55,33.23,0.13,0.63
41645,6636,6898,1.018,34.71,0.21,34.71,0.21,0.52,34.72,0.21,0.52,34.71,0.22,0.52,,,
41702,3311,3881,1.010,34.25,0.30,,,,,,,,,,34.25,0.30,0.65
41719,1112,1554,1.004,31.03,0.26,31.03,0.25,0.55,31.03,0.26,0.57,31.03,0.26,0.56,30.78,0.28,0.64
41728,6505,7069,1.019,34.97,0.15,34.97,0.15,0.35,34.97,0.15,0.39,34.97,0.16,0.40,35.00,0.15,0.48
41729,2221,2660,1.007,30.83,0.15,30.84,0.15,0.56,30.83,0.15,0.57,30.82,0.15,0.57,30.59,0.14,0.64
41733,2582,3149,1.008,33.51,0.40,,,,,,,,,,33.51,0.40,0.65
41751,6038,6444,1.017,34.96,0.29,34.95,0.28,0.53,34.96,0.29,0.53,34.97,0.29,0.53,34.86,0.31,0.62
41755,1173,1450,1.004,30.55,0.25,30.56,0.24,0.56,30.55,0.25,0.60,30.54,0.26,0.59,30.20,0.27,0.66
41757,4647,5188,1.014,33.94,0.38,,,,,,,,,,33.94,0.38,0.55
41764,4959,5493,1.015,34.23,0.40,,,,,,,,,,34.23,0.40,0.59
41769,2955,2903,1.008,33.54,0.37,33.54,0.36,0.56,33.54,0.37,0.60,33.54,0.38,0.59,,,
41786,3159,3728,1.010,32.99,0.34,,,,,,,,,,32.99,0.34,0.62
41789,1603,2079,1.006,30.57,0.13,30.56,0.13,0.35,30.57,0.13,0.39,30.56,0.13,0.40,30.23,0.12,0.50
41792,13758,14150,1.037,36.00,0.16,36.00,0.15,0.35,35.99,0.16,0.39,36.00,0.16,0.40,,,
41808,6839,7140,1.019,35.17,0.13,35.17,0.12,0.35,35.17,0.13,0.39,35.16,0.13,0.40,35.36,0.11,0.51
41811,1897,2351,1.006,30.21,0.16,30.21,0.16,0.56,30.20,0.16,0.59,30.21,0.16,0.58,29.86,0.16,0.65
41812,1854,2298,1.006,30.34,0.24,30.32,0.23,0.38,30.35,0.24,0.39,30.34,0.24,0.40,30.33,0.25,0.53
41816,1625,2104,1.006,30.83,0.17,30.84,0.17,0.56,30.83,0.17,0.60,30.83,0.17,0.59,30.69,0.17,0.66
41823,1670,2149,1.006,30.47,0.14,30.46,0.13,0.38,30.48,0.14,0.39,30.48,0.14,0.40,30.42,0.12,0.53
41827,5958,6124,1.016,34.55,0.22,34.54,0.21,0.46,34.55,0.22,0.46,34.55,0.22,0.45,34.55,0.23,0.57
41838,2891,2849,1.008,32.82,0.28,32.81,0.27,0.43,32.83,0.28,0.44,32.83,0.28,0.43,32.81,0.30,0.56
41861,1919,2374,1.006,31.64,0.31,31.64,0.30,0.56,31.64,0.31,0.60,31.63,0.32,0.59,31.51,0.35,0.66
41895,8050,8331,1.022,34.99,0.14,34.98,0.14,0.35,34.99,0.14,0.39,34.99,0.14,0.40,35.08,0.13,0.48
41912,6284,6592,1.017,34.81,0.14,34.81,0.13,0.51,34.81,0.14,0.51,34.80,0.14,0.51,,,
41924,4570,4852,1.013,34.15,0.14,34.15,0.14,0.47,34.15,0.14,0.48,34.15,0.14,0.47,,,
41941,7010,7511,1.020,34.70,0.17,34.69,0.17,0.35,34.70,0.17,0.39,34.71,0.17,0.40,34.92,0.17,0.48
41955,1329,1642,1.004,30.27,0.20,30.28,0.19,0.56,30.27,0.20,0.60,30.28,0.20,0.59,30.00,0.20,0.66
41958,1021,1494,1.004,30.57,0.15,30.58,0.15,0.56,30.57,0.15,0.59,30.55,0.15,0.58,30.61,0.15,0.65
41965,809,1333,1.004,30.98,0.38,,,,,,,,,,30.98,0.38,0.66
41974,6273,6582,1.017,35.19,0.17,35.17,0.17,0.45,35.19,0.17,0.45,35.20,0.17,0.44,,,
41976,6394,6704,1.018,34.66,0.22,34.66,0.21,0.40,34.66,0.22,0.41,34.66,0.22,0.40,,,
41982,6952,7455,1.020,35.12,0.35,35.11,0.34,0.37,35.13,0.35,0.39,35.13,0.36,0.40,35.07,0.39,0.53
41989,4173,4715,1.012,33.45,0.19,,,,,,,,,,33.45,0.19,0.56
41992,3940,4143,1.011,33.89,0.33,33.88,0.32,0.55,33.89,0.33,0.55,33.89,0.34,0.55,,,
42002,801,1097,1.003,29.23,0.16,29.22,0.16,0.52,29.23,0.16,0.53,29.23,0.16,0.52,29.19,0.16,0.62
42035,8257,8609,1.023,35.48,0.15,35.48,0.15,0.35,35.49,0.15,0.39,35.49,0.15,0.40,,,
42038,1204,1515,1.004,30.31,0.10,,,,,,,,,,30.31,0.10,0.48
42076,6896,7220,1.019,34.59,0.33,34.59,0.32,0.35,34.60,0.33,0.39,34.59,0.34,0.40,,,
42082,7092,7351,1.019,33.83,0.16,33.84,0.16,0.55,33.82,0.16,0.56,33.81,0.16,0.56,,,
42083,7324,7622,1.020,35.00,0.14,34.99,0.14,0.35,35.00,0.14,0.39,35.00,0.14,0.40,34.70,0.13,0.49
42089,-311,97,1.000,29.75,0.18,29.69,0.17,0.35,29.81,0.18,0.39,,,,30.51,0.18,0.48
42097,7479,7774,1.021,35.10,0.18,35.10,0.18,0.35,35.10,0.18,0.39,35.10,0.19,0.40,34.94,0.19,0.48
42121,8152,8509,1.022,34.84,0.23,34.84,0.23,0.39,34.84,0.23,0.40,34.84,0.24,0.40,,,
42123,1277,1844,1.005,31.60,0.32,,,,,,,,,,31.60,0.32,0.64
42137,7656,7948,1.021,35.01,0.19,35.01,0.18,0.35,35.01,0.19,0.39,35.01,0.19,0.40,35.21,0.19,0.48
42152,5235,5698,1.015,34.40,0.23,34.38,0.23,0.35,34.40,0.23,0.39,34.40,0.24,0.40,,,
42166,2694,3259,1.009,32.91,0.37,,,,,,,,,,32.91,0.37,0.57
42181,2708,3267,1.009,32.34,0.28,,,,,,,,,,32.34,0.28,0.53
42189,6730,6970,1.018,34.50,0.14,34.49,0.14,0.35,34.51,0.14,0.39,34.52,0.14,0.40,,,
42195,2415,2912,1.008,33.45,0.35,33.45,0.33,0.53,33.45,0.35,0.53,33.44,0.35,0.52,,,
42202,3605,4092,1.011,33.87,0.14,33.88,0.13,0.42,33.87,0.14,0.42,33.86,0.14,0.41,33.72,0.12,0.55
42215,7279,7564,1.020,34.85,0.22,34.84,0.21,0.35,34.86,0.22,0.39,34.86,0.22,0.40,34.83,0.23,0.51
42230,1678,2119,1.006,31.31,0.17,31.31,0.17,0.56,31.30,0.17,0.60,31.31,0.17,0.59,31.20,0.17,0.66
42241,669,1131,1.003,30.56,0.14,30.58,0.14,0.51,30.56,0.14,0.52,30.53,0.14,0.51,30.61,0.13,0.61
42245,3080,3638,1.010,33.09,0.36,,,,,,,,,,33.09,0.36,0.57
42246,2716,3270,1.009,32.52,0.41,,,,,,,,,,32.52,0.41,0.62
42247,4315,4574,1.012,34.88,0.16,34.88,0.16,0.56,34.87,0.16,0.59,34.88,0.16,0.59,,,
42255,5061,5539,1.015,34.12,0.13,34.12,0.13,0.46,34.12,0.13,0.46,34.12,0.13,0.45,34.34,0.11,0.57
42264,7186,7610,1.020,34.91,0.12,34.91,0.12,0.35,34.91,0.12,0.39,34.92,0.12,0.40,35.11,0.10,0.48
42271,3647,4202,1.011,32.39,0.20,,,,,,,,,,32.39,0.20,0.62
42277,5494,5941,1.016,34.29,0.14,34.28,0.14,0.46,34.29,0.14,0.46,34.29,0.14,0.45,34.43,0.13,0.57
42306,7878,8248,1.022,35.20,0.13,35.19,0.13,0.35,35.20,0.13,0.39,35.21,0.13,0.40,,,
42311,7031,7302,1.019,35.14,0.13,35.14,0.13,0.35,35.14,0.13,0.39,35.14,0.13,0.40,,,
42319,2307,2758,1.007,33.28,0.18,33.27,0.18,0.39,33.28,0.18,0.39,33.28,0.18,0.40,33.37,0.18,0.53
42334,2738,3301,1.009,31.80,0.44,,,,,,,,,,31.80,0.44,0.66
42336,924,1411,1.004,30.14,0.17,,,,,,,,,,30.14,0.17,0.65
42340,1488,1946,1.005,31.34,0.41,31.34,0.40,0.56,31.35,0.41,0.60,31.34,0.42,0.59,,,
42355,13908,14218,1.037,36.78,0.37,36.77,0.35,0.35,36.78,0.37,0.39,36.79,0.37,0.40,,,
42369,3404,3960,1.010,32.40,0.16,,,,,,,,,,32.40,0.16,0.58
42374,7158,7602,1.020,34.74,0.13,34.75,0.13,0.40,34.75,0.13,0.40,34.73,0.13,0.40,,,
42382,6442,6836,1.018,34.38,0.49,34.38,0.47,0.56,34.38,0.49,0.60,34.37,0.50,0.59,,,
42387,13841,14244,1.037,36.46,0.13,36.47,0.13,0.35,36.45,0.13,0.39,36.45,0.13,0.40,,,
42393,1090,1565,1.004,30.81,0.24,30.81,0.23,0.56,30.81,0.24,0.60,30.82,0.24,0.59,,,
42395,5582,6141,1.016,29.27,1.24,,,,,,,,,,29.27,1.24,0.66
42396,559,949,1.003,30.59,0.26,30.59,0.25,0.56,30.59,0.26,0.60,30.58,0.26,0.59,30.26,0.28,0.66
42408,294,268,1.001,28.04,0.51,28.08,0.49,0.56,28.01,0.51,0.60,28.02,0.52,0.59,28.00,0.57,0.66
42411,2754,3308,1.009,33.07,0.26,,,,,,,,,,33.07,0.26,0.54
42429,872,1382,1.004,30.06,0.22,30.06,0.21,0.56,30.06,0.22,0.60,30.08,0.22,0.59,29.84,0.23,0.66
42460,4007,4562,1.012,33.48,0.34,,,,,,,,,,33.48,0.34,0.61
42463,5433,5994,1.016,34.54,0.50,,,,,,,,,,34.54,0.50,0.59
42475,2021,1877,1.005,32.40,0.57,,,,,,,,,,32.40,0.57,0.66
42476,2373,2880,1.008,32.49,0.19,32.47,0.19,0.35,32.49,0.19,0.39,32.50,0.19,0.40,32.48,0.20,0.48
42510,2326,2881,1.008,32.32,0.30,,,,,,,,,,32.32,0.30,0.48
42512,9334,9611,1.025,35.54,0.13,35.53,0.13,0.35,35.55,0.13,0.39,35.55,0.13,0.40,35.70,0.12,0.48
42520,2656,2611,1.007,33.57,0.21,33.56,0.21,0.46,33.57,0.21,0.46,33.57,0.21,0.46,33.62,0.22,0.57
42530,4747,4830,1.013,33.57,0.13,33.56,0.13,0.35,33.57,0.13,0.39,33.57,0.13,0.40,33.86,0.11,0.48
42544,2182,2594,1.007,30.20,0.16,30.22,0.15,0.56,30.20,0.16,0.59,30.18,0.16,0.59,29.87,0.15,0.66
42548,7726,8016,1.021,34.62,0.14,34.61,0.14,0.47,34.62,0.14,0.48,34.62,0.14,0.47,34.72,0.13,0.58
42562,4155,4689,1.012,33.80,0.27,33.79,0.26,0.39,33.80,0.27,0.40,33.81,0.27,0.40,33.83,0.29,0.53
42564,6039,6438,1.017,34.68,0.13,34.67,0.13,0.35,34.68,0.13,0.39,34.69,0.13,0.40,34.88,0.11,0.49
42637,627,876,1.002,28.47,0.13,28.48,0.13,0.45,28.46,0.13,0.45,28.47,0.13,0.44,28.71,0.11,0.57
42640,2445,2999,1.008,32.68,0.35,,,,,,,,,,32.68,0.35,0.58
42665,4221,4458,1.012,34.11,0.14,34.10,0.14,0.56,34.11,0.14,0.57,34.12,0.15,0.57,34.10,0.13,0.64
42681,2644,3156,1.008,33.32,0.15,33.32,0.15,0.35,33.33,0.15,0.39,33.32,0.16,0.40,32.99,0.15,0.48
42689,1583,2064,1.005,30.25,0.15,,,,,,,,,,30.25,0.15,0.63
42699,213,606,1.002,31.46,0.17,31.46,0.17,0.56,31.45,0.17,0.59,31.45,0.18,0.58,31.32,0.17,0.65
42709,4889,5363,1.014,34.39,0.24,,,,,,,,,,34.39,0.24,0.54
42714,6789,7049,1.019,35.18,0.22,35.15,0.22,0.56,35.18,0.22,0.59,35.20,0.23,0.59,35.13,0.24,0.65
42726,5901,6194,1.016,35.04,0.12,35.04,0.12,0.38,35.04,0.12,0.39,35.04,0.12,0.40,35.14,0.11,0.53
42727,6829,7071,1.019,34.71,0.13,34.70,0.13,0.36,34.71,0.13,0.39,34.72,0.13,0.40,,,
42741,899,1299,1.003,32.02,0.24,32.01,0.23,0.35,32.03,0.24,0.39,32.02,0.24,0.40,32.07,0.25,0.51
42747,3060,3547,1.009,33.19,0.15,,,,,,,,,,33.19,0.15,0.56
42765,7513,7803,1.021,34.85,0.31,34.82,0.30,0.44,34.85,0.31,0.44,34.86,0.31,0.44,34.84,0.34,0.56
42791,2501,2984,1.008,33.22,0.28,,,,,,,,,,33.22,0.28,0.56
42807,9363,9637,1.025,36.16,0.21,36.15,0.20,0.35,36.15,0.21,0.39,36.16,0.21,0.40,36.28,0.21,0.48
42818,1863,1719,1.005,31.62,0.54,,,,,,,,,,31.62,0.54,0.66
42820,6592,7143,1.019,35.30,0.19,35.29,0.19,0.35,35.30,0.19,0.39,35.31,0.20,0.40,35.52,0.20,0.48
42833,736,1114,1.003,31.82,0.22,31.79,0.21,0.35,31.82,0.22,0.39,31.83,0.22,0.40,31.88,0.23,0.48
42836,8606,9022,1.024,35.06,0.16,35.04,0.16,0.35,35.06,0.16,0.39,35.08,0.16,0.40,,,
42857,961,1361,1.004,30.88,0.21,30.87,0.20,0.37,30.89,0.21,0.39,30.89,0.21,0.40,30.73,0.22,0.53
42880,3045,3602,1.010,33.00,0.21,,,,,,,,,,33.00,0.21,0.64
42898,2510,3015,1.008,32.97,0.32,32.97,0.30,0.56,32.97,0.32,0.59,32.99,0.32,0.58,33.12,0.35,0.65
42899,9020,9439,1.025,36.23,0.34,36.22,0.33,0.37,36.24,0.34,0.39,36.23,0.35,0.40,36.20,0.38,0.52
42909,7012,7505,1.020,35.15,0.27,35.15,0.26,0.35,35.16,0.27,0.39,35.15,0.27,0.40,35.19,0.29,0.48
42914,5401,5573,1.015,33.50,0.45,33.50,0.43,0.56,33.51,0.45,0.60,33.50,0.45,0.59,,,
42919,4888,4913,1.013,34.17,0.17,34.16,0.17,0.37,34.18,0.17,0.39,34.18,0.17,0.40,34.04,0.17,0.52
42929,2216,2737,1.007,32.07,0.23,32.06,0.22,0.48,32.07,0.23,0.49,32.07,0.23,0.48,31.91,0.24,0.59
42930,5465,5906,1.016,34.86,0.16,34.86,0.16,0.54,34.86,0.16,0.55,34.86,0.16,0.54,,,
42942,4958,4995,1.013,34.09,0.16,34.08,0.15,0.35,34.09,0.16,0.39,34.11,0.16,0.40,34.60,0.15,0.48
42950,3324,3873,1.010,33.43,0.24,33.43,0.24,0.54,33.43,0.24,0.55,33.43,0.25,0.54,33.38,0.26,0.63
42953,7342,7623,1.020,34.94,0.14,34.96,0.13,0.48,34.94,0.14,0.49,34.93,0.14,0.48,34.67,0.12,0.59
42968,4604,5150,1.014,34.25,0.19,,,,,,,,,,34.25,0.19,0.50
42975,1376,1856,1.005,30.88,0.14,30.88,0.14,0.35,30.89,0.14,0.39,30.89,0.14,0.40,30.47,0.13,0.48
42995,2545,2887,1.008,33.93,0.16,33.94,0.15,0.54,33.93,0.16,0.55,33.93,0.16,0.55,33.99,0.15,0.63
42999,1476,1955,1.005,30.85,0.27,,,,,,,,,,30.85,0.27,0.66
43001,886,1283,1.003,31.71,0.17,31.72,0.17,0.56,31.71,0.17,0.60,31.70,0.18,0.59,31.40,0.17,0.66
43011,9709,9932,1.026,35.87,0.16,35.86,0.16,0.35,35.87,0.16,0.39,35.88,0.17,0.40,,,
43017,7326,7838,1.021,35.01,0.17,35.00,0.17,0.35,35.01,0.17,0.39,35.02,0.18,0.40,35.07,0.17,0.48
43020,1312,1817,1.005,31.01,0.44,31.00,0.42,0.56,31.02,0.44,0.59,31.01,0.45,0.59,30.86,0.49,0.65
43021,5060,5616,1.015,34.36,0.13,,,,,,,,,,34.36,0.13,0.48
43032,13967,14409,1.038,36.00,0.30,35.99,0.29,0.37,36.00,0.30,0.39,36.00,0.30,0.40,,,
43052,2462,2404,1.006,33.01,0.17,33.01,0.17,0.54,33.00,0.17,0.55,33.01,0.18,0.54,33.16,0.17,0.63
43064,4824,4939,1.013,34.15,0.25,34.15,0.24,0.46,34.15,0.25,0.47,34.15,0.26,0.46,,,
43074,6356,6784,1.018,34.90,0.18,34.90,0.18,0.35,34.90,0.18,0.39,34.91,0.18,0.40,35.11,0.18,0.48
43077,5956,6243,1.016,34.21,0.14,34.21,0.14,0.53,34.21,0.14,0.54,34.21,0.14,0.53,34.23,0.12,0.62
43084,8829,9386,1.025,35.25,0.22,,,,,,,,,,35.25,0.22,0.48
43105,4306,4857,1.013,33.80,0.32,,,,,,,,,,33.80,0.32,0.51
43110,9508,9780,1.026,35.06,0.23,35.05,0.23,0.55,35.06,0.23,0.56,35.08,0.24,0.56,,,
43136,14037,14460,1.038,35.52,0.25,35.52,0.25,0.35,35.52,0.25,0.39,35.52,0.26,0.40,,,
43141,1862,1740,1.005,32.33,0.16,,,,,,,,,,32.33,0.16,0.62
43142,6746,7040,1.019,34.81,0.12,34.81,0.12,0.35,34.82,0.12,0.39,34.81,0.12,0.40,34.91,0.10,0.49
43147,2157,2675,1.007,32.84,0.26,32.83,0.25,0.36,32.85,0.26,0.39,32.85,0.26,0.40,32.90,0.28,0.52
43170,4384,4934,1.013,33.33,0.15,,,,,,,,,,33.33,0.15,0.48
43173,5017,5056,1.013,34.15,0.34,34.14,0.33,0.48,34.15,0.34,0.48,34.15,0.35,0.47,,,
43185,10016,10469,1.028,35.65,0.17,35.63,0.16,0.35,35.66,0.17,0.39,35.66,0.17,0.40,,,
43199,3091,3639,1.010,33.46,0.33,33.46,0.32,0.54,33.46,0.33,0.55,33.44,0.34,0.54,33.17,0.36,0.63
43206,3261,3809,1.010,33.35,0.26,,,,,,,,,,33.35,0.26,0.50
43224,2972,3526,1.009,33.05,0.17,,,,,,,,,,33.05,0.17,0.51
43245,6127,6672,1.018,34.50,0.22,,,,,,,,,,34.50,0.22,0.48
43254,910,1335,1.004,31.25,0.14,31.24,0.14,0.35,31.26,0.14,0.39,31.26,0.14,0.40,31.50,0.13,0.48
43272,6354,6651,1.018,34.53,0.15,34.54,0.15,0.55,34.53,0.15,0.56,34.53,0.15,0.56,34.56,0.14,0.64
43278,6876,7170,1.019,34.62,0.13,34.62,0.13,0.38,34.62,0.13,0.39,34.61,0.13,0.40,34.43,0.11,0.53
43282,3207,3746,1.010,32.85,0.18,,,,,,,,,,32.85,0.18,0.58
43302,13206,13618,1.036,36.65,0.27,36.66,0.26,0.35,36.65,0.27,0.39,36.65,0.28,0.40,36.71,0.30,0.48
43308,6256,6541,1.017,34.31,0.26,34.31,0.25,0.56,34.31,0.26,0.58,34.32,0.26,0.58,34.16,0.28,0.65
43313,3454,3983,1.011,33.68,0.15,,,,,,,,,,33.68,0.15,0.51
43317,5961,6248,1.017,34.49,0.22,34.49,0.21,0.56,34.49,0.22,0.57,34.49,0.22,0.57,34.16,0.23,0.64
43330,1228,1748,1.005,28.86,0.40,28.86,0.38,0.56,28.85,0.40,0.60,28.88,0.40,0.59,28.94,0.44,0.66
43345,1133,1648,1.004,30.40,0.58,,,,,,,,,,30.40,0.58,0.66
43350,4137,4633,1.012,33.17,0.15,33.16,0.15,0.35,33.17,0.15,0.39,33.18,0.15,0.40,33.25,0.14,0.48
43352,13458,13873,1.036,36.21,0.20,36.21,0.20,0.35,36.20,0.20,0.39,36.20,0.21,0.40,36.02,0.21,0.48
43359,8087,8343,1.022,34.86,0.21,34.84,0.21,0.35,34.86,0.21,0.39,34.87,0.22,0.40,34.89,0.22,0.51
43364,10645,10942,1.029,36.77,0.13,36.73,0.13,0.35,36.77,0.13,0.39,36.80,0.13,0.40,,,
43368,4362,4662,1.012,33.66,0.14,33.64,0.14,0.35,33.66,0.14,0.39,33.67,0.14,0.40,33.81,0.13,0.48
43381,4873,5129,1.014,34.17,0.16,34.17,0.16,0.56,34.16,0.16,0.59,34.17,0.16,0.58,34.25,0.15,0.65
43397,1033,1490,1.004,31.16,0.14,31.17,0.14,0.55,31.16,0.14,0.57,31.14,0.14,0.56,31.14,0.13,0.64
43409,3271,3773,1.010,33.96,0.19,33.95,0.19,0.35,33.96,0.19,0.39,33.96,0.20,0.40,33.63,0.20,0.48
43414,7346,7751,1.020,35.39,0.27,35.38,0.26,0.51,35.40,0.27,0.52,35.41,0.28,0.51,35.30,0.30,0.61
43444,2032,2572,1.007,31.88,0.40,,,,,,,,,,31.88,0.40,0.66
43451,1188,1488,1.004,30.47,0.23,30.44,0.22,0.35,30.48,0.23,0.39,30.49,0.23,0.40,30.62,0.24,0.48
43452,4917,4976,1.013,34.21,0.19,34.19,0.19,0.41,34.21,0.19,0.41,34.23,0.20,0.40,34.49,0.20,0.54
43458,2212,2728,1.007,32.33,0.29,,,,,,,,,,32.33,0.29,0.60
43462,12255,12538,1.033,36.21,0.19,36.21,0.18,0.35,36.21,0.19,0.39,36.23,0.19,0.40,,,
43470,1140,1602,1.004,31.58,0.17,31.60,0.17,0.56,31.58,0.17,0.59,31.57,0.18,0.59,31.43,0.18,0.66
43504,8943,9044,1.024,35.20,0.40,35.18,0.38,0.35,35.20,0.40,0.39,35.20,0.40,0.40,35.32,0.44,0.48
43509,6444,6714,1.018,34.67,0.74,34.70,0.71,0.48,34.71,0.74,0.48,34.61,0.75,0.47,35.31,0.84,0.58
43517,4751,5022,1.013,34.19,0.12,34.17,0.12,0.35,34.19,0.12,0.39,34.19,0.12,0.40,34.46,0.10,0.48
43527,1937,1808,1.005,32.44,0.23,,,,,,,,,,32.44,0.23,0.53
43542,6504,6888,1.018,34.65,0.14,34.65,0.14,0.52,34.65,0.14,0.53,34.65,0.14,0.52,34.61,0.13,0.62
43552,4600,5144,1.014,36.50,0.22,36.41,0.21,0.42,36.52,0.22,0.42,36.58,0.22,0.41,37.20,0.23,0.55
43558,3335,3886,1.010,33.24,0.23,,,,,,,,,,33.24,0.23,0.55
43575,6200,6449,1.017,34.47,0.14,34.45,0.14,0.43,34.46,0.14,0.43,34.48,0.14,0.42,34.64,0.13,0.55
43601,1700,2097,1.006,32.53,0.13,32.52,0.13,0.38,32.53,0.13,0.39,32.53,0.13,0.40,32.37,0.11,0.53
43607,6448,6816,1.018,34.39,0.15,34.39,0.14,0.35,34.39,0.15,0.39,34.38,0.15,0.40,,,
43614,7077,7491,1.020,35.60,0.24,35.59,0.23,0.38,35.60,0.24,0.39,35.61,0.24,0.40,35.60,0.25,0.53
43632,5522,5803,1.015,34.54,0.26,34.53,0.25,0.55,34.55,0.26,0.56,34.54,0.27,0.56,34.44,0.28,0.64
43634,8269,8332,1.022,35.18,0.32,35.16,0.31,0.35,35.19,0.32,0.39,35.19,0.33,0.40,,,
43679,2086,2596,1.007,32.59,0.29,,,,,,,,,,32.59,0.29,0.62
43686,7875,8161,1.022,35.48,0.21,35.47,0.20,0.35,35.48,0.21,0.39,35.49,0.21,0.40,35.67,0.22,0.49
43690,2383,2893,1.008,32.90,0.40,,,,,,,,,,32.90,0.40,0.59
43701,3962,4508,1.012,33.39,0.14,,,,,,,,,,33.39,0.14,0.48
43707,1177,1547,1.004,30.50,0.16,30.50,0.16,0.56,30.50,0.16,0.60,30.49,0.16,0.59,30.18,0.15,0.66
43717,3585,4129,1.011,33.49,0.32,,,,,,,,,,33.49,0.32,0.48
43726,7064,7337,1.019,35.26,0.13,35.27,0.13,0.35,35.26,0.13,0.39,35.26,0.13,0.40,35.05,0.11,0.48
43728,6393,6802,1.018,35.55,0.22,35.54,0.21,0.35,35.55,0.22,0.39,35.55,0.22,0.40,35.75,0.23,0.48
43744,2653,3198,1.008,33.19,0.31,,,,,,,,,,33.19,0.31,0.63
43750,4409,4618,1.012,33.28,0.16,33.29,0.16,0.56,33.29,0.16,0.58,33.27,0.16,0.58,33.47,0.16,0.65
43784,1003,1463,1.004,31.34,0.12,,,,,,,,,,31.34,0.12,0.58
43798,916,1371,1.004,32.24,0.18,32.23,0.18,0.35,32.25,0.18,0.39,32.25,0.19,0.40,32.53,0.19,0.48
43812,3000,3547,1.009,33.76,0.36,,,,,,,,,,33.76,0.36,0.55
43840,7940,8207,1.022,35.27,0.29,35.27,0.28,0.43,35.28,0.29,0.44,35.27,0.30,0.43,35.17,0.32,0.56
43843,8959,9207,1.024,35.79,0.19,35.76,0.19,0.38,35.79,0.19,0.39,35.81,0.20,0.40,35.85,0.20,0.53
43853,6986,7221,1.019,35.38,0.27,35.36,0.26,0.56,35.37,0.27,0.58,35.40,0.28,0.58,35.30,0.30,0.65
43863,6323,6584,1.017,34.33,0.12,34.32,0.12,0.35,34.33,0.12,0.39,34.34,0.12,0.40,34.79,0.10,0.48
43893,3097,3638,1.010,32.03,0.20,,,,,,,,,,32.03,0.20,0.59
43894,6680,7163,1.019,35.10,0.26,35.07,0.25,0.35,35.11,0.26,0.39,35.12,0.26,0.40,35.19,0.28,0.51
43902,1084,1595,1.004,30.46,0.29,,,,,,,,,,30.46,0.29,0.61
43910,4750,5292,1.014,35.36,0.31,,,,,,,,,,35.36,0.31,0.55
43931,976,1085,1.003,32.29,0.41,32.28,0.40,0.35,32.30,0.41,0.39,32.28,0.42,0.40,32.47,0.46,0.48
43939,2489,2755,1.007,32.21,0.19,32.20,0.18,0.35,32.21,0.19,0.39,32.22,0.19,0.40,32.01,0.19,0.51
43944,1042,1428,1.004,30.07,0.57,30.08,0.54,0.56,30.08,0.57,0.60,30.05,0.57,0.59,30.38,0.64,0.66
43951,2678,2670,1.007,32.74,0.27,32.73,0.26,0.52,32.74,0.27,0.52,32.74,0.28,0.51,,,
43961,875,1219,1.003,31.85,0.15,31.86,0.15,0.56,31.85,0.15,0.57,31.85,0.15,0.57,31.90,0.15,0.64
43970,2289,2803,1.007,32.29,0.21,,,,,,,,,,32.29,0.21,0.66
43972,1184,1693,1.004,32.16,0.32,,,,,,,,,,32.16,0.32,0.58
43975,1740,1596,1.004,32.32,0.23,,,,,,,,,,32.32,0.23,0.63
43994,3941,4482,1.012,32.74,0.27,,,,,,,,,,32.74,0.27,0.57
44014,1192,1655,1.004,30.94,0.22,,,,,,,,,,30.94,0.22,0.64
44017,2678,3127,1.008,33.11,0.13,33.11,0.13,0.35,33.11,0.13,0.39,33.10,0.13,0.40,33.15,0.12,0.50
44086,647,1087,1.003,31.37,0.15,31.37,0.14,0.49,31.37,0.15,0.49,31.37,0.15,0.48,31.14,0.14,0.59
44089,595,1036,1.003,31.58,0.26,31.57,0.25,0.56,31.58,0.26,0.60,31.59,0.26,0.59,31.51,0.28,0.66
44097,2960,3493,1.009,33.48,0.32,,,,,,,,,,33.48,0.32,0.55
44125,2612,3016,1.008,33.44,0.20,33.44,0.19,0.55,33.43,0.20,0.56,33.44,0.20,0.56,33.55,0.21,0.64
44139,11397,11826,1.031,36.51,0.22,36.51,0.22,0.35,36.51,0.22,0.39,36.51,0.23,0.40,,,
44147,7522,7799,1.021,34.76,0.51,34.76,0.49,0.53,34.77,0.51,0.53,34.74,0.52,0.53,34.79,0.58,0.62
44168,7138,7178,1.019,35.09,0.38,35.08,0.36,0.56,35.09,0.38,0.57,35.09,0.38,0.56,,,
44182,379,700,1.002,28.51,0.19,28.52,0.18,0.35,28.52,0.19,0.39,28.51,0.19,0.40,28.60,0.19,0.51
44190,6385,6783,1.018,35.07,0.16,35.07,0.16,0.38,35.08,0.16,0.39,35.07,0.16,0.40,35.10,0.16,0.53
44191,898,1397,1.004,30.14,0.28,,,,,,,,,,30.14,0.28,0.60
44211,2503,2919,1.008,33.07,0.17,33.08,0.17,0.56,33.06,0.17,0.60,33.07,0.17,0.59,33.28,0.17,0.66
44219,2099,1857,1.005,32.45,0.34,,,,,,,,,,32.45,0.34,0.63
44246,6161,6673,1.018,34.81,0.19,,,,,,,,,,34.81,0.19,0.48
44254,2705,3174,1.008,33.11,0.19,33.10,0.18,0.45,33.11,0.19,0.45,33.12,0.19,0.44,33.01,0.19,0.57
44267,3552,4073,1.011,34.03,0.41,,,,,,,,,,34.03,0.41,0.53
44278,1104,1590,1.004,30.82,0.45,,,,,,,,,,30.82,0.45,0.66
44317,4633,5176,1.014,34.19,0.21,,,,,,,,,,34.19,0.21,0.48
44327,11265,11471,1.030,36.06,0.15,36.06,0.15,0.35,36.06,0.15,0.39,36.06,0.15,0.40,,,
44358,1312,1815,1.005,31.61,0.13,,,,,,,,,,31.61,0.13,0.62
44370,2536,2792,1.007,33.49,0.26,33.49,0.25,0.56,33.49,0.26,0.58,33.49,0.26,0.58,33.32,0.28,0.65
44392,974,1426,1.004,31.48,0.22,31.47,0.21,0.35,31.49,0.22,0.39,31.49,0.22,0.40,31.38,0.23,0.48
44405,7143,7411,1.020,34.14,0.20,34.13,0.19,0.35,34.15,0.20,0.39,34.15,0.20,0.40,34.06,0.21,0.50
44409,1919,2447,1.006,31.57,0.13,,,,,,,,,,31.57,0.13,0.48
44416,7623,7886,1.021,34.13,0.28,34.14,0.27,0.49,34.14,0.28,0.49,34.13,0.28,0.48,33.87,0.30,0.59
44420,8010,8245,1.022,35.95,0.24,35.94,0.23,0.35,35.95,0.24,0.39,35.95,0.24,0.40,36.07,0.25,0.48
44432,1977,2348,1.006,32.28,0.14,32.29,0.14,0.55,32.28,0.14,0.55,32.28,0.14,0.55,32.34,0.13,0.63
44452,6368,6745,1.018,34.40,0.15,34.40,0.14,0.47,34.40,0.15,0.47,34.40,0.15,0.46,34.41,0.14,0.58
44454,3703,4202,1.011,33.87,0.31,,,,,,,,,,33.87,0.31,0.63
44456,7117,7521,1.020,35.70,0.13,35.70,0.12,0.35,35.71,0.13,0.39,35.70,0.13,0.40,,,
44474,2680,3131,1.008,32.12,0.23,32.11,0.23,0.56,32.11,0.23,0.60,32.13,0.24,0.59,,,
44506,1445,1932,1.005,31.12,0.31,,,,,,,,,,31.12,0.31,0.66
44507,7064,7468,1.020,35.11,0.18,35.09,0.18,0.35,35.11,0.18,0.39,35.12,0.18,0.40,35.27,0.18,0.48
44556,8644,8660,1.023,35.84,0.30,35.85,0.29,0.40,35.85,0.30,0.41,35.84,0.31,0.40,,,
44589,3114,3654,1.010,32.74,0.18,,,,,,,,,,32.74,0.18,0.54
44663,2579,3121,1.008,33.16,0.24,,,,,,,,,,33.16,0.24,0.53
44668,4070,4566,1.012,33.69,0.20,,,,,,,,,,33.69,0.20,0.53
44672,1865,1714,1.005,31.92,0.35,,,,,,,,,,31.92,0.35,0.65
44695,3014,3547,1.009,34.00,0.22,,,,,,,,,,34.00,0.22,0.60
44725,11102,11375,1.030,36.25,0.26,36.22,0.25,0.42,36.26,0.26,0.42,36.27,0.26,0.41,36.32,0.28,0.55
44738,7715,8208,1.022,35.23,0.20,,,,,,,,,,35.23,0.20,0.48
44761,4744,5261,1.014,33.83,0.16,,,,,,,,,,33.83,0.16,0.48
44770,2328,2869,1.008,31.98,0.37,,,,,,,,,,31.98,0.37,0.66
44795,7296,7554,1.020,34.87,0.25,34.86,0.24,0.35,34.87,0.25,0.39,34.87,0.25,0.40,35.01,0.27,0.48
44803,8902,9164,1.024,34.98,0.29,34.97,0.28,0.53,34.97,0.29,0.54,35.00,0.29,0.53,34.80,0.31,0.62
44834,6924,7464,1.020,35.29,0.22,,,,,,,,,,35.29,0.22,0.48
44846,1044,1500,1.004,30.87,0.26,,,,,,,,,,30.87,0.26,0.63
44851,4505,5045,1.013,33.81,0.24,,,,,,,,,,33.81,0.24,0.55
44913,9169,9198,1.024,35.71,0.26,35.71,0.25,0.35,35.72,0.26,0.39,35.71,0.27,0.40,,,
44919,8102,8499,1.022,35.37,0.17,35.37,0.17,0.45,35.37,0.17,0.46,35.37,0.17,0.45,35.41,0.17,0.57
44921,7098,7355,1.019,35.08,0.13,35.08,0.13,0.35,35.08,0.13,0.39,35.08,0.13,0.40,35.32,0.11,0.48
44931,3658,4150,1.011,33.54,0.21,,,,,,,,,,33.54,0.21,0.48
44940,3415,3902,1.010,33.35,0.24,,,,,,,,,,33.35,0.24,0.59
44952,1187,1701,1.005,31.88,0.31,,,,,,,,,,31.88,0.31,0.65
44961,810,797,1.002,30.95,0.30,30.95,0.29,0.56,30.95,0.30,0.60,30.97,0.30,0.59,31.14,0.33,0.66
44966,4780,5319,1.014,33.77,0.21,,,,,,,,,,33.77,0.21,0.48
44982,555,1075,1.003,31.13,0.56,,,,,,,,,,31.13,0.56,0.66
44984,4951,5490,1.015,34.01,0.24,,,,,,,,,,34.01,0.24,0.53
44986,7603,7827,1.021,35.29,0.18,35.29,0.17,0.35,35.28,0.18,0.39,35.28,0.18,0.40,,,
44992,1104,1618,1.004,30.85,0.25,,,,,,,,,,30.85,0.25,0.62
45000,6849,6655,1.018,35.40,0.33,,,,,,,,,,35.40,0.33,0.48
45006,4456,4977,1.013,33.98,0.20,,,,,,,,,,33.98,0.20,0.48
45022,6420,6779,1.018,33.89,0.26,33.89,0.25,0.48,33.89,0.26,0.48,33.89,0.27,0.47,,,
45039,7040,7455,1.020,35.34,0.20,35.33,0.19,0.47,35.34,0.20,0.47,35.34,0.20,0.46,,,
45066,5753,6028,1.016,35.31,0.26,35.31,0.25,0.43,35.31,0.26,0.44,35.30,0.26,0.43,35.15,0.27,0.56
45080,12178,12623,1.033,35.78,0.25,35.77,0.24,0.35,35.78,0.25,0.39,35.78,0.25,0.40,,,
45088,2629,2713,1.007,34.42,0.38,34.42,0.36,0.56,34.41,0.38,0.59,34.42,0.38,0.59,34.65,0.42,0.65
45097,6671,6946,1.018,34.71,0.15,34.71,0.15,0.35,34.71,0.15,0.39,34.70,0.15,0.40,34.67,0.14,0.49
45098,2677,3214,1.009,32.95,0.20,,,,,,,,,,32.95,0.20,0.50
45127,3864,4340,1.011,33.70,0.23,,,,,,,,,,33.70,0.23,0.50
45130,11260,11538,1.030,36.32,0.22,36.30,0.21,0.35,36.33,0.22,0.39,36.34,0.22,0.40,,,
45137,2865,3253,1.009,33.46,0.16,33.47,0.16,0.56,33.45,0.16,0.60,33.45,0.16,0.59,,,
45151,4678,5212,1.014,34.05,0.32,,,,,,,,,,34.05,0.32,0.52
45170,2942,3438,1.009,32.80,0.23,,,,,,,,,,32.80,0.23,0.48
45180,2339,2875,1.008,33.16,0.38,,,,,,,,,,33.16,0.38,0.64
45182,7302,7426,1.020,34.91,0.31,34.91,0.30,0.42,34.91,0.31,0.43,34.91,0.31,0.42,,,
45194,10770,11042,1.029,36.22,0.15,36.22,0.15,0.35,36.21,0.15,0.39,36.22,0.15,0.40,,,
45222,18123,18495,1.048,36.64,0.26,36.63,0.25,0.35,36.65,0.26,0.39,36.64,0.26,0.40,,,
45224,1194,1681,1.004,30.35,0.57,,,,,,,,,,30.35,0.57,0.66
45241,2332,2859,1.008,32.70,0.38,,,,,,,,,,32.70,0.38,0.63
45246,1024,1504,1.004,30.89,0.16,,,,,,,,,,30.89,0.16,0.60
45261,15601,15828,1.041,36.30,0.13,36.31,0.13,0.35,36.29,0.13,0.39,36.29,0.13,0.40,,,
45265,1248,1440,1.004,32.73,0.28,32.74,0.27,0.56,32.73,0.28,0.60,32.73,0.28,0.59,,,
45269,2157,2693,1.007,32.40,0.22,,,,,,,,,,32.40,0.22,0.49
45279,297,810,1.002,27.54,0.17,,,,,,,,,,27.54,0.17,0.50
45282,7163,7374,1.019,34.87,0.16,34.86,0.15,0.50,34.88,0.16,0.51,34.88,0.16,0.50,,,
45322,6903,7331,1.019,34.70,0.12,34.69,0.12,0.35,34.70,0.12,0.39,34.70,0.12,0.40,,,
45327,7755,8238,1.022,35.48,0.26,,,,,,,,,,35.48,0.26,0.48
45336,4859,5051,1.013,34.07,0.24,34.06,0.23,0.40,34.08,0.24,0.40,34.08,0.24,0.40,,,
45346,2911,3445,1.009,34.21,0.41,,,,,,,,,,34.21,0.41,0.62
45350,4862,5103,1.014,34.51,0.14,34.51,0.14,0.55,34.50,0.14,0.56,34.50,0.14,0.55,34.48,0.13,0.63
45358,7064,7315,1.019,34.43,0.18,34.42,0.18,0.35,34.43,0.18,0.39,34.42,0.18,0.40,34.54,0.18,0.48
45366,7055,7301,1.019,34.27,0.14,34.27,0.14,0.52,34.27,0.14,0.52,34.28,0.14,0.52,34.45,0.13,0.61
45388,4758,5010,1.013,33.61,0.23,33.61,0.22,0.55,33.61,0.23,0.57,33.61,0.23,0.56,33.55,0.24,0.64
45397,4870,5069,1.013,34.80,0.15,34.78,0.14,0.36,34.81,0.15,0.39,34.82,0.15,0.40,,,
45451,5330,5547,1.015,34.31,0.13,34.30,0.13,0.46,34.31,0.13,0.46,34.31,0.13,0.46,,,
45452,2922,3258,1.009,33.60,0.17,33.61,0.16,0.56,33.60,0.17,0.60,33.59,0.17,0.59,,,
45487,2396,2921,1.008,32.56,0.13,,,,,,,,,,32.56,0.13,0.61
45508,7043,7453,1.020,35.24,0.23,35.24,0.22,0.35,35.25,0.23,0.39,35.24,0.23,0.40,,,
45524,1444,1964,1.005,32.94,0.45,,,,,,,,,,32.94,0.45,0.66
45534,3353,3512,1.009,33.55,0.16,33.56,0.16,0.56,33.55,0.16,0.58,33.55,0.16,0.58,,,
45549,7119,7401,1.020,34.78,0.12,34.77,0.12,0.35,34.78,0.12,0.39,34.79,0.12,0.40,35.13,0.10,0.48
45552,2589,2900,1.008,32.99,0.15,33.00,0.15,0.53,32.99,0.15,0.53,32.98,0.16,0.52,,,
45580,6004,6258,1.017,34.91,0.28,34.90,0.27,0.35,34.91,0.28,0.39,34.91,0.29,0.40,35.05,0.31,0.48
45582,9426,9673,1.025,35.66,0.20,35.67,0.19,0.38,35.66,0.20,0.39,35.65,0.20,0.40,35.57,0.21,0.53
45641,8816,8922,1.024,35.51,0.33,35.50,0.32,0.43,35.52,0.33,0.43,35.51,0.33,0.42,,,
45643,1589,2068,1.005,31.94,0.39,,,,,,,,,,31.94,0.39,0.50
45659,7345,7720,1.020,35.64,0.51,35.64,0.49,0.39,35.66,0.51,0.40,35.63,0.52,0.40,,,
45668,7105,7357,1.019,34.85,0.15,34.85,0.14,0.48,34.85,0.15,0.48,34.85,0.15,0.47,34.97,0.14,0.58
45700,5301,5518,1.015,33.91,0.13,33.91,0.13,0.50,33.91,0.13,0.50,33.90,0.13,0.49,,,
45701,1902,2429,1.006,31.86,0.24,,,,,,,,,,31.86,0.24,0.66
45705,2534,2812,1.007,33.19,0.16,33.19,0.16,0.56,33.18,0.16,0.60,33.20,0.16,0.59,33.74,0.16,0.66
45710,3667,3994,1.011,33.03,0.14,33.05,0.14,0.49,33.03,0.14,0.50,33.02,0.14,0.49,,,
45721,2756,3274,1.009,32.26,0.16,32.26,0.15,0.55,32.26,0.16,0.56,32.26,0.16,0.55,32.28,0.15,0.63
45728,1138,1319,1.004,31.44,0.43,31.44,0.41,0.56,31.44,0.43,0.60,31.43,0.43,0.59,,,
45733,4027,4339,1.011,33.75,0.13,33.75,0.13,0.44,33.75,0.13,0.45,33.75,0.13,0.44,,,
45740,8626,8998,1.024,35.01,0.14,34.99,0.13,0.52,35.01,0.14,0.52,35.04,0.14,0.52,,,
45742,6384,6623,1.017,34.65,0.23,34.65,0.23,0.45,34.65,0.23,0.45,34.65,0.24,0.45,34.57,0.25,0.57
45749,997,1174,1.003,30.92,0.15,30.92,0.15,0.35,30.92,0.15,0.39,30.91,0.15,0.40,31.12,0.14,0.48
45755,898,1088,1.003,32.50,0.26,32.50,0.25,0.56,32.49,0.26,0.60,32.50,0.27,0.59,,,
45757,7282,7522,1.020,34.85,0.31,34.86,0.30,0.35,34.86,0.31,0.39,34.85,0.32,0.40,34.75,0.34,0.48
45764,1891,2417,1.006,32.34,0.27,,,,,,,,,,32.34,0.27,0.65
45779,2947,3369,1.009,33.19,0.17,33.19,0.17,0.56,33.18,0.17,0.59,33.20,0.17,0.59,,,
45786,3913,4304,1.011,33.00,0.23,33.01,0.22,0.56,32.99,0.23,0.59,32.98,0.23,0.58,,,
45795,2605,2897,1.008,32.80,0.19,32.79,0.19,0.35,32.81,0.19,0.39,32.81,0.19,0.40,,,
45807,2217,2183,1.006,33.02,0.19,33.03,0.18,0.56,33.02,0.19,0.59,33.01,0.19,0.58,,,
45816,5124,5326,1.014,34.89,0.25,34.89,0.24,0.53,34.89,0.25,0.54,34.89,0.25,0.53,,,
45839,3047,3350,1.009,33.83,0.17,33.84,0.17,0.56,33.83,0.17,0.58,33.83,0.17,0.58,,,
45844,2927,3351,1.009,33.28,0.17,33.28,0.17,0.56,33.27,0.17,0.60,33.29,0.17,0.59,,,
45848,858,1046,1.003,31.43,0.15,31.43,0.15,0.56,31.42,0.15,0.59,31.42,0.15,0.58,,,
45849,491,605,1.002,29.67,0.16,29.66,0.16,0.56,29.66,0.16,0.60,29.67,0.16,0.59,29.78,0.15,0.66
45858,793,1054,1.003,31.37,0.23,31.39,0.22,0.56,31.37,0.23,0.60,31.36,0.23,0.59,,,
45864,3290,3658,1.010,33.95,0.22,33.96,0.21,0.55,33.95,0.22,0.56,33.95,0.22,0.56,,,
45875,809,1208,1.003,30.62,0.20,30.62,0.20,0.56,30.61,0.20,0.60,30.63,0.20,0.59,,,
45877,2566,3072,1.008,32.26,0.13,,,,,,,,,,32.26,0.13,0.49
45887,6373,6593,1.017,34.46,0.13,34.45,0.13,0.35,34.46,0.13,0.39,34.47,0.13,0.40,33.84,0.11,0.48
45894,3130,3429,1.009,33.89,0.42,33.88,0.40,0.56,33.88,0.42,0.60,33.90,0.43,0.59,,,
45901,2144,2670,1.007,31.85,0.20,,,,,,,,,,31.85,0.20,0.61
45905,6105,6329,1.017,34.56,0.28,34.55,0.27,0.51,34.56,0.28,0.52,34.56,0.28,0.51,34.53,0.30,0.61
45911,2556,3067,1.008,32.83,0.15,,,,,,,,,,32.83,0.15,0.55
45934,4813,5019,1.013,33.63,0.16,33.63,0.16,0.56,33.62,0.16,0.60,33.63,0.16,0.59,,,
45935,5958,6466,1.017,34.81,0.26,,,,,,,,,,34.81,0.26,0.59
45937,5978,6207,1.016,34.95,0.21,34.94,0.20,0.51,34.95,0.21,0.51,34.95,0.21,0.51,34.94,0.22,0.60
45938,4884,5115,1.014,34.29,0.24,34.29,0.23,0.55,34.29,0.24,0.56,34.30,0.25,0.56,34.22,0.26,0.64
45943,10123,10510,1.028,35.63,0.22,35.63,0.21,0.35,35.63,0.22,0.39,35.62,0.22,0.40,,,
45947,6425,6676,1.018,34.58,0.20,34.58,0.19,0.35,34.58,0.20,0.39,34.58,0.20,0.40,34.84,0.20,0.48
45948,922,1100,1.003,31.30,0.24,31.28,0.24,0.35,31.31,0.24,0.39,31.32,0.25,0.40,31.25,0.26,0.48
45952,2807,3317,1.009,33.02,0.22,,,,,,,,,,33.02,0.22,0.50
45959,6745,7085,1.019,34.70,0.13,34.70,0.13,0.35,34.70,0.13,0.39,34.71,0.13,0.40,,,
45967,7242,7256,1.019,35.08,0.35,35.07,0.34,0.54,35.09,0.35,0.55,35.09,0.36,0.55,,,
46014,5209,5672,1.015,33.96,0.11,,,,,,,,,,33.96,0.11,0.57
46028,6066,6294,1.017,34.29,0.15,34.28,0.14,0.44,34.29,0.15,0.45,34.29,0.15,0.44,34.37,0.14,0.56
46032,7625,7982,1.021,34.65,0.22,34.65,0.22,0.52,34.65,0.22,0.53,34.64,0.23,0.52,,,
46041,2369,2556,1.007,32.53,0.25,32.52,0.25,0.56,32.52,0.25,0.60,32.53,0.26,0.59,,,
46045,6329,6749,1.018,34.80,0.55,34.80,0.53,0.55,34.82,0.55,0.56,34.78,0.56,0.55,,,
46071,1302,1817,1.005,32.07,0.70,,,,,,,,,,32.07,0.70,0.66
46075,6493,6831,1.018,35.07,0.23,35.07,0.22,0.48,35.07,0.23,0.48,35.07,0.23,0.47,,,
46076,4636,4892,1.013,33.96,0.13,33.96,0.13,0.44,33.96,0.13,0.45,33.96,0.13,0.44,34.22,0.11,0.56
46089,6409,6828,1.018,34.64,0.14,34.63,0.14,0.42,34.64,0.14,0.42,34.65,0.14,0.41,,,
46098,2169,2692,1.007,32.01,0.43,,,,,,,,,,32.01,0.43,0.66
46121,4908,5113,1.014,35.41,0.15,35.36,0.15,0.51,35.42,0.15,0.51,35.45,0.15,0.51,,,
46124,6494,6747,1.018,35.06,0.14,35.07,0.13,0.51,35.06,0.14,0.51,35.05,0.14,0.50,35.29,0.12,0.60
46126,1182,1697,1.005,30.83,0.23,,,,,,,,,,30.83,0.23,0.60
46145,5126,5341,1.014,33.77,0.18,33.77,0.17,0.53,33.76,0.18,0.53,33.76,0.18,0.52,,,
46153,577,704,1.002,29.39,0.19,29.37,0.19,0.35,29.40,0.19,0.39,29.41,0.19,0.40,29.33,0.20,0.48
46164,7019,7347,1.019,34.81,0.14,34.80,0.14,0.53,34.81,0.14,0.53,34.82,0.14,0.52,,,
46171,7000,7187,1.019,34.54,0.14,34.52,0.14,0.35,34.54,0.14,0.39,34.55,0.14,0.40,,,
46173,9026,9381,1.025,35.07,0.14,35.08,0.14,0.48,35.07,0.14,0.48,35.05,0.14,0.48,,,
46180,5617,5839,1.015,34.22,0.20,34.19,0.19,0.35,34.22,0.20,0.39,34.24,0.20,0.40,34.29,0.21,0.48
46189,6879,7058,1.019,35.45,0.19,35.45,0.19,0.35,35.45,0.19,0.39,35.44,0.19,0.40,,,
46196,5694,5918,1.016,34.02,0.23,34.03,0.22,0.52,34.03,0.23,0.52,34.02,0.23,0.51,33.81,0.24,0.61
46217,5917,6333,1.017,33.45,0.15,33.47,0.15,0.55,33.45,0.15,0.56,33.44,0.15,0.56,,,
46246,1699,2214,1.006,32.04,0.25,,,,,,,,,,32.04,0.25,0.66
46247,1566,2064,1.005,30.90,0.26,,,,,,,,,,30.90,0.26,0.50
46249,9486,9680,1.025,35.27,0.14,35.27,0.14,0.35,35.28,0.14,0.39,35.27,0.14,0.40,,,
46261,2453,2949,1.008,32.61,0.15,,,,,,,,,,32.61,0.15,0.60
46262,7096,7481,1.020,35.18,0.27,35.18,0.26,0.54,35.19,0.27,0.55,35.18,0.28,0.54,,,
46293,5576,5795,1.015,33.87,0.22,33.86,0.21,0.41,33.87,0.22,0.42,33.87,0.22,0.41,,,
46301,1631,2150,1.006,31.46,0.27,,,,,,,,,,31.46,0.27,0.66
46302,7010,7258,1.019,34.59,0.16,34.58,0.16,0.35,34.59,0.16,0.39,34.59,0.16,0.40,34.58,0.16,0.48
46321,6137,6544,1.017,34.35,0.16,34.34,0.16,0.35,34.35,0.16,0.39,34.35,0.16,0.40,,,
46352,1859,2374,1.006,32.58,0.49,,,,,,,,,,32.58,0.49,0.66
46366,2726,3215,1.009,31.88,0.28,,,,,,,,,,31.88,0.28,0.63
46373,1749,2255,1.006,31.61,0.30,,,,,,,,,,31.61,0.30,0.66
46387,2464,2708,1.007,33.16,0.26,33.16,0.25,0.56,33.15,0.26,0.60,33.16,0.26,0.59,,,
46388,10973,11330,1.030,36.01,0.19,36.02,0.18,0.35,36.01,0.19,0.39,36.01,0.19,0.40,,,
46409,2747,3250,1.009,32.37,0.14,,,,,,,,,,32.37,0.14,0.48
46427,6671,6909,1.018,34.73,0.14,34.72,0.14,0.35,34.73,0.14,0.39,34.73,0.14,0.40,35.01,0.13,0.48
46441,2573,3062,1.008,32.31,0.10,,,,,,,,,,32.31,0.10,0.51
46449,6655,6996,1.018,34.31,0.32,34.31,0.31,0.56,34.31,0.32,0.58,34.32,0.32,0.58,,,
46452,1511,2029,1.005,32.65,0.25,,,,,,,,,,32.65,0.25,0.66
46473,2060,2542,1.007,31.89,0.42,,,,,,,,,,31.89,0.42,0.62
46477,2164,2387,1.006,33.05,0.18,33.05,0.17,0.50,33.05,0.18,0.50,33.05,0.18,0.49,,,
46502,2605,3109,1.008,32.53,0.28,,,,,,,,,,32.53,0.28,0.48
46519,7320,7537,1.020,34.26,0.19,34.28,0.19,0.51,34.26,0.19,0.51,34.23,0.19,0.50,,,
46521,1217,1734,1.005,30.58,0.27,,,,,,,,,,30.58,0.27,0.66
46534,11880,12272,1.032,36.16,0.14,36.15,0.14,0.35,36.15,0.14,0.39,36.17,0.14,0.40,,,
46535,1265,1745,1.005,31.35,0.14,,,,,,,,,,31.35,0.14,0.63
46551,1920,2431,1.006,32.48,0.25,,,,,,,,,,32.48,0.25,0.65
46563,1058,1429,1.004,31.49,0.22,31.49,0.21,0.56,31.49,0.22,0.60,31.50,0.22,0.59,31.39,0.23,0.66
46574,1889,2393,1.006,31.17,0.16,,,,,,,,,,31.17,0.16,0.66
46601,5417,5592,1.015,33.80,0.18,33.80,0.17,0.56,33.79,0.18,0.60,33.80,0.18,0.59,,,
46617,5109,5322,1.014,33.61,0.25,33.61,0.25,0.54,33.61,0.25,0.55,33.61,0.26,0.54,,,
46636,1012,1163,1.003,31.38,0.17,31.38,0.17,0.56,31.37,0.17,0.60,31.38,0.18,0.59,,,
46641,11330,11683,1.031,36.38,0.14,36.38,0.13,0.35,36.37,0.14,0.39,36.37,0.14,0.40,,,
46644,11402,11756,1.031,36.08,0.21,36.07,0.20,0.35,36.08,0.21,0.39,36.08,0.21,0.40,,,
46647,4902,5113,1.014,34.26,0.21,34.25,0.20,0.41,34.26,0.21,0.41,34.26,0.21,0.40,,,
46649,6575,6908,1.018,35.43,0.14,35.43,0.14,0.35,35.43,0.14,0.39,35.42,0.14,0.40,,,
46650,2301,2677,1.007,32.35,0.34,,,,,,,,,,32.35,0.34,0.60
46653,4959,5211,1.014,34.88,0.18,34.90,0.18,0.48,34.88,0.18,0.48,34.86,0.18,0.47,,,
46658,6965,7304,1.019,35.31,0.19,35.30,0.19,0.39,35.31,0.19,0.40,35.31,0.20,0.40,,,
46664,2736,3216,1.009,32.48,0.27,,,,,,,,,,32.48,0.27,0.60
46671,1035,1184,1.003,31.01,0.25,31.00,0.24,0.55,31.01,0.25,0.55,31.01,0.25,0.55,,,
46715,6373,6669,1.018,34.68,0.12,34.68,0.12,0.39,34.68,0.12,0.40,34.67,0.13,0.40,,,
46726,6635,6950,1.018,34.78,0.19,34.78,0.19,0.51,34.78,0.19,0.51,34.79,0.20,0.50,,,
46731,6711,7012,1.019,35.15,0.13,35.15,0.13,0.35,35.15,0.13,0.39,35.15,0.13,0.40,,,
46736,5386,5591,1.015,33.28,0.20,33.29,0.20,0.56,33.28,0.20,0.59,33.27,0.20,0.59,,,
46744,2899,3144,1.008,33.09,0.14,33.09,0.14,0.36,33.09,0.14,0.39,33.09,0.14,0.40,,,
46746,2409,2643,1.007,33.01,0.19,33.01,0.18,0.52,33.01,0.19,0.52,33.01,0.19,0.52,,,
46753,2804,3077,1.008,32.98,0.23,32.99,0.22,0.56,32.98,0.23,0.58,32.97,0.23,0.57,,,
46754,7253,7593,1.020,34.72,0.21,34.70,0.21,0.36,34.72,0.21,0.39,34.74,0.22,0.40,,,
46768,2050,2557,1.007,32.20,0.17,,,,,,,,,,32.20,0.17,0.62
46786,4049,4560,1.012,33.69,0.15,,,,,,,,,,33.69,0.15,0.62
46804,7043,7258,1.019,35.49,0.12,35.49,0.12,0.35,35.49,0.12,0.39,35.49,0.12,0.40,,,
46816,6379,6719,1.018,34.98,0.15,34.98,0.15,0.35,34.98,0.15,0.39,34.98,0.16,0.40,,,
46842,7151,7517,1.020,34.80,0.20,34.80,0.19,0.51,34.80,0.20,0.51,34.80,0.20,0.50,,,
46849,8430,8757,1.023,35.07,0.18,35.07,0.17,0.35,35.08,0.18,0.39,35.08,0.18,0.40,,,
46851,5003,5211,1.014,33.50,0.20,33.52,0.20,0.50,33.50,0.20,0.50,33.49,0.21,0.50,,,
46857,5614,5784,1.015,34.24,0.14,34.25,0.14,0.42,34.25,0.14,0.43,34.24,0.14,0.42,,,
46865,7200,7517,1.020,35.28,0.13,35.26,0.13,0.43,35.29,0.13,0.44,35.30,0.13,0.43,,,
46878,2463,2960,1.008,32.78,0.24,,,,,,,,,,32.78,0.24,0.51
46884,6858,7242,1.019,35.00,0.19,35.01,0.19,0.35,35.00,0.19,0.39,35.00,0.20,0.40,,,
46889,1791,2284,1.006,31.85,0.44,,,,,,,,,,31.85,0.44,0.61
46920,7175,7677,1.020,34.25,0.11,,,,,,,,,,34.25,0.11,0.57
46926,5028,5521,1.015,33.38,0.25,,,,,,,,,,33.38,0.25,0.51
46955,11773,12123,1.032,36.48,0.30,36.48,0.29,0.35,36.48,0.30,0.39,36.48,0.30,0.40,,,
47004,8472,8751,1.023,35.17,0.14,35.17,0.14,0.42,35.18,0.14,0.43,35.18,0.14,0.42,,,
47011,5709,5876,1.016,34.11,0.20,34.10,0.19,0.35,34.11,0.20,0.39,34.12,0.20,0.40,,,
47028,8311,8619,1.023,35.49,0.47,35.51,0.45,0.35,35.51,0.47,0.39,35.47,0.48,0.40,,,
47046,6493,6886,1.018,35.06,0.13,35.05,0.13,0.35,35.06,0.13,0.39,35.06,0.13,0.40,,,
47053,1322,1430,1.004,33.00,0.24,33.01,0.23,0.56,33.00,0.24,0.60,33.01,0.24,0.59,,,
47093,5318,5515,1.015,34.50,0.17,34.50,0.17,0.35,34.51,0.17,0.39,34.51,0.17,0.40,,,
47102,1676,2182,1.006,32.70,0.33,,,,,,,,,,32.70,0.33,0.65
47151,1203,1709,1.005,31.35,0.19,,,,,,,,,,31.35,0.19,0.65
47153,5946,6231,1.016,34.42,0.13,34.42,0.13,0.35,34.42,0.13,0.39,34.43,0.14,0.40,,,
47162,7070,7394,1.020,35.39,0.12,35.40,0.12,0.35,35.39,0.12,0.39,35.39,0.12,0.40,,,
47231,2514,2587,1.007,33.80,0.25,33.79,0.24,0.41,33.81,0.25,0.42,33.82,0.25,0.41,,,
47235,6225,6623,1.017,34.40,0.16,34.39,0.15,0.43,34.40,0.16,0.43,34.40,0.16,0.42,,,
47238,2455,2668,1.007,33.35,0.16,33.36,0.16,0.56,33.34,0.16,0.60,33.34,0.16,0.59,,,
47243,5825,6290,1.017,34.33,0.12,,,,,,,,,,34.33,0.12,0.53
47245,7769,7948,1.021,35.24,0.13,35.24,0.13,0.40,35.25,0.13,0.41,35.24,0.13,0.40,,,
47254,7332,7539,1.020,35.04,0.19,35.03,0.19,0.40,35.04,0.19,0.41,35.04,0.20,0.40,,,
47270,2813,2883,1.008,33.01,0.23,33.01,0.22,0.56,33.00,0.23,0.57,33.00,0.23,0.56,,,
47305,6810,7166,1.019,34.80,0.13,34.80,0.13,0.40,34.80,0.13,0.41,34.80,0.13,0.40,,,
47321,2164,2668,1.007,31.63,0.13,,,,,,,,,,31.63,0.13,0.52
47346,6776,7125,1.019,34.26,0.18,34.26,0.18,0.35,34.26,0.18,0.39,34.27,0.18,0.40,,,
47368,353,321,1.001,28.95,0.34,28.94,0.33,0.56,28.94,0.34,0.60,28.97,0.35,0.59,28.70,0.38,0.66
47371,1401,1483,1.004,31.94,0.30,31.93,0.29,0.56,31.93,0.30,0.60,31.95,0.30,0.59,,,
47372,7391,7631,1.020,35.28,0.21,35.28,0.21,0.35,35.28,0.21,0.39,35.28,0.22,0.40,,,
47378,6373,6728,1.018,34.94,0.25,34.94,0.24,0.51,34.94,0.25,0.51,34.95,0.25,0.51,,,
47381,6531,6839,1.018,33.60,0.21,33.60,0.20,0.56,33.59,0.21,0.60,33.60,0.21,0.59,,,
47394,1323,1804,1.005,31.96,0.10,,,,,,,,,,31.96,0.10,0.48
47414,7695,7476,1.020,35.35,0.34,,,,,,,,,,35.35,0.34,0.52
47415,6693,7041,1.019,34.90,0.26,34.90,0.25,0.47,34.90,0.26,0.47,34.90,0.26,0.47,,,
47422,7315,7648,1.020,34.92,0.14,34.92,0.14,0.35,34.92,0.14,0.39,34.93,0.15,0.40,35.16,0.13,0.48
47425,1934,1866,1.005,32.74,0.23,32.74,0.23,0.44,32.74,0.23,0.45,32.74,0.24,0.44,,,
47432,4177,4597,1.012,33.36,0.15,33.35,0.15,0.35,33.37,0.15,0.39,33.37,0.15,0.40,,,
47448,4049,4504,1.012,33.18,0.20,,,,,,,,,,33.18,0.20,0.59
47452,3254,3753,1.010,32.93,0.14,,,,,,,,,,32.93,0.14,0.63
47461,11226,11436,1.030,36.13,0.17,36.12,0.16,0.35,36.13,0.17,0.39,36.14,0.17,0.40,,,
47462,7350,7547,1.020,34.64,0.13,34.64,0.13,0.35,34.64,0.13,0.39,34.64,0.13,0.40,,,
47496,7430,7667,1.020,34.83,0.16,34.87,0.16,0.53,34.82,0.16,0.53,34.80,0.16,0.53,,,
47514,4066,4537,1.012,34.02,0.17,,,,,,,,,,34.02,0.17,0.57
47534,6245,6593,1.017,35.23,0.15,35.23,0.15,0.47,35.23,0.15,0.47,35.23,0.15,0.46,,,
47577,1009,1293,1.003,30.27,0.30,30.26,0.29,0.56,30.26,0.30,0.60,30.27,0.30,0.59,,,
47585,4688,4887,1.013,34.27,0.16,34.28,0.16,0.56,34.27,0.16,0.58,34.28,0.16,0.58,,,
47586,11115,11369,1.030,36.84,0.24,36.84,0.23,0.35,36.85,0.24,0.39,36.84,0.25,0.40,,,
47599,4862,5351,1.014,33.90,0.24,,,,,,,,,,33.90,0.24,0.57
47612,7606,7932,1.021,34.72,0.19,34.72,0.18,0.35,34.72,0.19,0.39,34.73,0.19,0.40,,,
47628,6497,6878,1.018,34.43,0.18,34.44,0.18,0.52,34.43,0.18,0.53,34.42,0.18,0.52,,,
47630,10414,10802,1.028,35.61,0.23,35.62,0.22,0.35,35.61,0.23,0.39,35.59,0.23,0.40,,,
47634,6823,6974,1.018,34.26,0.27,34.25,0.26,0.46,34.26,0.27,0.46,34.28,0.27,0.46,34.24,0.29,0.57
47680,4150,4572,1.012,33.90,0.14,33.91,0.13,0.45,33.90,0.14,0.45,33.90,0.14,0.44,,,
47686,6913,7266,1.019,34.91,0.17,34.89,0.17,0.35,34.91,0.17,0.39,34.92,0.17,0.40,,,
47691,6368,6748,1.018,34.66,0.15,34.67,0.14,0.54,34.66,0.15,0.55,34.66,0.15,0.54,,,
47708,11788,11973,1.031,36.25,0.20,36.23,0.20,0.35,36.25,0.20,0.39,36.26,0.21,0.40,,,
47719,6530,6904,1.018,34.73,0.31,34.72,0.29,0.44,34.73,0.31,0.44,34.73,0.31,0.44,,,
47723,7384,7553,1.020,34.59,0.12,34.60,0.12,0.35,34.59,0.12,0.39,34.58,0.12,0.40,,,
47734,7066,7418,1.020,35.04,0.13,35.05,0.13,0.48,35.05,0.13,0.48,35.03,0.13,0.48,,,
47736,6584,6960,1.018,34.28,0.21,34.28,0.21,0.51,34.27,0.21,0.52,34.28,0.22,0.51,,,
47740,7415,7596,1.020,34.44,0.18,34.43,0.17,0.35,34.44,0.18,0.39,34.44,0.18,0.40,,,
47750,5187,5585,1.015,33.27,0.19,33.28,0.18,0.56,33.27,0.19,0.58,33.27,0.19,0.57,,,
47765,5637,5909,1.016,34.70,0.22,34.69,0.21,0.42,34.70,0.22,0.42,34.71,0.22,0.41,,,
47784,6779,7158,1.019,34.53,0.12,34.53,0.12,0.35,34.54,0.12,0.39,34.54,0.12,0.40,,,
47788,471,526,1.001,29.85,0.20,29.84,0.20,0.56,29.84,0.20,0.60,29.86,0.21,0.59,,,
47809,5589,5735,1.015,34.33,0.13,34.33,0.13,0.44,34.33,0.13,0.45,34.31,0.13,0.44,,,
47833,7065,7220,1.019,34.53,0.15,34.53,0.15,0.56,34.53,0.15,0.57,34.52,0.15,0.56,,,
47847,579,1069,1.003,27.77,0.18,,,,,,,,,,27.77,0.18,0.66
47854,3264,3197,1.008,32.95,0.15,32.95,0.14,0.55,32.95,0.15,0.55,32.95,0.15,0.55,,,
47855,7006,7357,1.019,34.32,0.23,34.30,0.22,0.35,34.33,0.23,0.39,34.34,0.23,0.40,,,
47904,2736,2817,1.007,33.38,0.24,33.38,0.23,0.56,33.37,0.24,0.59,33.39,0.24,0.59,,,
47906,7626,7857,1.021,35.34,0.17,35.33,0.17,0.35,35.35,0.17,0.39,35.35,0.18,0.40,,,
47935,7514,7689,1.020,35.04,0.13,35.04,0.13,0.35,35.04,0.13,0.39,35.05,0.13,0.40,,,
47939,6734,7094,1.019,35.07,0.16,35.07,0.16,0.35,35.07,0.16,0.39,35.07,0.16,0.40,,,
47943,7679,7914,1.021,35.28,0.17,35.27,0.16,0.35,35.27,0.17,0.39,35.28,0.17,0.40,,,
47948,2401,2887,1.008,32.74,0.11,,,,,,,,,,32.74,0.11,0.52
47966,12674,12998,1.034,36.27,0.14,36.28,0.14,0.35,36.27,0.14,0.39,36.26,0.14,0.40,,,
47971,2291,2448,1.006,33.09,0.24,33.09,0.24,0.43,33.09,0.24,0.43,33.09,0.25,0.42,,,
47974,6785,7177,1.019,34.63,0.14,34.63,0.14,0.37,34.64,0.14,0.39,34.63,0.14,0.40,,,
47985,1730,1765,1.005,32.08,0.14,32.09,0.13,0.52,32.08,0.14,0.52,32.07,0.14,0.52,,,
48004,10004,10353,1.027,35.74,0.13,35.75,0.13,0.35,35.74,0.13,0.39,35.73,0.13,0.40,,,
48011,4209,4342,1.011,33.94,0.20,33.92,0.20,0.35,33.95,0.20,0.39,33.96,0.21,0.40,,,
48024,7757,8061,1.021,35.15,0.21,35.14,0.21,0.35,35.15,0.21,0.39,35.15,0.22,0.40,,,
48026,6900,7255,1.019,34.67,0.22,34.67,0.21,0.49,34.67,0.22,0.49,34.66,0.22,0.49,,,
48044,4906,5181,1.014,34.16,0.12,34.15,0.12,0.35,34.16,0.12,0.39,34.17,0.12,0.40,,,
48049,6680,7044,1.019,34.23,0.22,34.23,0.22,0.48,34.23,0.22,0.48,34.22,0.23,0.47,,,
48069,13961,14354,1.038,35.91,0.29,35.88,0.28,0.42,35.92,0.29,0.42,35.94,0.29,0.41,,,
48077,6470,6774,1.018,35.05,0.39,35.03,0.38,0.51,35.06,0.39,0.51,35.06,0.40,0.51,,,
48084,3045,3232,1.009,33.23,0.15,33.23,0.15,0.56,33.22,0.15,0.58,33.23,0.15,0.58,,,
48090,6791,7140,1.019,35.88,0.13,35.90,0.13,0.43,35.87,0.13,0.43,35.86,0.13,0.42,,,
48093,2295,2780,1.007,32.15,0.36,,,,,,,,,,32.15,0.36,0.60
48122,977,1334,1.004,31.34,0.22,31.34,0.21,0.56,31.34,0.22,0.59,31.33,0.22,0.59,31.24,0.23,0.66
48175,2299,2791,1.007,32.77,0.26,,,,,,,,,,32.77,0.26,0.60
48183,7984,8270,1.022,35.45,0.13,35.44,0.13,0.35,35.46,0.13,0.39,35.46,0.13,0.40,,,
48184,7062,7424,1.020,34.58,0.14,34.58,0.14,0.52,34.58,0.14,0.52,34.57,0.14,0.52,,,
48190,16939,17272,1.045,36.58,0.18,36.60,0.17,0.35,36.58,0.18,0.39,36.57,0.18,0.40,,,
48206,2470,2644,1.007,32.23,0.14,32.24,0.14,0.56,32.23,0.14,0.57,32.23,0.15,0.56,,,
48209,5297,5680,1.015,34.65,0.44,34.64,0.42,0.56,34.66,0.44,0.57,34.64,0.45,0.57,,,
48228,10707,11032,1.029,36.34,0.23,36.33,0.22,0.38,36.34,0.23,0.39,36.35,0.23,0.40,,,
48246,6771,7165,1.019,35.19,0.21,35.18,0.21,0.54,35.19,0.21,0.54,35.20,0.22,0.54,,,
48251,7032,7341,1.019,34.32,0.13,34.33,0.12,0.40,34.32,0.13,0.41,34.31,0.13,0.40,,,
48262,6923,7308,1.019,34.45,0.15,34.46,0.14,0.43,34.45,0.15,0.44,34.45,0.15,0.43,,,
48275,6786,7108,1.019,34.96,0.21,34.95,0.20,0.40,34.97,0.21,0.41,34.97,0.21,0.40,,,
48285,10732,10920,1.029,35.94,0.14,35.94,0.13,0.35,35.93,0.14,0.39,35.94,0.14,0.40,,,
48288,6827,7198,1.019,35.23,0.15,35.22,0.15,0.46,35.23,0.15,0.47,35.23,0.15,0.46,,,
48307,2169,2614,1.007,32.32,0.16,,,,,,,,,,32.32,0.16,0.51
48333,4859,5067,1.013,33.62,0.13,33.61,0.13,0.35,33.62,0.13,0.39,33.62,0.13,0.40,,,
48347,13420,13623,1.036,36.30,0.14,36.29,0.14,0.35,36.30,0.14,0.39,36.30,0.15,0.40,,,
48358,6834,7215,1.019,34.63,0.12,34.63,0.12,0.35,34.63,0.12,0.39,34.63,0.12,0.40,,,
48365,8531,8755,1.023,35.35,0.13,35.35,0.12,0.35,35.35,0.13,0.39,35.34,0.13,0.40,,,
48375,9806,10063,1.026,35.78,0.25,35.76,0.25,0.35,35.78,0.25,0.39,35.78,0.26,0.40,,,
48392,2163,2155,1.006,32.78,0.22,32.77,0.22,0.49,32.78,0.22,0.49,32.78,0.23,0.49,,,
48394,6353,6782,1.018,34.82,0.20,,,,,,,,,,34.82,0.20,0.48
48430,14172,14491,1.038,35.82,0.19,35.83,0.19,0.35,35.82,0.19,0.39,35.82,0.19,0.40,,,
48441,2089,2253,1.006,32.71,0.16,32.71,0.15,0.56,32.70,0.16,0.59,32.70,0.16,0.59,,,
48453,7131,7441,1.020,35.21,0.15,35.21,0.14,0.49,35.21,0.15,0.49,35.22,0.15,0.48,,,
48470,6827,7195,1.019,34.86,0.17,34.86,0.16,0.50,34.86,0.17,0.50,34.86,0.17,0.49,,,
48497,2347,2394,1.006,33.62,0.36,33.62,0.35,0.56,33.62,0.36,0.60,33.62,0.37,0.59,,,
48504,5451,5732,1.015,34.72,0.22,34.71,0.21,0.52,34.72,0.22,0.52,34.73,0.22,0.51,,,
48513,4751,4928,1.013,33.59,0.15,33.61,0.15,0.56,33.59,0.15,0.58,33.59,0.15,0.58,,,
48534,2360,2297,1.006,31.77,0.15,31.79,0.15,0.56,31.77,0.15,0.58,31.74,0.15,0.57,,,
48540,12674,12978,1.034,35.91,0.18,35.92,0.17,0.35,35.90,0.18,0.39,35.90,0.18,0.40,,,
48550,6947,7317,1.019,35.13,0.17,35.13,0.17,0.39,35.13,0.17,0.40,35.13,0.17,0.40,,,
48584,5384,5756,1.015,34.55,0.14,34.56,0.14,0.45,34.55,0.14,0.46,34.55,0.14,0.45,,,
48595,7326,7615,1.020,35.34,0.15,35.35,0.15,0.35,35.34,0.15,0.39,35.34,0.15,0.40,,,
48630,6886,7253,1.019,34.86,0.13,34.85,0.13,0.35,34.86,0.13,0.39,34.87,0.13,0.40,,,
48644,7462,7738,1.020,34.89,0.22,34.90,0.21,0.54,34.89,0.22,0.54,34.89,0.22,0.54,,,
48674,8025,8292,1.022,35.62,0.19,35.63,0.19,0.35,35.62,0.19,0.39,35.62,0.20,0.40,,,
48679,12265,12575,1.033,36.27,0.18,36.26,0.18,0.40,36.27,0.18,0.41,36.28,0.18,0.40,,,
48684,11854,12044,1.032,35.82,0.13,35.82,0.13,0.35,35.81,0.13,0.39,35.82,0.13,0.40,,,
48690,2499,2647,1.007,33.02,0.14,33.03,0.14,0.52,33.01,0.14,0.53,33.01,0.14,0.52,,,
48693,6938,7299,1.019,34.62,0.36,34.62,0.34,0.46,34.63,0.36,0.46,34.61,0.36,0.46,,,
48703,7989,8276,1.022,34.95,0.14,34.95,0.13,0.48,34.95,0.14,0.48,34.95,0.14,0.47,,,
48738,306,788,1.002,28.23,1.47,,,,,,,,,,28.23,1.47,0.66
48749,2613,2709,1.007,33.19,0.14,33.18,0.14,0.35,33.19,0.14,0.39,33.19,0.14,0.40,,,
48756,3848,3995,1.011,33.30,0.16,33.31,0.15,0.51,33.30,0.16,0.51,33.29,0.16,0.51,,,
48759,9011,9250,1.024,36.23,0.84,36.23,0.80,0.36,36.28,0.84,0.39,36.19,0.85,0.40,,,
48767,2671,2765,1.007,32.39,0.12,32.38,0.12,0.35,32.39,0.12,0.39,32.40,0.12,0.40,,,
48777,8538,8580,1.023,35.23,0.22,35.21,0.21,0.35,35.23,0.22,0.39,35.24,0.22,0.40,,,
48786,1331,1744,1.005,31.69,0.31,,,,,,,,,,31.69,0.31,0.65
48794,6896,7239,1.019,34.80,0.14,34.80,0.14,0.40,34.80,0.14,0.40,34.80,0.14,0.40,,,
48795,8156,8402,1.022,35.68,0.42,35.66,0.40,0.35,35.69,0.42,0.39,35.69,0.42,0.40,,,
48803,10753,11085,1.029,35.89,0.27,35.88,0.26,0.35,35.89,0.27,0.39,35.88,0.27,0.40,,,
48806,8210,8457,1.022,35.23,0.20,35.22,0.19,0.35,35.24,0.20,0.39,35.25,0.20,0.40,,,
48815,2509,2583,1.007,32.59,0.22,32.57,0.21,0.35,32.60,0.22,0.39,32.61,0.22,0.40,,,
48816,1619,1675,1.004,31.45,0.13,31.45,0.13,0.44,31.45,0.13,0.45,31.44,0.13,0.44,,,
48830,4986,5464,1.014,35.07,0.10,,,,,,,,,,35.07,0.10,0.48
48831,6942,7196,1.019,34.57,0.17,34.56,0.17,0.35,34.58,0.17,0.39,34.58,0.17,0.40,,,
48836,9089,9327,1.025,36.26,0.13,36.22,0.12,0.40,36.27,0.13,0.40,36.29,0.13,0.40,,,
48862,5022,5177,1.014,33.60,0.13,33.60,0.13,0.48,33.60,0.13,0.49,33.61,0.13,0.48,,,
48886,6919,7258,1.019,34.78,0.29,34.78,0.28,0.54,34.79,0.29,0.55,34.79,0.29,0.54,,,
48897,2704,2806,1.007,33.42,0.37,33.42,0.36,0.56,33.42,0.37,0.60,33.42,0.38,0.59,,,
48917,1494,1613,1.004,32.07,0.31,32.07,0.30,0.54,32.07,0.31,0.55,32.06,0.31,0.55,,,
48918,7879,8153,1.021,34.66,0.15,34.65,0.15,0.47,34.66,0.15,0.47,34.66,0.15,0.46,,,
48921,6968,7211,1.019,34.57,0.23,34.57,0.22,0.49,34.57,0.23,0.49,34.56,0.23,0.48,,,
48925,2421,2522,1.007,32.04,0.31,32.04,0.30,0.56,32.04,0.31,0.60,32.04,0.32,0.59,,,
48931,16176,16399,1.043,36.64,0.13,36.64,0.13,0.35,36.64,0.13,0.39,36.65,0.13,0.40,,,
48942,6934,7287,1.019,34.88,0.26,34.87,0.25,0.52,34.88,0.26,0.52,34.88,0.26,0.51,,,
48943,6985,7295,1.019,34.80,0.25,34.79,0.24,0.52,34.80,0.25,0.52,34.81,0.25,0.52,,,
48946,2317,2452,1.007,32.88,0.20,32.89,0.19,0.56,32.88,0.20,0.60,32.88,0.20,0.59,,,
48953,1978,1850,1.005,32.69,0.11,,,,,,,,,,32.69,0.11,0.53
48959,1093,1452,1.004,31.39,0.25,31.40,0.24,0.50,31.40,0.25,0.51,31.39,0.25,0.50,31.27,0.27,0.60
48989,2436,2511,1.007,32.37,0.23,32.37,0.22,0.56,32.36,0.23,0.57,32.37,0.23,0.57,,,
49004,6686,7031,1.019,34.48,0.14,34.50,0.14,0.54,34.48,0.14,0.54,34.47,0.14,0.54,,,
49041,5099,5240,1.014,33.76,0.12,33.75,0.12,0.35,33.77,0.12,0.39,33.78,0.12,0.40,,,
49055,11330,11661,1.031,36.08,0.19,36.08,0.19,0.35,36.07,0.19,0.39,36.09,0.19,0.40,,,
49069,2624,2726,1.007,33.54,0.44,33.53,0.42,0.35,33.55,0.44,0.39,33.53,0.45,0.40,,,
49112,2702,2792,1.007,32.50,0.18,32.49,0.17,0.41,32.50,0.18,0.42,32.50,0.18,0.41,,,
49114,7797,8064,1.021,34.96,0.16,34.95,0.16,0.39,34.96,0.16,0.40,34.96,0.16,0.40,,,
49122,6420,6560,1.017,34.77,0.15,34.77,0.15,0.46,34.77,0.15,0.46,34.77,0.16,0.45,,,
49129,857,1332,1.004,30.72,0.32,,,,,,,,,,30.72,0.32,0.66
49137,7105,7299,1.019,35.05,0.23,35.04,0.23,0.35,35.06,0.23,0.39,35.06,0.24,0.40,,,
49145,9221,9437,1.025,35.45,0.13,35.45,0.13,0.35,35.45,0.13,0.39,35.46,0.13,0.40,,,
49155,5226,5498,1.015,34.36,0.17,34.36,0.16,0.55,34.36,0.17,0.56,34.35,0.17,0.56,,,
49159,10476,10750,1.028,35.70,0.16,35.69,0.15,0.35,35.70,0.16,0.39,35.71,0.16,0.40,,,
49161,9816,10179,1.027,36.62,0.18,36.64,0.17,0.35,36.61,0.18,0.39,36.60,0.18,0.40,,,
49167,6941,7316,1.019,35.21,0.18,35.20,0.18,0.35,35.21,0.18,0.39,35.22,0.18,0.40,,,
49171,3423,3646,1.010,33.50,0.27,33.51,0.26,0.56,33.50,0.27,0.58,33.49,0.27,0.58,,,
49179,8488,8712,1.023,34.97,0.22,34.97,0.21,0.35,34.98,0.22,0.39,34.97,0.22,0.40,,,
49204,6967,7259,1.019,34.81,0.16,34.83,0.15,0.35,34.81,0.16,0.39,34.80,0.16,0.40,,,
49222,7475,7839,1.021,34.26,0.21,34.26,0.21,0.54,34.26,0.21,0.54,34.26,0.22,0.54,,,
49251,7700,7970,1.021,35.56,0.17,35.55,0.16,0.35,35.56,0.17,0.39,35.56,0.17,0.40,,,
49265,8355,8588,1.023,34.67,0.13,34.67,0.13,0.35,34.68,0.13,0.39,34.67,0.14,0.40,,,
49275,2212,2313,1.006,33.53,0.36,33.52,0.35,0.35,33.54,0.36,0.39,33.52,0.37,0.40,,,
49294,2508,2616,1.007,33.12,0.61,33.12,0.58,0.56,33.14,0.61,0.60,33.09,0.62,0.59,,,
49295,8411,8649,1.023,34.48,0.26,34.48,0.25,0.54,34.48,0.26,0.55,34.48,0.26,0.54,,,
49299,2381,2448,1.006,33.76,0.21,33.76,0.21,0.55,33.76,0.21,0.57,33.76,0.22,0.56,,,
49301,2380,2498,1.007,32.62,0.16,32.63,0.15,0.56,32.62,0.16,0.58,32.61,0.16,0.58,,,
49303,4274,4633,1.012,33.67,0.13,33.67,0.13,0.43,33.68,0.13,0.44,33.68,0.13,0.43,,,
49315,8552,8794,1.023,34.73,0.52,34.73,0.50,0.35,34.75,0.52,0.39,34.72,0.53,0.40,,,
49320,17124,17341,1.045,36.92,0.37,36.91,0.35,0.35,36.92,0.37,0.39,36.93,0.37,0.40,,,
49322,2594,2695,1.007,32.69,0.22,32.71,0.22,0.54,32.69,0.22,0.55,32.68,0.23,0.55,,,
49333,12410,12542,1.033,36.60,0.16,36.59,0.16,0.35,36.61,0.16,0.39,36.61,0.16,0.40,,,
49335,4998,5342,1.014,34.46,0.14,34.46,0.14,0.55,34.46,0.14,0.56,34.47,0.14,0.55,,,
49337,3589,3701,1.010,33.65,0.14,33.65,0.13,0.46,33.65,0.14,0.46,33.64,0.14,0.45,,,
49357,11256,11562,1.030,36.09,0.17,36.09,0.17,0.35,36.08,0.17,0.39,36.09,0.17,0.40,,,
49359,3693,3807,1.010,33.46,0.19,33.45,0.19,0.35,33.47,0.19,0.39,33.47,0.20,0.40,,,
49368,15666,15880,1.042,35.96,0.13,35.95,0.13,0.35,35.95,0.13,0.39,35.97,0.13,0.40,,,
49373,4598,4950,1.013,33.81,0.14,33.81,0.13,0.41,33.81,0.14,0.41,33.81,0.14,0.40,,,
49391,4577,4925,1.013,34.40,0.16,34.40,0.15,0.52,34.40,0.16,0.52,34.41,0.16,0.52,,,
49411,1384,1725,1.005,30.89,0.15,30.90,0.15,0.56,30.89,0.15,0.59,30.89,0.16,0.59,30.90,0.15,0.65
49426,2288,2079,1.006,32.67,0.43,,,,,,,,,,32.67,0.43,0.63
49428,8342,8576,1.023,35.65,0.13,35.68,0.13,0.35,35.64,0.13,0.39,35.62,0.13,0.40,,,
49433,12517,12800,1.034,35.86,0.13,35.87,0.13,0.36,35.86,0.13,0.39,35.86,0.13,0.40,,,
49464,2264,2348,1.006,32.19,0.19,32.20,0.19,0.50,32.19,0.19,0.50,32.19,0.20,0.49,,,
49468,1302,1641,1.004,31.61,0.16,31.62,0.15,0.48,31.62,0.16,0.48,31.60,0.16,0.48,31.63,0.15,0.59
49476,2452,2603,1.007,33.47,0.18,33.49,0.17,0.56,33.47,0.18,0.58,33.46,0.18,0.57,,,
49477,6946,7204,1.019,35.18,0.13,35.16,0.13,0.37,35.18,0.13,0.39,35.19,0.13,0.40,,,
49484,14540,14691,1.038,36.35,0.20,36.33,0.19,0.35,36.35,0.20,0.39,36.37,0.20,0.40,,,
49486,4349,4706,1.012,34.72,0.15,34.73,0.14,0.55,34.72,0.15,0.56,34.71,0.15,0.56,,,
49510,4961,5296,1.014,34.23,0.22,34.23,0.22,0.55,34.22,0.22,0.56,34.22,0.23,0.56,,,
49512,1777,1712,1.005,33.85,0.31,33.85,0.30,0.55,33.85,0.31,0.57,33.85,0.32,0.56,,,
49515,6726,7047,1.019,35.15,0.27,35.12,0.26,0.47,35.15,0.27,0.48,35.17,0.28,0.47,,,
49519,1791,1887,1.005,33.52,0.23,33.52,0.22,0.56,33.52,0.23,0.60,33.52,0.23,0.59,,,
49540,6830,7118,1.019,34.83,0.25,34.82,0.24,0.35,34.83,0.25,0.39,34.83,0.25,0.40,,,
49553,8392,8604,1.023,35.81,0.59,35.80,0.57,0.35,35.83,0.59,0.39,35.80,0.60,0.40,,,
49555,1174,1513,1.004,30.88,0.24,30.87,0.23,0.37,30.89,0.24,0.39,30.87,0.24,0.40,30.92,0.25,0.52
49563,1917,1951,1.005,31.67,0.14,31.67,0.14,0.35,31.67,0.14,0.39,31.66,0.14,0.40,,,
49579,4851,5158,1.014,34.29,0.19,34.29,0.19,0.55,34.29,0.19,0.55,34.29,0.19,0.55,,,
49589,8304,8546,1.023,35.91,0.90,35.85,0.86,0.35,35.91,0.90,0.39,35.96,0.91,0.40,,,
49607,6829,7131,1.019,34.71,0.20,34.71,0.19,0.50,34.71,0.20,0.50,34.72,0.20,0.50,,,
49627,6154,6449,1.017,34.54,0.19,34.54,0.18,0.36,34.54,0.19,0.39,34.53,0.19,0.40,,,
49631,8928,9140,1.024,35.22,0.12,35.22,0.12,0.35,35.22,0.12,0.39,35.23,0.12,0.40,,,
49638,5319,5777,1.015,34.07,0.30,,,,,,,,,,34.07,0.30,0.58
49645,16014,16345,1.043,36.72,0.76,36.73,0.73,0.35,36.76,0.76,0.39,36.68,0.78,0.40,,,
49657,8641,8841,1.023,35.19,0.12,35.18,0.12,0.35,35.19,0.12,0.39,35.20,0.12,0.40,35.47,0.10,0.48
49676,2476,2935,1.008,32.27,0.11,,,,,,,,,,32.27,0.11,0.48
49683,7002,7325,1.019,35.10,0.12,35.08,0.12,0.35,35.11,0.12,0.39,35.12,0.12,0.40,,,
49692,8312,8550,1.023,35.85,0.17,35.83,0.17,0.35,35.85,0.17,0.39,35.86,0.17,0.40,,,
49694,8461,8689,1.023,35.26,0.14,35.26,0.14,0.35,35.26,0.14,0.39,35.27,0.14,0.40,,,
49703,7429,7810,1.021,34.82,0.36,,,,,,,,,,34.82,0.36,0.49
49712,3206,3137,1.008,33.14,0.19,33.14,0.18,0.49,33.14,0.19,0.49,33.13,0.19,0.49,,,
49721,3805,4082,1.011,33.53,0.15,33.54,0.15,0.46,33.53,0.15,0.46,33.52,0.16,0.45,,,
49724,5156,5484,1.015,33.77,0.12,33.76,0.12,0.35,33.77,0.12,0.39,33.77,0.12,0.40,,,
49728,4084,4544,1.012,34.47,0.31,,,,,,,,,,34.47,0.31,0.61
49732,2629,2829,1.008,33.10,0.23,33.09,0.22,0.56,33.09,0.23,0.60,33.11,0.23,0.59,33.02,0.24,0.66
49734,2798,3017,1.008,30.94,0.35,30.93,0.34,0.56,30.94,0.35,0.60,30.95,0.35,0.59,,,
49748,4350,4671,1.012,33.48,0.14,33.48,0.14,0.47,33.48,0.14,0.47,33.48,0.14,0.46,,,
49752,7223,7512,1.020,34.83,0.17,34.83,0.17,0.51,34.83,0.17,0.51,34.83,0.17,0.50,,,
49758,7136,7484,1.020,35.26,0.14,35.25,0.13,0.36,35.26,0.14,0.39,35.27,0.14,0.40,,,
49763,2867,3092,1.008,33.45,0.16,33.46,0.15,0.56,33.44,0.16,0.59,33.44,0.16,0.58,,,
49767,7337,7658,1.020,35.06,0.15,35.03,0.15,0.53,35.06,0.15,0.53,35.08,0.15,0.52,,,
49768,9802,9998,1.026,35.80,0.24,35.79,0.23,0.41,35.80,0.24,0.42,35.81,0.24,0.41,,,
49769,7543,7812,1.021,35.26,0.14,35.28,0.14,0.35,35.26,0.14,0.39,35.26,0.14,0.40,,,
49788,3795,4257,1.011,33.36,0.21,,,,,,,,,,33.36,0.21,0.49
49790,6619,6890,1.018,34.40,0.15,34.40,0.14,0.51,34.40,0.15,0.51,34.39,0.15,0.51,,,
49791,4135,4465,1.012,33.70,0.14,33.70,0.14,0.53,33.70,0.14,0.53,33.69,0.15,0.53,,,
49799,3729,3858,1.010,33.80,0.13,33.80,0.13,0.35,33.80,0.13,0.39,33.79,0.13,0.40,,,
49820,2832,2934,1.008,33.30,0.13,33.29,0.13,0.35,33.30,0.13,0.39,33.31,0.13,0.40,33.32,0.11,0.48
49836,2670,3126,1.008,32.29,0.23,,,,,,,,,,32.29,0.23,0.56
49838,4056,4364,1.012,33.42,0.13,33.43,0.13,0.44,33.42,0.13,0.45,33.41,0.13,0.44,,,
49855,1970,2429,1.006,33.66,0.31,,,,,,,,,,33.66,0.31,0.61
49856,4526,4835,1.013,33.56,0.16,33.56,0.15,0.56,33.55,0.16,0.59,33.57,0.16,0.59,,,
49859,7100,6883,1.018,33.36,0.38,,,,,,,,,,33.36,0.38,0.65
49876,7462,7732,1.020,35.19,0.15,35.20,0.15,0.36,35.19,0.15,0.39,35.19,0.15,0.40,,,
49881,3130,3061,1.008,32.65,0.23,32.65,0.22,0.35,32.66,0.23,0.39,32.65,0.23,0.40,32.52,0.25,0.48
49882,3522,3868,1.010,33.34,0.14,33.35,0.14,0.53,33.34,0.14,0.54,33.34,0.14,0.53,33.40,0.13,0.62
49887,4276,4598,1.012,34.21,0.15,34.22,0.15,0.55,34.21,0.15,0.56,34.21,0.15,0.56,,,
49889,2200,2219,1.006,32.54,0.18,32.54,0.18,0.54,32.53,0.18,0.54,32.53,0.18,0.54,32.42,0.18,0.62
49897,8247,8414,1.022,35.00,0.14,34.99,0.14,0.48,35.01,0.14,0.48,35.01,0.14,0.48,,,
49913,7055,7370,1.019,34.64,0.14,34.67,0.14,0.44,34.64,0.14,0.45,34.62,0.15,0.44,,,
49917,7842,8106,1.021,35.05,0.24,35.05,0.23,0.50,35.06,0.24,0.50,35.05,0.24,0.49,,,
49923,1015,1472,1.004,29.22,0.66,,,,,,,,,,29.22,0.66,0.66
49939,2853,3294,1.009,32.94,0.34,,,,,,,,,,32.94,0.34,0.63
49952,6223,6525,1.017,34.37,0.22,34.36,0.21,0.35,34.37,0.22,0.39,34.38,0.22,0.40,,,
49980,9957,10147,1.027,35.98,0.26,35.96,0.25,0.35,35.99,0.26,0.39,36.00,0.26,0.40,,,
49991,6197,6498,1.017,34.13,0.22,34.11,0.21,0.35,34.13,0.22,0.39,34.14,0.22,0.40,,,
49993,1959,1917,1.005,32.44,0.16,32.44,0.15,0.35,32.45,0.16,0.39,32.45,0.16,0.40,32.59,0.15,0.49
49995,4834,5144,1.014,34.11,0.20,34.13,0.19,0.35,34.11,0.20,0.39,34.09,0.20,0.40,34.38,0.21,0.48
49997,4548,4860,1.013,33.73,0.24,33.72,0.23,0.35,33.73,0.24,0.39,33.72,0.24,0.40,,,
50004,10184,10479,1.028,35.48,0.25,35.49,0.24,0.35,35.48,0.25,0.39,35.48,0.25,0.40,,,
50006,5966,6269,1.017,34.88,0.18,34.87,0.17,0.35,34.89,0.18,0.39,34.89,0.18,0.40,,,
50012,4425,4566,1.012,33.71,0.13,33.71,0.13,0.35,33.72,0.13,0.39,33.72,0.13,0.40,33.39,0.12,0.48
50014,3990,4259,1.011,34.37,0.27,34.37,0.26,0.52,34.37,0.27,0.53,34.37,0.27,0.52,,,
50016,7160,7503,1.020,34.55,0.16,34.56,0.15,0.56,34.55,0.16,0.59,34.55,0.16,0.58,,,
50017,7096,7338,1.019,34.64,0.12,34.63,0.12,0.35,34.64,0.12,0.39,34.65,0.12,0.40,,,
50021,5831,6133,1.016,34.11,0.21,34.09,0.21,0.56,34.10,0.21,0.58,34.13,0.22,0.58,,,
50024,4847,5052,1.013,34.06,0.24,34.08,0.23,0.56,34.07,0.24,0.60,34.04,0.24,0.59,,,
50030,5826,6131,1.016,34.58,0.14,34.58,0.14,0.52,34.57,0.14,0.53,34.57,0.14,0.52,,,
50031,2152,2163,1.006,32.47,0.17,32.45,0.17,0.35,32.47,0.17,0.39,32.48,0.17,0.40,32.53,0.17,0.48
50042,3767,3890,1.010,33.60,0.14,33.60,0.13,0.35,33.59,0.14,0.39,33.60,0.14,0.40,33.93,0.12,0.48
50045,4673,4847,1.013,34.18,0.12,34.18,0.12,0.35,34.18,0.12,0.39,34.17,0.13,0.40,,,
50066,6929,7381,1.019,34.72,0.33,,,,,,,,,,34.72,0.33,0.48
50069,2252,2169,1.006,32.53,0.25,32.54,0.24,0.56,32.53,0.25,0.59,32.52,0.25,0.58,,,
50070,8235,8396,1.022,35.07,0.16,35.07,0.16,0.50,35.07,0.16,0.50,35.07,0.16,0.49,,,
50074,6445,6890,1.018,34.39,0.43,,,,,,,,,,34.39,0.43,0.65
50087,5602,5901,1.016,34.10,0.12,34.08,0.12,0.35,34.10,0.12,0.39,34.10,0.12,0.40,,,
50089,7325,7640,1.020,35.08,0.19,35.08,0.19,0.46,35.08,0.19,0.46,35.08,0.19,0.45,,,
50092,3180,3578,1.009,33.60,0.30,33.58,0.29,0.55,33.59,0.30,0.57,33.62,0.31,0.56,,,
50098,4101,4363,1.012,34.34,0.16,34.35,0.15,0.56,34.34,0.16,0.59,34.34,0.16,0.58,,,
50115,6896,7155,1.019,34.82,0.14,34.84,0.14,0.47,34.83,0.14,0.47,34.81,0.14,0.46,,,
50117,5250,5511,1.015,34.29,0.15,34.30,0.14,0.46,34.29,0.15,0.46,34.28,0.15,0.46,,,
50120,3195,3591,1.010,32.56,0.31,32.55,0.30,0.53,32.56,0.31,0.53,32.57,0.31,0.53,32.49,0.34,0.62
50121,4743,5156,1.014,34.18,0.17,,,,,,,,,,34.18,0.17,0.48
50126,7211,7493,1.020,35.36,0.12,35.37,0.12,0.36,35.36,0.12,0.39,35.34,0.12,0.40,,,
50130,7392,7707,1.020,35.11,0.12,35.11,0.12,0.35,35.11,0.12,0.39,35.11,0.12,0.40,,,
50136,7435,7711,1.020,36.08,0.28,36.08,0.27,0.35,36.08,0.28,0.39,36.09,0.28,0.40,,,
50156,8590,9004,1.024,35.46,0.20,,,,,,,,,,35.46,0.20,0.48
50166,4204,4656,1.012,34.05,0.28,,,,,,,,,,34.05,0.28,0.62
50167,9960,10148,1.027,35.96,0.25,35.96,0.24,0.41,35.97,0.25,0.42,35.96,0.25,0.41,,,
50168,8008,8136,1.021,35.23,0.20,35.23,0.19,0.36,35.23,0.20,0.39,35.23,0.20,0.40,,,
50176,4643,4815,1.013,33.06,0.20,33.08,0.19,0.56,33.06,0.20,0.60,33.05,0.20,0.59,,,
50187,11845,12012,1.032,36.10,0.23,36.11,0.22,0.35,36.10,0.23,0.39,36.10,0.23,0.40,,,
50190,7194,7461,1.020,35.07,0.12,35.06,0.12,0.35,35.07,0.12,0.39,35.07,0.12,0.40,,,
50194,1192,1492,1.004,31.60,0.18,31.60,0.18,0.56,31.59,0.18,0.60,31.61,0.18,0.59,31.46,0.18,0.66
50198,4399,4548,1.012,34.00,0.23,34.01,0.23,0.54,34.00,0.23,0.55,33.99,0.24,0.54,,,
50222,6386,6643,1.018,34.85,0.17,34.85,0.17,0.50,34.85,0.17,0.50,34.86,0.17,0.49,,,
50246,1566,2020,1.005,30.93,0.32,,,,,,,,,,30.93,0.32,0.65
50252,4161,4438,1.012,33.67,0.41,33.68,0.39,0.56,33.67,0.41,0.58,33.65,0.41,0.57,,,
50294,4743,5023,1.013,33.95,0.21,33.96,0.20,0.54,33.95,0.21,0.55,33.95,0.21,0.55,,,
50305,11135,11360,1.030,36.16,0.17,36.16,0.17,0.35,36.16,0.17,0.39,36.16,0.18,0.40,,,
50317,969,1282,1.003,31.41,0.13,31.42,0.13,0.52,31.42,0.13,0.52,31.40,0.13,0.52,31.64,0.12,0.61
50318,6581,6854,1.018,34.69,0.14,34.69,0.13,0.53,34.69,0.14,0.53,34.70,0.14,0.52,,,
50322,9945,10393,1.027,35.35,0.30,,,,,,,,,,35.35,0.30,0.48
50328,12090,12416,1.033,36.28,0.19,36.28,0.18,0.35,36.28,0.19,0.39,36.28,0.19,0.40,,,
50341,7168,7461,1.020,34.57,0.15,34.58,0.15,0.53,34.57,0.15,0.53,34.57,0.15,0.53,,,
50351,18008,18282,1.048,36.92,0.28,36.93,0.27,0.35,36.91,0.28,0.39,36.92,0.28,0.40,,,
50354,6832,7117,1.019,34.60,0.14,34.60,0.14,0.52,34.60,0.14,0.52,34.59,0.14,0.51,,,
50356,2488,2932,1.008,32.44,0.46,,,,,,,,,,32.44,0.46,0.63
50382,7645,7903,1.021,34.62,0.24,34.62,0.23,0.53,34.63,0.24,0.54,34.61,0.24,0.54,,,
50383,1541,1499,1.004,32.64,0.46,32.64,0.44,0.56,32.64,0.46,0.58,32.63,0.46,0.57,,,
50398,7035,7325,1.019,35.23,0.20,35.24,0.19,0.35,35.24,0.20,0.39,35.23,0.20,0.40,,,
50404,3817,4266,1.011,33.79,0.25,,,,,,,,,,33.79,0.25,0.61
50420,3938,4384,1.012,33.24,0.32,,,,,,,,,,33.24,0.32,0.49
50450,7924,8188,1.022,35.29,0.13,35.30,0.13,0.39,35.30,0.13,0.40,35.29,0.13,0.40,,,
50455,5896,6200,1.016,34.48,0.21,34.46,0.21,0.36,34.49,0.21,0.39,34.50,0.22,0.40,,,
50462,5195,5522,1.015,33.95,0.16,33.96,0.15,0.53,33.95,0.16,0.54,33.94,0.16,0.53,,,
50463,5785,6059,1.016,34.00,0.25,34.02,0.24,0.56,34.00,0.25,0.58,33.98,0.25,0.58,,,
50464,5706,5981,1.016,34.26,0.32,34.26,0.31,0.37,34.27,0.32,0.39,34.26,0.32,0.40,,,
50474,4588,5029,1.013,34.06,0.16,,,,,,,,,,34.06,0.16,0.48
50485,10673,10797,1.028,35.59,0.13,35.59,0.13,0.35,35.59,0.13,0.39,35.59,0.13,0.40,35.86,0.11,0.48
50488,5064,5309,1.014,33.43,0.30,33.44,0.29,0.56,33.43,0.30,0.59,33.43,0.31,0.59,,,
50495,5287,5545,1.015,33.99,0.18,33.99,0.18,0.40,33.99,0.18,0.41,33.99,0.18,0.40,,,
50509,2150,2154,1.006,32.21,0.30,32.21,0.29,0.56,32.21,0.30,0.59,32.21,0.31,0.59,,,
50521,6571,6663,1.018,35.69,0.35,35.67,0.34,0.55,35.69,0.35,0.56,35.71,0.35,0.56,,,
50544,7195,7479,1.020,35.33,0.57,35.35,0.55,0.41,35.35,0.57,0.41,35.30,0.58,0.40,,,
50550,17675,17953,1.047,33.59,1.20,33.62,1.15,0.55,33.59,1.20,0.56,33.57,1.22,0.55,,,
50567,7597,7880,1.021,34.85,0.25,34.86,0.24,0.45,34.86,0.25,0.45,34.84,0.26,0.44,,,
50580,5114,5344,1.014,33.86,0.13,33.85,0.12,0.35,33.86,0.13,0.39,33.86,0.13,0.40,,,
50581,1981,1943,1.005,32.42,0.21,32.43,0.20,0.56,32.42,0.21,0.58,32.42,0.21,0.58,32.20,0.22,0.65
50582,8016,8039,1.021,35.23,0.26,35.21,0.25,0.44,35.24,0.26,0.44,35.25,0.26,0.44,,,
50590,5858,6167,1.016,34.18,0.19,34.19,0.19,0.56,34.18,0.19,0.59,34.16,0.20,0.58,,,
50596,5135,5378,1.014,34.02,0.13,34.03,0.13,0.45,34.02,0.13,0.46,34.00,0.13,0.45,,,
50597,2385,2629,1.007,33.66,0.21,33.67,0.20,0.56,33.66,0.21,0.59,33.65,0.21,0.59,,,
50599,2334,2578,1.007,33.93,0.28,33.93,0.27,0.52,33.94,0.28,0.52,33.93,0.28,0.51,,,
50609,7780,8029,1.021,35.26,0.20,35.26,0.19,0.51,35.26,0.20,0.51,35.27,0.20,0.50,,,
50611,3243,3165,1.008,33.32,0.23,33.31,0.22,0.55,33.32,0.23,0.57,33.32,0.23,0.56,,,
50613,2279,2500,1.007,32.90,0.12,32.89,0.12,0.36,32.90,0.12,0.39,32.90,0.12,0.40,,,
50618,2859,3296,1.009,32.45,0.27,,,,,,,,,,32.45,0.27,0.61
50621,7832,8082,1.021,34.90,0.17,34.89,0.17,0.35,34.90,0.17,0.39,34.91,0.17,0.40,,,
50627,5733,5806,1.015,34.28,0.16,34.27,0.16,0.35,34.28,0.16,0.39,34.28,0.16,0.40,,,
50630,5835,6138,1.016,34.46,0.19,34.46,0.18,0.35,34.46,0.19,0.39,34.47,0.19,0.40,,,
50635,9372,9551,1.025,34.48,0.20,34.46,0.20,0.37,34.48,0.20,0.39,34.50,0.21,0.40,,,
50648,7208,7481,1.020,34.80,0.20,34.80,0.19,0.55,34.80,0.20,0.56,34.80,0.20,0.56,,,
50671,8784,9136,1.024,35.15,0.29,35.14,0.28,0.35,35.16,0.29,0.39,35.15,0.30,0.40,,,
50675,6736,7173,1.019,35.16,0.19,,,,,,,,,,35.16,0.19,0.48
50676,1460,1802,1.005,31.49,0.17,31.49,0.17,0.53,31.49,0.17,0.53,31.49,0.17,0.53,31.57,0.17,0.62
50696,8499,8705,1.023,35.01,0.21,35.00,0.21,0.35,35.01,0.21,0.39,35.01,0.22,0.40,,,
50697,9752,10029,1.026,36.41,0.29,36.40,0.28,0.35,36.40,0.29,0.39,36.42,0.29,0.40,,,
50713,5263,5506,1.015,34.36,0.16,34.36,0.16,0.56,34.35,0.16,0.57,34.37,0.16,0.57,,,
50717,16402,16626,1.043,36.73,0.23,36.73,0.22,0.35,36.73,0.23,0.39,36.73,0.24,0.40,,,
50720,7557,7895,1.021,35.68,0.19,35.69,0.18,0.35,35.69,0.19,0.39,35.68,0.19,0.40,,,
50722,4423,4568,1.012,34.40,0.16,34.41,0.16,0.56,34.40,0.16,0.58,34.40,0.17,0.58,,,
50728,2014,2003,1.005,32.84,0.24,32.83,0.23,0.43,32.84,0.24,0.43,32.84,0.24,0.42,32.69,0.26,0.56
50752,11344,11611,1.031,36.16,0.18,36.13,0.17,0.37,36.16,0.18,0.39,36.20,0.18,0.40,,,
50764,7044,7323,1.019,35.18,0.24,35.19,0.24,0.35,35.19,0.24,0.39,35.18,0.25,0.40,,,
50771,7328,7613,1.020,31.53,0.22,31.54,0.22,0.56,31.53,0.22,0.60,31.52,0.23,0.59,,,
50779,186,589,1.002,26.91,0.23,,,,,,,,,,26.91,0.23,0.59
50784,5353,5517,1.015,34.70,0.19,34.68,0.19,0.35,34.70,0.19,0.39,34.72,0.19,0.40,34.87,0.20,0.48
50795,7167,7450,1.020,35.33,0.19,35.30,0.18,0.35,35.33,0.19,0.39,35.35,0.19,0.40,,,
50798,2768,3209,1.009,33.01,0.22,,,,,,,,,,33.01,0.22,0.50
50807,1292,1698,1.005,31.43,0.38,31.43,0.37,0.56,31.43,0.38,0.60,31.42,0.39,0.59,,,
50848,4637,4877,1.013,33.85,0.18,33.83,0.17,0.35,33.85,0.18,0.39,33.86,0.18,0.40,,,
50853,3264,3365,1.009,33.19,0.15,33.19,0.15,0.47,33.19,0.15,0.47,33.20,0.15,0.46,33.27,0.14,0.58
50865,7411,7701,1.020,34.69,0.19,34.68,0.19,0.35,34.70,0.19,0.39,34.69,0.19,0.40,34.73,0.20,0.48
50866,4705,4945,1.013,34.30,0.25,34.31,0.24,0.44,34.30,0.25,0.44,34.29,0.25,0.43,,,
50882,4939,5193,1.014,34.39,0.16,34.39,0.15,0.52,34.39,0.16,0.53,34.40,0.16,0.52,,,
50889,4577,4819,1.013,33.88,0.15,33.87,0.15,0.35,33.88,0.15,0.39,33.89,0.15,0.40,33.89,0.15,0.48
50895,1084,1257,1.003,31.44,0.15,31.44,0.15,0.50,31.44,0.15,0.51,31.44,0.15,0.50,31.62,0.14,0.60
50897,4967,5215,1.014,34.32,0.17,34.31,0.17,0.35,34.33,0.17,0.39,34.33,0.17,0.40,34.44,0.17,0.48
50910,4911,4933,1.013,34.22,0.29,34.21,0.28,0.51,34.22,0.29,0.51,34.23,0.29,0.50,34.37,0.32,0.60
50915,5352,5590,1.015,34.35,0.14,34.35,0.14,0.35,34.36,0.14,0.39,34.35,0.14,0.40,,,
50930,7424,7709,1.020,35.45,0.13,35.46,0.13,0.43,35.45,0.13,0.44,35.45,0.14,0.43,,,
50939,4471,4881,1.013,34.25,0.37,,,,,,,,,,34.25,0.37,0.61
50942,2964,3057,1.008,33.08,0.16,33.07,0.16,0.35,33.08,0.16,0.39,33.10,0.16,0.40,,,
50954,6190,6254,1.017,34.89,0.28,34.88,0.27,0.49,34.90,0.28,0.49,34.90,0.29,0.49,,,
50967,3885,4320,1.011,34.05,0.27,,,,,,,,,,34.05,0.27,0.55
50972,8594,8705,1.023,35.54,0.13,35.54,0.13,0.44,35.54,0.13,0.44,35.55,0.13,0.44,,,
50973,3932,4030,1.011,33.19,0.22,33.17,0.21,0.35,33.19,0.22,0.39,33.20,0.22,0.40,33.25,0.23,0.48
50976,10840,11003,1.029,35.75,0.13,35.74,0.13,0.35,35.75,0.13,0.39,35.75,0.13,0.40,,,
50980,5237,5406,1.014,34.34,0.14,34.35,0.14,0.48,34.34,0.14,0.48,34.34,0.15,0.47,,,
50994,11128,11398,1.030,35.68,0.23,35.66,0.22,0.35,35.68,0.23,0.39,35.70,0.23,0.40,,,
50995,11618,11794,1.031,35.66,0.18,35.66,0.18,0.35,35.66,0.18,0.39,35.66,0.18,0.40,,,
51002,4642,4828,1.013,33.82,0.13,33.82,0.13,0.44,33.83,0.13,0.45,33.83,0.13,0.44,33.95,0.11,0.56
51015,1889,2325,1.006,31.54,0.21,,,,,,,,,,31.54,0.21,0.60
51036,3250,3178,1.008,33.30,0.16,33.30,0.15,0.49,33.30,0.16,0.50,33.29,0.16,0.49,,,
51043,7372,7686,1.020,35.15,0.19,35.14,0.19,0.35,35.15,0.19,0.39,35.15,0.19,0.40,,,
51047,8630,8916,1.023,35.16,0.20,35.16,0.20,0.35,35.16,0.20,0.39,35.16,0.21,0.40,,,
51048,7405,7655,1.020,35.08,0.24,35.07,0.24,0.38,35.08,0.24,0.39,35.09,0.25,0.40,,,
51059,4514,4898,1.013,33.95,0.32,,,,,,,,,,33.95,0.32,0.48
51061,2569,2997,1.008,33.01,0.17,,,,,,,,,,33.01,0.17,0.55
51064,2562,2991,1.008,32.41,0.36,,,,,,,,,,32.41,0.36,0.65
51065,9183,9341,1.025,35.79,0.23,35.78,0.22,0.37,35.80,0.23,0.39,35.80,0.23,0.40,,,
51073,4463,4623,1.012,32.57,0.35,32.50,0.34,0.44,32.64,0.36,0.44,,,,,,
51086,3138,3230,1.009,33.36,0.18,33.36,0.17,0.56,33.35,0.18,0.60,33.35,0.18,0.59,,,
51091,4350,4472,1.012,33.63,0.14,33.63,0.14,0.40,33.63,0.14,0.40,33.62,0.14,0.40,,,
51100,10917,11077,1.029,36.23,0.21,36.23,0.20,0.35,36.22,0.21,0.39,36.24,0.21,0.40,,,
51103,4496,4662,1.012,33.12,0.15,33.13,0.15,0.56,33.12,0.15,0.59,33.12,0.16,0.59,,,
51106,974,1408,1.004,30.34,0.26,,,,,,,,,,30.34,0.26,0.59
51113,7714,7955,1.021,34.60,0.13,34.60,0.13,0.42,34.60,0.13,0.43,34.60,0.13,0.42,,,
51128,7355,7614,1.020,34.79,0.16,34.79,0.16,0.50,34.80,0.16,0.50,34.79,0.16,0.49,,,
51130,16742,17004,1.044,35.89,0.23,35.87,0.22,0.35,35.89,0.23,0.39,35.91,0.23,0.40,,,
51143,3552,3982,1.011,33.81,0.27,,,,,,,,,,33.81,0.27,0.59
51144,5397,5566,1.015,33.97,0.17,33.98,0.16,0.56,33.97,0.17,0.59,33.97,0.17,0.58,,,
51155,5212,5381,1.014,34.01,0.14,34.02,0.14,0.35,34.02,0.14,0.39,34.01,0.15,0.40,,,
51163,2927,3008,1.008,34.61,0.38,34.61,0.36,0.55,34.62,0.38,0.56,34.61,0.38,0.56,,,
51166,2373,2688,1.007,32.79,0.66,32.80,0.63,0.56,32.81,0.66,0.60,32.77,0.67,0.59,,,
51171,11690,11860,1.031,36.35,0.37,36.33,0.36,0.41,36.36,0.37,0.42,36.36,0.38,0.41,,,
51173,6932,7275,1.019,35.07,0.21,,,,,,,,,,35.07,0.21,0.48
51207,1259,1528,1.004,30.02,0.18,30.02,0.18,0.56,30.02,0.18,0.60,30.04,0.18,0.59,30.22,0.18,0.66
51222,3670,3760,1.010,33.24,0.29,33.24,0.28,0.56,33.24,0.29,0.59,33.24,0.29,0.59,,,
51230,13154,13424,1.035,35.78,0.25,35.78,0.24,0.44,35.78,0.25,0.44,35.78,0.25,0.43,,,
51232,7718,7973,1.021,35.52,0.13,35.54,0.13,0.47,35.52,0.13,0.47,35.50,0.13,0.46,,,
51250,7726,8142,1.021,34.62,0.18,,,,,,,,,,34.62,0.18,0.48
51253,4678,4864,1.013,33.10,0.13,33.10,0.13,0.40,33.11,0.13,0.41,33.10,0.13,0.40,33.43,0.11,0.54
51254,4497,4655,1.012,33.87,0.13,33.87,0.13,0.49,33.87,0.13,0.49,33.86,0.13,0.48,,,
51264,4575,4749,1.013,33.91,0.15,33.93,0.14,0.53,33.91,0.15,0.53,33.89,0.15,0.53,,,
51265,7053,7472,1.020,35.18,0.28,,,,,,,,,,35.18,0.28,0.55
51266,7954,8186,1.022,35.47,0.15,35.46,0.14,0.35,35.46,0.15,0.39,35.47,0.15,0.40,,,
51286,1437,1736,1.005,31.45,0.14,31.46,0.14,0.53,31.45,0.14,0.53,31.44,0.14,0.52,31.40,0.13,0.62
51288,1427,1856,1.005,31.24,0.15,,,,,,,,,,31.24,0.15,0.51
51289,3520,3947,1.010,32.75,0.62,,,,,,,,,,32.75,0.62,0.65
51290,1202,1621,1.004,31.59,0.23,,,,,,,,,,31.59,0.23,0.66
51302,15031,15202,1.040,36.42,0.18,36.43,0.17,0.35,36.41,0.18,0.39,36.41,0.18,0.40,,,
51303,8098,8387,1.022,35.41,0.14,35.41,0.14,0.35,35.41,0.14,0.39,35.41,0.15,0.40,,,
51321,5291,5460,1.014,34.53,0.25,34.54,0.24,0.54,34.54,0.25,0.55,34.52,0.25,0.54,,,
51327,7728,7981,1.021,35.03,0.13,35.03,0.13,0.35,35.03,0.13,0.39,35.03,0.13,0.40,,,
51344,1569,1886,1.005,31.51,0.43,31.51,0.41,0.51,31.52,0.43,0.51,31.51,0.43,0.51,,,
51345,12062,12300,1.032,34.91,0.22,34.91,0.22,0.55,34.91,0.22,0.57,34.91,0.23,0.56,,,
51349,3803,4226,1.011,33.83,0.21,,,,,,,,,,33.83,0.21,0.48
51396,778,817,1.002,31.13,0.33,31.12,0.31,0.56,31.13,0.33,0.60,31.13,0.33,0.59,31.04,0.36,0.66
51400,1332,1636,1.004,32.06,0.23,32.06,0.22,0.53,32.06,0.23,0.53,32.07,0.23,0.52,32.02,0.24,0.62
51401,2201,2432,1.006,30.78,0.33,30.77,0.31,0.56,30.77,0.33,0.60,30.79,0.33,0.59,,,
51404,2632,2972,1.008,33.44,0.31,,,,,,,,,,33.44,0.31,0.63
51406,6401,6772,1.018,34.60,0.26,,,,,,,,,,34.60,0.26,0.48
51416,7708,8009,1.021,35.13,0.17,35.12,0.16,0.52,35.13,0.17,0.52,35.13,0.17,0.51,,,
51418,8943,9204,1.024,36.11,0.25,36.08,0.24,0.36,36.12,0.25,0.39,36.14,0.26,0.40,,,
51419,3633,3728,1.010,34.07,0.21,34.07,0.21,0.41,34.07,0.21,0.41,34.06,0.22,0.40,,,
51423,7211,7487,1.020,34.61,0.13,34.62,0.13,0.35,34.62,0.13,0.39,34.61,0.13,0.40,,,
51425,6356,6301,1.017,34.67,0.37,34.66,0.36,0.56,34.67,0.37,0.57,34.67,0.38,0.57,,,
51426,8585,8675,1.023,35.87,0.25,35.87,0.24,0.41,35.87,0.25,0.41,35.86,0.26,0.40,,,
51428,4165,4578,1.012,33.61,0.27,,,,,,,,,,33.61,0.27,0.48
51438,11529,11677,1.031,36.07,0.20,36.09,0.20,0.35,36.08,0.20,0.39,36.06,0.21,0.40,,,
51444,10120,10260,1.027,36.32,0.28,36.31,0.27,0.35,36.33,0.28,0.39,36.33,0.29,0.40,,,
51445,2569,2951,1.008,32.30,0.27,,,,,,,,,,32.30,0.27,0.53
51448,8513,8590,1.023,34.66,0.16,34.66,0.16,0.35,34.66,0.16,0.39,34.67,0.16,0.40,34.61,0.16,0.48
51449,1231,1497,1.004,32.07,0.23,32.07,0.23,0.56,32.06,0.23,0.60,32.07,0.24,0.59,,,
51450,5095,5256,1.014,33.80,0.14,33.80,0.14,0.35,33.80,0.14,0.39,33.80,0.14,0.40,33.59,0.13,0.48
51464,8664,8750,1.023,35.16,0.21,35.15,0.20,0.35,35.17,0.21,0.39,35.18,0.21,0.40,,,
51471,2668,2994,1.008,33.20,0.20,33.19,0.20,0.35,33.21,0.20,0.39,33.21,0.21,0.40,32.90,0.21,0.51
51474,13690,13906,1.036,35.57,0.24,35.56,0.24,0.47,35.57,0.24,0.47,35.57,0.25,0.47,,,
51477,3445,3529,1.009,33.73,0.17,33.74,0.16,0.56,33.73,0.17,0.57,33.73,0.17,0.57,,,
51481,11387,11525,1.030,36.26,0.29,36.26,0.28,0.35,36.27,0.29,0.39,36.26,0.30,0.40,,,
51483,4491,4648,1.012,34.18,0.14,34.18,0.14,0.47,34.18,0.14,0.47,34.17,0.14,0.46,,,
51486,11006,11144,1.029,36.14,0.38,36.13,0.36,0.35,36.15,0.38,0.39,36.14,0.38,0.40,,,
51498,5571,5802,1.015,34.41,0.15,34.40,0.15,0.35,34.41,0.15,0.39,34.41,0.15,0.40,,,
51503,1548,1601,1.004,31.23,0.19,31.23,0.18,0.56,31.23,0.19,0.59,31.24,0.19,0.59,31.35,0.19,0.65
51509,2063,1992,1.005,32.25,0.51,32.25,0.49,0.56,32.26,0.51,0.60,32.23,0.52,0.59,,,
51511,3418,3512,1.009,33.10,0.17,33.11,0.17,0.56,33.09,0.17,0.59,33.09,0.17,0.58,,,
51520,5045,5199,1.014,34.05,0.25,34.05,0.24,0.56,34.04,0.25,0.57,34.05,0.25,0.57,,,
51523,1611,1945,1.005,31.26,0.45,,,,,,,,,,31.26,0.45,0.66
51526,5831,6230,1.016,34.26,0.28,,,,,,,,,,34.26,0.28,0.60
51537,8351,8630,1.023,35.15,0.21,35.14,0.20,0.35,35.15,0.21,0.39,35.15,0.21,0.40,,,
51541,4014,3999,1.011,34.09,0.24,34.08,0.23,0.35,34.10,0.24,0.39,34.10,0.24,0.40,,,
51549,9130,9277,1.024,35.53,0.17,35.54,0.17,0.35,35.53,0.17,0.39,35.53,0.17,0.40,35.63,0.17,0.48
51557,7658,7932,1.021,34.79,0.14,34.79,0.14,0.37,34.79,0.14,0.39,34.80,0.15,0.40,,,
51568,2076,2038,1.005,31.18,0.73,31.20,0.70,0.56,31.21,0.73,0.60,31.14,0.75,0.59,,,
51569,7544,7787,1.021,34.93,0.43,34.93,0.41,0.53,34.93,0.43,0.53,34.91,0.43,0.52,,,
51573,7029,7352,1.019,35.03,0.35,35.03,0.34,0.44,35.04,0.35,0.45,35.03,0.36,0.44,,,
51587,1340,1598,1.004,31.10,0.18,31.10,0.17,0.56,31.09,0.18,0.60,31.11,0.18,0.59,31.37,0.18,0.66
51589,4023,4131,1.011,33.47,0.13,33.46,0.13,0.47,33.47,0.13,0.47,33.48,0.13,0.47,,,
51591,9122,9263,1.024,35.67,0.19,35.67,0.18,0.35,35.67,0.19,0.39,35.67,0.19,0.40,,,
51595,4080,4049,1.011,34.27,0.24,34.27,0.23,0.54,34.27,0.24,0.55,34.28,0.24,0.55,,,
51600,4180,4292,1.011,34.01,0.24,34.00,0.23,0.49,34.01,0.24,0.50,34.01,0.25,0.49,,,
51601,8556,8632,1.023,35.50,0.13,35.48,0.13,0.35,35.50,0.13,0.39,35.53,0.13,0.40,,,
51603,7085,7401,1.020,33.88,0.33,33.87,0.32,0.36,33.89,0.33,0.39,33.88,0.34,0.40,,,
51613,2006,2309,1.006,32.42,0.24,,,,,,,,,,32.42,0.24,0.55
51620,2452,2453,1.007,32.82,0.27,32.81,0.27,0.37,32.82,0.27,0.39,32.81,0.28,0.40,,,
51621,4423,4541,1.012,33.70,0.28,33.71,0.27,0.56,33.70,0.28,0.57,33.69,0.28,0.57,,,
51626,7474,7889,1.021,34.00,0.34,,,,,,,,,,34.00,0.34,0.51
51633,7696,7956,1.021,35.02,0.14,35.01,0.14,0.42,35.02,0.14,0.42,35.02,0.14,0.41,,,
51635,2769,2805,1.007,32.46,0.17,32.46,0.17,0.53,32.46,0.17,0.53,32.46,0.18,0.53,,,
51638,7305,7577,1.020,34.88,0.15,34.87,0.15,0.49,34.88,0.15,0.49,34.88,0.15,0.49,,,
51657,8483,8720,1.023,35.47,0.22,35.48,0.21,0.35,35.48,0.22,0.39,35.47,0.22,0.40,,,
51665,4176,4266,1.011,33.95,0.17,33.96,0.17,0.56,33.94,0.17,0.60,33.96,0.17,0.59,,,
51670,4475,4613,1.012,34.52,0.20,34.53,0.19,0.53,34.52,0.20,0.53,34.52,0.20,0.53,,,
51683,7527,7802,1.021,35.13,0.24,35.11,0.23,0.35,35.13,0.24,0.39,35.14,0.24,0.40,,,
51685,1287,1512,1.004,32.18,0.23,32.18,0.23,0.53,32.18,0.23,0.53,32.18,0.24,0.53,31.98,0.25,0.62
51706,4367,4501,1.012,34.28,0.14,34.30,0.14,0.35,34.27,0.14,0.39,34.27,0.14,0.40,34.33,0.13,0.48
51710,3902,4013,1.011,33.61,0.26,33.62,0.25,0.56,33.61,0.26,0.58,33.61,0.26,0.58,,,
51713,2995,3047,1.008,33.10,0.33,33.09,0.32,0.46,33.10,0.33,0.47,33.09,0.33,0.46,,,
51717,8069,8314,1.022,34.42,0.37,34.44,0.36,0.52,34.43,0.37,0.52,34.41,0.38,0.52,,,
51719,1491,1790,1.005,32.77,0.16,32.79,0.16,0.56,32.77,0.16,0.60,32.77,0.16,0.59,,,
51725,4268,4391,1.012,33.68,0.23,33.70,0.22,0.47,33.68,0.23,0.47,33.66,0.23,0.46,,,
51730,3646,3759,1.010,33.53,0.22,33.53,0.21,0.45,33.53,0.22,0.45,33.52,0.22,0.44,,,
51732,7602,7841,1.021,35.48,0.21,35.50,0.21,0.35,35.47,0.21,0.39,35.47,0.22,0.40,,,
51739,8014,8290,1.022,36.05,0.24,36.05,0.23,0.35,36.06,0.24,0.39,36.05,0.24,0.40,,,
51741,1811,2096,1.006,31.61,0.17,31.62,0.17,0.56,31.60,0.17,0.60,31.60,0.17,0.59,,,
51745,4357,4451,1.012,34.07,0.14,34.07,0.14,0.55,34.06,0.14,0.56,34.06,0.14,0.56,,,
51747,3608,3710,1.010,33.08,0.30,33.08,0.29,0.56,33.08,0.30,0.59,33.07,0.30,0.59,,,
51750,8073,8308,1.022,34.16,0.22,34.16,0.21,0.56,34.16,0.22,0.57,34.15,0.22,0.57,,,
51752,7949,8238,1.022,35.60,0.31,35.59,0.30,0.35,35.60,0.31,0.39,35.61,0.31,0.40,,,
51758,4411,4535,1.012,34.04,0.20,34.04,0.19,0.35,34.04,0.20,0.39,34.04,0.20,0.40,34.21,0.21,0.48
51767,2338,2108,1.006,31.49,0.36,,,,,,,,,,31.49,0.36,0.65
51768,7604,7994,1.021,34.73,0.22,,,,,,,,,,34.73,0.22,0.48
51776,2924,3336,1.009,32.84,0.43,,,,,,,,,,32.84,0.43,0.66
51777,6727,6779,1.018,35.01,0.27,34.99,0.26,0.46,35.00,0.27,0.46,35.02,0.27,0.46,,,
51780,1483,1783,1.005,32.47,0.18,32.47,0.18,0.56,32.46,0.18,0.58,32.48,0.18,0.57,32.55,0.18,0.64
51782,2319,2598,1.007,33.27,0.18,33.27,0.18,0.56,33.26,0.18,0.60,33.28,0.19,0.59,,,
51784,10159,10400,1.027,35.43,0.18,35.42,0.17,0.35,35.43,0.18,0.39,35.43,0.18,0.40,,,
51790,7402,7636,1.020,35.60,0.18,35.61,0.18,0.35,35.60,0.18,0.39,35.59,0.18,0.40,,,
51793,5262,5484,1.015,34.22,0.15,34.23,0.14,0.54,34.24,0.15,0.54,34.19,0.15,0.54,,,
51808,1670,1950,1.005,32.83,0.15,32.85,0.15,0.56,32.83,0.15,0.57,32.81,0.15,0.57,,,
51809,1802,2084,1.006,31.05,0.19,31.06,0.18,0.56,31.05,0.19,0.60,31.05,0.19,0.59,30.81,0.19,0.66
51820,2645,3058,1.008,32.76,0.35,,,,,,,,,,32.76,0.35,0.54
51831,3252,3327,1.009,33.46,0.25,33.45,0.24,0.35,33.47,0.25,0.39,33.47,0.25,0.40,,,
51846,1336,1595,1.004,31.13,0.22,31.13,0.22,0.55,31.13,0.22,0.56,31.13,0.23,0.56,30.97,0.24,0.64
51850,3973,4091,1.011,33.63,0.14,33.63,0.14,0.36,33.63,0.14,0.39,33.63,0.14,0.40,,,
51851,4222,4620,1.012,32.94,0.37,,,,,,,,,,32.94,0.37,0.62
51854,12162,12377,1.032,36.15,0.22,36.13,0.21,0.35,36.16,0.22,0.39,36.17,0.22,0.40,,,
51865,7492,7757,1.020,34.65,0.23,34.62,0.22,0.35,34.65,0.23,0.39,34.67,0.23,0.40,,,
51875,4546,4690,1.012,33.56,0.13,33.56,0.13,0.36,33.56,0.13,0.39,33.56,0.13,0.40,33.68,0.11,0.52
51878,8214,8483,1.022,35.03,0.14,35.02,0.14,0.35,35.03,0.14,0.39,35.03,0.14,0.40,,,
51883,8052,8305,1.022,34.84,0.19,34.85,0.18,0.35,34.84,0.19,0.39,34.84,0.19,0.40,,,
51890,6402,6802,1.018,34.58,0.17,,,,,,,,,,34.58,0.17,0.48
51900,7016,7401,1.020,35.13,0.30,35.12,0.29,0.35,35.14,0.30,0.39,35.14,0.31,0.40,35.04,0.33,0.50
51901,2230,2198,1.006,32.72,0.20,32.71,0.20,0.50,32.72,0.20,0.51,32.73,0.21,0.50,32.77,0.21,0.60
51909,2308,2571,1.007,33.36,0.17,33.36,0.16,0.56,33.36,0.17,0.58,33.37,0.17,0.57,33.64,0.16,0.65
51912,2170,2416,1.006,33.40,0.16,33.41,0.16,0.56,33.39,0.16,0.58,33.39,0.17,0.58,33.43,0.16,0.65
51921,2325,2586,1.007,33.08,0.15,33.09,0.14,0.50,33.08,0.15,0.50,33.08,0.15,0.50,32.97,0.14,0.60
51932,2086,1996,1.005,32.37,0.21,32.36,0.20,0.35,32.37,0.21,0.39,32.38,0.21,0.40,32.30,0.22,0.48
51939,9154,9273,1.024,35.80,0.23,35.80,0.22,0.35,35.80,0.23,0.39,35.80,0.24,0.40,,,
51948,3695,4092,1.011,33.23,0.18,,,,,,,,,,33.23,0.18,0.53
51953,2214,2465,1.007,31.08,0.32,31.08,0.31,0.55,31.08,0.32,0.56,31.07,0.32,0.56,30.69,0.35,0.64
51955,2529,2496,1.007,32.94,0.14,32.93,0.14,0.35,32.94,0.14,0.39,32.95,0.14,0.40,33.09,0.13,0.48
51958,6970,7233,1.019,34.47,0.25,34.46,0.24,0.56,34.46,0.25,0.57,34.48,0.26,0.57,,,
51972,4069,4481,1.012,34.15,0.23,,,,,,,,,,34.15,0.23,0.51
51973,1355,1594,1.004,31.30,0.25,31.29,0.24,0.53,31.30,0.25,0.53,31.30,0.26,0.52,31.26,0.27,0.62
51978,2257,2227,1.006,32.36,0.18,32.34,0.18,0.35,32.36,0.18,0.39,32.37,0.18,0.40,32.27,0.18,0.48
51982,4056,4407,1.012,33.58,0.31,,,,,,,,,,33.58,0.31,0.61
51997,5238,5453,1.014,34.52,0.14,34.52,0.14,0.53,34.51,0.14,0.54,34.52,0.14,0.53,,,
52005,5426,5451,1.014,34.34,0.21,34.34,0.20,0.35,34.34,0.21,0.39,34.34,0.21,0.40,,,
52006,4092,4390,1.012,34.02,0.26,34.01,0.25,0.56,34.02,0.26,0.57,34.02,0.26,0.57,,,
52012,4843,4977,1.013,34.27,0.17,34.26,0.17,0.52,34.27,0.17,0.53,34.28,0.18,0.52,,,
52016,2132,2387,1.006,32.75,0.21,32.75,0.20,0.56,32.75,0.21,0.59,32.75,0.21,0.58,32.40,0.22,0.65
52030,3180,3187,1.008,33.68,0.43,33.68,0.42,0.56,33.69,0.43,0.60,33.68,0.44,0.59,,,
52033,4426,4781,1.013,34.65,0.22,,,,,,,,,,34.65,0.22,0.48
52044,9484,9602,1.025,35.85,0.19,35.84,0.19,0.35,35.85,0.19,0.39,35.86,0.19,0.40,,,
52057,2510,2853,1.008,32.91,0.24,,,,,,,,,,32.91,0.24,0.48
52069,9292,9526,1.025,35.46,0.17,35.45,0.17,0.35,35.45,0.17,0.39,35.47,0.18,0.40,,,
52090,3611,4003,1.011,33.50,0.23,,,,,,,,,,33.50,0.23,0.53
52093,5573,5748,1.015,34.64,0.20,34.64,0.19,0.50,34.64,0.20,0.50,34.64,0.20,0.49,,,
52103,6664,7050,1.019,35.26,0.21,,,,,,,,,,35.26,0.21,0.59
52104,10294,10528,1.028,36.06,0.27,36.06,0.26,0.36,36.06,0.27,0.39,36.06,0.27,0.40,,,
52107,2424,2396,1.006,32.74,0.32,32.74,0.31,0.55,32.74,0.32,0.56,32.74,0.33,0.55,,,
52109,9876,10121,1.027,35.81,0.26,35.80,0.25,0.35,35.81,0.26,0.39,35.81,0.26,0.40,,,
52121,6680,7010,1.019,34.90,0.20,,,,,,,,,,34.90,0.20,0.48
52139,8120,8356,1.022,35.09,0.33,35.09,0.32,0.43,35.10,0.33,0.43,35.09,0.33,0.42,,,
52151,6138,6291,1.017,33.96,0.35,33.97,0.34,0.53,33.96,0.35,0.54,33.94,0.35,0.53,,,
52153,8946,9101,1.024,35.46,0.14,35.46,0.14,0.55,35.46,0.14,0.56,35.46,0.14,0.55,,,
52159,1830,2045,1.005,32.69,0.14,32.69,0.14,0.54,32.69,0.14,0.54,32.69,0.15,0.54,32.81,0.13,0.62
52167,1803,2017,1.005,32.21,0.16,32.21,0.16,0.56,32.20,0.16,0.59,32.21,0.16,0.59,32.23,0.15,0.65
52190,5678,5836,1.015,34.45,0.15,34.46,0.15,0.35,34.45,0.15,0.39,34.45,0.15,0.40,34.55,0.15,0.48
52193,1978,2091,1.006,32.43,0.20,32.43,0.19,0.56,32.43,0.20,0.60,32.44,0.20,0.59,,,
52212,1789,2010,1.005,33.05,0.28,33.05,0.27,0.56,33.04,0.28,0.60,33.04,0.29,0.59,,,
52217,5434,5457,1.014,34.68,0.21,34.67,0.20,0.35,34.68,0.21,0.39,34.68,0.21,0.40,,,
52218,5474,5635,1.015,34.27,0.14,34.27,0.14,0.46,34.27,0.14,0.47,34.27,0.15,0.46,,,
52235,5594,5612,1.015,34.56,0.38,34.54,0.36,0.35,34.57,0.38,0.39,34.57,0.38,0.40,,,
52239,4410,4545,1.012,34.26,0.13,34.26,0.13,0.45,34.26,0.13,0.45,34.25,0.13,0.44,,,
52247,3441,3445,1.009,33.63,0.16,33.62,0.16,0.44,33.63,0.16,0.45,33.63,0.17,0.44,33.91,0.16,0.56
52248,8405,8642,1.023,35.19,0.15,35.19,0.14,0.39,35.20,0.15,0.40,35.19,0.15,0.40,,,
52251,3786,3827,1.010,33.38,0.22,33.37,0.21,0.36,33.38,0.22,0.39,33.39,0.22,0.40,,,
52258,5857,6035,1.016,34.05,0.13,34.04,0.13,0.43,34.05,0.13,0.43,34.05,0.13,0.42,34.08,0.11,0.55
52266,2374,2323,1.006,32.71,0.13,32.70,0.13,0.35,32.71,0.13,0.39,32.71,0.13,0.40,33.14,0.12,0.48
52273,1705,1977,1.005,31.50,0.13,31.50,0.13,0.44,31.50,0.13,0.44,31.49,0.13,0.43,31.35,0.12,0.56
52279,5490,5647,1.015,34.84,0.22,34.84,0.21,0.50,34.84,0.22,0.50,34.84,0.22,0.49,,,
52280,7517,7774,1.021,34.33,0.15,34.34,0.15,0.54,34.33,0.15,0.54,34.33,0.16,0.54,,,
52307,2380,2362,1.006,32.80,0.18,32.79,0.17,0.39,32.81,0.18,0.40,32.81,0.18,0.40,32.81,0.18,0.53
52308,8663,8877,1.023,34.94,0.30,34.93,0.29,0.53,34.93,0.30,0.54,34.94,0.31,0.53,,,
52315,2842,2868,1.008,32.45,0.19,32.45,0.19,0.52,32.45,0.19,0.52,32.44,0.19,0.52,32.31,0.20,0.61
52320,9110,9287,1.024,35.84,0.42,35.84,0.40,0.35,35.84,0.42,0.39,35.83,0.43,0.40,,,
52324,2313,2684,1.007,32.11,0.16,,,,,,,,,,32.11,0.16,0.59
52328,7941,7893,1.021,35.12,0.27,35.11,0.26,0.35,35.13,0.27,0.39,35.14,0.28,0.40,35.24,0.30,0.48
52333,9468,9697,1.026,35.37,0.18,35.38,0.18,0.39,35.37,0.18,0.40,35.37,0.18,0.40,,,
52339,5504,5743,1.015,34.40,0.38,34.40,0.37,0.56,34.40,0.38,0.58,34.40,0.39,0.57,,,
52343,3785,3880,1.010,33.73,0.13,33.73,0.13,0.35,33.74,0.13,0.39,33.73,0.13,0.40,33.81,0.12,0.51
52344,2352,2301,1.006,33.17,0.21,33.17,0.20,0.52,33.17,0.21,0.52,33.17,0.21,0.52,33.09,0.22,0.61
52350,10338,10430,1.027,35.41,0.31,35.41,0.30,0.37,35.42,0.31,0.39,35.41,0.32,0.40,,,
52361,14431,14602,1.038,36.70,0.18,36.68,0.18,0.35,36.70,0.18,0.39,36.72,0.18,0.40,,,
52376,9079,9242,1.024,35.20,0.22,35.22,0.21,0.35,35.20,0.22,0.39,35.19,0.22,0.40,,,
52380,9651,9880,1.026,35.72,0.13,35.73,0.13,0.35,35.71,0.13,0.39,35.71,0.13,0.40,,,
52381,2588,2991,1.008,32.73,0.21,,,,,,,,,,32.73,0.21,0.48
52383,4539,4672,1.012,33.52,0.14,33.54,0.14,0.55,33.52,0.14,0.56,33.50,0.14,0.56,,,
52390,4520,4660,1.012,34.32,0.23,34.31,0.22,0.56,34.32,0.23,0.59,34.33,0.23,0.59,,,
52396,2662,2669,1.007,32.81,0.17,32.81,0.16,0.50,32.81,0.17,0.51,32.81,0.17,0.50,32.73,0.16,0.60
52409,2665,2672,1.007,32.78,0.33,32.78,0.32,0.55,32.79,0.33,0.56,32.79,0.33,0.56,32.63,0.36,0.64
52410,2661,3063,1.008,32.35,0.19,,,,,,,,,,32.35,0.19,0.50
52411,3270,3647,1.010,33.30,0.17,,,,,,,,,,33.30,0.17,0.48
52417,9000,9182,1.024,35.06,0.19,35.05,0.19,0.35,35.06,0.19,0.39,35.06,0.19,0.40,,,
52419,13829,13933,1.037,36.47,0.30,36.48,0.29,0.35,36.47,0.30,0.39,36.46,0.31,0.40,,,
52424,1583,1650,1.004,32.49,0.20,32.50,0.20,0.56,32.49,0.20,0.57,32.49,0.20,0.57,,,
52444,9062,9293,1.024,35.77,0.21,35.74,0.20,0.35,35.77,0.21,0.39,35.79,0.21,0.40,,,
52446,4355,4749,1.013,33.31,0.20,,,,,,,,,,33.31,0.20,0.58
52449,9117,9313,1.025,35.97,0.12,35.98,0.12,0.35,35.97,0.12,0.39,35.97,0.12,0.40,,,
52455,1685,1963,1.005,31.94,0.15,31.94,0.15,0.35,31.94,0.15,0.39,31.94,0.15,0.40,31.73,0.15,0.48
52456,1584,1849,1.005,32.21,0.27,32.22,0.26,0.56,32.21,0.27,0.60,32.20,0.27,0.59,,,
52460,1789,2107,1.006,32.82,0.53,,,,,,,,,,32.82,0.53,0.63
52473,4156,4552,1.012,33.69,0.24,,,,,,,,,,33.69,0.24,0.58
52476,3411,3403,1.009,32.81,0.33,32.81,0.32,0.49,32.81,0.33,0.49,32.80,0.34,0.48,,,
52488,4575,4818,1.013,33.66,0.18,33.67,0.18,0.52,33.66,0.18,0.52,33.66,0.18,0.51,,,
52497,4624,5024,1.013,33.12,0.20,,,,,,,,,,33.12,0.20,0.56
52500,1742,2023,1.005,33.03,0.31,33.05,0.30,0.56,33.04,0.31,0.60,33.01,0.32,0.59,,,
52504,8622,8829,1.023,35.36,0.12,35.35,0.12,0.38,35.36,0.12,0.39,35.36,0.12,0.40,,,
52507,1731,2046,1.005,31.56,0.15,,,,,,,,,,31.56,0.15,0.58
52511,8446,8669,1.023,34.74,0.17,34.74,0.17,0.54,34.74,0.17,0.55,34.73,0.17,0.54,,,
52514,4088,4441,1.012,34.45,0.41,,,,,,,,,,34.45,0.41,0.61
52519,9351,9575,1.025,35.56,0.18,35.57,0.18,0.35,35.56,0.18,0.39,35.55,0.18,0.40,,,
52521,2664,3011,1.008,32.61,0.33,,,,,,,,,,32.61,0.33,0.48
52532,8137,8386,1.022,34.84,0.13,34.84,0.13,0.35,34.84,0.13,0.39,34.84,0.13,0.40,,,
52552,3155,3522,1.009,32.34,0.34,,,,,,,,,,32.34,0.34,0.66
52564,1606,1852,1.005,32.17,0.13,32.17,0.13,0.43,32.17,0.13,0.44,32.16,0.13,0.43,32.21,0.11,0.56
52565,12575,12722,1.033,36.33,0.18,36.33,0.18,0.35,36.32,0.18,0.39,36.33,0.19,0.40,,,
52567,9390,9513,1.025,36.36,0.18,36.39,0.17,0.37,36.36,0.18,0.39,36.34,0.18,0.40,,,
52570,5257,5268,1.014,33.92,0.43,33.92,0.42,0.56,33.92,0.43,0.59,33.91,0.44,0.58,,,
52574,1670,1916,1.005,32.73,0.17,32.74,0.16,0.56,32.73,0.17,0.60,32.72,0.17,0.59,,,
52582,9570,9733,1.026,35.08,0.27,35.08,0.26,0.35,35.09,0.27,0.39,35.08,0.28,0.40,,,
52587,3804,3904,1.010,33.13,0.19,33.14,0.18,0.56,33.12,0.19,0.60,33.13,0.19,0.59,,,
52602,10932,11141,1.029,35.19,0.12,35.18,0.12,0.35,35.19,0.12,0.39,35.19,0.12,0.40,,,
52605,5324,5459,1.014,34.66,0.17,34.65,0.16,0.37,34.67,0.17,0.39,34.68,0.17,0.40,,,
52607,3451,3378,1.009,32.88,0.33,32.89,0.32,0.50,32.89,0.33,0.51,32.87,0.34,0.50,,,
52620,7101,7491,1.020,35.52,0.24,,,,,,,,,,35.52,0.24,0.50
52624,8338,8602,1.023,34.74,0.13,34.74,0.13,0.43,34.74,0.13,0.43,34.73,0.14,0.42,,,
52630,9668,9835,1.026,34.65,0.26,34.65,0.25,0.37,34.66,0.26,0.39,34.64,0.26,0.40,,,
52632,9213,9362,1.025,35.42,0.13,35.42,0.13,0.35,35.43,0.13,0.39,35.43,0.13,0.40,,,
52635,5312,5448,1.014,34.73,0.12,34.74,0.12,0.35,34.73,0.12,0.39,34.72,0.13,0.40,,,
52641,1528,1788,1.005,32.51,0.19,32.49,0.19,0.35,32.51,0.19,0.39,32.51,0.19,0.40,32.48,0.20,0.49
52663,5742,5754,1.015,34.33,0.24,34.33,0.23,0.55,34.33,0.24,0.56,34.33,0.24,0.56,,,
52665,1684,1942,1.005,31.85,0.12,31.85,0.12,0.35,31.85,0.12,0.39,31.85,0.12,0.40,,,
52670,8561,8826,1.023,35.52,0.14,35.51,0.14,0.36,35.52,0.14,0.39,35.53,0.14,0.40,,,
52710,6012,6369,1.017,34.62,0.38,,,,,,,,,,34.62,0.38,0.65
52712,8586,8653,1.023,35.49,0.13,35.48,0.13,0.35,35.49,0.13,0.39,35.50,0.13,0.40,,,
52713,4185,4130,1.011,33.71,0.35,33.70,0.33,0.47,33.71,0.35,0.47,33.71,0.35,0.46,33.65,0.38,0.58
52717,2493,2833,1.008,32.70,0.32,,,,,,,,,,32.70,0.32,0.62
52724,9145,9351,1.025,35.46,0.31,35.47,0.30,0.50,35.46,0.31,0.50,35.46,0.31,0.49,,,
52730,2104,2446,1.006,31.59,0.46,,,,,,,,,,31.59,0.46,0.65
52766,9113,9307,1.025,35.01,0.21,35.00,0.21,0.35,35.01,0.21,0.39,35.01,0.22,0.40,,,
52774,4716,5085,1.013,34.29,0.16,,,,,,,,,,34.29,0.16,0.48
52781,9356,9555,1.025,35.38,0.26,35.41,0.25,0.35,35.37,0.26,0.39,35.35,0.26,0.40,,,
52783,6882,6745,1.018,35.00,0.35,35.01,0.33,0.42,35.01,0.35,0.42,34.99,0.35,0.41,,,
52795,4443,4560,1.012,33.44,0.33,33.44,0.31,0.56,33.44,0.33,0.60,33.44,0.33,0.59,,,
52802,1876,2199,1.006,32.92,0.52,,,,,,,,,,32.92,0.52,0.66
52805,4527,4648,1.012,34.34,0.19,34.35,0.19,0.46,34.34,0.19,0.46,34.33,0.19,0.45,,,
52809,2083,2421,1.006,30.79,0.20,,,,,,,,,,30.79,0.20,0.63
52811,2807,3131,1.008,33.17,0.16,,,,,,,,,,33.17,0.16,0.48
52822,8700,8912,1.023,35.33,0.24,35.33,0.24,0.41,35.33,0.24,0.41,35.33,0.25,0.40,,,
52823,5913,6257,1.017,34.67,0.22,,,,,,,,,,34.67,0.22,0.51
52824,2466,2811,1.007,32.66,0.17,,,,,,,,,,32.66,0.17,0.53
52825,2042,2369,1.006,31.94,0.28,,,,,,,,,,31.94,0.28,0.55
52832,8600,8809,1.023,34.77,0.44,34.77,0.42,0.44,34.78,0.44,0.45,34.75,0.45,0.44,,,
52833,6006,6161,1.016,34.42,0.16,34.42,0.16,0.35,34.43,0.16,0.39,34.43,0.16,0.40,34.62,0.15,0.48
52866,6488,6670,1.018,35.07,0.14,35.08,0.14,0.51,35.07,0.14,0.52,35.06,0.14,0.51,,,
52872,8837,9020,1.024,35.21,0.13,35.20,0.13,0.35,35.21,0.13,0.39,35.22,0.13,0.40,,,
52874,2970,3038,1.008,32.74,0.16,32.76,0.15,0.56,32.74,0.16,0.59,32.73,0.16,0.58,,,
52877,8922,8968,1.024,34.80,0.13,34.79,0.13,0.35,34.80,0.13,0.39,34.81,0.13,0.40,35.04,0.11,0.48
52888,12058,12214,1.032,36.22,0.14,36.23,0.13,0.35,36.22,0.14,0.39,36.21,0.14,0.40,,,
52890,8763,8975,1.024,35.44,0.37,35.43,0.35,0.51,35.44,0.37,0.51,35.44,0.37,0.50,,,
52906,6009,6354,1.017,34.54,0.29,,,,,,,,,,34.54,0.29,0.49
52908,5592,5586,1.015,34.04,0.24,34.03,0.23,0.40,34.04,0.24,0.41,34.05,0.24,0.40,,,
52914,6375,6756,1.018,34.94,0.29,,,,,,,,,,34.94,0.29,0.59
52915,11270,11432,1.030,35.56,0.18,35.56,0.17,0.35,35.55,0.18,0.39,35.56,0.18,0.40,,,
52921,9163,9243,1.024,35.38,0.12,35.37,0.12,0.35,35.38,0.12,0.39,35.39,0.12,0.40,35.81,0.10,0.48
52949,5339,5458,1.014,34.37,0.17,34.38,0.16,0.56,34.37,0.17,0.58,34.37,0.17,0.57,,,
52952,2484,2359,1.006,33.43,0.16,33.43,0.16,0.55,33.43,0.16,0.57,33.44,0.16,0.56,,,
52965,11284,11444,1.030,36.17,0.29,36.18,0.28,0.35,36.17,0.29,0.39,36.15,0.30,0.40,,,
52978,11105,11267,1.030,35.18,0.47,35.18,0.45,0.40,35.19,0.47,0.41,35.17,0.47,0.40,,,
52979,12555,12755,1.033,36.07,0.13,36.07,0.13,0.35,36.07,0.13,0.39,36.06,0.13,0.40,,,
52984,11091,11252,1.030,35.79,0.17,35.79,0.17,0.35,35.79,0.17,0.39,35.79,0.18,0.40,,,
52989,6255,6365,1.017,34.15,0.20,34.15,0.19,0.56,34.15,0.20,0.57,34.15,0.20,0.57,,,
52991,2828,3162,1.008,32.33,0.27,,,,,,,,,,32.33,0.27,0.62
53025,9100,9289,1.024,36.22,0.16,36.22,0.16,0.44,36.22,0.16,0.45,36.22,0.17,0.44,,,
53028,13520,13677,1.036,36.00,0.23,35.99,0.22,0.35,36.00,0.23,0.39,36.01,0.23,0.40,,,
53035,3134,3474,1.009,32.64,0.40,,,,,,,,,,32.64,0.40,0.62
53043,2329,2211,1.006,32.98,0.16,32.96,0.16,0.35,32.98,0.16,0.39,32.99,0.16,0.40,33.02,0.15,0.48
53056,8686,8907,1.023,35.15,0.22,35.15,0.22,0.40,35.16,0.22,0.41,35.16,0.23,0.40,,,
53063,10013,10252,1.027,35.45,0.19,35.45,0.19,0.37,35.46,0.19,0.39,35.46,0.20,0.40,,,
53067,5024,5027,1.013,34.38,0.23,34.38,0.22,0.35,34.38,0.23,0.39,34.38,0.23,0.40,,,
53075,4556,4844,1.013,34.18,0.25,34.16,0.24,0.35,34.18,0.25,0.39,34.18,0.25,0.40,34.21,0.27,0.48
53081,9213,9448,1.025,35.68,0.20,35.68,0.19,0.35,35.68,0.20,0.39,35.67,0.20,0.40,,,
53093,2497,2799,1.007,33.50,0.27,,,,,,,,,,33.50,0.27,0.51
53118,12839,12994,1.034,36.40,0.38,36.40,0.36,0.45,36.40,0.38,0.45,36.40,0.38,0.44,,,
53128,8310,8545,1.023,35.39,0.14,35.40,0.14,0.35,35.39,0.14,0.39,35.38,0.14,0.40,,,
53135,8407,8624,1.023,35.01,0.25,35.01,0.24,0.40,35.01,0.25,0.41,35.00,0.25,0.40,,,
53143,8716,8930,1.024,34.52,0.20,34.51,0.20,0.52,34.52,0.20,0.52,34.52,0.20,0.52,,,
53176,1548,1781,1.005,32.48,0.27,32.49,0.26,0.53,32.48,0.27,0.53,32.46,0.27,0.53,,,
53183,3857,4191,1.011,33.46,0.20,,,,,,,,,,33.46,0.20,0.60
53212,9071,8880,1.023,35.28,0.28,,,,,,,,,,35.28,0.28,0.53
53216,6938,7210,1.019,34.91,0.17,,,,,,,,,,34.91,0.17,0.48
53217,2506,2430,1.006,32.90,0.35,32.89,0.33,0.46,32.91,0.35,0.46,32.91,0.35,0.45,32.92,0.38,0.57
53226,8270,8257,1.022,34.92,0.23,34.92,0.22,0.35,34.93,0.23,0.39,34.93,0.23,0.40,,,
53243,6371,6535,1.017,33.98,0.15,34.00,0.14,0.54,33.98,0.15,0.55,33.97,0.15,0.54,,,
53247,1657,1887,1.005,31.37,0.12,31.36,0.12,0.35,31.38,0.12,0.39,31.38,0.12,0.40,31.20,0.10,0.48
53252,8912,9091,1.024,35.01,0.13,35.01,0.13,0.35,35.02,0.13,0.39,35.02,0.13,0.40,,,
53282,6876,6951,1.018,34.75,0.30,34.74,0.29,0.54,34.75,0.30,0.55,34.76,0.31,0.54,34.67,0.33,0.63
53291,5394,5503,1.015,34.50,0.19,34.49,0.18,0.35,34.50,0.19,0.39,34.50,0.19,0.40,34.91,0.19,0.48
53301,9644,9740,1.026,35.56,0.20,35.56,0.20,0.35,35.56,0.20,0.39,35.56,0.21,0.40,35.63,0.21,0.48
53303,2900,3223,1.009,33.07,0.25,,,,,,,,,,33.07,0.25,0.56
53314,6163,6306,1.017,34.56,0.18,34.55,0.18,0.40,34.56,0.18,0.40,34.57,0.18,0.40,34.65,0.18,0.54
53317,1828,1890,1.005,33.45,0.26,33.45,0.25,0.56,33.44,0.26,0.60,33.44,0.26,0.59,,,
53318,9874,10020,1.026,35.45,0.22,35.47,0.21,0.37,35.45,0.22,0.39,35.45,0.22,0.40,35.33,0.23,0.52
53320,6111,6255,1.017,34.07,0.19,34.06,0.18,0.38,34.08,0.19,0.39,34.08,0.19,0.40,,,
53332,5727,5703,1.015,34.40,0.18,34.39,0.17,0.35,34.40,0.18,0.39,34.41,0.18,0.40,34.51,0.18,0.48
53335,3597,3543,1.009,34.11,0.34,34.11,0.33,0.54,34.12,0.34,0.55,34.12,0.34,0.54,34.28,0.37,0.63
53336,3399,3728,1.010,33.37,0.34,,,,,,,,,,33.37,0.34,0.56
53376,4916,5016,1.013,34.69,0.13,34.69,0.13,0.35,34.70,0.13,0.39,34.69,0.13,0.40,34.61,0.11,0.50
53412,6719,7060,1.019,34.50,0.35,,,,,,,,,,34.50,0.35,0.54
53417,1800,2117,1.006,32.04,0.28,,,,,,,,,,32.04,0.28,0.61
53425,9135,9189,1.024,35.24,0.37,35.24,0.36,0.49,35.25,0.37,0.49,35.23,0.38,0.48,35.27,0.42,0.59
53436,4730,4859,1.013,33.82,0.19,33.82,0.19,0.48,33.82,0.19,0.48,33.82,0.20,0.47,,,
53439,6293,6437,1.017,34.00,0.16,34.00,0.16,0.55,33.99,0.16,0.56,33.99,0.17,0.55,33.90,0.16,0.63
53460,16206,16380,1.043,37.14,0.14,37.11,0.14,0.35,37.12,0.14,0.39,37.17,0.14,0.40,,,
53462,8722,8913,1.023,35.01,0.23,35.01,0.22,0.35,35.02,0.23,0.39,35.02,0.23,0.40,35.08,0.25,0.48
53463,1884,1947,1.005,32.35,0.24,32.35,0.23,0.55,32.35,0.24,0.55,32.34,0.24,0.55,,,
53469,669,468,1.001,30.53,0.33,,,,,,,,,,30.53,0.33,0.65
53470,6443,6647,1.018,34.48,0.13,34.48,0.13,0.35,34.48,0.13,0.39,34.48,0.13,0.40,,,
53490,6428,6649,1.018,34.39,0.14,34.39,0.14,0.50,34.39,0.14,0.50,34.38,0.14,0.49,,,
53497,7155,7523,1.020,35.05,0.17,,,,,,,,,,35.05,0.17,0.48
53499,1882,2126,1.006,31.60,0.15,31.59,0.15,0.35,31.60,0.15,0.39,31.61,0.15,0.40,31.56,0.14,0.48
53510,2644,2628,1.007,32.65,0.33,32.66,0.32,0.56,32.65,0.33,0.60,32.65,0.34,0.59,32.75,0.37,0.66
53528,12881,13004,1.034,35.97,0.30,35.97,0.29,0.35,35.97,0.30,0.39,35.97,0.31,0.40,35.91,0.33,0.48
53546,4042,4364,1.012,34.55,0.32,,,,,,,,,,34.55,0.32,0.58
53558,9891,9978,1.026,35.59,0.22,35.60,0.21,0.35,35.59,0.22,0.39,35.59,0.22,0.40,35.44,0.23,0.48
53560,9167,9232,1.024,35.91,0.18,35.91,0.18,0.36,35.91,0.18,0.39,35.90,0.19,0.40,35.80,0.19,0.52
53562,3148,3465,1.009,33.65,0.30,,,,,,,,,,33.65,0.30,0.62
53563,9711,9787,1.026,35.50,0.19,35.49,0.19,0.48,35.50,0.19,0.49,35.51,0.20,0.48,35.78,0.20,0.59
53578,1332,1557,1.004,31.85,0.21,31.84,0.20,0.35,31.85,0.21,0.39,31.85,0.21,0.40,31.80,0.22,0.49
53582,4815,4765,1.013,34.79,0.54,34.79,0.52,0.56,34.81,0.54,0.58,34.78,0.55,0.57,35.06,0.61,0.65
53585,10406,10562,1.028,35.89,0.13,35.89,0.13,0.35,35.89,0.13,0.39,35.89,0.13,0.40,36.10,0.11,0.48
53594,7428,7790,1.021,34.96,0.35,,,,,,,,,,34.96,0.35,0.50
53600,2888,3195,1.008,31.85,0.29,,,,,,,,,,31.85,0.29,0.65
53622,2696,2634,1.007,33.42,0.31,33.41,0.30,0.56,33.41,0.31,0.57,33.42,0.32,0.57,33.63,0.34,0.64
53628,2799,3158,1.008,33.62,0.46,,,,,,,,,,33.62,0.46,0.66
53634,2832,3132,1.008,32.84,0.32,,,,,,,,,,32.84,0.32,0.64
53645,9597,9428,1.025,35.93,0.34,,,,,,,,,,35.93,0.34,0.48
53651,4058,4240,1.011,33.91,0.14,33.92,0.14,0.52,33.91,0.14,0.53,33.90,0.14,0.52,33.84,0.13,0.61
53656,9002,9185,1.024,34.61,0.25,34.61,0.24,0.54,34.61,0.25,0.55,34.60,0.25,0.54,,,
53657,2720,2656,1.007,32.98,0.15,32.98,0.14,0.45,32.98,0.15,0.46,32.98,0.15,0.45,32.63,0.14,0.57
53674,8603,8542,1.023,35.48,0.40,35.48,0.38,0.35,35.49,0.40,0.39,35.47,0.40,0.40,35.46,0.44,0.48
53675,10588,10793,1.028,35.89,0.14,35.87,0.14,0.35,35.90,0.14,0.39,35.90,0.14,0.40,,,
53680,5919,6280,1.017,34.42,0.32,,,,,,,,,,34.42,0.32,0.59
53694,5022,4999,1.013,34.09,0.41,34.09,0.39,0.56,34.09,0.41,0.59,34.09,0.42,0.59,33.97,0.46,0.65
53697,2993,3300,1.009,32.76,0.27,,,,,,,,,,32.76,0.27,0.65
53698,13970,14139,1.037,36.31,0.17,36.30,0.16,0.35,36.31,0.17,0.39,36.32,0.17,0.40,36.30,0.16,0.48
53708,4997,5114,1.014,34.52,0.26,34.52,0.25,0.56,34.52,0.26,0.58,34.53,0.26,0.58,,,
53711,3172,3479,1.009,32.22,0.45,,,,,,,,,,32.22,0.45,0.64
53713,6485,6619,1.017,34.99,0.20,34.98,0.20,0.46,34.99,0.20,0.46,34.98,0.21,0.46,,,
53728,12051,12156,1.032,35.85,0.13,35.83,0.13,0.35,35.86,0.13,0.39,35.87,0.14,0.40,35.73,0.12,0.48
53730,11921,12026,1.032,35.49,0.27,35.48,0.26,0.46,35.49,0.27,0.47,35.49,0.28,0.46,35.38,0.30,0.58
53737,2976,3041,1.008,33.45,0.22,33.46,0.21,0.56,33.45,0.22,0.59,33.44,0.22,0.59,,,
53746,11616,11713,1.031,35.79,0.16,35.80,0.16,0.35,35.78,0.16,0.39,35.80,0.16,0.40,36.00,0.16,0.48
53747,16856,16916,1.044,37.21,0.18,37.20,0.18,0.35,37.21,0.18,0.39,37.23,0.19,0.40,37.30,0.19,0.48
53752,9445,9521,1.025,35.69,0.17,35.69,0.17,0.35,35.69,0.17,0.39,35.70,0.17,0.40,35.84,0.17,0.48
53764,2362,2638,1.007,33.10,0.40,33.09,0.38,0.56,33.10,0.40,0.58,33.10,0.40,0.58,33.13,0.44,0.65
53779,1813,2073,1.006,31.67,0.61,,,,,,,,,,31.67,0.61,0.65
53796,2841,3132,1.008,33.09,0.20,,,,,,,,,,33.09,0.20,0.63
53800,9781,9906,1.026,36.93,0.23,36.95,0.22,0.35,36.92,0.23,0.39,36.93,0.23,0.40,36.96,0.24,0.48
53802,1787,2016,1.005,32.64,0.26,32.65,0.25,0.56,32.64,0.26,0.58,32.65,0.26,0.58,32.53,0.28,0.65
53803,10171,10234,1.027,35.77,0.28,35.77,0.27,0.35,35.77,0.28,0.39,35.76,0.29,0.40,35.93,0.31,0.48
53817,8706,8862,1.023,34.66,0.28,34.64,0.27,0.35,34.66,0.28,0.39,34.66,0.28,0.40,34.57,0.30,0.48
53841,9643,9836,1.026,35.22,0.18,35.21,0.17,0.35,35.22,0.18,0.39,35.22,0.18,0.40,,,
53842,9074,8950,1.024,35.43,0.24,35.43,0.23,0.40,35.44,0.24,0.40,35.43,0.24,0.40,,,
53844,3751,3664,1.010,33.78,0.30,33.78,0.28,0.53,33.78,0.30,0.53,33.77,0.30,0.53,33.74,0.32,0.62
53852,13579,13722,1.036,36.66,0.24,36.68,0.23,0.35,36.65,0.24,0.39,36.64,0.24,0.40,36.80,0.25,0.48
53853,9043,8914,1.023,35.75,0.26,35.74,0.25,0.35,35.76,0.26,0.39,35.76,0.26,0.40,,,
53861,2658,2600,1.007,32.75,0.19,32.77,0.19,0.55,32.75,0.19,0.56,32.74,0.19,0.55,32.37,0.20,0.63
53872,10194,10270,1.027,36.06,0.26,36.07,0.26,0.35,36.06,0.26,0.39,36.05,0.27,0.40,36.15,0.29,0.48
53876,10140,10180,1.027,35.34,0.23,35.33,0.23,0.40,35.35,0.23,0.40,35.35,0.24,0.40,35.35,0.25,0.54
53885,8639,8594,1.023,35.40,0.19,35.39,0.19,0.35,35.40,0.19,0.39,35.41,0.20,0.40,35.48,0.20,0.48
53890,10949,11140,1.029,36.10,0.18,36.09,0.18,0.35,36.09,0.18,0.39,36.11,0.19,0.40,,,
53891,8483,8653,1.023,34.60,0.14,34.64,0.13,0.39,34.58,0.14,0.39,34.56,0.14,0.40,,,
53910,13711,13785,1.036,36.55,0.19,36.55,0.18,0.35,36.55,0.19,0.39,36.57,0.19,0.40,36.54,0.19,0.48
53923,7216,7483,1.020,34.79,0.20,,,,,,,,,,34.79,0.20,0.48
53928,11218,11405,1.030,35.46,0.40,35.45,0.39,0.35,35.47,0.40,0.39,35.46,0.41,0.40,,,
53938,5172,5112,1.014,34.55,0.33,34.55,0.32,0.50,34.55,0.33,0.50,34.55,0.34,0.50,34.48,0.37,0.60
53958,6686,6837,1.018,34.35,0.37,34.34,0.36,0.50,34.36,0.37,0.50,34.36,0.38,0.49,34.38,0.41,0.60
53959,6883,7034,1.019,34.46,0.15,34.45,0.14,0.40,34.46,0.15,0.41,34.46,0.15,0.40,34.53,0.14,0.54
53976,12174,12273,1.032,35.88,0.22,35.88,0.22,0.35,35.89,0.22,0.39,35.89,0.23,0.40,35.90,0.24,0.48
53979,2531,2742,1.007,30.62,0.38,30.62,0.37,0.49,30.63,0.38,0.49,30.61,0.39,0.49,30.41,0.42,0.59
53996,4053,4401,1.012,33.68,0.26,,,,,,,,,,33.68,0.26,0.48
53999,7691,7461,1.020,34.83,0.17,,,,,,,,,,34.83,0.17,0.48
54001,4815,4923,1.013,33.37,0.13,33.36,0.13,0.35,33.37,0.13,0.39,33.37,0.13,0.40,33.39,0.12,0.48
54018,3308,3196,1.008,33.45,0.28,33.43,0.27,0.35,33.46,0.28,0.39,33.46,0.28,0.40,33.52,0.30,0.49
54040,9345,9526,1.025,35.68,0.15,35.70,0.15,0.50,35.67,0.15,0.51,35.67,0.15,0.50,,,
54058,10032,10193,1.027,35.25,0.17,35.25,0.16,0.39,35.25,0.17,0.39,35.25,0.17,0.40,35.23,0.17,0.53
54084,1448,1515,1.004,32.59,0.19,32.59,0.18,0.56,32.58,0.19,0.60,32.59,0.19,0.59,,,
54095,3704,3604,1.010,33.37,0.18,33.36,0.18,0.35,33.38,0.18,0.39,33.39,0.18,0.40,33.32,0.19,0.48
54096,9525,9578,1.025,35.03,0.15,35.04,0.15,0.50,35.03,0.15,0.51,35.02,0.15,0.50,34.92,0.14,0.60
54097,1778,2045,1.005,32.17,0.24,,,,,,,,,,32.17,0.24,0.48
54106,1232,1593,1.004,30.83,0.20,,,,,,,,,,30.83,0.20,0.51
54117,962,834,1.002,31.29,0.26,31.27,0.25,0.47,31.29,0.26,0.47,31.29,0.27,0.46,31.16,0.28,0.58
54122,9532,9694,1.026,35.40,0.19,35.40,0.19,0.35,35.40,0.19,0.39,35.39,0.19,0.40,35.71,0.20,0.48
54134,1719,1921,1.005,32.22,0.17,32.24,0.16,0.56,32.22,0.17,0.58,32.21,0.17,0.58,31.96,0.16,0.65
54154,3609,3490,1.009,33.50,0.17,33.50,0.17,0.43,33.50,0.17,0.43,33.50,0.17,0.42,33.24,0.17,0.56
54158,10274,10433,1.027,35.67,0.19,35.67,0.19,0.44,35.66,0.19,0.44,35.68,0.19,0.43,35.62,0.20,0.56
54171,1532,1734,1.005,32.26,0.19,32.27,0.18,0.56,32.26,0.19,0.60,32.26,0.19,0.59,,,
54179,5028,5104,1.014,34.24,0.21,34.24,0.21,0.53,34.24,0.21,0.54,34.25,0.22,0.53,,,
54216,2611,2944,1.008,32.01,0.13,,,,,,,,,,32.01,0.13,0.54
54234,2676,2530,1.007,32.86,0.14,32.85,0.14,0.35,32.86,0.14,0.39,32.86,0.14,0.40,33.04,0.13,0.48
54250,2789,3128,1.008,32.17,0.18,,,,,,,,,,32.17,0.18,0.48
54262,2007,2206,1.006,31.16,0.18,,,,,,,,,,31.16,0.18,0.66
54267,1031,907,1.002,31.47,0.35,31.47,0.33,0.56,31.47,0.35,0.60,31.47,0.35,0.59,31.27,0.38,0.66
54270,7925,8105,1.021,35.09,0.15,35.08,0.15,0.50,35.09,0.15,0.50,35.09,0.15,0.50,,,
54282,12012,12103,1.032,36.37,0.22,36.38,0.21,0.35,36.36,0.22,0.39,36.37,0.22,0.40,36.51,0.23,0.48
54348,2161,2455,1.007,32.02,0.19,,,,,,,,,,32.02,0.19,0.53
54350,2570,2405,1.006,33.58,0.40,,,,,,,,,,33.58,0.40,0.65
54364,1910,2179,1.006,32.46,0.14,,,,,,,,,,32.46,0.14,0.48
54377,5325,5265,1.014,33.95,0.17,33.93,0.16,0.43,33.95,0.17,0.43,33.97,0.17,0.42,34.15,0.17,0.55
54385,6753,6810,1.018,35.08,0.14,35.08,0.14,0.35,35.08,0.14,0.39,35.09,0.14,0.40,35.16,0.13,0.48
54386,6714,6841,1.018,34.72,0.42,34.72,0.40,0.56,34.73,0.42,0.57,34.73,0.42,0.57,34.68,0.46,0.64
54392,328,679,1.002,27.73,0.20,,,,,,,,,,27.73,0.20,0.66
54393,4767,4855,1.013,34.23,0.21,34.23,0.20,0.36,34.24,0.21,0.39,34.23,0.21,0.40,34.08,0.22,0.52
54400,14526,14675,1.038,36.99,0.18,37.00,0.17,0.35,36.99,0.18,0.39,36.98,0.18,0.40,37.15,0.18,0.48
54401,10891,10968,1.029,35.79,0.34,35.79,0.33,0.35,35.79,0.34,0.39,35.78,0.35,0.40,,,
54407,9477,9333,1.025,35.87,0.26,35.87,0.25,0.35,35.87,0.26,0.39,35.88,0.26,0.40,36.02,0.28,0.48
54409,2298,2598,1.007,33.15,0.50,,,,,,,,,,33.15,0.50,0.66
54417,9712,9762,1.026,35.89,0.21,35.91,0.21,0.35,35.89,0.21,0.39,35.88,0.21,0.40,35.91,0.22,0.48
54424,11253,11448,1.030,36.17,0.12,36.18,0.12,0.35,36.17,0.12,0.39,36.16,0.12,0.40,,,
54428,2738,2692,1.007,32.89,0.17,32.88,0.16,0.35,32.89,0.17,0.39,32.90,0.17,0.40,32.89,0.17,0.48
54431,2613,2566,1.007,33.54,0.18,33.53,0.18,0.35,33.54,0.18,0.39,33.55,0.18,0.40,33.03,0.18,0.48
54440,10153,10212,1.027,35.74,0.25,35.72,0.24,0.37,35.73,0.25,0.39,35.75,0.25,0.40,35.47,0.27,0.52
54458,1569,1761,1.005,33.19,0.30,33.20,0.29,0.56,33.19,0.30,0.60,33.18,0.30,0.59,,,
54465,11483,11581,1.030,35.97,0.12,35.99,0.12,0.35,35.96,0.12,0.39,35.96,0.12,0.40,36.04,0.10,0.48
54470,860,729,1.002,30.70,0.13,30.68,0.13,0.35,30.71,0.13,0.39,30.72,0.13,0.40,30.80,0.11,0.48
54479,11030,11193,1.029,35.96,0.25,35.98,0.24,0.35,35.96,0.25,0.39,35.93,0.25,0.40,,,
54491,3020,3273,1.009,33.55,0.37,,,,,,,,,,33.55,0.37,0.59
54565,6522,6814,1.018,34.40,0.21,,,,,,,,,,34.40,0.21,0.48
54595,6257,6579,1.017,34.86,0.17,,,,,,,,,,34.86,0.17,0.48
54600,10690,10841,1.029,35.43,0.24,35.44,0.23,0.35,35.43,0.24,0.39,35.41,0.24,0.40,35.45,0.25,0.50
54610,8308,8432,1.022,35.09,0.30,35.09,0.29,0.46,35.10,0.30,0.46,35.09,0.30,0.46,,,
54611,7232,7500,1.020,34.82,0.17,,,,,,,,,,34.82,0.17,0.48
54612,9652,9788,1.026,35.36,0.16,35.35,0.16,0.35,35.36,0.16,0.39,35.36,0.16,0.40,35.39,0.15,0.48
54662,5821,6162,1.016,34.62,0.19,,,,,,,,,,34.62,0.19,0.48
54663,10612,10783,1.028,36.25,0.21,36.25,0.20,0.35,36.25,0.21,0.39,36.26,0.21,0.40,,,
54674,6501,6640,1.018,33.34,0.17,33.34,0.16,0.56,33.33,0.17,0.58,33.34,0.17,0.58,,,
54675,6502,6641,1.018,34.79,0.33,34.77,0.31,0.55,34.79,0.33,0.56,34.81,0.33,0.55,35.01,0.36,0.63
54681,9692,9841,1.026,36.60,0.28,36.61,0.27,0.35,36.61,0.28,0.39,36.58,0.29,0.40,36.44,0.31,0.50
54683,2728,2658,1.007,33.44,0.22,33.44,0.22,0.56,33.43,0.22,0.58,33.44,0.23,0.57,,,
54690,5320,5245,1.014,33.79,0.17,33.77,0.17,0.35,33.80,0.17,0.39,33.81,0.17,0.40,33.92,0.17,0.48
54691,3271,3403,1.009,33.31,0.19,33.31,0.18,0.56,33.31,0.19,0.58,33.32,0.19,0.57,33.30,0.19,0.65
54729,6638,6760,1.018,34.57,0.22,34.57,0.21,0.47,34.58,0.22,0.47,34.58,0.22,0.46,,,
54754,2122,2392,1.006,32.68,0.26,,,,,,,,,,32.68,0.26,0.64
54755,4214,4538,1.012,33.55,0.21,,,,,,,,,,33.55,0.21,0.48
54761,1981,2182,1.006,32.74,0.23,32.73,0.22,0.35,32.74,0.23,0.39,32.74,0.23,0.40,32.63,0.24,0.49
54772,10566,10604,1.028,35.51,0.13,35.50,0.13,0.35,35.51,0.13,0.39,35.51,0.13,0.40,,,
54798,6855,7125,1.019,34.74,0.26,,,,,,,,,,34.74,0.26,0.56
54810,7436,7544,1.020,34.97,0.13,34.97,0.13,0.41,34.97,0.13,0.42,34.97,0.13,0.41,34.83,0.12,0.54
54828,8679,8862,1.023,36.79,0.81,36.79,0.78,0.35,36.83,0.81,0.39,36.74,0.83,0.40,,,
54877,5022,5346,1.014,33.18,0.19,,,,,,,,,,33.18,0.19,0.51
54885,6940,7018,1.019,35.05,0.12,35.04,0.12,0.35,35.05,0.12,0.39,35.05,0.12,0.40,35.26,0.10,0.48
54909,1833,1993,1.005,32.22,0.17,32.24,0.16,0.56,32.22,0.17,0.60,32.20,0.17,0.59,32.12,0.16,0.66
54944,1968,2170,1.006,31.78,0.52,,,,,,,,,,31.78,0.52,0.64
54959,17669,17671,1.046,37.63,0.24,37.65,0.24,0.35,37.63,0.24,0.39,37.60,0.25,0.40,37.47,0.26,0.48
54969,3576,3865,1.010,34.19,0.44,,,,,,,,,,34.19,0.44,0.65
54971,10036,10167,1.027,35.53,0.19,35.53,0.18,0.37,35.53,0.19,0.39,35.54,0.19,0.40,35.63,0.19,0.52
54981,13645,13677,1.036,36.56,0.17,36.55,0.16,0.35,36.56,0.17,0.39,36.56,0.17,0.40,,,
54995,5755,5692,1.015,33.96,0.42,33.97,0.41,0.56,33.97,0.42,0.57,33.95,0.43,0.57,33.82,0.47,0.64
54999,5133,5454,1.014,34.63,0.26,,,,,,,,,,34.63,0.26,0.53
55012,10893,11028,1.029,35.84,0.26,35.85,0.25,0.35,35.84,0.26,0.39,35.82,0.27,0.40,35.57,0.28,0.48
55022,6889,6683,1.018,34.66,0.27,,,,,,,,,,34.66,0.27,0.48
55037,3701,3506,1.009,32.53,0.29,32.52,0.28,0.56,32.52,0.29,0.59,32.54,0.29,0.59,32.59,0.32,0.65
55040,9038,8999,1.024,35.04,0.19,35.03,0.19,0.35,35.04,0.19,0.39,35.04,0.20,0.40,34.91,0.20,0.48
55047,3649,3521,1.009,33.67,0.27,33.67,0.26,0.54,33.67,0.27,0.54,33.68,0.27,0.54,33.73,0.29,0.63
55054,10438,10577,1.028,35.93,0.17,35.94,0.17,0.35,35.93,0.17,0.39,35.93,0.17,0.40,,,
55057,4463,4540,1.012,33.47,0.12,33.47,0.12,0.35,33.48,0.12,0.39,33.48,0.12,0.40,33.51,0.10,0.48
55065,6022,5899,1.016,34.53,0.15,34.52,0.14,0.35,34.54,0.15,0.39,34.55,0.15,0.40,34.63,0.14,0.48
55069,10085,10220,1.027,35.30,0.15,35.31,0.15,0.35,35.30,0.15,0.39,35.30,0.15,0.40,35.46,0.14,0.48
55078,1920,2047,1.005,32.41,0.16,32.42,0.16,0.56,32.41,0.16,0.60,32.41,0.16,0.59,32.32,0.15,0.66
55079,10692,10820,1.028,36.05,0.23,36.07,0.22,0.35,36.05,0.23,0.39,36.02,0.23,0.40,35.74,0.24,0.50
55081,2214,2487,1.007,31.95,0.30,,,,,,,,,,31.95,0.30,0.54
55097,2645,2584,1.007,32.55,0.19,32.55,0.18,0.56,32.55,0.19,0.58,32.56,0.19,0.58,32.70,0.19,0.65
55104,2771,2714,1.007,32.79,0.17,32.79,0.17,0.35,32.80,0.17,0.39,32.79,0.17,0.40,33.03,0.17,0.50
55112,5573,5482,1.014,34.39,0.31,34.39,0.30,0.54,34.40,0.31,0.55,34.39,0.31,0.54,34.33,0.34,0.63
55118,10044,10070,1.026,35.15,0.23,35.15,0.22,0.54,35.15,0.23,0.54,35.16,0.23,0.54,,,
55132,9609,9607,1.025,35.55,0.25,35.54,0.24,0.40,35.55,0.25,0.41,35.55,0.25,0.40,35.66,0.27,0.54
55161,4661,4635,1.012,34.02,0.14,34.04,0.14,0.54,34.02,0.14,0.55,34.01,0.14,0.54,34.02,0.13,0.63
55165,643,453,1.001,30.72,0.35,30.72,0.34,0.56,30.72,0.35,0.58,30.70,0.35,0.57,30.41,0.39,0.65
55179,5761,6057,1.016,34.20,0.19,,,,,,,,,,34.20,0.19,0.48
55198,10332,10358,1.027,35.84,0.18,35.85,0.17,0.35,35.83,0.18,0.39,35.82,0.18,0.40,35.87,0.18,0.48
55213,10133,10160,1.027,35.41,0.24,35.41,0.23,0.35,35.42,0.24,0.39,35.41,0.24,0.40,35.34,0.25,0.48
55217,9398,9382,1.025,35.46,0.17,35.46,0.17,0.35,35.45,0.17,0.39,35.46,0.18,0.40,35.44,0.17,0.48
55219,6877,6821,1.018,35.12,0.32,35.11,0.31,0.35,35.13,0.32,0.39,35.12,0.33,0.40,35.14,0.35,0.48
55222,9998,10117,1.027,36.22,0.21,36.22,0.20,0.35,36.22,0.21,0.39,36.22,0.21,0.40,36.38,0.22,0.48
55224,3314,3539,1.009,33.30,0.30,33.30,0.29,0.54,33.30,0.30,0.55,33.30,0.30,0.55,33.23,0.33,0.63
55227,2091,2114,1.006,32.42,0.19,32.42,0.18,0.56,32.41,0.19,0.60,32.43,0.19,0.59,,,
55234,13077,13179,1.035,36.14,0.31,36.13,0.29,0.41,36.15,0.31,0.42,36.14,0.31,0.41,36.12,0.34,0.54
55241,6461,6740,1.018,35.14,0.31,,,,,,,,,,35.14,0.31,0.58
55247,5783,5708,1.015,34.24,0.25,34.23,0.24,0.47,34.24,0.25,0.47,34.25,0.25,0.46,34.21,0.27,0.58
55251,6990,7241,1.019,34.95,0.19,,,,,,,,,,34.95,0.19,0.48
55252,4370,4699,1.012,33.85,0.17,,,,,,,,,,33.85,0.17,0.48
55254,5409,5445,1.014,34.28,0.19,34.27,0.18,0.35,34.28,0.19,0.39,34.28,0.19,0.40,34.18,0.19,0.48
55256,4494,4806,1.013,33.51,0.18,,,,,,,,,,33.51,0.18,0.48
55281,2790,2969,1.008,32.80,0.28,32.79,0.27,0.35,32.81,0.28,0.39,32.81,0.29,0.40,32.65,0.31,0.48
55296,6869,6805,1.018,34.70,0.24,34.69,0.23,0.39,34.70,0.24,0.40,34.70,0.24,0.40,34.94,0.25,0.53
55305,2753,2689,1.007,32.79,0.34,32.79,0.33,0.53,32.79,0.34,0.54,32.78,0.35,0.53,32.59,0.38,0.62
55328,4326,4595,1.012,34.13,0.21,,,,,,,,,,34.13,0.21,0.58
55345,4308,4608,1.012,33.25,0.37,,,,,,,,,,33.25,0.37,0.65
55346,6656,6908,1.018,34.84,0.32,,,,,,,,,,34.84,0.32,0.60
55349,7013,7188,1.019,34.98,0.26,34.96,0.25,0.35,34.99,0.26,0.39,35.00,0.27,0.40,35.07,0.28,0.48
55355,6024,5949,1.016,34.42,0.31,34.42,0.29,0.50,34.42,0.31,0.50,34.41,0.31,0.50,34.54,0.34,0.60
55367,12421,12556,1.033,35.89,0.20,35.86,0.20,0.35,35.89,0.20,0.39,35.91,0.20,0.40,36.10,0.21,0.48
55378,6748,6481,1.017,34.81,0.28,,,,,,,,,,34.81,0.28,0.48
55380,10172,10191,1.027,36.12,0.26,36.11,0.25,0.37,36.12,0.26,0.39,36.13,0.26,0.40,36.08,0.28,0.53
55385,4747,4702,1.012,34.14,0.36,34.14,0.34,0.56,34.15,0.36,0.58,34.14,0.36,0.57,34.07,0.39,0.65
55388,2785,2952,1.008,32.62,0.34,32.62,0.33,0.53,32.62,0.34,0.54,32.61,0.34,0.53,32.34,0.37,0.62
55391,11833,11990,1.031,36.07,0.22,36.07,0.22,0.35,36.07,0.22,0.39,36.07,0.23,0.40,,,
55406,5301,5584,1.015,34.74,0.22,,,,,,,,,,34.74,0.22,0.48
55435,1838,1915,1.005,32.02,0.14,32.02,0.13,0.50,32.02,0.14,0.50,32.02,0.14,0.49,32.04,0.12,0.60
55454,5233,5264,1.014,34.56,0.26,34.54,0.25,0.38,34.57,0.26,0.39,34.58,0.27,0.40,34.40,0.28,0.53
55459,3625,3468,1.009,32.98,0.16,32.96,0.16,0.35,32.98,0.16,0.39,32.99,0.16,0.40,33.45,0.16,0.48
55475,3226,3317,1.009,33.33,0.14,33.34,0.14,0.54,33.33,0.14,0.55,33.32,0.14,0.55,33.27,0.13,0.63
55492,5913,6025,1.016,34.70,0.15,34.70,0.15,0.48,34.70,0.15,0.48,34.71,0.15,0.47,34.71,0.14,0.59
55495,10180,10285,1.027,35.35,0.12,35.33,0.12,0.35,35.35,0.12,0.39,35.36,0.12,0.40,,,
55507,9432,9455,1.025,35.65,0.13,35.66,0.13,0.36,35.64,0.13,0.39,35.63,0.13,0.40,35.71,0.11,0.52
55514,11354,11471,1.030,36.03,0.14,36.04,0.14,0.35,36.03,0.14,0.39,36.03,0.14,0.40,,,
55515,1958,1941,1.005,32.76,0.15,32.76,0.15,0.52,32.76,0.15,0.52,32.76,0.15,0.52,32.52,0.14,0.61
55517,9574,9557,1.025,35.21,0.12,35.21,0.12,0.35,35.21,0.12,0.39,35.21,0.12,0.40,35.25,0.10,0.48
55518,3131,3172,1.008,33.34,0.34,33.34,0.33,0.55,33.34,0.34,0.56,33.33,0.35,0.56,33.20,0.38,0.64
55530,12656,12692,1.033,36.12,0.34,36.11,0.32,0.38,36.12,0.34,0.39,36.13,0.34,0.40,36.13,0.37,0.53
55532,3235,3321,1.009,33.28,0.13,33.28,0.13,0.51,33.28,0.13,0.51,33.28,0.13,0.51,33.30,0.12,0.61
55533,10033,10042,1.026,35.66,0.13,35.67,0.13,0.35,35.65,0.13,0.39,35.65,0.14,0.40,35.70,0.12,0.50
55540,7649,7414,1.020,34.05,0.16,,,,,,,,,,34.05,0.16,0.48
55541,6602,6876,1.018,35.26,0.23,,,,,,,,,,35.26,0.23,0.48
55577,15180,15267,1.040,36.77,0.12,36.77,0.12,0.35,36.77,0.12,0.39,36.78,0.12,0.40,,,
55587,1979,2041,1.005,33.19,0.23,33.20,0.22,0.56,33.19,0.23,0.58,33.19,0.23,0.58,33.07,0.24,0.65
55588,2025,2087,1.006,32.29,0.23,32.28,0.23,0.35,32.30,0.23,0.39,32.30,0.24,0.40,32.29,0.25,0.48
55594,6429,6666,1.018,34.33,0.20,,,,,,,,,,34.33,0.20,0.48
55597,4422,4480,1.012,34.36,0.57,34.36,0.54,0.53,34.38,0.57,0.54,34.35,0.57,0.53,,,
55603,10036,10139,1.027,35.98,0.24,35.98,0.24,0.35,35.97,0.24,0.39,35.98,0.25,0.40,35.84,0.26,0.48
55607,2792,2697,1.007,33.65,0.26,33.64,0.25,0.55,33.65,0.26,0.56,33.65,0.26,0.55,,,
55618,10534,10543,1.028,36.30,0.26,36.32,0.25,0.35,36.30,0.26,0.39,36.29,0.26,0.40,36.38,0.28,0.48
55626,12007,12100,1.032,36.32,0.28,36.31,0.27,0.37,36.33,0.28,0.39,36.32,0.29,0.40,36.18,0.31,0.52
55636,7188,7379,1.019,35.05,0.28,,,,,,,,,,35.05,0.28,0.48
55641,9285,9347,1.025,35.23,0.13,35.23,0.13,0.38,35.23,0.13,0.39,35.22,0.13,0.40,,,
55647,2805,2630,1.007,33.34,0.18,33.32,0.17,0.35,33.35,0.18,0.39,33.36,0.18,0.40,33.41,0.18,0.48
55650,12948,13008,1.034,36.25,0.24,36.24,0.23,0.35,36.25,0.24,0.39,36.25,0.24,0.40,,,
55656,6887,7009,1.019,35.08,0.25,35.07,0.24,0.39,35.09,0.25,0.39,35.09,0.25,0.40,,,
55660,1918,1996,1.005,33.28,0.37,33.29,0.36,0.56,33.28,0.37,0.58,33.27,0.38,0.58,,,
55665,2008,2089,1.006,32.19,0.22,32.17,0.21,0.35,32.19,0.22,0.39,32.19,0.22,0.40,32.27,0.23,0.49
55680,9900,9884,1.026,35.95,0.24,35.92,0.24,0.44,35.95,0.24,0.45,35.98,0.25,0.44,35.96,0.26,0.56
55689,5671,5918,1.016,34.35,0.29,,,,,,,,,,34.35,0.29,0.48
55706,5861,5931,1.016,34.41,0.14,34.41,0.14,0.54,34.41,0.14,0.54,34.41,0.14,0.54,34.65,0.13,0.62
55708,10443,10454,1.027,35.34,0.21,35.36,0.20,0.35,35.34,0.21,0.39,35.33,0.21,0.40,35.19,0.22,0.48
55710,2071,2133,1.006,32.54,0.22,32.54,0.22,0.56,32.53,0.22,0.60,32.55,0.23,0.59,32.50,0.24,0.66
55721,11598,11616,1.031,36.04,0.51,36.05,0.49,0.48,36.06,0.51,0.49,36.02,0.51,0.48,,,
55724,15056,15060,1.039,36.78,0.18,36.78,0.18,0.35,36.77,0.18,0.39,36.78,0.18,0.40,36.88,0.18,0.48
55725,2732,2555,1.007,32.97,0.23,32.95,0.22,0.35,32.97,0.23,0.39,32.98,0.23,0.40,33.13,0.24,0.48
55726,14944,15012,1.039,36.66,0.24,36.65,0.23,0.35,36.65,0.24,0.39,36.66,0.24,0.40,36.64,0.25,0.48
55730,10291,10381,1.027,35.97,0.19,35.97,0.19,0.35,35.96,0.19,0.39,35.97,0.19,0.40,36.20,0.20,0.48
55732,8851,8901,1.023,35.54,0.30,35.53,0.29,0.51,35.54,0.30,0.51,35.55,0.31,0.50,,,
55739,4480,4506,1.012,33.59,0.22,33.59,0.21,0.35,33.59,0.22,0.39,33.59,0.22,0.40,33.37,0.23,0.50
55740,3220,3049,1.008,32.80,0.14,32.80,0.14,0.35,32.81,0.14,0.39,32.81,0.14,0.40,33.12,0.12,0.48
55744,3343,3412,1.009,33.06,0.48,33.05,0.46,0.56,33.06,0.48,0.60,33.07,0.48,0.59,33.22,0.53,0.66
55776,7986,8016,1.021,35.38,0.23,35.37,0.22,0.35,35.38,0.23,0.39,35.39,0.23,0.40,35.39,0.24,0.48
55793,4143,4200,1.011,33.47,0.15,33.47,0.14,0.51,33.46,0.15,0.52,33.46,0.15,0.51,33.52,0.14,0.61
55800,4157,4212,1.011,33.43,0.13,33.42,0.13,0.35,33.43,0.13,0.39,33.43,0.14,0.40,33.31,0.12,0.48
55803,10235,10238,1.027,35.69,0.19,35.69,0.19,0.35,35.69,0.19,0.39,35.68,0.20,0.40,35.71,0.20,0.48
55810,10462,10475,1.028,36.55,0.31,36.57,0.30,0.35,36.55,0.31,0.39,36.54,0.31,0.40,36.63,0.34,0.48
55820,9904,9888,1.026,35.41,0.29,35.40,0.28,0.47,35.41,0.29,0.47,35.42,0.29,0.46,35.43,0.31,0.58
55821,1918,2052,1.005,32.16,0.12,,,,,,,,,,32.16,0.12,0.61
55824,7867,7971,1.021,35.14,0.19,35.11,0.19,0.43,35.13,0.19,0.43,35.16,0.19,0.42,35.21,0.20,0.56
55833,1966,2101,1.006,31.49,0.21,31.49,0.21,0.56,31.48,0.21,0.60,31.51,0.21,0.59,,,
55839,10498,10570,1.028,35.92,0.26,35.91,0.25,0.45,35.92,0.26,0.45,35.92,0.27,0.44,35.86,0.29,0.57
55851,9625,9603,1.025,35.25,0.25,35.26,0.24,0.49,35.25,0.25,0.49,35.24,0.25,0.48,,,
55853,1169,1229,1.003,31.32,0.14,31.33,0.14,0.54,31.32,0.14,0.55,31.31,0.14,0.54,31.24,0.13,0.63
55854,10399,10487,1.028,36.04,0.13,36.03,0.13,0.35,36.04,0.13,0.39,36.04,0.13,0.40,,,
55858,7860,7965,1.021,34.02,0.49,34.02,0.47,0.56,34.03,0.49,0.60,34.02,0.50,0.59,,,
55865,4883,4967,1.013,34.73,0.16,34.74,0.16,0.35,34.73,0.16,0.39,34.71,0.16,0.40,,,
55866,10387,10461,1.028,35.71,0.18,35.71,0.18,0.35,35.71,0.18,0.39,35.71,0.18,0.40,,,
55867,2016,2074,1.006,32.91,0.15,32.92,0.15,0.56,32.91,0.15,0.57,32.90,0.15,0.57,32.96,0.14,0.64
55869,10232,10320,1.027,35.66,0.13,35.66,0.13,0.35,35.67,0.13,0.39,35.66,0.13,0.40,,,
55873,6462,6572,1.017,34.99,0.14,34.98,0.14,0.44,34.99,0.14,0.44,34.99,0.14,0.43,,,
55881,9645,9597,1.025,35.71,0.18,35.70,0.18,0.35,35.71,0.18,0.39,35.72,0.18,0.40,,,
55883,9929,9908,1.026,35.59,0.37,35.57,0.35,0.35,35.59,0.37,0.39,35.59,0.37,0.40,,,
55887,1741,1472,1.004,32.22,0.26,,,,,,,,,,32.22,0.26,0.64
55897,12085,12355,1.032,37.20,0.30,,,,,,,,,,37.20,0.30,0.48
55899,4410,4702,1.012,33.74,0.23,,,,,,,,,,33.74,0.23,0.48
55904,7830,7593,1.020,34.80,0.23,,,,,,,,,,34.80,0.23,0.48
55905,6146,6022,1.016,34.50,0.29,34.50,0.28,0.56,34.50,0.29,0.57,34.50,0.30,0.57,,,
55909,2059,2314,1.006,32.68,0.31,,,,,,,,,,32.68,0.31,0.65
55919,10348,10419,1.027,35.87,0.13,35.88,0.13,0.35,35.86,0.13,0.39,35.87,0.13,0.40,36.08,0.11,0.48
55920,5608,5852,1.015,34.81,0.25,,,,,,,,,,34.81,0.25,0.54
55921,10673,10751,1.028,36.09,0.27,36.10,0.26,0.35,36.08,0.27,0.39,36.09,0.27,0.40,,,
55923,9577,9532,1.025,35.53,0.19,35.52,0.19,0.38,35.53,0.19,0.39,35.54,0.19,0.40,,,
55925,4156,3982,1.011,34.49,0.32,34.47,0.31,0.56,34.49,0.32,0.57,34.51,0.33,0.57,,,
55927,2830,2711,1.007,33.58,0.37,33.57,0.35,0.55,33.58,0.37,0.57,33.57,0.37,0.56,,,
55930,3562,3673,1.010,34.18,0.14,34.19,0.14,0.56,34.18,0.14,0.57,34.19,0.15,0.57,,,
55931,12472,12556,1.033,36.04,0.25,36.04,0.24,0.36,36.04,0.25,0.39,36.04,0.26,0.40,,,
55955,10104,10096,1.027,35.97,0.21,35.97,0.20,0.35,35.97,0.21,0.39,35.98,0.21,0.40,,,
55958,7001,6999,1.018,35.14,0.33,35.14,0.32,0.40,35.15,0.33,0.40,35.13,0.33,0.40,,,
55962,4505,4520,1.012,33.48,0.52,33.49,0.50,0.56,33.48,0.52,0.60,33.47,0.53,0.59,,,
55963,9620,9587,1.025,35.85,0.14,35.85,0.14,0.35,35.85,0.14,0.39,35.86,0.14,0.40,,,
55965,2114,2222,1.006,32.73,0.22,32.74,0.21,0.56,32.72,0.22,0.60,32.72,0.22,0.59,32.28,0.23,0.66
55967,2271,2248,1.006,33.24,0.18,33.24,0.17,0.46,33.24,0.18,0.47,33.23,0.18,0.46,32.96,0.18,0.58
55968,4537,4553,1.012,34.24,0.28,34.25,0.27,0.56,34.24,0.28,0.58,34.25,0.28,0.58,,,
55976,4018,4135,1.011,33.97,0.14,33.97,0.14,0.42,33.98,0.14,0.42,33.97,0.14,0.41,,,
55980,10920,11002,1.029,35.49,0.13,35.49,0.13,0.35,35.49,0.13,0.39,35.48,0.13,0.40,,,
55981,9563,9528,1.025,36.41,0.30,36.38,0.29,0.35,36.41,0.30,0.39,36.43,0.30,0.40,,,
55987,3909,4021,1.011,33.65,0.14,33.66,0.14,0.53,33.64,0.14,0.53,33.64,0.14,0.53,,,
55988,11616,11698,1.031,35.54,0.19,35.54,0.18,0.35,35.54,0.19,0.39,35.54,0.19,0.40,,,
55989,1443,1535,1.004,32.45,0.25,32.45,0.24,0.56,32.44,0.25,0.60,32.45,0.25,0.59,32.19,0.27,0.66
55996,5570,5642,1.015,33.94,0.16,33.94,0.15,0.53,33.93,0.16,0.53,33.93,0.16,0.53,,,
56003,10568,10631,1.028,35.68,0.36,35.68,0.34,0.36,35.68,0.36,0.39,35.66,0.36,0.40,,,
56005,3312,3417,1.009,33.57,0.16,33.57,0.15,0.56,33.57,0.16,0.59,33.58,0.16,0.59,,,
56008,7922,7684,1.020,34.99,0.17,,,,,,,,,,34.99,0.17,0.48
56011,9745,9699,1.026,35.86,0.20,35.88,0.20,0.35,35.85,0.20,0.39,35.84,0.21,0.40,,,
56033,2085,2336,1.006,31.69,0.67,,,,,,,,,,31.69,0.67,0.66
56038,12634,12644,1.033,36.59,0.29,36.59,0.28,0.35,36.59,0.29,0.39,36.59,0.30,0.40,,,
56048,16384,16336,1.043,37.24,0.26,37.24,0.25,0.35,37.24,0.26,0.39,37.24,0.26,0.40,,,
56058,12639,12624,1.033,36.39,0.13,36.41,0.13,0.35,36.38,0.13,0.39,36.38,0.13,0.40,,,
56068,10097,9850,1.026,36.44,0.31,,,,,,,,,,36.44,0.31,0.48
56077,2423,2733,1.007,32.04,0.28,,,,,,,,,,32.04,0.28,0.62
56078,2669,2981,1.008,32.46,0.32,,,,,,,,,,32.46,0.32,0.48
56079,8822,8598,1.023,35.31,0.22,,,,,,,,,,35.31,0.22,0.48
56088,10424,10485,1.028,36.22,0.14,36.23,0.14,0.35,36.21,0.14,0.39,36.21,0.14,0.40,,,
56093,5678,5943,1.016,34.64,0.36,,,,,,,,,,34.64,0.36,0.64
56094,2275,2280,1.006,33.29,0.14,33.28,0.14,0.41,33.29,0.14,0.41,33.29,0.14,0.40,33.00,0.13,0.54
56097,8681,8708,1.023,35.38,0.19,35.37,0.18,0.35,35.38,0.19,0.39,35.38,0.19,0.40,,,
56108,4262,4346,1.012,33.78,0.13,33.79,0.13,0.38,33.79,0.13,0.39,33.78,0.13,0.40,,,
56111,2200,2295,1.006,32.07,0.25,32.08,0.24,0.55,32.07,0.25,0.56,32.07,0.25,0.55,32.20,0.27,0.63
56124,11781,11815,1.031,36.44,0.25,36.42,0.24,0.35,36.44,0.25,0.39,36.47,0.25,0.40,36.61,0.27,0.51
56129,9480,9488,1.025,35.50,0.30,35.50,0.29,0.35,35.50,0.30,0.39,35.50,0.30,0.40,,,
56137,4365,4645,1.012,33.47,0.31,,,,,,,,,,33.47,0.31,0.53
56154,8357,8490,1.022,35.20,0.18,,,,,,,,,,35.20,0.18,0.48
56157,5646,5872,1.016,34.29,0.25,,,,,,,,,,34.29,0.25,0.48
56186,9525,9523,1.025,35.82,0.30,35.81,0.29,0.35,35.83,0.30,0.39,35.83,0.31,0.40,,,
56193,4464,4529,1.012,34.39,0.15,34.38,0.14,0.56,34.38,0.15,0.58,34.40,0.15,0.57,,,
56195,7421,7409,1.020,34.46,0.19,34.47,0.18,0.51,34.46,0.19,0.51,34.46,0.19,0.50,,,
56197,9103,8946,1.024,35.88,0.32,35.86,0.31,0.38,35.89,0.32,0.39,35.89,0.33,0.40,,,
56205,7898,7897,1.021,34.51,0.29,34.50,0.28,0.44,34.52,0.29,0.45,34.52,0.30,0.44,,,
56207,6138,6003,1.016,34.40,0.23,34.42,0.22,0.35,34.40,0.23,0.39,34.38,0.23,0.40,,,
56219,1056,852,1.002,31.33,0.19,31.31,0.18,0.40,31.33,0.19,0.40,31.34,0.19,0.40,31.21,0.19,0.54
56220,6456,6319,1.017,34.81,0.26,34.81,0.25,0.46,34.81,0.26,0.46,34.81,0.27,0.45,,,
56227,9708,9693,1.026,35.69,0.18,35.69,0.18,0.36,35.69,0.18,0.39,35.70,0.18,0.40,,,
56231,12885,12874,1.034,36.02,0.17,36.01,0.17,0.35,36.02,0.17,0.39,36.05,0.17,0.40,,,
56232,1880,1603,1.004,32.37,0.34,,,,,,,,,,32.37,0.34,0.66
56241,4544,4592,1.012,34.10,0.16,34.11,0.16,0.52,34.10,0.16,0.52,34.10,0.16,0.52,,,
56248,6707,6683,1.018,34.49,0.30,34.49,0.28,0.52,34.49,0.30,0.52,34.48,0.30,0.51,,,
56267,9700,9682,1.025,34.23,0.22,34.22,0.21,0.40,34.23,0.22,0.41,34.23,0.22,0.40,,,
56269,6185,6496,1.017,34.62,0.20,,,,,,,,,,34.62,0.20,0.48
56278,4458,4729,1.013,33.27,0.22,,,,,,,,,,33.27,0.22,0.52
56284,9723,9705,1.026,35.35,0.22,35.34,0.22,0.35,35.35,0.22,0.39,35.35,0.23,0.40,,,
56285,10797,10856,1.029,35.61,0.27,35.61,0.26,0.45,35.61,0.27,0.45,35.60,0.28,0.44,,,
56287,4779,4675,1.012,34.06,0.26,34.05,0.25,0.35,34.07,0.26,0.39,34.07,0.26,0.40,,,
56300,10308,10351,1.027,35.18,0.29,35.16,0.28,0.35,35.18,0.29,0.39,35.19,0.29,0.40,,,
56315,4260,4568,1.012,33.81,0.21,,,,,,,,,,33.81,0.21,0.48
56341,4185,4492,1.012,32.90,0.18,,,,,,,,,,32.90,0.18,0.48
56343,7016,7288,1.019,34.68,0.20,,,,,,,,,,34.68,0.20,0.48
56366,5667,5662,1.015,34.27,0.25,34.26,0.25,0.50,34.27,0.25,0.51,34.28,0.26,0.50,,,
56370,12085,12135,1.032,36.65,0.16,36.66,0.16,0.35,36.64,0.16,0.39,36.64,0.16,0.40,,,
56386,2042,1910,1.005,32.27,0.35,32.27,0.34,0.56,32.27,0.35,0.60,32.28,0.36,0.59,,,
56399,5964,5811,1.015,34.97,0.27,34.97,0.26,0.43,34.97,0.27,0.43,34.98,0.27,0.42,,,
56400,9864,9840,1.026,35.81,0.19,35.80,0.19,0.35,35.81,0.19,0.39,35.83,0.19,0.40,,,
56410,6612,6574,1.017,34.34,0.14,34.34,0.14,0.38,34.34,0.14,0.39,34.34,0.14,0.40,,,
56436,5645,5902,1.016,33.98,0.30,,,,,,,,,,33.98,0.30,0.57
56476,6008,5864,1.016,34.23,0.25,34.22,0.24,0.35,34.24,0.25,0.39,34.24,0.25,0.40,,,
56487,9505,9511,1.025,35.46,0.28,35.46,0.27,0.37,35.47,0.28,0.39,35.46,0.29,0.40,35.41,0.31,0.52
56500,7324,7529,1.020,35.22,0.14,,,,,,,,,,35.22,0.14,0.48
56537,2260,2267,1.006,31.99,0.15,31.99,0.15,0.53,31.99,0.15,0.54,31.98,0.15,0.53,31.97,0.15,0.62
56562,6825,6551,1.017,34.95,0.21,,,,,,,,,,34.95,0.21,0.48
56563,10652,10671,1.028,35.51,0.93,35.51,0.89,0.35,35.51,0.93,0.39,35.51,0.94,0.40,,,
56570,3962,3796,1.010,34.22,0.14,34.23,0.14,0.35,34.23,0.14,0.39,34.22,0.14,0.40,,,
56583,6554,6501,1.017,34.87,0.23,34.86,0.23,0.54,34.86,0.23,0.54,34.88,0.24,0.54,,,
56604,2319,2620,1.007,32.64,0.31,,,,,,,,,,32.64,0.31,0.63
56611,8923,8920,1.024,34.92,0.27,34.90,0.26,0.35,34.93,0.27,0.39,34.94,0.27,0.40,34.92,0.29,0.48
56617,10194,10208,1.027,36.18,0.18,36.21,0.17,0.35,36.17,0.18,0.39,36.15,0.18,0.40,35.86,0.18,0.48
56638,7351,7305,1.019,35.16,0.16,35.16,0.16,0.45,35.16,0.16,0.46,35.16,0.16,0.45,,,
56653,10569,10575,1.028,36.20,0.23,36.20,0.22,0.35,36.20,0.23,0.39,36.21,0.23,0.40,36.15,0.24,0.50
56667,13228,13235,1.035,36.82,0.21,36.82,0.20,0.35,36.82,0.21,0.39,36.83,0.21,0.40,36.80,0.22,0.48
56670,5769,6015,1.016,34.41,0.28,,,,,,,,,,34.41,0.28,0.48
56679,9543,9444,1.025,35.52,0.21,35.50,0.20,0.35,35.52,0.21,0.39,35.53,0.21,0.40,35.58,0.22,0.51
56689,11800,11819,1.031,36.18,0.20,36.18,0.20,0.35,36.18,0.20,0.39,36.19,0.21,0.40,,,
56697,5090,5137,1.014,34.81,0.22,34.78,0.21,0.35,34.80,0.22,0.39,34.83,0.22,0.40,,,
56701,4530,4761,1.013,34.31,0.30,,,,,,,,,,34.31,0.30,0.48
56705,9980,9991,1.026,35.62,0.41,35.61,0.39,0.54,35.62,0.41,0.54,35.63,0.41,0.54,35.57,0.45,0.63
56718,9572,9576,1.025,36.18,0.43,36.19,0.41,0.35,36.19,0.43,0.39,36.16,0.43,0.40,36.16,0.48,0.48
56723,1953,2036,1.005,32.56,0.22,32.56,0.21,0.47,32.56,0.22,0.47,32.57,0.22,0.46,32.44,0.23,0.58
56744,5306,5355,1.014,34.23,0.21,34.23,0.20,0.47,34.23,0.21,0.48,34.23,0.21,0.47,,,
56753,11842,11862,1.031,35.92,0.19,35.92,0.18,0.35,35.92,0.19,0.39,35.91,0.19,0.40,,,
56836,4184,3918,1.010,33.79,0.26,,,,,,,,,,33.79,0.26,0.57
56852,5483,5675,1.015,34.37,0.31,,,,,,,,,,34.37,0.31,0.48
56870,4770,4757,1.013,32.66,0.32,32.65,0.31,0.56,32.65,0.32,0.60,32.67,0.33,0.59,,,
56876,12620,12634,1.033,36.19,0.27,36.18,0.26,0.35,36.20,0.27,0.39,36.20,0.28,0.40,,,
56891,5222,5518,1.015,33.80,0.13,,,,,,,,,,33.80,0.13,0.48
56917,1101,878,1.002,32.29,0.56,,,,,,,,,,32.29,0.56,0.66
56948,11986,11979,1.031,35.97,0.31,35.95,0.30,0.40,35.97,0.31,0.40,35.98,0.31,0.40,35.88,0.34,0.54
56949,9693,9645,1.025,35.92,0.19,35.94,0.19,0.35,35.91,0.19,0.39,35.91,0.19,0.40,,,
56959,961,885,1.002,31.96,0.22,31.97,0.21,0.56,31.96,0.22,0.60,31.97,0.22,0.59,,,
56965,11785,11784,1.031,36.45,0.32,36.41,0.31,0.43,36.45,0.32,0.43,36.48,0.33,0.42,36.58,0.36,0.55
56992,10707,10700,1.028,36.02,0.44,36.02,0.43,0.46,36.03,0.44,0.46,36.01,0.45,0.46,36.03,0.50,0.57
56994,4713,4722,1.012,34.11,0.28,34.12,0.27,0.48,34.11,0.28,0.48,34.09,0.28,0.47,,,
56997,13124,13120,1.034,36.01,0.21,36.02,0.21,0.35,36.01,0.21,0.39,36.01,0.21,0.40,35.94,0.22,0.48
57012,11232,11242,1.030,36.21,0.29,36.23,0.28,0.35,36.21,0.29,0.39,36.19,0.29,0.40,,,
57018,4716,4727,1.013,33.81,0.13,33.82,0.13,0.41,33.81,0.13,0.42,33.80,0.14,0.41,33.98,0.12,0.55
57029,10253,10205,1.027,35.14,0.19,35.13,0.19,0.35,35.14,0.19,0.39,35.14,0.19,0.40,,,
57037,10532,10524,1.028,35.97,0.21,35.98,0.20,0.35,35.97,0.21,0.39,35.96,0.21,0.40,36.05,0.21,0.48
57042,12335,12326,1.032,35.94,0.22,35.92,0.21,0.35,35.94,0.22,0.39,35.95,0.22,0.40,36.34,0.23,0.49
57051,5327,5373,1.014,33.91,0.25,33.91,0.24,0.56,33.90,0.25,0.60,33.90,0.26,0.59,,,
57061,11172,11162,1.029,35.98,0.13,35.98,0.13,0.44,35.98,0.13,0.44,35.98,0.13,0.43,36.11,0.11,0.56
57083,12327,12393,1.033,36.04,0.13,36.06,0.13,0.35,36.03,0.13,0.39,36.02,0.13,0.40,,,
57091,12228,12258,1.032,35.84,0.19,35.83,0.18,0.35,35.84,0.19,0.39,35.85,0.19,0.40,,,
57110,4552,4521,1.012,33.55,0.16,33.54,0.16,0.35,33.55,0.16,0.39,33.56,0.16,0.40,,,
57120,1431,1468,1.004,32.68,0.19,32.69,0.19,0.56,32.67,0.19,0.60,32.69,0.19,0.59,,,
57122,11684,11668,1.031,36.16,0.25,36.18,0.24,0.35,36.16,0.25,0.39,36.14,0.25,0.40,36.22,0.27,0.48
57140,4619,4831,1.013,34.17,0.15,,,,,,,,,,34.17,0.15,0.48
57178,8950,8863,1.023,35.41,0.18,35.41,0.17,0.35,35.41,0.18,0.39,35.41,0.18,0.40,35.13,0.18,0.48
57181,3346,3363,1.009,33.99,0.15,33.99,0.15,0.56,33.98,0.15,0.58,33.99,0.15,0.58,,,
57193,10929,10913,1.029,35.94,0.25,35.94,0.25,0.35,35.94,0.25,0.39,35.94,0.26,0.40,36.16,0.27,0.48
57199,4453,4416,1.012,33.86,0.23,33.86,0.23,0.35,33.87,0.23,0.39,33.87,0.24,0.40,,,
57205,2907,2944,1.008,33.31,0.20,33.31,0.19,0.42,33.32,0.20,0.43,33.32,0.20,0.42,33.24,0.20,0.55
57208,5086,5110,1.014,34.67,0.23,34.66,0.22,0.36,34.67,0.23,0.39,34.67,0.23,0.40,,,
57216,5068,5092,1.013,34.52,0.25,34.52,0.24,0.41,34.53,0.25,0.42,34.52,0.25,0.41,,,
57218,7910,7885,1.021,35.01,0.34,35.01,0.33,0.49,35.02,0.34,0.49,35.00,0.35,0.48,,,
57241,8236,8306,1.022,34.90,0.18,,,,,,,,,,34.90,0.18,0.48
57246,4958,4978,1.013,34.21,0.18,34.20,0.18,0.37,34.21,0.18,0.39,34.21,0.18,0.40,,,
57249,3453,3424,1.009,33.87,0.30,33.88,0.29,0.56,33.87,0.30,0.58,33.86,0.30,0.58,,,
57250,11668,11656,1.031,35.66,0.21,35.67,0.20,0.35,35.65,0.21,0.39,35.65,0.21,0.40,35.81,0.22,0.48
57251,14013,14073,1.037,36.49,0.16,36.50,0.15,0.35,36.49,0.16,0.39,36.49,0.16,0.40,,,
57261,1427,1463,1.004,31.58,0.14,31.59,0.14,0.56,31.58,0.14,0.57,31.58,0.15,0.57,31.54,0.14,0.64
57271,7044,7234,1.019,35.00,0.25,,,,,,,,,,35.00,0.25,0.53
57273,10229,10240,1.027,35.65,0.23,35.65,0.23,0.35,35.65,0.23,0.39,35.65,0.24,0.40,,,
57274,10075,10114,1.027,36.32,0.23,36.33,0.22,0.35,36.32,0.23,0.39,36.31,0.23,0.40,,,
57275,4917,4929,1.013,34.19,0.13,34.21,0.13,0.51,34.19,0.13,0.51,34.17,0.13,0.51,,,
57278,10723,10710,1.028,35.79,0.22,35.80,0.22,0.35,35.79,0.22,0.39,35.79,0.23,0.40,35.90,0.24,0.48
57280,9535,9494,1.025,35.47,0.25,35.46,0.24,0.35,35.47,0.25,0.39,35.47,0.26,0.40,,,
57284,9187,9072,1.024,35.23,0.16,35.22,0.15,0.35,35.23,0.16,0.39,35.24,0.16,0.40,35.41,0.15,0.48
57287,9232,9122,1.024,35.60,0.23,35.57,0.22,0.35,35.60,0.23,0.39,35.62,0.23,0.40,,,
57293,9852,9797,1.026,35.64,0.20,35.63,0.20,0.35,35.64,0.20,0.39,35.64,0.21,0.40,,,
57312,4174,4379,1.012,33.46,0.25,,,,,,,,,,33.46,0.25,0.57
57329,14171,14173,1.037,36.87,0.16,36.88,0.16,0.35,36.86,0.16,0.39,36.86,0.16,0.40,,,
57332,3429,3396,1.009,33.37,0.28,33.36,0.27,0.54,33.37,0.28,0.55,33.37,0.29,0.55,33.48,0.31,0.63
57337,9958,9912,1.026,35.50,0.19,35.49,0.18,0.35,35.51,0.19,0.39,35.52,0.19,0.40,,,
57340,10702,10703,1.028,36.04,0.18,36.03,0.18,0.35,36.04,0.18,0.39,36.05,0.18,0.40,,,
57345,2035,2103,1.006,32.36,0.17,,,,,,,,,,32.36,0.17,0.48
57349,10096,10049,1.026,35.60,0.18,35.59,0.18,0.35,35.60,0.18,0.39,35.62,0.18,0.40,36.01,0.18,0.48
57353,4729,4713,1.012,33.98,0.18,33.98,0.17,0.35,33.99,0.18,0.39,33.99,0.18,0.40,,,
57356,4496,4402,1.012,33.58,0.16,33.58,0.15,0.56,33.57,0.16,0.58,33.59,0.16,0.58,,,
57365,10308,10315,1.027,35.58,0.16,35.59,0.16,0.35,35.57,0.16,0.39,35.58,0.16,0.40,,,
57369,9696,9624,1.025,35.37,0.12,35.37,0.12,0.35,35.37,0.12,0.39,35.38,0.12,0.40,,,
57370,10798,10797,1.028,36.33,0.22,36.32,0.22,0.35,36.34,0.22,0.39,36.35,0.23,0.40,,,
57373,4799,4817,1.013,34.29,0.17,34.29,0.17,0.35,34.30,0.17,0.39,34.30,0.17,0.40,,,
57377,9184,9102,1.024,35.82,0.21,35.83,0.20,0.35,35.83,0.21,0.39,35.81,0.21,0.40,,,
57390,10248,10229,1.027,35.07,0.17,35.05,0.17,0.35,35.07,0.17,0.39,35.09,0.18,0.40,35.08,0.17,0.50
57396,12718,12726,1.033,34.97,0.37,34.98,0.36,0.54,34.97,0.37,0.55,34.96,0.38,0.54,,,
57399,3354,3568,1.009,32.61,0.50,,,,,,,,,,32.61,0.50,0.66
57407,4003,3877,1.010,33.60,0.19,33.60,0.18,0.43,33.60,0.19,0.44,33.60,0.19,0.43,33.63,0.19,0.56
57417,10545,10541,1.028,35.65,0.19,35.67,0.19,0.35,35.65,0.19,0.39,35.63,0.20,0.40,,,
57430,9699,9644,1.025,35.03,0.20,35.02,0.19,0.35,35.03,0.20,0.39,35.05,0.20,0.40,,,
57445,15432,15348,1.040,36.55,0.44,36.56,0.42,0.35,36.56,0.44,0.39,36.54,0.45,0.40,,,
57463,9684,9675,1.025,35.34,0.17,35.34,0.16,0.44,35.34,0.17,0.45,35.34,0.17,0.44,,,
57478,4059,3930,1.010,34.05,0.34,34.04,0.33,0.56,34.05,0.34,0.57,34.06,0.35,0.57,,,
57498,11188,11229,1.030,36.06,0.19,36.09,0.19,0.35,36.06,0.19,0.39,36.04,0.20,0.40,,,
57499,9432,9333,1.025,35.08,0.12,35.07,0.12,0.35,35.08,0.12,0.39,35.08,0.12,0.40,,,
57505,9256,9320,1.025,35.21,0.21,35.19,0.21,0.35,35.21,0.21,0.39,35.23,0.21,0.40,,,
57508,9445,9343,1.025,34.42,0.38,34.42,0.37,0.47,34.43,0.38,0.47,34.42,0.39,0.46,,,
57513,12588,12615,1.033,36.35,0.15,36.35,0.15,0.35,36.36,0.15,0.39,36.34,0.15,0.40,,,
57529,9531,9429,1.025,35.20,0.26,35.20,0.25,0.43,35.20,0.26,0.43,35.19,0.27,0.42,,,
57538,9808,9695,1.026,36.26,0.19,36.27,0.18,0.35,36.26,0.19,0.39,36.26,0.19,0.40,,,
57543,4821,4880,1.013,33.99,0.17,33.99,0.17,0.53,33.99,0.17,0.54,33.98,0.17,0.53,,,
57544,3101,3389,1.009,32.38,0.38,,,,,,,,,,32.38,0.38,0.63
57547,6086,5853,1.015,34.90,0.17,,,,,,,,,,34.90,0.17,0.48
57557,9407,9395,1.025,35.28,0.28,35.29,0.27,0.41,35.29,0.28,0.42,35.27,0.28,0.41,,,
57575,9189,9158,1.024,35.31,0.17,35.32,0.16,0.35,35.31,0.17,0.39,35.31,0.17,0.40,35.53,0.17,0.48
57582,2074,2136,1.006,32.50,0.12,32.49,0.12,0.35,32.51,0.12,0.39,32.51,0.12,0.40,,,
57585,10325,10232,1.027,36.43,0.27,36.43,0.26,0.35,36.43,0.27,0.39,36.43,0.27,0.40,,,
57586,3325,3331,1.009,33.47,0.15,33.48,0.15,0.53,33.47,0.15,0.54,33.46,0.15,0.54,,,
57589,3113,2883,1.008,33.22,0.16,33.22,0.15,0.46,33.22,0.16,0.46,33.20,0.16,0.45,,,
57601,9908,9768,1.026,35.38,0.21,35.37,0.21,0.35,35.39,0.21,0.39,35.40,0.22,0.40,,,
57608,6928,6828,1.018,34.86,0.18,34.86,0.18,0.49,34.86,0.18,0.49,34.87,0.18,0.49,,,
57623,10222,10223,1.027,35.14,0.20,35.15,0.20,0.35,35.14,0.20,0.39,35.14,0.21,0.40,,,
57627,2422,2382,1.006,31.83,0.22,31.76,0.21,0.54,31.90,0.22,0.55,,,,32.85,0.23,0.63
57641,6817,6715,1.018,34.65,0.14,34.65,0.14,0.44,34.65,0.14,0.44,34.64,0.14,0.43,,,
57654,6910,6807,1.018,34.89,0.22,34.89,0.21,0.44,34.90,0.22,0.44,34.89,0.22,0.43,,,
57658,9627,9522,1.025,35.22,0.17,35.21,0.17,0.47,35.22,0.17,0.47,35.21,0.18,0.46,,,
57665,7559,7723,1.020,35.14,0.17,,,,,,,,,,35.14,0.17,0.48
57694,9217,9271,1.024,35.10,0.14,35.10,0.14,0.35,35.10,0.14,0.39,35.11,0.14,0.40,35.41,0.13,0.48
57722,3341,3104,1.008,32.58,0.37,,,,,,,,,,32.58,0.37,0.66
57752,9155,9101,1.024,35.68,0.29,35.68,0.28,0.35,35.68,0.29,0.39,35.69,0.30,0.40,,,
57766,9635,9579,1.025,35.50,0.18,35.52,0.18,0.35,35.50,0.18,0.39,35.50,0.18,0.40,,,
57768,4527,4464,1.012,33.73,0.19,33.73,0.19,0.38,33.74,0.19,0.39,33.74,0.20,0.40,,,
57772,3581,3777,1.010,33.17,0.23,,,,,,,,,,33.17,0.23,0.58
57788,4398,4335,1.011,33.71,0.22,33.72,0.21,0.52,33.72,0.22,0.52,33.71,0.22,0.52,,,
57799,1514,1526,1.004,31.84,0.22,31.84,0.21,0.50,31.85,0.22,0.50,31.84,0.22,0.49,31.70,0.23,0.60
57818,1567,1607,1.004,32.35,0.19,,,,,,,,,,32.35,0.19,0.66
57823,8844,8711,1.023,35.64,0.20,35.64,0.19,0.35,35.64,0.20,0.39,35.65,0.20,0.40,,,
57827,8828,8839,1.023,35.32,0.13,35.32,0.13,0.35,35.32,0.13,0.39,35.32,0.13,0.40,,,
57833,10527,10480,1.028,35.82,0.34,35.81,0.32,0.44,35.82,0.34,0.44,35.82,0.34,0.43,,,
57843,8427,8459,1.022,34.83,0.15,,,,,,,,,,34.83,0.15,0.56
57876,3172,3461,1.009,32.70,0.18,,,,,,,,,,32.70,0.18,0.48
57912,8667,8634,1.023,35.13,0.28,35.13,0.27,0.45,35.13,0.28,0.45,35.13,0.29,0.44,,,
57918,11446,11363,1.030,35.87,0.16,35.88,0.16,0.35,35.87,0.16,0.39,35.87,0.17,0.40,,,
57922,10899,10891,1.029,35.71,0.25,35.71,0.24,0.35,35.71,0.25,0.39,35.70,0.25,0.40,,,
57924,1598,1652,1.004,31.56,0.19,31.55,0.18,0.35,31.57,0.19,0.39,31.56,0.19,0.40,,,
57926,1242,990,1.003,32.19,0.31,,,,,,,,,,32.19,0.31,0.66
57941,10199,10169,1.027,35.96,0.21,35.95,0.20,0.35,35.96,0.21,0.39,35.97,0.21,0.40,,,
57959,9812,9656,1.025,35.56,0.22,35.55,0.21,0.35,35.56,0.22,0.39,35.56,0.22,0.40,,,
57968,12065,11971,1.031,35.36,0.19,35.35,0.19,0.43,35.36,0.19,0.43,35.37,0.20,0.42,,,
57992,17115,17000,1.044,37.03,0.17,37.02,0.17,0.35,37.03,0.17,0.39,37.05,0.17,0.40,,,
58002,5065,5042,1.013,34.02,0.13,34.01,0.13,0.36,34.02,0.13,0.39,34.02,0.13,0.40,,,
58031,14633,14518,1.038,36.57,0.23,36.58,0.23,0.35,36.56,0.23,0.39,36.56,0.24,0.40,,,
58050,15414,15328,1.040,36.85,0.20,36.88,0.20,0.35,36.84,0.20,0.39,36.84,0.21,0.40,,,
58052,3005,2758,1.007,32.96,0.43,,,,,,,,,,32.96,0.43,0.65
58053,9296,9068,1.024,35.75,0.28,35.75,0.27,0.35,35.75,0.28,0.39,35.76,0.28,0.40,,,
58055,7746,7744,1.020,34.87,0.13,34.87,0.12,0.38,34.87,0.13,0.39,34.86,0.13,0.40,,,
58059,10398,10384,1.027,35.55,0.18,35.54,0.17,0.35,35.55,0.18,0.39,35.56,0.18,0.40,,,
58083,7195,7367,1.019,34.94,0.18,,,,,,,,,,34.94,0.18,0.48
58104,8885,8834,1.023,35.17,0.18,35.16,0.17,0.35,35.17,0.18,0.39,35.19,0.18,0.40,,,
58115,2630,2434,1.006,32.11,0.41,32.12,0.39,0.52,32.12,0.41,0.52,32.09,0.41,0.52,,,
58129,3634,3908,1.010,32.59,0.27,,,,,,,,,,32.59,0.27,0.51
58141,5061,5033,1.013,34.23,0.13,34.23,0.12,0.35,34.24,0.13,0.39,34.23,0.13,0.40,,,
58161,4737,4683,1.012,34.35,0.13,34.34,0.13,0.35,34.35,0.13,0.39,34.35,0.13,0.40,34.69,0.11,0.48
58170,5046,5010,1.013,34.22,0.19,34.23,0.19,0.54,34.22,0.19,0.54,34.22,0.19,0.54,,,
58178,9117,9136,1.024,35.55,0.10,,,,,,,,,,35.55,0.10,0.48
58182,8742,8690,1.023,35.34,0.24,35.33,0.23,0.44,35.34,0.24,0.45,35.35,0.24,0.44,,,
58226,4096,4261,1.011,34.50,0.22,,,,,,,,,,34.50,0.22,0.48
58239,7326,7043,1.019,35.08,0.16,,,,,,,,,,35.08,0.16,0.48
58286,5400,5373,1.014,34.31,0.14,34.31,0.14,0.52,34.31,0.14,0.52,34.31,0.14,0.52,,,
58305,6165,5914,1.016,34.61,0.21,,,,,,,,,,34.61,0.21,0.48
58322,10920,10841,1.029,35.75,0.21,35.75,0.21,0.35,35.76,0.21,0.39,35.75,0.22,0.40,,,
58327,10115,10124,1.027,35.55,0.13,,,,,,,,,,35.55,0.13,0.48
58330,5401,5368,1.014,34.54,0.14,34.55,0.14,0.54,34.53,0.14,0.55,34.52,0.14,0.54,,,
58336,3127,3043,1.008,33.28,0.16,33.29,0.16,0.51,33.28,0.16,0.52,33.27,0.16,0.51,,,
58347,5236,5199,1.014,33.78,0.14,33.78,0.14,0.55,33.77,0.14,0.56,33.77,0.14,0.56,,,
58371,9860,9766,1.026,35.65,0.16,35.66,0.16,0.35,35.65,0.16,0.39,35.64,0.16,0.40,,,
58372,12424,12322,1.032,35.75,0.28,35.74,0.27,0.35,35.75,0.28,0.39,35.75,0.29,0.40,,,
58380,12630,12526,1.033,36.45,0.13,36.46,0.13,0.35,36.45,0.13,0.39,36.45,0.13,0.40,,,
58388,17840,17725,1.046,36.65,0.28,36.66,0.27,0.35,36.64,0.28,0.39,36.64,0.29,0.40,,,
58390,9481,9331,1.025,34.85,0.27,34.84,0.26,0.35,34.85,0.27,0.39,34.86,0.28,0.40,34.93,0.30,0.48
58411,8450,8443,1.022,34.68,0.13,,,,,,,,,,34.68,0.13,0.48
58416,6267,6056,1.016,33.68,0.35,33.68,0.33,0.55,33.68,0.35,0.56,33.67,0.35,0.56,33.51,0.38,0.64
58423,2657,2574,1.007,32.71,0.28,32.71,0.27,0.50,32.72,0.28,0.51,32.71,0.28,0.50,32.57,0.30,0.60
58440,5870,5629,1.015,34.40,0.19,,,,,,,,,,34.40,0.19,0.48
58451,5197,5356,1.014,34.10,0.23,,,,,,,,,,34.10,0.23,0.52
58459,4041,4193,1.011,33.30,0.17,,,,,,,,,,33.30,0.17,0.48
58470,2500,2417,1.006,32.43,0.19,32.42,0.18,0.35,32.44,0.19,0.39,32.44,0.19,0.40,32.31,0.19,0.48
58471,3667,3404,1.009,34.07,0.24,,,,,,,,,,34.07,0.24,0.61
58474,4751,4908,1.013,33.70,0.27,,,,,,,,,,33.70,0.27,0.57
58481,5525,5360,1.014,34.97,0.27,34.97,0.26,0.37,34.98,0.27,0.39,34.98,0.28,0.40,,,
58483,16907,16863,1.044,35.59,0.21,35.57,0.21,0.35,35.59,0.21,0.39,35.61,0.22,0.40,,,
58501,1125,996,1.003,31.41,0.27,31.41,0.26,0.56,31.41,0.27,0.60,31.42,0.28,0.59,31.19,0.29,0.66
58503,5790,5556,1.015,34.67,0.22,34.66,0.21,0.35,34.67,0.22,0.39,34.68,0.22,0.40,,,
58514,9948,9786,1.026,35.89,0.21,35.89,0.20,0.35,35.89,0.21,0.39,35.89,0.21,0.40,,,
58523,3075,2979,1.008,32.80,0.40,32.80,0.39,0.41,32.81,0.40,0.42,32.79,0.41,0.41,32.68,0.45,0.55
58524,5528,5289,1.014,35.28,0.28,,,,,,,,,,35.28,0.28,0.57
58538,4483,4391,1.012,34.23,0.18,34.23,0.18,0.50,34.23,0.18,0.50,34.23,0.19,0.49,,,
58545,9204,9021,1.024,35.48,0.19,35.47,0.19,0.35,35.48,0.19,0.39,35.49,0.20,0.40,35.68,0.20,0.48
58574,8201,8235,1.022,34.26,0.27,34.24,0.26,0.35,34.27,0.27,0.39,34.27,0.27,0.40,,,
58582,4046,4182,1.011,33.78,0.26,,,,,,,,,,33.78,0.26,0.62
58596,9204,9026,1.024,35.25,0.24,35.26,0.24,0.35,35.24,0.24,0.39,35.24,0.25,0.40,,,
58622,7600,7515,1.020,35.29,0.32,35.29,0.30,0.41,35.30,0.32,0.41,35.29,0.32,0.40,,,
58633,1041,868,1.002,30.52,0.38,30.52,0.37,0.56,30.52,0.38,0.60,30.52,0.39,0.59,,,
58642,4488,4752,1.013,34.27,0.18,,,,,,,,,,34.27,0.18,0.50
58646,9563,9528,1.025,35.41,0.12,,,,,,,,,,35.41,0.12,0.48
58661,1610,1637,1.004,31.54,0.30,,,,,,,,,,31.54,0.30,0.66
58700,12558,12415,1.033,36.79,0.22,36.79,0.21,0.35,36.81,0.22,0.39,36.79,0.22,0.40,,,
58704,13600,13562,1.036,36.17,0.19,,,,,,,,,,36.17,0.19,0.48
58705,7044,6986,1.018,34.60,0.27,34.59,0.26,0.43,34.61,0.27,0.44,34.61,0.28,0.43,,,
58707,9475,9368,1.025,35.27,0.29,35.25,0.28,0.35,35.27,0.29,0.39,35.28,0.29,0.40,,,
58728,9437,9273,1.024,35.47,0.21,35.47,0.21,0.35,35.47,0.21,0.39,35.47,0.22,0.40,,,
58770,9574,9409,1.025,35.41,0.26,35.40,0.25,0.35,35.41,0.26,0.39,35.42,0.26,0.40,,,
58776,7054,7049,1.019,35.15,0.23,35.15,0.22,0.35,35.15,0.23,0.39,35.15,0.23,0.40,,,
58781,5687,5634,1.015,34.27,0.28,34.25,0.27,0.55,34.27,0.28,0.56,34.28,0.28,0.56,,,
58792,8232,8349,1.022,35.50,0.23,,,,,,,,,,35.50,0.23,0.56
58798,1599,1618,1.004,31.71,0.19,,,,,,,,,,31.71,0.19,0.55
58808,10504,10401,1.027,35.79,0.27,35.79,0.26,0.35,35.79,0.27,0.39,35.79,0.28,0.40,,,
58823,7139,7127,1.019,35.19,0.34,35.19,0.32,0.45,35.20,0.34,0.45,35.19,0.34,0.44,,,
58827,1044,862,1.002,31.00,0.29,31.00,0.28,0.53,31.01,0.29,0.53,31.00,0.29,0.53,,,
58858,9626,9341,1.025,34.15,0.20,34.15,0.19,0.37,34.15,0.20,0.39,34.14,0.20,0.40,,,
58864,1381,1101,1.003,31.35,0.37,,,,,,,,,,31.35,0.37,0.66
58888,4612,4446,1.012,33.26,0.30,33.27,0.29,0.56,33.26,0.30,0.58,33.24,0.30,0.58,,,
58891,1528,1249,1.003,31.92,0.40,,,,,,,,,,31.92,0.40,0.63
58906,6156,5893,1.016,34.27,0.20,,,,,,,,,,34.27,0.20,0.48
58907,9479,9356,1.025,35.83,0.46,35.83,0.44,0.44,35.84,0.46,0.44,35.82,0.47,0.43,,,
58909,9541,9377,1.025,35.16,0.23,35.15,0.22,0.46,35.16,0.23,0.46,35.16,0.23,0.45,,,
58937,7673,7623,1.020,35.56,0.18,,,,,,,,,,35.56,0.18,0.48
58960,5953,5686,1.015,34.34,0.17,34.31,0.17,0.35,34.34,0.17,0.39,34.38,0.17,0.40,34.51,0.17,0.48
58967,9493,9313,1.025,35.16,0.23,35.15,0.23,0.35,35.16,0.23,0.39,35.17,0.24,0.40,,,
58970,9480,9301,1.024,35.51,0.23,35.51,0.22,0.35,35.51,0.23,0.39,35.50,0.23,0.40,,,
58973,5492,5235,1.014,34.23,0.24,,,,,,,,,,34.23,0.24,0.48
58974,6701,6826,1.018,34.81,0.16,,,,,,,,,,34.81,0.16,0.48
58975,9237,9035,1.024,34.90,0.20,34.87,0.19,0.38,34.90,0.20,0.39,34.92,0.20,0.40,,,
58981,9120,8917,1.023,36.08,0.20,36.08,0.19,0.35,36.07,0.20,0.39,36.08,0.20,0.40,,,
58985,667,901,1.002,28.86,0.34,,,,,,,,,,28.86,0.34,0.66
58989,2745,2622,1.007,33.07,0.40,33.06,0.39,0.56,33.07,0.40,0.60,33.07,0.41,0.59,,,
59007,10409,10262,1.027,35.90,0.20,35.89,0.20,0.35,35.91,0.20,0.39,35.91,0.21,0.40,,,
59023,4773,4504,1.012,33.15,0.30,33.14,0.28,0.46,33.15,0.30,0.47,33.15,0.30,0.46,,,
59025,1615,1601,1.004,32.75,0.37,,,,,,,,,,32.75,0.37,0.65
59026,9220,9083,1.024,35.84,0.28,35.83,0.27,0.35,35.83,0.28,0.39,35.84,0.29,0.40,,,
59039,9324,9135,1.024,34.92,0.22,34.89,0.21,0.35,34.92,0.22,0.39,34.95,0.22,0.40,,,
59043,4806,4526,1.012,34.15,0.22,,,,,,,,,,34.15,0.22,0.49
59077,5565,5311,1.014,34.34,0.25,,,,,,,,,,34.34,0.25,0.49
59081,9791,9717,1.026,35.18,0.16,,,,,,,,,,35.18,0.16,0.48
59083,1150,933,1.002,31.84,0.20,31.83,0.19,0.51,31.84,0.20,0.52,31.84,0.20,0.51,31.70,0.21,0.61
59118,11302,11157,1.029,35.85,0.23,35.84,0.22,0.35,35.86,0.23,0.39,35.86,0.23,0.40,,,
59132,2833,2697,1.007,33.29,0.23,33.29,0.23,0.56,33.28,0.23,0.60,33.30,0.24,0.59,,,
59137,4123,3841,1.010,33.46,0.35,,,,,,,,,,33.46,0.35,0.62
59173,9077,8830,1.023,35.23,0.16,35.22,0.15,0.35,35.23,0.16,0.39,35.23,0.16,0.40,,,
59175,1311,1544,1.004,30.13,0.30,,,,,,,,,,30.13,0.30,0.52
59188,4500,4207,1.011,34.33,0.20,34.32,0.20,0.51,34.33,0.20,0.52,34.34,0.20,0.51,,,
59223,10485,10320,1.027,35.59,0.27,35.58,0.26,0.35,35.59,0.27,0.39,35.59,0.28,0.40,,,
59228,12195,12106,1.032,35.81,0.32,,,,,,,,,,35.81,0.32,0.50
59235,5888,5608,1.015,34.53,0.39,,,,,,,,,,34.53,0.39,0.60
59237,9657,9456,1.025,35.51,0.19,35.50,0.19,0.35,35.51,0.19,0.39,35.51,0.20,0.40,,,
59244,1119,915,1.002,31.29,0.26,31.28,0.25,0.56,31.29,0.26,0.59,31.30,0.26,0.58,31.28,0.28,0.65
59250,10833,10687,1.028,35.81,0.20,35.80,0.19,0.35,35.81,0.20,0.39,35.82,0.20,0.40,,,
59255,5246,4977,1.013,34.47,0.43,,,,,,,,,,34.47,0.43,0.66
59269,5586,5325,1.014,34.48,0.35,,,,,,,,,,34.48,0.35,0.63
59276,9706,9506,1.025,35.88,0.22,35.88,0.21,0.35,35.89,0.22,0.39,35.88,0.22,0.40,,,
59280,8926,8664,1.023,35.59,0.23,,,,,,,,,,35.59,0.23,0.48
59301,18580,18392,1.048,37.34,0.19,37.34,0.18,0.35,37.32,0.19,0.39,37.37,0.19,0.40,,,
59305,7472,7229,1.019,34.67,0.14,34.66,0.14,0.35,34.67,0.14,0.39,34.67,0.15,0.40,,,
59310,2251,2034,1.005,32.65,0.22,32.65,0.22,0.56,32.64,0.22,0.60,32.65,0.23,0.59,,,
59376,10023,9839,1.026,35.50,0.23,35.51,0.23,0.35,35.50,0.23,0.39,35.49,0.24,0.40,,,
59451,10238,10149,1.027,36.13,0.31,,,,,,,,,,36.13,0.31,0.48
59460,8701,8468,1.022,35.07,0.18,35.06,0.17,0.35,35.07,0.18,0.39,35.09,0.18,0.40,,,
59498,3664,3382,1.009,33.76,0.23,33.76,0.22,0.44,33.77,0.23,0.44,33.77,0.23,0.43,,,
59508,9294,9031,1.024,36.04,0.23,,,,,,,,,,36.04,0.23,0.48
59516,5501,5220,1.014,34.24,0.39,34.26,0.37,0.53,34.25,0.39,0.53,34.23,0.40,0.53,34.26,0.43,0.62
59522,10069,9820,1.026,35.65,0.18,35.64,0.18,0.35,35.65,0.18,0.39,35.65,0.18,0.40,35.86,0.18,0.48
59527,10671,10565,1.028,35.50,0.19,,,,,,,,,,35.50,0.19,0.48
59551,1328,1032,1.003,32.13,0.18,32.13,0.18,0.54,32.13,0.18,0.55,32.12,0.18,0.54,,,
59557,9770,9644,1.025,35.22,0.17,35.19,0.17,0.35,35.22,0.17,0.39,35.24,0.18,0.40,,,
59582,9493,9320,1.025,35.16,0.15,35.15,0.14,0.35,35.16,0.15,0.39,35.16,0.15,0.40,35.19,0.14,0.48
59595,9635,9513,1.025,35.55,0.32,35.54,0.30,0.39,35.56,0.32,0.39,35.55,0.32,0.40,,,
59634,8548,8300,1.022,35.02,0.18,35.02,0.18,0.35,35.03,0.18,0.39,35.03,0.19,0.40,35.17,0.19,0.48
59635,1327,1553,1.004,31.58,0.26,,,,,,,,,,31.58,0.26,0.63
59650,9697,9492,1.025,35.06,0.14,35.05,0.14,0.35,35.07,0.14,0.39,35.07,0.14,0.40,35.39,0.13,0.48
59657,9882,9675,1.025,35.59,0.19,35.57,0.18,0.35,35.59,0.19,0.39,35.59,0.19,0.40,,,
59662,3670,3382,1.009,33.86,0.20,33.85,0.20,0.35,33.86,0.20,0.39,33.87,0.21,0.40,34.05,0.21,0.48
59668,749,452,1.001,31.04,0.52,,,,,,,,,,31.04,0.52,0.66
59676,3094,2905,1.008,33.06,0.20,33.06,0.19,0.46,33.06,0.20,0.46,33.06,0.20,0.45,,,
59681,8583,8335,1.022,35.07,0.24,35.06,0.24,0.35,35.07,0.24,0.39,35.08,0.25,0.40,35.22,0.26,0.48
59688,6829,6737,1.018,34.46,0.32,,,,,,,,,,34.46,0.32,0.53
59703,10288,10169,1.027,36.02,0.24,36.02,0.23,0.35,36.02,0.24,0.39,36.03,0.24,0.40,,,
59706,9347,9132,1.024,34.76,0.15,34.74,0.15,0.44,34.76,0.15,0.44,34.77,0.15,0.43,,,
59732,9084,8864,1.023,35.42,0.19,35.41,0.18,0.35,35.42,0.19,0.39,35.43,0.19,0.40,,,
59737,4644,4865,1.013,33.03,0.23,,,,,,,,,,33.03,0.23,0.60
59739,7503,7235,1.019,34.97,0.18,,,,,,,,,,34.97,0.18,0.48
59769,6816,6709,1.018,35.09,0.16,,,,,,,,,,35.09,0.16,0.48
59782,2684,2566,1.007,31.71,0.26,,,,,,,,,,31.71,0.26,0.63
59783,1462,1161,1.003,32.57,0.25,32.57,0.24,0.51,32.57,0.25,0.52,32.56,0.26,0.51,,,
59834,7829,7597,1.020,34.32,0.30,34.31,0.29,0.51,34.32,0.30,0.51,34.33,0.30,0.51,,,
59884,2723,2988,1.008,32.25,0.29,,,,,,,,,,32.25,0.29,0.48
59959,2726,2991,1.008,33.50,0.39,,,,,,,,,,33.50,0.39,0.53
59961,8907,8687,1.023,35.19,0.21,35.19,0.21,0.35,35.19,0.21,0.39,35.20,0.22,0.40,,,
59987,7127,7005,1.018,34.39,0.17,,,,,,,,,,34.39,0.17,0.48
59995,6857,6730,1.018,34.83,0.23,,,,,,,,,,34.83,0.23,0.51
60001,929,1146,1.003,30.19,0.30,,,,,,,,,,30.19,0.30,0.49
60003,2332,2072,1.005,32.24,0.36,32.24,0.34,0.50,32.25,0.36,0.51,32.24,0.36,0.50,32.23,0.40,0.60
60044,4194,3893,1.010,34.79,0.34,34.79,0.33,0.54,34.79,0.34,0.55,34.79,0.35,0.55,,,
60045,4071,3770,1.010,33.50,0.14,33.49,0.13,0.35,33.50,0.14,0.39,33.50,0.14,0.40,33.22,0.12,0.48
60052,1171,886,1.002,31.04,0.26,,,,,,,,,,31.04,0.26,0.66
60053,10715,10576,1.028,35.22,0.20,35.20,0.19,0.35,35.22,0.20,0.39,35.23,0.20,0.40,,,
60058,4760,4522,1.012,34.36,0.28,34.35,0.27,0.55,34.36,0.28,0.55,34.36,0.28,0.55,,,
60078,6542,6389,1.017,34.74,0.51,,,,,,,,,,34.74,0.51,0.59
60086,6297,6119,1.016,34.40,0.27,,,,,,,,,,34.40,0.27,0.48
60113,9726,9456,1.025,35.76,0.17,35.76,0.17,0.35,35.75,0.17,0.39,35.76,0.17,0.40,,,
60124,1510,1202,1.003,30.80,0.61,,,,,,,,,,30.80,0.61,0.66
60167,7433,7258,1.019,35.04,0.25,,,,,,,,,,35.04,0.25,0.56
60180,9281,9113,1.024,35.10,0.24,,,,,,,,,,35.10,0.24,0.48
60203,4927,4700,1.012,34.34,0.23,34.32,0.23,0.35,34.34,0.23,0.39,34.34,0.24,0.40,,,
60207,5362,5073,1.013,34.47,0.21,,,,,,,,,,34.47,0.21,0.49
60216,2693,2888,1.008,32.34,0.27,,,,,,,,,,32.34,0.27,0.61
60220,3572,3266,1.009,33.73,0.34,33.73,0.33,0.51,33.74,0.34,0.51,33.73,0.35,0.50,,,
60232,6337,6132,1.016,35.03,0.26,,,,,,,,,,35.03,0.26,0.53
60234,4732,4981,1.013,33.67,0.23,,,,,,,,,,33.67,0.23,0.48
60238,8345,8122,1.021,35.04,0.23,35.02,0.22,0.35,35.04,0.23,0.39,35.05,0.23,0.40,,,
60241,3073,2768,1.007,33.54,0.33,33.54,0.32,0.56,33.54,0.33,0.59,33.54,0.34,0.59,,,
60271,5690,5382,1.014,34.50,0.25,34.48,0.25,0.56,34.50,0.25,0.58,34.52,0.26,0.57,,,
60277,2098,1789,1.005,32.45,0.24,32.44,0.23,0.56,32.44,0.24,0.60,32.47,0.24,0.59,,,
60286,2916,2747,1.007,32.41,0.34,,,,,,,,,,32.41,0.34,0.66
60291,1424,1112,1.003,31.71,0.25,31.71,0.24,0.56,31.71,0.25,0.57,31.71,0.25,0.56,31.65,0.27,0.64
60315,2904,2732,1.007,32.83,0.21,,,,,,,,,,32.83,0.21,0.48
60317,3306,2995,1.008,32.66,0.43,32.65,0.41,0.56,32.66,0.43,0.60,32.67,0.43,0.59,,,
60321,3494,3184,1.008,33.57,0.28,33.55,0.27,0.43,33.57,0.28,0.43,33.58,0.29,0.42,,,
60330,4945,4711,1.012,33.43,0.26,33.41,0.25,0.37,33.43,0.26,0.39,33.44,0.27,0.40,33.33,0.29,0.52
60356,3441,3130,1.008,33.37,0.25,33.37,0.25,0.50,33.37,0.25,0.50,33.37,0.26,0.49,,,
60369,2194,1881,1.005,33.01,0.49,,,,,,,,,,33.01,0.49,0.66
60370,7001,6753,1.018,34.80,0.17,34.78,0.16,0.53,34.81,0.17,0.53,34.82,0.17,0.53,,,
60376,8889,8725,1.023,35.64,0.21,35.64,0.20,0.35,35.65,0.21,0.39,35.64,0.21,0.40,,,
60434,8746,8431,1.022,34.92,0.26,34.93,0.25,0.40,34.93,0.26,0.41,34.92,0.27,0.40,34.90,0.29,0.54
60443,8748,8433,1.022,34.91,0.21,34.90,0.21,0.44,34.91,0.21,0.44,34.91,0.22,0.44,35.00,0.22,0.56
60459,1791,1627,1.004,31.62,0.26,31.61,0.25,0.35,31.63,0.26,0.39,31.63,0.26,0.40,31.66,0.28,0.48
60475,7108,6858,1.018,34.65,0.35,34.64,0.33,0.53,34.65,0.35,0.53,34.65,0.35,0.52,,,
60498,3403,3177,1.008,33.38,0.37,,,,,,,,,,33.38,0.37,0.60
60512,3672,3355,1.009,33.48,0.35,33.48,0.34,0.56,33.48,0.35,0.59,33.47,0.36,0.58,,,
60514,7828,7582,1.020,34.98,0.24,34.97,0.23,0.39,34.98,0.24,0.39,34.98,0.24,0.40,,,
60546,9499,9299,1.024,35.68,0.24,,,,,,,,,,35.68,0.24,0.50
60568,2399,2101,1.006,33.14,0.30,,,,,,,,,,33.14,0.30,0.59
60573,2752,2433,1.006,32.91,0.23,,,,,,,,,,32.91,0.23,0.53
60584,6491,6169,1.016,35.19,0.21,35.18,0.21,0.50,35.19,0.21,0.50,35.20,0.21,0.50,,,
60627,7314,7073,1.019,34.68,0.17,34.67,0.17,0.35,34.68,0.17,0.39,34.68,0.18,0.40,,,
60648,2185,2463,1.007,32.52,0.37,,,,,,,,,,32.52,0.37,0.50
60695,6596,6270,1.017,34.16,0.33,34.15,0.32,0.40,34.16,0.33,0.40,34.16,0.33,0.40,,,
60722,6908,6740,1.018,34.37,0.16,,,,,,,,,,34.37,0.16,0.48
60766,7744,7445,1.020,34.74,0.16,,,,,,,,,,34.74,0.16,0.48
60773,8331,8003,1.021,34.72,0.23,34.71,0.22,0.40,34.73,0.23,0.41,34.73,0.23,0.40,,,
60805,3224,2982,1.008,33.16,0.17,,,,,,,,,,33.16,0.17,0.52
60831,4855,4581,1.012,33.84,0.17,33.82,0.16,0.35,33.84,0.17,0.39,33.86,0.17,0.40,,,
60838,7333,7004,1.018,35.07,0.25,35.06,0.24,0.35,35.07,0.25,0.39,35.07,0.25,0.40,,,
60864,11048,10837,1.028,35.83,0.21,,,,,,,,,,35.83,0.21,0.48
60873,7277,7043,1.019,35.29,0.36,35.29,0.34,0.36,35.30,0.36,0.39,35.29,0.36,0.40,,,
60894,6588,6362,1.017,35.02,0.26,,,,,,,,,,35.02,0.26,0.52
60896,7033,6702,1.018,34.19,0.17,34.18,0.17,0.35,34.19,0.17,0.39,34.20,0.17,0.40,,,
60920,1603,1295,1.003,31.83,0.30,,,,,,,,,,31.83,0.30,0.66
60921,296,-35,1.000,29.03,0.23,,,,,,,,,,29.03,0.23,0.61
60925,3553,3292,1.009,33.35,0.28,,,,,,,,,,33.35,0.28,0.53
60957,4383,4146,1.011,33.61,0.22,33.61,0.21,0.41,33.62,0.22,0.41,33.62,0.22,0.40,,,
60972,3218,2967,1.008,33.61,0.30,,,,,,,,,,33.61,0.30,0.53
60975,4233,3993,1.011,33.44,0.21,33.44,0.21,0.48,33.44,0.21,0.48,33.43,0.22,0.47,,,
61008,3315,3035,1.008,33.58,0.25,33.56,0.24,0.35,33.58,0.25,0.39,33.59,0.25,0.40,,,
61017,6708,6414,1.017,34.70,0.16,,,,,,,,,,34.70,0.16,0.58
61036,5403,5107,1.014,34.39,0.22,,,,,,,,,,34.39,0.22,0.48
61052,3408,3125,1.008,32.51,0.28,32.52,0.27,0.56,32.51,0.28,0.58,32.51,0.28,0.57,,,
61058,3716,3375,1.009,33.84,0.23,33.84,0.22,0.53,33.83,0.23,0.54,33.84,0.23,0.53,,,
61082,1879,1684,1.004,31.76,0.22,,,,,,,,,,31.76,0.22,0.66
61092,5109,4794,1.013,33.32,0.21,,,,,,,,,,33.32,0.21,0.48
61120,5094,4778,1.013,34.21,0.22,,,,,,,,,,34.21,0.22,0.58
61155,4983,4669,1.012,33.99,0.42,,,,,,,,,,33.99,0.42,0.50
61161,3112,2868,1.008,32.92,0.45,,,,,,,,,,32.92,0.45,0.59
61164,4879,4577,1.012,33.86,0.18,,,,,,,,,,33.86,0.18,0.48
61165,3031,2787,1.007,32.16,0.21,,,,,,,,,,32.16,0.21,0.56
61169,3072,2830,1.008,32.19,0.45,,,,,,,,,,32.19,0.45,0.66
61207,7790,7469,1.020,35.30,0.22,,,,,,,,,,35.30,0.22,0.48
61210,6585,6344,1.017,34.47,0.21,34.45,0.20,0.35,34.47,0.21,0.39,34.48,0.21,0.40,,,
61214,2042,1816,1.005,32.31,0.28,,,,,,,,,,32.31,0.28,0.63
61220,5755,5407,1.014,34.35,0.21,,,,,,,,,,34.35,0.21,0.51
61223,2659,2813,1.007,32.43,0.36,,,,,,,,,,32.43,0.36,0.65
61254,5112,4770,1.013,34.00,0.33,34.03,0.32,0.51,34.01,0.33,0.51,33.97,0.34,0.50,,,
61264,2593,2743,1.007,32.52,0.18,,,,,,,,,,32.52,0.18,0.59
61269,7453,7127,1.019,35.55,0.35,,,,,,,,,,35.55,0.35,0.52
61276,3966,3622,1.010,33.38,0.26,,,,,,,,,,33.38,0.26,0.59
61300,2110,1879,1.005,31.67,0.19,,,,,,,,,,31.67,0.19,0.56
61315,4156,4343,1.011,33.85,0.23,,,,,,,,,,33.85,0.23,0.48
61326,6116,5769,1.015,34.43,0.27,34.43,0.26,0.50,34.43,0.27,0.50,34.43,0.27,0.49,,,
61327,6720,6403,1.017,34.77,0.26,,,,,,,,,,34.77,0.26,0.52
61353,1947,1710,1.005,31.95,0.21,,,,,,,,,,31.95,0.21,0.64
61372,6982,6690,1.018,35.05,0.29,,,,,,,,,,35.05,0.29,0.58
61381,7305,6952,1.018,34.80,0.27,34.77,0.26,0.35,34.81,0.27,0.39,34.83,0.27,0.40,,,
61399,6895,6606,1.017,34.17,0.21,,,,,,,,,,34.17,0.21,0.48
61402,7485,7151,1.019,34.60,0.28,,,,,,,,,,34.60,0.28,0.53
61420,2444,2146,1.006,32.28,0.47,,,,,,,,,,32.28,0.47,0.66
61444,6340,5985,1.016,34.13,0.32,34.13,0.31,0.53,34.13,0.32,0.53,34.12,0.33,0.53,34.01,0.35,0.62
61449,5021,4703,1.012,34.88,0.29,,,,,,,,,,34.88,0.29,0.60
61469,3086,2737,1.007,33.42,0.18,,,,,,,,,,33.42,0.18,0.54
61487,1937,1712,1.005,31.37,0.28,,,,,,,,,,31.37,0.28,0.65
61491,8630,8294,1.022,34.72,0.47,,,,,,,,,,34.72,0.47,0.55
61495,6609,6364,1.017,34.53,0.31,,,,,,,,,,34.53,0.31,0.59
61512,2467,2184,1.006,32.06,0.23,,,,,,,,,,32.06,0.23,0.58
61515,3069,2716,1.007,33.56,0.17,,,,,,,,,,33.56,0.17,0.61
61526,4727,4403,1.012,34.20,0.23,,,,,,,,,,34.20,0.23,0.51
61542,2222,2358,1.006,32.02,0.32,,,,,,,,,,32.02,0.32,0.64
61546,7158,6824,1.018,35.25,0.16,,,,,,,,,,35.25,0.16,0.48
61553,3080,2724,1.007,32.53,0.20,,,,,,,,,,32.53,0.20,0.57
61558,2928,2626,1.007,31.25,0.32,,,,,,,,,,31.25,0.32,0.66
61583,4849,4512,1.012,33.65,0.26,,,,,,,,,,33.65,0.26,0.61
61600,3344,3031,1.008,32.81,0.27,,,,,,,,,,32.81,0.27,0.58
61613,6993,6630,1.018,35.21,0.38,,,,,,,,,,35.21,0.38,0.55
61614,7106,6738,1.018,35.05,0.21,,,,,,,,,,35.05,0.21,0.48
61637,4541,4173,1.011,33.96,0.34,,,,,,,,,,33.96,0.34,0.61
61647,2631,2758,1.007,33.01,0.28,,,,,,,,,,33.01,0.28,0.56
61666,5816,5446,1.014,34.24,0.22,,,,,,,,,,34.24,0.22,0.52
61690,5486,5171,1.014,33.90,0.27,,,,,,,,,,33.90,0.27,0.57
61698,4968,4628,1.012,33.96,0.24,,,,,,,,,,33.96,0.24,0.48
61712,3420,3522,1.009,32.34,0.38,,,,,,,,,,32.34,0.38,0.62
61722,4723,4415,1.012,34.65,0.21,,,,,,,,,,34.65,0.21,0.48
61742,1755,1411,1.004,31.36,0.25,,,,,,,,,,31.36,0.25,0.50
61755,6636,6724,1.018,34.95,0.19,,,,,,,,,,34.95,0.19,0.48
61777,4983,4651,1.012,33.92,0.28,33.92,0.27,0.55,33.92,0.28,0.57,33.91,0.29,0.56,,,
61799,6968,6967,1.018,34.17,0.23,,,,,,,,,,34.17,0.23,0.50
61816,4094,3721,1.010,33.40,0.27,,,,,,,,,,33.40,0.27,0.61
61824,7402,7034,1.019,34.87,0.20,34.85,0.19,0.35,34.87,0.20,0.39,34.88,0.20,0.40,34.98,0.20,0.48
61836,6036,5682,1.015,34.07,0.22,,,,,,,,,,34.07,0.22,0.48
61861,3136,2775,1.007,33.32,0.46,,,,,,,,,,33.32,0.46,0.66
61892,5552,5199,1.014,34.60,0.25,,,,,,,,,,34.60,0.25,0.52
61907,4555,4207,1.011,33.62,0.30,33.62,0.28,0.55,33.62,0.30,0.56,33.63,0.30,0.56,,,
61908,5113,4725,1.013,33.68,0.42,,,,,,,,,,33.68,0.42,0.66
61912,10684,10357,1.027,35.64,0.18,,,,,,,,,,35.64,0.18,0.48
61913,7069,6693,1.018,35.19,0.29,,,,,,,,,,35.19,0.29,0.48
61936,10001,9613,1.025,35.22,0.18,,,,,,,,,,35.22,0.18,0.48
61942,5230,4859,1.013,33.76,0.19,,,,,,,,,,33.76,0.19,0.62
61970,5826,5436,1.014,35.00,0.23,34.97,0.23,0.39,34.99,0.23,0.40,35.02,0.24,0.40,,,
61994,5233,4857,1.013,33.99,0.33,,,,,,,,,,33.99,0.33,0.59
62017,2639,2290,1.006,32.70,0.30,,,,,,,,,,32.70,0.30,0.66
62037,5702,5320,1.014,35.06,0.21,,,,,,,,,,35.06,0.21,0.48
62059,5729,5347,1.014,34.51,0.20,,,,,,,,,,34.51,0.20,0.48
62066,2098,2205,1.006,31.46,0.20,,,,,,,,,,31.46,0.20,0.54
62077,767,403,1.001,30.49,0.32,,,,,,,,,,30.49,0.32,0.64
62097,4215,3852,1.010,33.62,0.24,,,,,,,,,,33.62,0.24,0.51
62104,3146,2763,1.007,32.58,0.38,,,,,,,,,,32.58,0.38,0.65
62119,6750,6777,1.018,34.19,0.31,,,,,,,,,,34.19,0.31,0.48
62123,3660,3337,1.009,32.95,0.17,,,,,,,,,,32.95,0.17,0.59
62143,6056,5698,1.015,34.34,0.20,34.32,0.19,0.35,34.34,0.20,0.39,34.35,0.20,0.40,,,
62162,3385,3005,1.008,32.63,0.18,,,,,,,,,,32.63,0.18,0.63
62164,4712,4360,1.012,33.98,0.16,,,,,,,,,,33.98,0.16,0.48
62178,3663,3287,1.009,33.25,0.25,,,,,,,,,,33.25,0.25,0.48
62185,6459,6061,1.016,35.39,0.17,,,,,,,,,,35.39,0.17,0.48
62204,4838,4480,1.012,34.78,0.23,,,,,,,,,,34.78,0.23,0.60
62205,6920,6519,1.017,34.87,0.16,,,,,,,,,,34.87,0.16,0.48
62207,1860,1502,1.004,31.33,0.15,,,,,,,,,,31.33,0.15,0.65
62229,4258,3881,1.010,34.07,0.21,,,,,,,,,,34.07,0.21,0.48
62230,4790,4412,1.012,34.41,0.23,,,,,,,,,,34.41,0.23,0.62
62231,5044,4668,1.012,34.14,0.19,,,,,,,,,,34.14,0.19,0.48
62247,2635,2229,1.006,33.01,0.31,,,,,,,,,,33.01,0.31,0.64
62248,5925,5523,1.015,34.88,0.24,,,,,,,,,,34.88,0.24,0.57
62249,4339,3964,1.010,33.73,0.28,,,,,,,,,,33.73,0.28,0.58
62296,5766,5359,1.014,34.60,0.20,34.59,0.20,0.35,34.60,0.20,0.39,34.60,0.20,0.40,,,
62301,6100,5693,1.015,34.85,0.23,,,,,,,,,,34.85,0.23,0.51
62336,4877,4490,1.012,34.82,0.84,,,,,,,,,,34.82,0.84,0.61
62338,4068,3684,1.010,33.65,0.13,,,,,,,,,,33.65,0.13,0.48
62376,4841,4437,1.012,34.35,0.31,,,,,,,,,,34.35,0.31,0.48
62380,4933,4549,1.012,34.20,0.26,,,,,,,,,,34.20,0.26,0.48
62381,4322,4467,1.012,33.42,0.38,,,,,,,,,,33.42,0.38,0.56
62428,4390,4515,1.012,33.88,0.42,,,,,,,,,,33.88,0.42,0.48
62429,4589,4202,1.011,34.11,0.20,,,,,,,,,,34.11,0.20,0.48
62432,2460,2044,1.005,33.39,0.38,,,,,,,,,,33.39,0.38,0.65
62463,5207,5227,1.014,34.30,0.18,,,,,,,,,,34.30,0.18,0.48
62501,8964,8556,1.023,35.86,0.24,,,,,,,,,,35.86,0.24,0.48
62509,3995,3591,1.010,33.80,0.22,,,,,,,,,,33.80,0.22,0.50
62514,8562,8395,1.022,34.92,0.17,,,,,,,,,,34.92,0.17,0.48
62518,7737,7370,1.019,34.92,0.21,,,,,,,,,,34.92,0.21,0.50
62522,3219,2802,1.007,32.28,0.21,,,,,,,,,,32.28,0.21,0.65
62528,3511,3604,1.010,33.37,0.24,,,,,,,,,,33.37,0.24,0.48
62548,4562,4158,1.011,34.05,0.22,,,,,,,,,,34.05,0.22,0.52
62550,5853,5762,1.015,33.89,0.20,,,,,,,,,,33.89,0.20,0.48
62563,2623,2673,1.007,32.44,0.30,,,,,,,,,,32.44,0.30,0.55
62585,4902,4871,1.013,33.67,0.20,,,,,,,,,,33.67,0.20,0.48
62593,4655,4245,1.011,32.97,0.30,,,,,,,,,,32.97,0.30,0.59
62595,3148,2721,1.007,32.54,0.19,,,,,,,,,,32.54,0.19,0.56
62645,6914,6782,1.018,34.90,0.25,,,,,,,,,,34.90,0.25,0.48
62651,3346,2946,1.008,33.21,0.32,33.19,0.31,0.38,33.22,0.32,0.39,33.22,0.32,0.40,,,
62666,2002,1655,1.004,32.33,0.37,32.34,0.35,0.56,32.33,0.37,0.60,32.31,0.37,0.59,,,
62671,3987,3571,1.009,33.09,0.35,,,,,,,,,,33.09,0.35,0.56
62678,8348,7918,1.021,34.98,0.25,,,,,,,,,,34.98,0.25,0.48
62706,3065,3124,1.008,32.67,0.26,,,,,,,,,,32.67,0.26,0.58
62717,4480,4053,1.011,33.90,0.18,,,,,,,,,,33.90,0.18,0.49
62718,8337,7903,1.021,35.54,0.23,,,,,,,,,,35.54,0.23,0.48
62725,4792,4356,1.012,34.42,0.22,,,,,,,,,,34.42,0.22,0.48
62748,6651,6213,1.016,34.72,0.18,,,,,,,,,,34.72,0.18,0.48
62773,5838,5622,1.015,34.07,0.13,,,,,,,,,,34.07,0.13,0.48
62781,4175,3739,1.010,33.14,0.24,,,,,,,,,,33.14,0.24,0.48
62782,1711,1791,1.005,31.69,0.24,,,,,,,,,,31.69,0.24,0.65
62806,2706,2266,1.006,31.74,0.33,,,,,,,,,,31.74,0.33,0.56
62830,2589,2631,1.007,31.97,0.21,,,,,,,,,,31.97,0.21,0.62
62836,691,802,1.002,29.76,0.42,,,,,,,,,,29.76,0.42,0.48
62838,5311,4863,1.013,34.79,0.22,,,,,,,,,,34.79,0.22,0.48
62845,7733,7310,1.019,34.89,0.18,,,,,,,,,,34.89,0.18,0.48
62860,8631,8181,1.022,35.28,0.20,35.27,0.19,0.35,35.28,0.20,0.39,35.28,0.20,0.40,35.48,0.21,0.48
62861,5547,5504,1.015,33.90,0.21,,,,,,,,,,33.90,0.21,0.49
62871,3149,3155,1.008,32.97,0.25,,,,,,,,,,32.97,0.25,0.48
62882,8288,8071,1.021,35.40,0.21,,,,,,,,,,35.40,0.21,0.48
62889,5757,5618,1.015,34.27,0.16,,,,,,,,,,34.27,0.16,0.48
62944,4234,3785,1.010,33.40,0.34,,,,,,,,,,33.40,0.34,0.62
62961,7223,6971,1.018,34.88,0.19,,,,,,,,,,34.88,0.19,0.48
62982,4943,4487,1.012,33.82,0.24,,,,,,,,,,33.82,0.24,0.57
62985,4333,3951,1.010,33.62,0.22,,,,,,,,,,33.62,0.22,0.58
63004,5810,5417,1.014,33.87,0.36,,,,,,,,,,33.87,0.36,0.61
63017,7486,7313,1.019,35.39,0.16,,,,,,,,,,35.39,0.16,0.48
63040,4729,4269,1.011,33.53,0.26,,,,,,,,,,33.53,0.26,0.51
63046,6644,6404,1.017,34.48,0.28,,,,,,,,,,34.48,0.28,0.56
63096,4928,4464,1.012,33.92,0.23,,,,,,,,,,33.92,0.23,0.48
63103,6408,6231,1.016,34.41,0.29,,,,,,,,,,34.41,0.29,0.58
63121,2487,2056,1.005,32.77,0.15,,,,,,,,,,32.77,0.15,0.48
63128,6910,6486,1.017,34.71,0.27,34.71,0.26,0.44,34.71,0.27,0.44,34.71,0.27,0.43,34.69,0.29,0.56
63165,4715,4247,1.011,33.65,0.28,,,,,,,,,,33.65,0.28,0.58
63173,5406,5272,1.014,34.03,0.18,,,,,,,,,,34.03,0.18,0.51
63195,4239,3911,1.010,33.96,0.22,,,,,,,,,,33.96,0.22,0.54
63212,4288,3825,1.010,33.72,0.30,,,,,,,,,,33.72,0.30,0.56
63229,4663,4208,1.011,33.22,0.28,,,,,,,,,,33.22,0.28,0.54
63264,4368,4442,1.012,33.35,0.29,,,,,,,,,,33.35,0.29,0.56
63286,5678,5285,1.014,34.06,0.14,,,,,,,,,,34.06,0.14,0.48
63302,4970,5083,1.013,34.06,0.28,,,,,,,,,,34.06,0.28,0.50
63307,4929,4450,1.012,34.22,0.32,34.20,0.31,0.35,34.22,0.32,0.39,34.22,0.32,0.40,,,
63308,8515,8042,1.021,35.23,0.16,,,,,,,,,,35.23,0.16,0.48
63311,4150,3690,1.010,33.15,0.29,,,,,,,,,,33.15,0.29,0.49
63328,4760,4280,1.011,33.84,0.41,33.82,0.39,0.35,33.85,0.41,0.39,33.84,0.41,0.40,,,
63347,5658,5265,1.014,34.29,0.27,,,,,,,,,,34.29,0.27,0.49
63348,4882,4400,1.012,34.33,0.18,34.34,0.18,0.35,34.33,0.18,0.39,34.31,0.19,0.40,,,
63374,2757,2292,1.006,33.18,0.49,,,,,,,,,,33.18,0.49,0.66
63395,1811,1847,1.005,32.22,0.29,,,,,,,,,,32.22,0.29,0.61
63407,4003,4098,1.011,33.77,0.24,,,,,,,,,,33.77,0.24,0.53
63424,3411,2924,1.008,33.19,0.26,,,,,,,,,,33.19,0.26,0.48
63471,3333,2897,1.008,32.72,0.13,,,,,,,,,,32.72,0.13,0.58
63477,6037,5611,1.015,33.83,0.53,,,,,,,,,,33.83,0.53,0.55
63525,5383,5234,1.014,34.34,0.21,,,,,,,,,,34.34,0.21,0.51
63540,6099,5792,1.015,34.29,0.20,,,,,,,,,,34.29,0.20,0.48
63556,1649,1284,1.003,30.35,0.39,,,,,,,,,,30.35,0.39,0.66
63592,5846,5621,1.015,34.40,0.16,,,,,,,,,,34.40,0.16,0.48
63601,8582,8095,1.021,34.65,0.22,,,,,,,,,,34.65,0.22,0.48
63610,9510,9180,1.024,34.34,0.26,,,,,,,,,,34.34,0.26,0.51
63622,5764,5596,1.015,34.42,0.17,,,,,,,,,,34.42,0.17,0.50
63629,4946,4450,1.012,33.77,0.28,,,,,,,,,,33.77,0.28,0.51
63630,3386,2953,1.008,33.64,0.41,,,,,,,,,,33.64,0.41,0.57
63635,10351,9978,1.026,35.65,0.34,,,,,,,,,,35.65,0.34,0.48
63655,3556,3099,1.008,33.61,0.41,,,,,,,,,,33.61,0.41,0.62
63664,4018,3551,1.009,32.90,0.18,,,,,,,,,,32.90,0.18,0.59
63682,1827,1526,1.004,31.48,0.31,,,,,,,,,,31.48,0.31,0.65
63683,1607,1130,1.003,32.87,0.39,,,,,,,,,,32.87,0.39,0.65
63697,6019,5590,1.015,34.61,0.17,,,,,,,,,,34.61,0.17,0.48
63704,3378,2932,1.008,33.47,0.25,,,,,,,,,,33.47,0.25,0.57
63706,5990,5545,1.015,34.10,0.37,,,,,,,,,,34.10,0.37,0.53
63712,8190,7703,1.020,34.88,0.27,,,,,,,,,,34.88,0.27,0.48
63751,5976,5776,1.015,34.40,0.22,,,,,,,,,,34.40,0.22,0.50
63766,3867,3397,1.009,33.37,0.32,,,,,,,,,,33.37,0.32,0.52
63776,5913,5658,1.015,34.46,0.22,,,,,,,,,,34.46,0.22,0.58
63786,5504,5047,1.013,34.62,0.20,,,,,,,,,,34.62,0.20,0.48
63797,2023,2053,1.005,31.76,0.49,,,,,,,,,,31.76,0.49,0.57
63800,1741,1393,1.004,28.97,0.23,,,,,,,,,,28.97,0.23,0.66
63819,4728,4747,1.013,33.27,0.29,,,,,,,,,,33.27,0.29,0.60
63840,5671,5516,1.015,34.03,0.24,,,,,,,,,,34.03,0.24,0.48
63861,3469,3016,1.008,33.22,0.20,,,,,,,,,,33.22,0.20,0.48
63900,6468,6258,1.017,33.96,0.28,,,,,,,,,,33.96,0.28,0.50
63950,5973,5763,1.015,34.83,0.19,,,,,,,,,,34.83,0.19,0.48
64016,8183,7742,1.020,35.18,0.17,,,,,,,,,,35.18,0.17,0.48
64026,4226,3735,1.010,33.72,0.18,,,,,,,,,,33.72,0.18,0.48
64058,5455,5291,1.014,33.79,0.21,,,,,,,,,,33.79,0.21,0.48
64060,2326,2008,1.005,32.53,0.26,,,,,,,,,,32.53,0.26,0.62
64065,4679,4189,1.011,33.94,0.18,,,,,,,,,,33.94,0.18,0.48
64083,5730,5260,1.014,34.83,0.28,,,,,,,,,,34.83,0.28,0.52
64121,7640,7173,1.019,34.90,0.26,,,,,,,,,,34.90,0.26,0.54
64137,5879,5408,1.014,33.71,0.31,,,,,,,,,,33.71,0.31,0.56
64147,6988,6745,1.018,34.96,0.19,,,,,,,,,,34.96,0.19,0.48
64162,7591,7120,1.019,34.08,0.24,,,,,,,,,,34.08,0.24,0.51
64169,5656,5177,1.014,34.20,0.28,34.18,0.27,0.52,34.19,0.28,0.52,34.21,0.28,0.51,,,
64188,5763,5647,1.015,33.34,0.38,,,,,,,,,,33.34,0.38,0.59
64219,3122,3042,1.008,32.72,0.57,,,,,,,,,,32.72,0.57,0.66
64227,5643,5472,1.014,34.18,0.34,,,,,,,,,,34.18,0.34,0.55
64237,5489,5015,1.013,33.25,0.22,,,,,,,,,,33.25,0.22,0.56
64240,3088,2987,1.008,32.77,0.28,,,,,,,,,,32.77,0.28,0.55
64276,5292,4798,1.013,34.77,0.29,,,,,,,,,,34.77,0.29,0.48
64282,5913,5444,1.014,34.20,0.33,,,,,,,,,,34.20,0.33,0.53
64312,5945,5461,1.014,34.56,0.27,34.58,0.26,0.35,34.56,0.27,0.39,34.54,0.27,0.40,,,
64318,5670,5225,1.014,34.15,0.13,,,,,,,,,,34.15,0.13,0.48
64352,5759,5274,1.014,34.48,0.22,34.47,0.21,0.49,34.48,0.22,0.49,34.49,0.22,0.49,,,
64358,6061,5876,1.016,34.43,0.32,,,,,,,,,,34.43,0.32,0.54
64373,5807,5435,1.014,34.53,0.18,34.52,0.17,0.35,34.53,0.18,0.39,34.53,0.18,0.40,34.61,0.18,0.48
64377,5696,5258,1.014,34.11,0.18,,,,,,,,,,34.11,0.18,0.53
64385,5778,5410,1.014,34.07,0.30,,,,,,,,,,34.07,0.30,0.49
64410,5999,5811,1.015,34.27,0.23,,,,,,,,,,34.27,0.23,0.48
64425,7223,6743,1.018,34.61,0.25,,,,,,,,,,34.61,0.25,0.57
64427,2619,2575,1.007,32.67,0.19,,,,,,,,,,32.67,0.19,0.48
64429,2581,2407,1.006,32.19,0.31,,,,,,,,,,32.19,0.31,0.66
64432,2979,3132,1.008,32.98,0.21,,,,,,,,,,32.98,0.21,0.63
64434,5660,5203,1.014,33.84,0.42,33.84,0.40,0.51,33.85,0.42,0.51,33.83,0.42,0.51,,,
64448,6183,5911,1.016,34.64,0.22,,,,,,,,,,34.64,0.22,0.53
64451,8241,7772,1.021,34.89,0.28,,,,,,,,,,34.89,0.28,0.54
64458,5607,5150,1.014,33.76,0.13,33.75,0.13,0.35,33.76,0.13,0.39,33.76,0.13,0.40,33.93,0.12,0.48
64485,2786,2337,1.006,33.03,0.31,,,,,,,,,,33.03,0.31,0.48
64488,2606,2434,1.006,32.17,0.28,,,,,,,,,,32.17,0.28,0.63
64494,4977,4482,1.012,31.41,0.70,31.43,0.67,0.56,31.44,0.70,0.60,31.35,0.72,0.59,,,
64506,3191,2890,1.008,33.23,0.29,,,,,,,,,,33.23,0.29,0.56
64511,3438,3100,1.008,32.17,0.56,,,,,,,,,,32.17,0.56,0.66
64513,5886,5497,1.015,33.76,0.38,33.77,0.36,0.44,33.77,0.38,0.44,33.75,0.38,0.43,,,
64534,5803,5402,1.014,34.23,0.20,,,,,,,,,,34.23,0.20,0.48
64549,3130,2874,1.008,34.19,0.44,,,,,,,,,,34.19,0.44,0.62
64552,5008,4516,1.012,34.03,0.16,34.02,0.15,0.35,34.04,0.16,0.39,34.04,0.16,0.40,,,
64553,4004,3540,1.009,33.23,0.29,33.24,0.28,0.55,33.23,0.29,0.56,33.22,0.29,0.56,,,
64563,8092,7587,1.020,35.05,0.28,,,,,,,,,,35.05,0.28,0.48
64569,4937,4437,1.012,33.94,0.32,33.95,0.31,0.54,33.95,0.32,0.55,33.93,0.32,0.54,,,
64577,7365,6860,1.018,34.10,0.44,,,,,,,,,,34.10,0.44,0.56
64579,5761,5517,1.015,33.53,0.25,,,,,,,,,,33.53,0.25,0.57
64592,8751,8225,1.022,34.77,0.42,,,,,,,,,,34.77,0.42,0.55
64600,3409,2917,1.008,33.04,0.30,33.02,0.28,0.35,33.05,0.30,0.39,33.05,0.30,0.40,33.12,0.32,0.48
64601,5077,4583,1.012,33.73,0.19,33.72,0.18,0.35,33.73,0.19,0.39,33.74,0.19,0.40,,,
64605,3105,2834,1.008,32.76,0.33,,,,,,,,,,32.76,0.33,0.59
64613,3201,2911,1.008,33.01,0.36,,,,,,,,,,33.01,0.36,0.59
64626,6220,5819,1.015,34.34,0.36,,,,,,,,,,34.34,0.36,0.55
64627,4776,4259,1.011,33.45,0.18,33.46,0.17,0.49,33.45,0.18,0.50,33.43,0.18,0.49,,,
64629,5205,4707,1.012,33.66,0.20,33.69,0.20,0.50,33.67,0.20,0.50,33.64,0.21,0.49,,,
64637,4767,4249,1.011,33.75,0.13,33.73,0.12,0.35,33.75,0.13,0.39,33.76,0.13,0.40,,,
64638,5101,4603,1.012,33.61,0.13,33.60,0.13,0.35,33.61,0.13,0.39,33.61,0.13,0.40,,,
64647,3510,3159,1.008,33.10,0.49,,,,,,,,,,33.10,0.49,0.66
64649,4149,3676,1.010,33.45,0.40,,,,,,,,,,33.45,0.40,0.65
64660,9891,9661,1.025,36.07,0.49,,,,,,,,,,36.07,0.49,0.48
64679,3760,3286,1.009,33.29,0.50,33.31,0.48,0.56,33.30,0.50,0.58,33.26,0.51,0.58,,,
64690,5780,5541,1.015,34.56,0.22,,,,,,,,,,34.56,0.22,0.59
64697,5837,5396,1.014,35.02,0.25,,,,,,,,,,35.02,0.25,0.52
64724,2203,1967,1.005,31.72,0.43,,,,,,,,,,31.72,0.43,0.66
64742,3307,2813,1.007,33.07,0.31,33.06,0.30,0.54,33.07,0.31,0.55,33.08,0.32,0.55,,,
64759,4460,3943,1.010,33.48,0.12,,,,,,,,,,33.48,0.12,0.48
64781,5012,4495,1.012,33.59,0.15,,,,,,,,,,33.59,0.15,0.53
64783,14068,13529,1.035,36.84,0.36,,,,,,,,,,36.84,0.36,0.48
64798,7750,7220,1.019,35.43,0.28,35.42,0.27,0.44,35.44,0.28,0.45,35.43,0.28,0.44,,,
64812,5832,5370,1.014,33.81,0.20,,,,,,,,,,33.81,0.20,0.56
64821,4194,3706,1.010,33.36,0.28,,,,,,,,,,33.36,0.28,0.60
64825,6160,5838,1.015,33.72,0.43,,,,,,,,,,33.72,0.43,0.64
64856,3974,3429,1.009,33.70,0.40,,,,,,,,,,33.70,0.40,0.59
64857,4606,4096,1.011,33.90,0.21,33.91,0.20,0.50,33.90,0.21,0.51,33.89,0.21,0.50,,,
64862,6091,5621,1.015,34.55,0.20,34.54,0.20,0.35,34.56,0.20,0.39,34.56,0.21,0.40,34.80,0.21,0.48
64870,3087,2851,1.008,33.86,0.40,,,,,,,,,,33.86,0.40,0.59
64874,13634,13100,1.034,36.49,0.25,36.48,0.24,0.35,36.48,0.25,0.39,36.51,0.25,0.40,,,
64884,2879,2620,1.007,33.01,0.20,,,,,,,,,,33.01,0.20,0.48
64891,5548,5065,1.013,34.44,0.19,,,,,,,,,,34.44,0.19,0.48
64942,6120,5709,1.015,34.35,0.28,,,,,,,,,,34.35,0.28,0.57
64947,6210,5917,1.016,34.56,0.31,,,,,,,,,,34.56,0.31,0.58
64948,14368,13821,1.036,36.37,0.24,,,,,,,,,,36.37,0.24,0.48
64980,2824,2572,1.007,32.51,0.14,,,,,,,,,,32.51,0.14,0.48
64991,8372,7840,1.021,35.37,0.19,,,,,,,,,,35.37,0.19,0.48
65003,2643,2469,1.007,31.61,0.50,,,,,,,,,,31.61,0.50,0.66
65007,4216,3726,1.010,33.56,0.16,,,,,,,,,,33.56,0.16,0.53
65022,5966,5520,1.015,34.45,0.15,34.44,0.14,0.35,34.46,0.15,0.39,34.46,0.15,0.40,34.51,0.14,0.48
65052,5495,5022,1.013,34.16,0.15,,,,,,,,,,34.16,0.15,0.51
65054,6401,5945,1.016,34.12,0.29,34.11,0.28,0.35,34.13,0.29,0.39,34.13,0.29,0.40,34.24,0.31,0.48
65059,4713,4191,1.011,34.72,0.43,34.71,0.41,0.53,34.72,0.43,0.54,34.72,0.43,0.53,,,
65060,4692,4162,1.011,33.50,0.27,,,,,,,,,,33.50,0.27,0.48
65081,5851,5312,1.014,34.81,0.25,34.82,0.25,0.46,34.81,0.25,0.47,34.80,0.26,0.46,,,
65108,4420,3905,1.010,34.31,0.58,,,,,,,,,,34.31,0.58,0.58
65131,4070,3617,1.010,33.15,0.21,33.14,0.20,0.35,33.15,0.21,0.39,33.15,0.21,0.40,33.22,0.22,0.48
65150,2977,2501,1.007,32.81,0.23,,,,,,,,,,32.81,0.23,0.64
65157,5682,5163,1.014,34.29,0.29,,,,,,,,,,34.29,0.29,0.48
65158,4180,3718,1.010,33.79,0.31,,,,,,,,,,33.79,0.31,0.62
65169,5688,5145,1.014,34.59,0.29,34.55,0.28,0.46,34.60,0.29,0.47,34.63,0.30,0.46,,,
65178,8247,7758,1.020,34.93,0.17,34.91,0.17,0.35,34.93,0.17,0.39,34.94,0.17,0.40,,,
65189,2920,2443,1.006,34.03,0.35,,,,,,,,,,34.03,0.35,0.58
65192,7616,7344,1.019,34.99,0.23,,,,,,,,,,34.99,0.23,0.50
65198,8485,7945,1.021,35.21,0.17,,,,,,,,,,35.21,0.17,0.48
65203,4623,4067,1.011,34.44,0.32,,,,,,,,,,34.44,0.32,0.61
65211,3169,2654,1.007,33.27,0.22,,,,,,,,,,33.27,0.22,0.53
65214,8330,7794,1.021,35.51,0.36,,,,,,,,,,35.51,0.36,0.53
65216,5832,5580,1.015,34.54,0.37,,,,,,,,,,34.54,0.37,0.62
65249,2761,2481,1.007,31.61,0.23,,,,,,,,,,31.61,0.23,0.61
65255,5077,4706,1.012,33.74,0.15,,,,,,,,,,33.74,0.15,0.48
65258,2765,2483,1.007,32.77,0.28,,,,,,,,,,32.77,0.28,0.56
65264,5367,4820,1.013,34.35,0.34,34.35,0.33,0.46,34.35,0.34,0.46,34.35,0.34,0.45,,,
65293,4903,4361,1.012,34.05,0.34,,,,,,,,,,34.05,0.34,0.50
65297,4325,3843,1.010,33.28,0.23,,,,,,,,,,33.28,0.23,0.64
65299,2675,2543,1.007,32.53,0.17,,,,,,,,,,32.53,0.17,0.61
65346,5053,4530,1.012,34.50,0.34,,,,,,,,,,34.50,0.34,0.65
65383,9754,9198,1.024,35.39,0.46,35.39,0.44,0.44,35.40,0.46,0.45,35.37,0.47,0.44,,,
65405,9353,8796,1.023,35.75,0.24,35.75,0.23,0.35,35.74,0.24,0.39,35.75,0.24,0.40,,,
65425,4925,4394,1.012,34.28,0.21,,,,,,,,,,34.28,0.21,0.48
65466,5977,5417,1.014,34.23,0.28,34.21,0.27,0.35,34.23,0.28,0.39,34.24,0.28,0.40,34.44,0.30,0.48
65501,8226,7853,1.021,28.32,1.05,,,,,,,,,,28.32,1.05,0.66
65506,6181,5723,1.015,34.47,0.15,34.45,0.15,0.35,34.47,0.15,0.39,34.48,0.15,0.40,34.61,0.14,0.48
65508,14702,14172,1.037,35.69,0.25,,,,,,,,,,35.69,0.25,0.48
65510,4635,4095,1.011,34.32,0.24,34.33,0.23,0.40,34.33,0.24,0.40,34.31,0.24,0.40,,,
65529,7408,6961,1.018,35.12,0.19,,,,,,,,,,35.12,0.19,0.48
65536,6038,5715,1.015,33.74,0.30,,,,,,,,,,33.74,0.30,0.57
65555,5975,5575,1.015,33.90,0.17,33.88,0.16,0.40,33.90,0.17,0.40,33.91,0.17,0.40,,,
65603,430,524,1.001,28.83,0.19,,,,,,,,,,28.83,0.19,0.66
65642,3667,3205,1.008,32.92,0.19,,,,,,,,,,32.92,0.19,0.58
65646,5984,5451,1.014,34.38,0.22,34.37,0.21,0.35,34.39,0.22,0.39,34.39,0.22,0.40,,,
65657,4015,3511,1.009,33.44,0.24,33.44,0.23,0.49,33.44,0.24,0.49,33.43,0.25,0.48,,,
65683,8264,7697,1.020,34.98,0.17,,,,,,,,,,34.98,0.17,0.48
65748,9346,8792,1.023,35.62,0.20,,,,,,,,,,35.62,0.20,0.48
65769,5191,4632,1.012,34.06,0.23,,,,,,,,,,34.06,0.23,0.61
65775,1810,1229,1.003,31.74,0.15,31.74,0.15,0.50,31.74,0.15,0.51,31.73,0.15,0.50,,,
65781,5100,4539,1.012,33.70,0.29,,,,,,,,,,33.70,0.29,0.63
65796,5055,4473,1.012,34.55,0.28,34.56,0.27,0.51,34.56,0.28,0.51,34.54,0.29,0.50,,,
65804,9140,8580,1.023,35.03,0.24,,,,,,,,,,35.03,0.24,0.54
65832,5566,4995,1.013,34.07,0.35,34.06,0.34,0.53,34.07,0.35,0.53,34.08,0.35,0.53,,,
65834,4827,4273,1.011,34.01,0.25,,,,,,,,,,34.01,0.25,0.59
65880,5062,4500,1.012,33.32,0.41,,,,,,,,,,33.32,0.41,0.66
65887,5585,5012,1.013,33.72,0.31,33.70,0.30,0.39,33.72,0.31,0.40,33.72,0.32,0.40,,,
65908,12229,11659,1.031,36.37,0.19,36.34,0.19,0.35,36.40,0.19,0.39,36.39,0.20,0.40,,,
65915,2957,3083,1.008,32.89,0.12,,,,,,,,,,32.89,0.12,0.49
65960,1594,1189,1.003,31.59,0.18,,,,,,,,,,31.59,0.18,0.60
65968,12071,11495,1.030,35.59,0.19,35.68,0.19,0.35,35.54,0.19,0.39,35.55,0.19,0.40,,,
65982,8833,8261,1.022,34.93,0.31,34.92,0.30,0.36,34.93,0.31,0.39,34.93,0.32,0.40,,,
65994,5912,5595,1.015,33.85,0.46,,,,,,,,,,33.85,0.46,0.60
66029,5749,5201,1.014,34.68,0.21,34.66,0.20,0.41,34.68,0.21,0.42,34.69,0.21,0.41,,,
66085,6144,5596,1.015,34.39,0.23,34.38,0.22,0.35,34.39,0.23,0.39,34.39,0.23,0.40,,,
66087,5158,4578,1.012,34.47,0.32,34.44,0.31,0.46,34.47,0.32,0.46,34.49,0.33,0.45,,,
66094,5220,4646,1.012,33.89,0.13,33.88,0.13,0.37,33.89,0.13,0.39,33.89,0.13,0.40,,,
66115,9003,8800,1.023,36.46,0.17,,,,,,,,,,36.46,0.17,0.48
66125,12726,12147,1.032,36.62,0.30,36.63,0.29,0.35,36.60,0.30,0.39,36.61,0.31,0.40,,,
66151,5228,4652,1.012,33.55,0.25,33.58,0.24,0.35,33.55,0.25,0.39,33.54,0.25,0.40,33.85,0.26,0.48
66178,5312,4731,1.013,34.20,0.24,34.19,0.24,0.40,34.20,0.24,0.40,34.21,0.25,0.40,,,
66225,3196,2721,1.007,30.88,0.29,,,,,,,,,,30.88,0.29,0.64
66239,2644,2411,1.006,31.30,0.28,,,,,,,,,,31.30,0.28,0.65
66242,2417,1919,1.005,32.73,0.29,32.73,0.28,0.55,32.73,0.29,0.56,32.73,0.29,0.56,32.68,0.31,0.64
66280,8151,7611,1.020,35.17,0.22,35.17,0.21,0.35,35.17,0.22,0.39,35.18,0.22,0.40,,,
66363,6322,5803,1.015,34.89,0.25,34.87,0.24,0.40,34.89,0.25,0.41,34.90,0.25,0.40,,,
66373,11766,11190,1.029,35.38,0.37,,,,,,,,,,35.38,0.37,0.61
66376,3223,3249,1.009,32.73,0.18,,,,,,,,,,32.73,0.18,0.59
66396,4982,4403,1.012,34.51,0.24,,,,,,,,,,34.51,0.24,0.49
66398,1195,598,1.002,31.47,0.26,,,,,,,,,,31.47,0.26,0.64
66407,4378,3842,1.010,33.33,0.25,33.32,0.24,0.35,33.33,0.25,0.39,33.33,0.26,0.40,,,
66434,9236,8650,1.023,36.04,0.20,35.99,0.19,0.35,36.07,0.20,0.39,36.06,0.20,0.40,,,
66443,9003,8439,1.022,35.13,0.22,35.13,0.21,0.35,35.14,0.22,0.39,35.14,0.22,0.40,,,
66445,1661,1702,1.005,32.18,0.26,,,,,,,,,,32.18,0.26,0.66
66461,5999,5479,1.014,34.43,0.24,34.42,0.23,0.35,34.43,0.24,0.39,34.44,0.24,0.40,,,
66465,5288,4717,1.012,34.40,0.27,34.40,0.26,0.43,34.40,0.27,0.44,34.40,0.27,0.43,,,
66468,8585,7993,1.021,34.88,0.25,34.88,0.24,0.38,34.89,0.25,0.39,34.89,0.26,0.40,,,
66478,4495,4149,1.011,34.17,0.29,,,,,,,,,,34.17,0.29,0.55
66497,5039,4456,1.012,34.51,0.27,34.48,0.26,0.53,34.51,0.27,0.53,34.54,0.28,0.52,,,
66506,5035,4437,1.012,33.82,0.31,,,,,,,,,,33.82,0.31,0.61
66512,14535,13999,1.037,36.59,0.30,36.59,0.29,0.35,36.59,0.30,0.39,36.60,0.31,0.40,,,
66514,5302,4724,1.013,33.81,0.29,33.81,0.28,0.56,33.81,0.29,0.57,33.81,0.29,0.57,,,
66546,8826,8242,1.022,35.30,0.19,35.29,0.18,0.35,35.30,0.19,0.39,35.30,0.19,0.40,,,
66547,8713,8161,1.022,35.10,0.24,35.09,0.23,0.35,35.10,0.24,0.39,35.10,0.24,0.40,,,
66548,1223,624,1.002,31.03,0.32,,,,,,,,,,31.03,0.32,0.66
66554,5287,4706,1.012,34.54,0.20,34.52,0.19,0.35,34.55,0.20,0.39,34.56,0.20,0.40,,,
66579,5087,4569,1.012,34.04,0.15,34.02,0.15,0.35,34.04,0.15,0.39,34.05,0.15,0.40,33.88,0.15,0.48
66581,5483,4913,1.013,34.71,0.32,34.71,0.31,0.54,34.71,0.32,0.54,34.70,0.33,0.54,,,
66585,8049,7454,1.020,34.75,0.18,,,,,,,,,,34.75,0.18,0.48
66588,11823,11533,1.030,36.23,0.26,,,,,,,,,,36.23,0.26,0.48
66590,6408,5876,1.016,34.13,0.18,34.12,0.18,0.46,34.13,0.18,0.46,34.15,0.18,0.45,34.21,0.18,0.57
66612,4916,4315,1.011,33.70,0.42,,,,,,,,,,33.70,0.42,0.66
66617,2657,2502,1.007,32.76,0.25,,,,,,,,,,32.76,0.25,0.62
66618,5035,4433,1.012,33.97,0.28,,,,,,,,,,33.97,0.28,0.58
66622,5232,4635,1.012,33.88,0.18,33.88,0.17,0.35,33.89,0.18,0.39,33.89,0.18,0.40,,,
66624,14389,13814,1.036,36.27,0.26,36.27,0.25,0.35,36.26,0.26,0.39,36.26,0.26,0.40,,,
66646,4992,4634,1.012,34.99,0.21,,,,,,,,,,34.99,0.21,0.48
66669,2661,2500,1.007,32.67,0.20,,,,,,,,,,32.67,0.20,0.49
66675,5356,4784,1.013,34.55,0.30,34.54,0.29,0.47,34.55,0.30,0.47,34.54,0.30,0.46,,,
66702,6634,6035,1.016,34.50,0.49,34.50,0.47,0.56,34.51,0.49,0.58,34.50,0.50,0.57,,,
66709,9138,8557,1.023,35.33,0.22,,,,,,,,,,35.33,0.22,0.48
66727,7617,7341,1.019,35.46,0.24,,,,,,,,,,35.46,0.24,0.48
66738,3122,2611,1.007,32.88,0.21,32.87,0.21,0.56,32.87,0.21,0.58,32.89,0.22,0.57,,,
66740,2241,2029,1.005,31.71,0.44,,,,,,,,,,31.71,0.44,0.64
66752,6684,6110,1.016,34.61,0.21,34.60,0.20,0.35,34.62,0.21,0.39,34.62,0.21,0.40,,,
66771,7766,7168,1.019,34.20,0.34,,,,,,,,,,34.20,0.34,0.58
66778,6894,6418,1.017,34.64,0.31,,,,,,,,,,34.64,0.31,0.56
66784,1622,1608,1.004,31.61,0.25,,,,,,,,,,31.61,0.25,0.58
66789,9342,8815,1.023,35.84,0.30,35.83,0.29,0.35,35.84,0.30,0.39,35.85,0.31,0.40,,,
66798,4328,3780,1.010,33.40,0.56,33.41,0.53,0.56,33.41,0.56,0.60,33.38,0.57,0.59,,,
66803,9051,8467,1.022,35.57,0.27,,,,,,,,,,35.57,0.27,0.48
66829,18143,17537,1.046,36.32,0.17,36.32,0.16,0.35,36.33,0.17,0.39,36.33,0.17,0.40,,,
66836,782,690,1.002,30.17,0.36,,,,,,,,,,30.17,0.36,0.66
66840,12896,12348,1.032,35.88,0.18,35.88,0.18,0.35,35.87,0.18,0.39,35.87,0.18,0.40,,,
66849,5134,4526,1.012,32.72,0.29,32.72,0.28,0.55,32.72,0.29,0.56,32.72,0.30,0.56,,,
66872,7691,7407,1.020,35.01,0.22,,,,,,,,,,35.01,0.22,0.48
66880,8890,8301,1.022,35.44,0.16,,,,,,,,,,35.44,0.16,0.48
66882,11122,10539,1.028,36.68,0.31,36.67,0.30,0.35,36.68,0.31,0.39,36.68,0.32,0.40,,,
66889,8750,8174,1.022,35.90,0.43,35.91,0.41,0.35,35.91,0.43,0.39,35.89,0.44,0.40,,,
66903,9149,8611,1.023,35.39,0.26,35.38,0.25,0.39,35.39,0.26,0.39,35.38,0.26,0.40,,,
66948,10154,9625,1.025,35.89,0.20,35.91,0.19,0.35,35.88,0.20,0.39,35.87,0.20,0.40,35.37,0.20,0.48
66958,6923,6348,1.017,34.68,0.23,34.68,0.22,0.44,34.69,0.23,0.44,34.69,0.23,0.43,34.74,0.24,0.56
66965,4635,4041,1.011,30.34,0.69,,,,,,,,,,30.34,0.69,0.66
66969,5602,4995,1.013,34.57,0.20,,,,,,,,,,34.57,0.20,0.48
66983,6744,6134,1.016,34.90,0.23,34.91,0.23,0.35,34.91,0.23,0.39,34.90,0.24,0.40,,,
66986,6881,6278,1.017,35.18,0.19,35.18,0.18,0.35,35.18,0.19,0.39,35.19,0.19,0.40,,,
66993,2703,2251,1.006,32.89,0.28,,,,,,,,,,32.89,0.28,0.65
67003,11018,10412,1.027,35.69,0.26,35.70,0.25,0.35,35.70,0.26,0.39,35.69,0.26,0.40,,,
67023,2970,2995,1.008,32.51,0.25,,,,,,,,,,32.51,0.25,0.48
67033,6078,5505,1.015,34.56,0.24,34.55,0.24,0.38,34.56,0.24,0.39,34.56,0.25,0.40,,,
67045,763,688,1.002,28.96,0.28,,,,,,,,,,28.96,0.28,0.65
67046,14729,14163,1.037,36.56,0.18,36.55,0.18,0.35,36.56,0.18,0.39,36.58,0.19,0.40,,,
67071,7705,7093,1.019,35.43,0.29,,,,,,,,,,35.43,0.29,0.50
67078,2464,2277,1.006,32.10,0.40,,,,,,,,,,32.10,0.40,0.65
67087,5238,4624,1.012,34.10,0.37,,,,,,,,,,34.10,0.37,0.59
67093,3180,3208,1.009,33.00,0.18,,,,,,,,,,33.00,0.18,0.57
67109,4281,3727,1.010,33.97,0.18,33.97,0.18,0.40,33.98,0.18,0.40,33.98,0.19,0.40,,,
67129,9001,8388,1.022,35.29,0.25,35.29,0.24,0.41,35.30,0.25,0.42,35.29,0.25,0.41,,,
67153,6093,5502,1.015,34.80,0.16,34.81,0.16,0.35,34.80,0.16,0.39,34.80,0.16,0.40,,,
67158,3467,3113,1.008,33.23,0.16,,,,,,,,,,33.23,0.16,0.50
67162,2762,2982,1.008,33.52,0.29,,,,,,,,,,33.52,0.29,0.63
67163,9130,8582,1.023,34.46,0.30,34.46,0.29,0.43,34.46,0.30,0.44,34.46,0.31,0.43,,,
67182,18046,17432,1.046,37.35,0.20,37.34,0.20,0.35,37.36,0.20,0.39,37.35,0.20,0.40,,,
67201,5038,4470,1.012,33.88,0.20,33.86,0.20,0.36,33.88,0.20,0.39,33.89,0.20,0.40,,,
67205,6111,5519,1.015,34.22,0.18,34.22,0.18,0.35,34.22,0.18,0.39,34.21,0.19,0.40,,,
67213,7101,6770,1.018,34.75,0.18,,,,,,,,,,34.75,0.18,0.48
67218,3843,3227,1.009,32.77,0.28,32.77,0.27,0.51,32.77,0.28,0.51,32.76,0.28,0.50,,,
67233,3415,3048,1.008,34.20,0.36,,,,,,,,,,34.20,0.36,0.65
67242,8102,7546,1.020,34.95,0.21,34.95,0.20,0.35,34.96,0.21,0.39,34.95,0.21,0.40,,,
67246,5658,5064,1.013,34.03,0.27,,,,,,,,,,34.03,0.27,0.48
67248,3545,3179,1.008,,,,,,,,,,,,,,
67258,2726,2459,1.007,32.16,0.46,,,,,,,,,,32.16,0.46,0.66
67282,3267,2761,1.007,33.16,0.26,33.15,0.25,0.56,33.15,0.26,0.58,33.17,0.26,0.58,33.35,0.28,0.65
67287,8410,7886,1.021,34.85,0.26,34.82,0.25,0.35,34.85,0.26,0.39,34.86,0.27,0.40,,,
67299,5971,5637,1.015,35.11,0.38,,,,,,,,,,35.11,0.38,0.57
67306,10920,10335,1.027,35.75,0.25,35.75,0.24,0.35,35.75,0.25,0.39,35.74,0.26,0.40,,,
67310,5079,4798,1.013,33.35,0.32,,,,,,,,,,33.35,0.32,0.64
67311,3975,3395,1.009,33.70,0.27,33.70,0.26,0.51,33.70,0.27,0.51,33.70,0.28,0.50,,,
67317,8639,8054,1.021,35.21,0.26,35.20,0.25,0.42,35.22,0.26,0.43,35.22,0.26,0.42,,,
67324,8714,8129,1.021,35.67,0.22,35.68,0.21,0.35,35.68,0.22,0.39,35.67,0.22,0.40,,,
67332,11146,10565,1.028,35.83,0.21,35.84,0.20,0.35,35.83,0.21,0.39,35.83,0.21,0.40,,,
67335,2627,2359,1.006,32.70,0.59,,,,,,,,,,32.70,0.59,0.66
67339,4926,4373,1.012,34.14,0.21,34.12,0.20,0.35,34.15,0.21,0.39,34.16,0.21,0.40,34.27,0.22,0.50
67342,8499,7911,1.021,35.09,0.22,35.11,0.22,0.35,35.10,0.22,0.39,35.08,0.23,0.40,,,
67347,2699,2258,1.006,32.54,0.31,32.53,0.29,0.35,32.55,0.31,0.39,32.55,0.31,0.40,,,
67351,6926,6316,1.017,34.93,0.29,34.92,0.28,0.51,34.93,0.29,0.52,34.94,0.29,0.51,,,
67373,2544,2281,1.006,32.62,0.37,,,,,,,,,,32.62,0.37,0.66
67391,8372,7834,1.021,34.63,0.28,34.61,0.27,0.35,34.63,0.28,0.39,34.64,0.28,0.40,,,
67394,5075,4456,1.012,34.23,0.34,34.23,0.33,0.45,34.24,0.34,0.45,34.22,0.35,0.45,,,
67406,8685,8089,1.021,35.29,0.21,35.30,0.21,0.35,35.28,0.21,0.39,35.29,0.21,0.40,,,
67419,8058,7453,1.020,34.47,0.14,34.47,0.14,0.35,34.47,0.14,0.39,34.48,0.14,0.40,34.70,0.13,0.48
67438,5026,4706,1.012,35.38,0.33,,,,,,,,,,35.38,0.33,0.60
67441,7480,6862,1.018,34.97,0.24,,,,,,,,,,34.97,0.24,0.52
67443,7779,7174,1.019,35.40,0.26,35.39,0.25,0.46,35.41,0.26,0.46,35.41,0.26,0.45,,,
67497,5648,5031,1.013,35.09,0.36,35.08,0.34,0.50,35.09,0.36,0.50,35.08,0.36,0.49,,,
67499,11703,11086,1.029,35.81,0.24,35.80,0.23,0.35,35.82,0.24,0.39,35.82,0.24,0.40,35.77,0.26,0.51
67506,8814,8219,1.022,35.10,0.14,35.09,0.14,0.35,35.11,0.14,0.39,35.12,0.14,0.40,35.45,0.13,0.51
67511,7014,6427,1.017,34.09,0.22,34.05,0.21,0.43,34.09,0.22,0.44,34.12,0.22,0.43,34.30,0.23,0.56
67529,5645,5031,1.013,34.49,0.28,,,,,,,,,,34.49,0.28,0.48
67532,2892,2823,1.007,31.89,0.24,,,,,,,,,,31.89,0.24,0.54
67550,3790,3170,1.008,33.21,0.13,33.21,0.13,0.52,33.21,0.13,0.52,33.22,0.14,0.52,33.36,0.12,0.61
67552,2390,2122,1.006,32.66,0.33,,,,,,,,,,32.66,0.33,0.62
67556,6250,5637,1.015,34.73,0.19,,,,,,,,,,34.73,0.19,0.48
67561,5518,5032,1.013,34.52,0.24,,,,,,,,,,34.52,0.24,0.54
67562,6295,5686,1.015,35.26,0.13,,,,,,,,,,35.26,0.13,0.48
67569,8222,7653,1.020,35.00,0.22,34.98,0.22,0.37,35.00,0.22,0.39,35.01,0.23,0.40,34.87,0.24,0.52
67577,9357,8751,1.023,35.64,0.12,35.65,0.12,0.35,35.65,0.12,0.39,35.63,0.12,0.40,,,
67578,6057,5437,1.014,34.21,0.15,34.23,0.14,0.42,34.21,0.15,0.42,34.19,0.15,0.41,,,
67584,8508,7958,1.021,35.60,0.33,35.59,0.32,0.47,35.61,0.33,0.47,35.61,0.33,0.46,35.66,0.36,0.58
67598,8680,8101,1.021,35.70,0.17,35.68,0.17,0.35,35.69,0.17,0.39,35.71,0.18,0.40,35.94,0.17,0.48
67601,6599,6262,1.017,34.59,0.31,,,,,,,,,,34.59,0.31,0.49
67605,1738,1689,1.004,,,,,,,,,,,,,,
67619,7636,7030,1.019,34.77,0.20,34.77,0.20,0.35,34.77,0.20,0.39,34.77,0.21,0.40,34.86,0.21,0.48
67621,7489,6884,1.018,34.80,0.13,34.79,0.13,0.41,34.79,0.13,0.41,34.80,0.14,0.40,35.04,0.12,0.54
67624,7061,6722,1.018,35.07,0.16,,,,,,,,,,35.07,0.16,0.48
67626,8745,8167,1.022,35.39,0.26,35.38,0.25,0.35,35.40,0.26,0.39,35.40,0.27,0.40,35.34,0.29,0.48
67634,1801,1678,1.004,32.20,0.29,,,,,,,,,,32.20,0.29,0.60
67638,5889,5268,1.014,34.69,0.18,34.71,0.18,0.56,34.69,0.18,0.58,34.67,0.19,0.58,,,
67646,6719,6139,1.016,34.48,0.22,34.48,0.22,0.36,34.48,0.22,0.39,34.47,0.23,0.40,,,
67648,6127,5506,1.015,34.15,0.23,34.13,0.22,0.35,34.15,0.23,0.39,34.16,0.23,0.40,34.38,0.25,0.48
67650,5239,4646,1.012,34.18,0.16,34.18,0.16,0.55,34.18,0.16,0.56,34.19,0.16,0.56,34.03,0.15,0.64
67655,11734,11129,1.029,35.85,0.16,35.85,0.15,0.35,35.85,0.16,0.39,35.86,0.16,0.40,35.89,0.15,0.51
67661,11747,11142,1.029,35.47,0.16,35.49,0.16,0.45,35.47,0.16,0.45,35.47,0.16,0.44,,,
67668,9304,8743,1.023,35.22,0.26,35.22,0.25,0.43,35.22,0.26,0.43,35.22,0.26,0.42,35.19,0.28,0.55
67671,1772,1335,1.004,31.65,0.36,31.63,0.35,0.42,31.66,0.36,0.42,31.66,0.37,0.41,31.53,0.40,0.55
67672,5020,4477,1.012,34.10,0.26,34.09,0.25,0.50,34.11,0.26,0.50,34.11,0.26,0.49,33.86,0.28,0.60
67675,5897,5276,1.014,33.96,0.12,33.95,0.12,0.35,33.96,0.12,0.39,33.97,0.13,0.40,34.29,0.11,0.48
67678,13361,12753,1.033,36.43,0.14,36.45,0.14,0.35,36.43,0.14,0.39,36.41,0.14,0.40,36.68,0.13,0.48
67688,5867,5598,1.015,34.08,0.30,,,,,,,,,,34.08,0.30,0.57
67694,9363,8764,1.023,35.65,0.22,35.64,0.22,0.35,35.65,0.22,0.39,35.66,0.23,0.40,35.66,0.24,0.48
67717,7960,7350,1.019,33.94,0.14,33.95,0.14,0.47,33.94,0.14,0.47,33.94,0.14,0.46,33.77,0.13,0.58
67727,6154,5543,1.015,34.30,0.17,,,,,,,,,,34.30,0.17,0.51
67731,7339,6945,1.018,34.93,0.27,,,,,,,,,,34.93,0.27,0.54
67732,6609,6029,1.016,35.09,0.22,35.10,0.21,0.52,35.09,0.22,0.52,35.07,0.22,0.52,,,
67733,3415,2793,1.007,33.76,0.23,33.76,0.23,0.56,33.75,0.23,0.59,33.76,0.24,0.59,33.76,0.25,0.66
67737,3218,2662,1.007,34.06,0.13,34.06,0.12,0.42,34.06,0.13,0.43,34.06,0.13,0.42,33.84,0.11,0.55
67743,9239,8862,1.023,35.01,0.46,,,,,,,,,,35.01,0.46,0.48
67756,5074,4527,1.012,34.27,0.43,34.26,0.41,0.54,34.28,0.43,0.55,34.27,0.43,0.55,34.21,0.48,0.63
67759,1972,1367,1.004,31.32,0.31,31.31,0.30,0.56,31.32,0.31,0.60,31.33,0.31,0.59,30.98,0.34,0.66
67766,5054,4513,1.012,33.97,0.24,33.96,0.23,0.46,33.97,0.24,0.47,33.98,0.24,0.46,33.96,0.25,0.58
67770,5517,5161,1.014,34.47,0.26,,,,,,,,,,34.47,0.26,0.48
67778,6147,5803,1.015,34.41,0.20,,,,,,,,,,34.41,0.20,0.54
67782,2469,2273,1.006,33.00,0.21,,,,,,,,,,33.00,0.21,0.50
67793,6305,5683,1.015,34.72,0.14,34.72,0.14,0.39,34.72,0.14,0.39,34.72,0.14,0.40,34.55,0.13,0.53
67795,2282,2080,1.006,32.80,0.31,,,,,,,,,,32.80,0.31,0.56
67797,5660,5062,1.013,34.45,0.23,34.45,0.23,0.35,34.46,0.23,0.39,34.45,0.24,0.40,34.51,0.25,0.50
67811,5526,5055,1.013,34.17,0.20,,,,,,,,,,34.17,0.20,0.48
67814,9856,9275,1.024,34.76,0.20,34.76,0.19,0.42,34.77,0.20,0.43,34.77,0.20,0.42,34.46,0.21,0.55
67820,9633,9034,1.024,35.98,0.28,35.97,0.27,0.35,35.98,0.28,0.39,35.98,0.28,0.40,35.94,0.31,0.48
67823,1415,801,1.002,31.62,0.24,31.61,0.23,0.35,31.62,0.24,0.39,31.61,0.24,0.40,31.69,0.25,0.50
67831,7696,7079,1.019,35.19,0.21,35.17,0.20,0.35,35.19,0.21,0.39,35.20,0.21,0.40,35.13,0.22,0.50
67832,1057,486,1.001,30.65,0.39,,,,,,,,,,30.65,0.39,0.63
67835,2537,2255,1.006,33.14,0.37,,,,,,,,,,33.14,0.37,0.65
67839,2863,2393,1.006,33.32,0.29,,,,,,,,,,33.32,0.29,0.48
67846,2422,2104,1.006,33.78,0.36,,,,,,,,,,33.78,0.36,0.57
67851,5294,4892,1.013,34.18,0.19,,,,,,,,,,34.18,0.19,0.52
67855,5288,4881,1.013,33.94,0.27,,,,,,,,,,33.94,0.27,0.54
67857,8063,7469,1.020,35.08,0.21,35.08,0.21,0.35,35.09,0.21,0.39,35.08,0.21,0.40,35.12,0.22,0.48
67865,8101,7506,1.020,35.03,0.14,35.02,0.14,0.50,35.03,0.14,0.50,35.05,0.14,0.49,35.24,0.13,0.60
67867,8373,7797,1.021,35.29,0.29,35.29,0.28,0.46,35.29,0.29,0.46,35.30,0.30,0.46,,,
67891,9639,9039,1.024,35.99,0.21,35.99,0.21,0.35,35.99,0.21,0.39,35.99,0.22,0.40,35.97,0.22,0.51
67893,1888,1477,1.004,31.80,0.54,,,,,,,,,,31.80,0.54,0.66
67899,4180,3614,1.010,34.23,0.29,34.23,0.28,0.53,34.23,0.29,0.54,34.22,0.29,0.54,34.39,0.31,0.62
67903,9959,9349,1.025,35.34,0.15,35.35,0.15,0.41,35.34,0.15,0.42,35.34,0.15,0.41,35.10,0.14,0.54
67904,2724,2310,1.006,32.40,0.13,,,,,,,,,,32.40,0.13,0.48
67907,4510,4213,1.011,33.39,0.27,,,,,,,,,,33.39,0.27,0.55
67908,56,-63,1.000,26.35,0.98,,,,,,,,,,26.35,0.98,0.66
67911,5074,4451,1.012,33.71,0.12,,,,,,,,,,33.71,0.12,0.60
67918,3928,3313,1.009,33.64,0.15,33.65,0.15,0.56,33.64,0.15,0.58,33.64,0.15,0.58,,,
67931,8393,7820,1.021,34.89,0.27,34.87,0.26,0.35,34.89,0.27,0.39,34.89,0.28,0.40,34.95,0.30,0.49
67934,9268,8713,1.023,34.88,0.25,34.88,0.24,0.35,34.88,0.25,0.39,34.88,0.25,0.40,34.86,0.26,0.48
67943,1863,1446,1.004,31.47,0.51,,,,,,,,,,31.47,0.51,0.66
67954,2574,2262,1.006,32.65,0.19,,,,,,,,,,32.65,0.19,0.58
67956,5440,5019,1.013,34.47,0.19,,,,,,,,,,34.47,0.19,0.48
67965,5611,5004,1.013,34.27,0.18,,,,,,,,,,34.27,0.18,0.48
67977,5039,4427,1.012,34.08,0.32,,,,,,,,,,34.08,0.32,0.48
67979,12469,11903,1.031,36.43,0.27,36.44,0.26,0.35,36.43,0.27,0.39,36.43,0.27,0.40,36.48,0.29,0.48
67992,8821,8228,1.022,35.02,0.41,35.02,0.40,0.52,35.03,0.41,0.52,35.02,0.42,0.52,34.90,0.46,0.61
67993,5624,5257,1.014,34.54,0.28,,,,,,,,,,34.54,0.28,0.56
67994,7925,7314,1.019,35.11,0.21,35.10,0.21,0.35,35.12,0.21,0.39,35.11,0.22,0.40,35.15,0.23,0.51
67995,2844,2863,1.008,33.38,0.20,,,,,,,,,,33.38,0.20,0.48
68000,9812,9212,1.024,35.66,0.21,35.65,0.20,0.35,35.67,0.21,0.39,35.67,0.21,0.40,35.94,0.22,0.48
68005,6393,5767,1.015,34.00,0.27,34.01,0.26,0.44,34.00,0.27,0.44,33.98,0.27,0.43,33.68,0.29,0.56
68009,8327,7750,1.020,35.25,0.22,35.25,0.21,0.35,35.25,0.22,0.39,35.25,0.22,0.40,35.10,0.23,0.48
68012,5548,4950,1.013,34.38,0.21,34.37,0.20,0.35,34.38,0.21,0.39,34.39,0.21,0.40,34.27,0.22,0.50
68029,1427,837,1.002,30.53,0.19,,,,,,,,,,30.53,0.19,0.64
68030,2888,2431,1.006,32.82,0.41,,,,,,,,,,32.82,0.41,0.66
68037,10548,9932,1.026,35.53,0.28,35.53,0.27,0.49,35.54,0.28,0.49,35.53,0.28,0.48,35.67,0.30,0.59
68040,4450,4127,1.011,33.88,0.21,,,,,,,,,,33.88,0.21,0.48
68043,6922,6569,1.017,34.47,0.32,,,,,,,,,,34.47,0.32,0.59
68044,4386,3962,1.010,33.93,0.18,,,,,,,,,,33.93,0.18,0.54
68045,10639,10023,1.026,35.84,0.28,35.85,0.27,0.35,35.85,0.28,0.39,35.83,0.28,0.40,35.85,0.30,0.48
68080,2855,2365,1.006,33.28,0.29,,,,,,,,,,33.28,0.29,0.58
68081,7208,6594,1.017,34.70,0.18,,,,,,,,,,34.70,0.18,0.48
68085,3753,3160,1.008,33.23,0.30,33.24,0.29,0.56,33.23,0.30,0.58,33.23,0.31,0.58,32.98,0.33,0.65
68102,14692,14098,1.037,36.29,0.22,36.29,0.21,0.35,36.29,0.22,0.39,36.28,0.22,0.40,,,
68107,3011,2518,1.007,33.47,0.33,,,,,,,,,,33.47,0.33,0.65
68113,5545,5165,1.014,34.86,0.31,,,,,,,,,,34.86,0.31,0.48
68114,4414,4103,1.011,33.76,0.33,,,,,,,,,,33.76,0.33,0.60
68115,1409,791,1.002,32.16,0.19,32.17,0.18,0.56,32.15,0.19,0.60,32.16,0.19,0.59,32.15,0.19,0.66
68122,4438,4142,1.011,33.40,0.27,,,,,,,,,,33.40,0.27,0.57
68128,1587,1533,1.004,31.30,0.26,,,,,,,,,,31.30,0.26,0.50
68134,3405,2806,1.007,32.27,0.32,32.28,0.31,0.54,32.28,0.32,0.55,32.25,0.32,0.54,,,
68135,6582,5956,1.016,34.89,0.35,34.90,0.33,0.47,34.90,0.35,0.47,34.88,0.35,0.46,,,
68138,2727,2847,1.008,32.69,0.44,,,,,,,,,,32.69,0.44,0.65
68151,4864,4255,1.011,33.22,0.34,33.22,0.32,0.56,33.22,0.34,0.59,33.22,0.34,0.58,33.10,0.37,0.65
68162,4079,3456,1.009,33.47,0.24,33.46,0.23,0.48,33.47,0.24,0.48,33.47,0.24,0.47,,,
68163,1929,1319,1.004,31.45,0.18,31.46,0.18,0.56,31.45,0.18,0.60,31.45,0.18,0.59,31.32,0.18,0.66
68177,5204,4683,1.012,34.12,0.27,34.11,0.26,0.40,34.13,0.27,0.40,34.13,0.28,0.40,34.17,0.30,0.54
68181,8463,7855,1.021,35.35,0.21,35.36,0.20,0.35,35.35,0.21,0.39,35.34,0.21,0.40,34.89,0.22,0.48
68190,10982,10376,1.027,35.67,0.24,35.67,0.23,0.35,35.67,0.24,0.39,35.66,0.24,0.40,35.59,0.26,0.49
68199,1778,1330,1.004,31.85,0.31,,,,,,,,,,31.85,0.31,0.57
68201,1837,1406,1.004,31.60,0.31,,,,,,,,,,31.60,0.31,0.66
68203,6451,5832,1.015,35.43,0.31,,,,,,,,,,35.43,0.31,0.48
68206,13827,13272,1.035,35.83,0.18,35.80,0.18,0.35,35.84,0.18,0.39,35.85,0.18,0.40,,,
68223,2795,2619,1.007,32.72,0.20,,,,,,,,,,32.72,0.20,0.51
68235,4405,4075,1.011,33.70,0.29,,,,,,,,,,33.70,0.29,0.48
68244,8354,7751,1.020,34.88,0.18,34.88,0.17,0.35,34.88,0.18,0.39,34.88,0.18,0.40,,,
68246,7146,6519,1.017,35.09,0.26,35.09,0.25,0.48,35.09,0.26,0.48,35.09,0.26,0.47,,,
68248,5845,5251,1.014,34.62,0.29,,,,,,,,,,34.62,0.29,0.48
68253,1933,1752,1.005,31.64,0.51,,,,,,,,,,31.64,0.51,0.65
68254,6868,6252,1.017,34.53,0.31,,,,,,,,,,34.53,0.31,0.48
68258,10170,9614,1.025,35.81,0.28,35.82,0.27,0.35,35.81,0.28,0.39,35.80,0.28,0.40,,,
68259,12593,11966,1.031,36.09,0.19,36.11,0.19,0.35,36.09,0.19,0.39,36.08,0.20,0.40,,,
68265,1999,1381,1.004,32.25,0.18,32.26,0.17,0.56,32.24,0.18,0.60,32.25,0.18,0.59,,,
68275,8226,7616,1.020,35.30,0.24,35.30,0.23,0.35,35.30,0.24,0.39,35.29,0.24,0.40,,,
68285,1402,805,1.002,30.54,0.16,,,,,,,,,,30.54,0.16,0.65
68316,6665,6049,1.016,33.74,0.33,,,,,,,,,,33.74,0.33,0.60
68327,7900,7290,1.019,34.73,0.12,34.72,0.12,0.36,34.74,0.12,0.39,34.74,0.12,0.40,,,
68336,4307,4002,1.011,33.96,0.26,,,,,,,,,,33.96,0.26,0.62
68341,7878,7269,1.019,34.97,0.14,34.98,0.14,0.35,34.98,0.14,0.39,34.97,0.14,0.40,,,
68345,2664,2300,1.006,32.85,0.16,,,,,,,,,,32.85,0.16,0.54
68348,7580,6972,1.018,35.15,0.47,35.15,0.46,0.47,35.16,0.47,0.47,35.12,0.48,0.46,,,
68349,4329,4024,1.011,34.05,0.19,,,,,,,,,,34.05,0.19,0.55
68357,9103,8542,1.023,36.01,0.27,36.01,0.26,0.35,36.02,0.27,0.39,36.01,0.28,0.40,,,
68364,8654,8075,1.021,35.20,0.15,35.19,0.15,0.35,35.21,0.15,0.39,35.21,0.15,0.40,,,
68374,5230,4870,1.013,29.50,0.78,,,,,,,,,,29.50,0.78,0.66
68381,4516,3908,1.010,34.00,0.19,33.99,0.18,0.35,34.01,0.19,0.39,34.01,0.19,0.40,,,
68389,1602,1650,1.004,32.04,0.17,,,,,,,,,,32.04,0.17,0.50
68391,4087,3732,1.010,33.77,0.27,,,,,,,,,,33.77,0.27,0.54
68392,12142,11516,1.030,36.33,0.25,36.33,0.24,0.35,36.33,0.25,0.39,36.32,0.25,0.40,,,
68413,5441,4822,1.013,34.09,0.24,,,,,,,,,,34.09,0.24,0.52
68420,1692,1071,1.003,31.95,0.40,31.95,0.38,0.56,31.95,0.40,0.60,31.95,0.40,0.59,32.16,0.44,0.66
68429,5338,4714,1.012,33.87,0.17,,,,,,,,,,33.87,0.17,0.60
68439,4915,4321,1.011,33.09,0.36,33.10,0.34,0.56,33.09,0.36,0.60,33.08,0.36,0.59,,,
68442,1730,1109,1.003,32.24,0.14,32.23,0.13,0.35,32.25,0.14,0.39,32.25,0.14,0.40,32.20,0.12,0.48
68446,7866,7256,1.019,35.02,0.13,35.04,0.13,0.44,35.02,0.13,0.45,35.00,0.13,0.44,,,
68450,2868,2708,1.007,32.71,0.20,,,,,,,,,,32.71,0.20,0.64
68455,3425,3154,1.008,32.36,0.18,,,,,,,,,,32.36,0.18,0.48
68460,7391,6763,1.018,34.38,0.14,34.39,0.14,0.45,34.38,0.14,0.45,34.37,0.14,0.44,,,
68467,8923,8302,1.022,35.64,0.19,35.64,0.19,0.49,35.65,0.19,0.49,35.63,0.19,0.48,,,
68471,6233,5613,1.015,35.26,0.68,,,,,,,,,,35.26,0.68,0.51
68474,11766,11192,1.029,35.69,0.21,35.70,0.20,0.35,35.69,0.21,0.39,35.69,0.21,0.40,,,
68478,2731,2565,1.007,32.93,0.19,,,,,,,,,,32.93,0.19,0.63
68482,4528,3918,1.010,33.20,0.16,33.19,0.16,0.35,33.21,0.16,0.39,33.22,0.16,0.40,33.37,0.16,0.48
68491,8447,7835,1.021,35.36,0.24,35.34,0.23,0.43,35.36,0.24,0.43,35.37,0.25,0.42,,,
68495,12945,12317,1.032,36.44,0.24,36.45,0.23,0.35,36.43,0.24,0.39,36.43,0.24,0.40,,,
68502,10454,9840,1.026,36.03,0.13,36.02,0.13,0.35,36.04,0.13,0.39,36.03,0.13,0.40,,,
68508,6775,6147,1.016,34.60,0.14,34.59,0.13,0.52,34.60,0.14,0.53,34.60,0.14,0.52,,,
68511,2558,2166,1.006,32.69,0.37,,,,,,,,,,32.69,0.37,0.55
68512,4252,3793,1.010,33.54,0.23,,,,,,,,,,33.54,0.23,0.49
68517,2836,2693,1.007,32.98,0.37,,,,,,,,,,32.98,0.37,0.64
68535,1479,867,1.002,30.17,0.31,30.16,0.30,0.56,30.17,0.31,0.60,30.17,0.32,0.59,29.96,0.34,0.66
68548,4955,4683,1.012,33.87,0.43,,,,,,,,,,33.87,0.43,0.48
68552,5011,4460,1.012,34.01,0.20,34.01,0.20,0.49,34.01,0.20,0.49,34.02,0.20,0.49,,,
68555,8617,8008,1.021,34.80,0.18,34.80,0.17,0.48,34.80,0.18,0.48,34.80,0.18,0.48,,,
68557,5216,4591,1.012,33.63,0.20,,,,,,,,,,33.63,0.20,0.59
68560,8543,7915,1.021,34.41,0.49,34.43,0.47,0.48,34.43,0.49,0.48,34.38,0.50,0.47,,,
68567,8905,8309,1.022,35.68,0.33,35.71,0.32,0.39,35.67,0.33,0.40,35.66,0.33,0.40,,,
68571,4506,3895,1.010,33.71,0.30,33.70,0.29,0.54,33.71,0.30,0.54,33.72,0.31,0.54,,,
68574,5073,4808,1.013,34.44,0.19,,,,,,,,,,34.44,0.19,0.48
68576,4821,4441,1.012,33.76,0.25,,,,,,,,,,33.76,0.25,0.63
68579,8253,7639,1.020,35.12,0.37,35.13,0.35,0.45,35.13,0.37,0.45,35.11,0.37,0.45,,,
68588,6767,6141,1.016,35.09,0.23,,,,,,,,,,35.09,0.23,0.60
68589,8882,8286,1.022,34.94,0.20,34.95,0.19,0.38,34.94,0.20,0.39,34.93,0.20,0.40,,,
68593,5139,4682,1.012,34.95,0.18,,,,,,,,,,34.95,0.18,0.48
68594,9700,9078,1.024,36.08,0.24,36.09,0.23,0.35,36.08,0.24,0.39,36.07,0.24,0.40,,,
68596,5786,5195,1.014,34.62,0.27,,,,,,,,,,34.62,0.27,0.48
68613,3855,3243,1.009,34.06,0.40,34.05,0.38,0.55,34.06,0.40,0.56,34.06,0.41,0.55,,,
68617,5177,4551,1.012,33.93,0.10,,,,,,,,,,33.93,0.10,0.48
68618,876,698,1.002,29.63,0.34,,,,,,,,,,29.63,0.34,0.64
68637,6984,6604,1.017,34.87,0.32,,,,,,,,,,34.87,0.32,0.61
68640,8019,7411,1.020,35.46,0.20,35.46,0.19,0.35,35.46,0.20,0.39,35.45,0.20,0.40,,,
68644,3455,3166,1.008,32.94,0.59,,,,,,,,,,32.94,0.59,0.66
68645,3602,2995,1.008,32.17,0.32,,,,,,,,,,32.17,0.32,0.66
68658,4584,3962,1.010,34.27,0.18,,,,,,,,,,34.27,0.18,0.48
68661,2013,1773,1.005,32.07,0.23,,,,,,,,,,32.07,0.23,0.64
68666,9781,9210,1.024,35.27,0.18,35.27,0.18,0.37,35.27,0.18,0.39,35.27,0.19,0.40,,,
68669,5018,4599,1.012,33.88,0.41,,,,,,,,,,33.88,0.41,0.66
68685,7190,6560,1.017,34.85,0.32,34.85,0.30,0.41,34.86,0.32,0.42,34.85,0.32,0.41,,,
68689,1548,929,1.002,31.90,0.24,31.91,0.24,0.56,31.90,0.24,0.58,31.89,0.25,0.57,,,
68691,5083,4547,1.012,34.14,0.27,34.13,0.26,0.35,34.15,0.27,0.39,34.15,0.27,0.40,34.25,0.29,0.48
68704,2775,2352,1.006,32.91,0.43,,,,,,,,,,32.91,0.43,0.66
68713,5089,4466,1.012,34.35,0.23,,,,,,,,,,34.35,0.23,0.51
68715,5778,5156,1.014,28.10,1.26,,,,,,,,,,28.10,1.26,0.66
68727,3036,2452,1.007,32.33,0.15,32.35,0.15,0.56,32.33,0.15,0.58,32.31,0.15,0.57,,,
68742,7049,6421,1.017,34.77,0.13,34.76,0.13,0.35,34.78,0.13,0.39,34.78,0.13,0.40,34.92,0.12,0.48
68761,6839,6213,1.016,34.57,0.14,,,,,,,,,,34.57,0.14,0.48
68772,4704,4118,1.011,33.97,0.15,33.97,0.15,0.48,33.97,0.15,0.48,33.96,0.15,0.48,,,
68774,6847,6220,1.016,33.19,0.27,33.19,0.26,0.47,33.19,0.27,0.47,33.19,0.27,0.46,,,
68778,8040,7420,1.020,35.06,0.35,35.06,0.34,0.40,35.07,0.35,0.41,35.06,0.36,0.40,,,
68779,7846,7219,1.019,35.02,0.13,35.03,0.13,0.35,35.02,0.13,0.39,35.00,0.13,0.40,,,
68787,6358,5736,1.015,35.25,0.20,35.28,0.20,0.36,35.25,0.20,0.39,35.22,0.20,0.40,,,
68790,11378,10846,1.029,35.66,0.21,35.66,0.21,0.35,35.67,0.21,0.39,35.66,0.22,0.40,,,
68814,5206,4590,1.012,34.09,0.21,34.08,0.21,0.35,34.09,0.21,0.39,34.10,0.21,0.40,,,
68832,7739,7349,1.019,34.86,0.20,,,,,,,,,,34.86,0.20,0.48
68841,9721,9243,1.024,34.49,0.33,,,,,,,,,,34.49,0.33,0.48
68843,4854,4240,1.011,33.25,0.21,33.24,0.21,0.35,33.25,0.21,0.39,33.25,0.21,0.40,,,
68852,9669,9073,1.024,35.29,0.38,35.28,0.37,0.54,35.30,0.38,0.55,35.30,0.39,0.54,,,
68861,4052,3724,1.010,32.80,0.25,,,,,,,,,,32.80,0.25,0.60
68871,4973,4358,1.012,33.42,0.31,33.43,0.30,0.53,33.42,0.31,0.53,33.40,0.31,0.53,33.30,0.34,0.62
68872,7799,7276,1.019,34.82,0.19,34.81,0.18,0.35,34.82,0.19,0.39,34.83,0.19,0.40,,,
68875,2654,2269,1.006,32.53,0.21,,,,,,,,,,32.53,0.21,0.61
68884,8872,8248,1.022,34.94,0.20,34.92,0.19,0.35,34.94,0.20,0.39,34.94,0.20,0.40,,,
68894,6750,6121,1.016,34.50,0.12,34.50,0.12,0.36,34.50,0.12,0.39,34.50,0.12,0.40,,,
68902,3980,3651,1.010,34.13,0.38,,,,,,,,,,34.13,0.38,0.66
68919,5773,5154,1.014,34.28,0.20,34.26,0.19,0.35,34.28,0.20,0.39,34.29,0.20,0.40,34.43,0.20,0.48
68942,3160,2540,1.007,33.28,0.21,33.27,0.20,0.45,33.28,0.21,0.45,33.27,0.21,0.44,,,
68943,9781,9157,1.024,34.92,0.25,34.92,0.24,0.37,34.93,0.25,0.39,34.92,0.25,0.40,,,
68946,7544,6924,1.018,35.12,0.14,35.12,0.14,0.35,35.12,0.14,0.39,35.12,0.14,0.40,,,
68954,11975,11347,1.030,34.81,0.25,34.80,0.24,0.55,34.80,0.25,0.55,34.81,0.25,0.55,,,
68961,3233,2613,1.007,32.89,0.21,32.89,0.20,0.56,32.88,0.21,0.60,32.90,0.21,0.59,,,
68963,11107,10539,1.028,35.56,0.28,35.55,0.27,0.35,35.56,0.28,0.39,35.56,0.29,0.40,,,
68968,8354,7730,1.020,35.00,0.25,34.99,0.24,0.35,35.00,0.25,0.39,35.00,0.25,0.40,,,
68977,2309,1716,1.005,32.59,0.15,32.60,0.14,0.56,32.58,0.15,0.58,32.59,0.15,0.57,,,
68985,8604,8018,1.021,34.83,0.14,34.84,0.14,0.41,34.84,0.14,0.41,34.83,0.14,0.40,,,
68991,7790,7168,1.019,34.57,0.39,34.57,0.38,0.35,34.58,0.39,0.39,34.57,0.40,0.40,,,
68996,3138,2607,1.007,33.67,0.31,33.66,0.30,0.35,33.68,0.31,0.39,33.67,0.31,0.40,,,
69016,6111,5491,1.015,34.62,0.19,34.61,0.18,0.35,34.62,0.19,0.39,34.64,0.19,0.40,33.82,0.19,0.48
69040,5040,4567,1.012,33.99,0.18,,,,,,,,,,33.99,0.18,0.48
69047,7011,6386,1.017,34.90,0.13,34.90,0.13,0.35,34.90,0.13,0.39,34.90,0.13,0.40,35.02,0.12,0.48
69072,7548,6922,1.018,34.26,0.16,34.25,0.16,0.54,34.25,0.16,0.55,34.26,0.17,0.55,,,
69077,7481,6855,1.018,35.60,0.22,35.59,0.21,0.35,35.61,0.22,0.39,35.61,0.22,0.40,,,
69084,5651,5202,1.014,34.51,0.40,,,,,,,,,,34.51,0.40,0.61
69089,11891,11331,1.030,35.98,0.25,35.99,0.24,0.35,35.98,0.25,0.39,35.98,0.26,0.40,,,
69092,12230,11601,1.030,36.16,0.25,36.17,0.24,0.35,36.16,0.25,0.39,36.16,0.25,0.40,,,
69095,10692,10062,1.026,35.52,0.26,35.56,0.25,0.35,35.51,0.26,0.39,35.49,0.26,0.40,,,
69101,4980,4362,1.012,34.45,0.20,,,,,,,,,,34.45,0.20,0.48
69108,7739,7110,1.019,35.51,0.13,35.52,0.12,0.40,35.51,0.13,0.41,35.50,0.13,0.40,,,
69114,2646,2174,1.006,31.81,0.42,,,,,,,,,,31.81,0.42,0.66
69126,2241,1646,1.004,32.36,0.43,32.38,0.41,0.56,32.37,0.43,0.57,32.34,0.44,0.57,,,
69132,3601,3237,1.009,33.39,0.21,,,,,,,,,,33.39,0.21,0.50
69148,10712,10082,1.027,35.65,0.20,35.65,0.19,0.35,35.65,0.20,0.39,35.65,0.20,0.40,,,
69160,10576,9950,1.026,35.89,0.21,35.89,0.21,0.35,35.89,0.21,0.39,35.89,0.22,0.40,,,
69161,2076,1844,1.005,31.56,0.25,,,,,,,,,,31.56,0.25,0.62
69172,4759,4174,1.011,33.43,0.18,33.43,0.18,0.35,33.43,0.18,0.39,33.44,0.18,0.40,33.66,0.18,0.48
69193,5686,5282,1.014,34.44,0.26,,,,,,,,,,34.44,0.26,0.56
69195,4841,4281,1.011,34.12,0.16,34.13,0.16,0.55,34.12,0.16,0.57,34.12,0.16,0.56,,,
69198,8521,7935,1.021,35.47,0.26,35.48,0.25,0.35,35.46,0.26,0.39,35.46,0.26,0.40,,,
69212,2140,1522,1.004,32.38,0.22,32.38,0.21,0.56,32.37,0.22,0.60,32.39,0.22,0.59,32.36,0.23,0.66
69215,8610,7987,1.021,35.41,0.19,35.40,0.19,0.35,35.41,0.19,0.39,35.40,0.20,0.40,,,
69230,7448,6982,1.018,34.73,0.34,,,,,,,,,,34.73,0.34,0.54
69253,1495,1120,1.003,31.02,0.21,,,,,,,,,,31.02,0.21,0.54
69270,1070,443,1.001,31.02,0.20,31.02,0.20,0.56,31.02,0.20,0.59,31.01,0.21,0.59,30.69,0.21,0.65
69271,1474,1101,1.003,32.08,0.36,,,,,,,,,,32.08,0.36,0.66
69284,7356,6743,1.018,34.99,0.17,34.99,0.16,0.46,34.99,0.17,0.46,34.98,0.17,0.45,,,
69287,7430,6802,1.018,34.36,0.22,34.35,0.21,0.35,34.37,0.22,0.39,34.37,0.22,0.40,,,
69299,11731,11160,1.029,35.69,0.14,35.69,0.14,0.35,35.69,0.14,0.39,35.69,0.14,0.40,,,
69313,9985,9577,1.025,35.12,0.22,,,,,,,,,,35.12,0.22,0.48
69316,11210,10595,1.028,35.97,0.17,35.98,0.17,0.35,35.96,0.17,0.39,35.97,0.17,0.40,,,
69325,11580,10966,1.029,35.93,0.25,35.96,0.24,0.35,35.93,0.25,0.39,35.90,0.25,0.40,,,
69327,1116,490,1.001,30.28,0.13,30.26,0.13,0.35,30.29,0.13,0.39,30.29,0.13,0.40,30.28,0.11,0.48
69336,15613,15006,1.039,36.63,0.17,36.61,0.17,0.35,36.63,0.17,0.39,36.65,0.18,0.40,,,
69347,5030,4476,1.012,33.80,0.65,33.83,0.63,0.56,33.82,0.65,0.60,33.76,0.66,0.59,,,
69349,3061,2458,1.007,32.79,0.14,32.80,0.14,0.39,32.79,0.14,0.40,32.78,0.14,0.40,,,
69351,5814,5191,1.014,34.55,0.19,34.54,0.19,0.53,34.55,0.19,0.54,34.55,0.19,0.53,,,
69361,5555,4940,1.013,34.07,0.22,,,,,,,,,,34.07,0.22,0.51
69364,1631,1002,1.003,31.79,0.13,31.80,0.13,0.39,31.79,0.13,0.39,31.78,0.13,0.40,31.51,0.11,0.53
69367,4360,3730,1.010,33.32,0.25,33.31,0.24,0.56,33.31,0.25,0.59,33.32,0.25,0.58,,,
69372,13010,12380,1.032,36.85,0.24,36.85,0.23,0.35,36.85,0.24,0.39,36.87,0.24,0.40,,,
69376,2364,1986,1.005,32.85,0.21,,,,,,,,,,32.85,0.21,0.63
69383,4356,3911,1.010,33.44,0.20,,,,,,,,,,33.44,0.20,0.57
69394,19807,19177,1.050,38.54,0.21,38.51,0.20,0.35,38.57,0.21,0.39,38.56,0.21,0.40,,,
69402,6427,5801,1.015,35.13,0.23,35.13,0.22,0.35,35.13,0.23,0.39,35.13,0.23,0.40,35.14,0.24,0.49
69417,13530,12906,1.034,36.22,0.21,36.23,0.20,0.35,36.22,0.21,0.39,36.21,0.21,0.40,,,
69428,7657,7060,1.019,34.76,0.12,34.75,0.12,0.35,34.76,0.12,0.39,34.76,0.13,0.40,35.13,0.11,0.48
69429,7608,7001,1.018,34.62,0.14,34.61,0.13,0.35,34.62,0.14,0.39,34.63,0.14,0.40,,,
69433,7597,7060,1.019,34.84,0.26,34.84,0.25,0.35,34.85,0.26,0.39,34.84,0.27,0.40,,,
69443,2484,1879,1.005,32.66,0.14,32.67,0.13,0.51,32.66,0.14,0.51,32.66,0.14,0.50,,,
69448,3152,2606,1.007,32.71,0.31,32.71,0.30,0.49,32.72,0.31,0.49,32.71,0.31,0.49,32.72,0.34,0.59
69450,7671,7075,1.019,34.87,0.20,34.88,0.20,0.35,34.87,0.20,0.39,34.85,0.21,0.40,,,
69452,7681,7052,1.019,34.74,0.47,34.75,0.45,0.55,34.76,0.47,0.57,34.73,0.48,0.56,,,
69456,8153,7524,1.020,34.97,0.14,34.97,0.14,0.35,34.97,0.14,0.39,34.98,0.14,0.40,,,
69460,7815,7197,1.019,34.72,0.14,34.72,0.13,0.35,34.73,0.14,0.39,34.72,0.14,0.40,,,
69463,7762,7155,1.019,34.72,0.20,34.70,0.19,0.38,34.72,0.20,0.39,34.74,0.20,0.40,,,
69469,6798,6171,1.016,33.95,0.14,33.96,0.14,0.56,33.95,0.14,0.57,33.95,0.15,0.57,34.24,0.13,0.64
69473,11649,11021,1.029,35.45,0.12,35.45,0.12,0.35,35.45,0.12,0.39,35.45,0.12,0.40,,,
69475,2798,2615,1.007,32.89,0.32,,,,,,,,,,32.89,0.32,0.64
69485,5437,4826,1.013,34.18,0.15,34.18,0.15,0.53,34.18,0.15,0.53,34.18,0.15,0.53,,,
69488,4580,4168,1.011,33.22,0.42,,,,,,,,,,33.22,0.42,0.64
69502,9015,8390,1.022,35.34,0.22,35.35,0.21,0.35,35.34,0.22,0.39,35.34,0.22,0.40,,,
69521,1730,1538,1.004,32.33,0.32,,,,,,,,,,32.33,0.32,0.49
69529,9928,9303,1.025,35.92,0.23,35.93,0.22,0.35,35.92,0.23,0.39,35.92,0.23,0.40,,,
69530,7579,6949,1.018,35.23,0.21,35.23,0.20,0.35,35.23,0.21,0.39,35.22,0.21,0.40,,,
69531,5159,4615,1.012,34.07,0.30,34.07,0.29,0.35,34.08,0.30,0.39,34.07,0.31,0.40,,,
69539,1294,956,1.003,30.87,0.27,,,,,,,,,,30.87,0.27,0.64
69544,7625,6995,1.018,34.92,0.22,34.91,0.21,0.35,34.92,0.22,0.39,34.92,0.22,0.40,,,
69553,7705,7074,1.019,35.04,0.26,35.02,0.25,0.37,35.04,0.26,0.39,35.05,0.26,0.40,,,
69559,10168,9538,1.025,36.09,0.22,36.07,0.21,0.35,36.10,0.22,0.39,36.10,0.22,0.40,,,
69561,6822,6194,1.016,34.38,0.20,34.38,0.19,0.42,34.39,0.20,0.42,34.39,0.20,0.41,34.26,0.21,0.55
69568,7526,6902,1.018,34.96,0.23,,,,,,,,,,34.96,0.23,0.56
69579,5068,5034,1.013,34.21,0.25,,,,,,,,,,34.21,0.25,0.48
69588,13032,12403,1.033,37.40,0.16,37.43,0.15,0.35,37.40,0.16,0.39,37.38,0.16,0.40,,,
69594,13117,12488,1.033,36.28,0.21,36.27,0.20,0.35,36.28,0.21,0.39,36.28,0.21,0.40,,,
69597,7552,6965,1.018,34.99,0.12,35.00,0.12,0.35,34.99,0.12,0.39,34.98,0.12,0.40,,,
69605,5079,4460,1.012,34.00,0.25,,,,,,,,,,34.00,0.25,0.48
69608,7813,7221,1.019,34.99,0.19,34.98,0.18,0.35,35.00,0.19,0.39,35.00,0.19,0.40,,,
69612,11299,10731,1.028,36.11,0.29,36.12,0.28,0.35,36.12,0.29,0.39,36.10,0.30,0.40,,,
69616,7445,6843,1.018,34.77,0.26,34.77,0.25,0.48,34.77,0.26,0.48,34.77,0.27,0.47,,,
69650,2150,1562,1.004,31.93,0.21,31.93,0.20,0.51,31.93,0.21,0.51,31.93,0.21,0.51,31.97,0.22,0.60
69653,3143,2739,1.007,33.25,0.32,,,,,,,,,,33.25,0.32,0.55
69661,2345,2097,1.006,32.32,0.13,,,,,,,,,,32.32,0.13,0.50
69674,8564,8207,1.022,33.99,0.34,,,,,,,,,,33.99,0.34,0.57
69678,3120,2689,1.007,33.33,0.18,,,,,,,,,,33.33,0.18,0.60
69691,2726,2255,1.006,32.14,0.20,,,,,,,,,,32.14,0.20,0.65
69693,10236,9605,1.025,32.15,0.57,32.17,0.54,0.56,32.17,0.57,0.60,32.12,0.58,0.59,,,
69699,9328,8723,1.023,35.55,0.30,35.54,0.29,0.41,35.54,0.30,0.41,35.55,0.31,0.40,,,
69705,4854,4295,1.011,33.64,0.17,33.64,0.17,0.53,33.63,0.17,0.53,33.63,0.17,0.53,,,
69707,2226,2251,1.006,32.39,0.26,,,,,,,,,,32.39,0.26,0.63
69709,6743,6114,1.016,34.15,0.33,34.16,0.32,0.54,34.15,0.33,0.55,34.14,0.33,0.54,33.94,0.36,0.63
69718,6927,6298,1.017,34.88,0.18,34.88,0.18,0.35,34.88,0.18,0.39,34.89,0.18,0.40,35.12,0.18,0.48
69724,5625,5010,1.013,34.35,0.46,,,,,,,,,,34.35,0.46,0.48
69731,9980,9357,1.025,35.79,0.34,35.76,0.33,0.44,35.80,0.34,0.45,35.80,0.35,0.44,,,
69732,5753,5138,1.014,33.83,0.29,,,,,,,,,,33.83,0.29,0.56
69734,2697,2209,1.006,32.35,0.40,,,,,,,,,,32.35,0.40,0.60
69739,7548,6918,1.018,34.81,0.12,34.81,0.12,0.35,34.81,0.12,0.39,34.81,0.12,0.40,35.21,0.10,0.48
69759,2326,2081,1.006,32.86,0.24,,,,,,,,,,32.86,0.24,0.61
69765,9887,9256,1.024,34.89,0.25,34.87,0.24,0.35,34.90,0.25,0.39,34.90,0.25,0.40,,,
69769,4004,3643,1.010,34.58,0.35,,,,,,,,,,34.58,0.35,0.64
69770,11052,10429,1.027,35.15,0.20,35.17,0.20,0.35,35.14,0.20,0.39,35.13,0.20,0.40,,,
69771,10322,9692,1.026,35.55,0.20,35.55,0.19,0.35,35.55,0.20,0.39,35.55,0.20,0.40,,,
69774,7743,7114,1.019,35.04,0.17,35.04,0.17,0.37,35.05,0.17,0.39,35.04,0.17,0.40,,,
69783,7035,6419,1.017,34.15,0.28,,,,,,,,,,34.15,0.28,0.48
69786,5372,4747,1.013,34.35,0.21,,,,,,,,,,34.35,0.21,0.48
69787,10289,9659,1.025,35.89,0.15,35.90,0.14,0.35,35.89,0.15,0.39,35.87,0.15,0.40,,,
69794,9976,9352,1.025,35.76,0.23,35.77,0.22,0.35,35.76,0.23,0.39,35.75,0.23,0.40,,,
69797,7031,6416,1.017,35.03,0.22,,,,,,,,,,35.03,0.22,0.49
69803,8193,7588,1.020,35.20,0.28,35.21,0.27,0.35,35.20,0.28,0.39,35.20,0.28,0.40,,,
69804,13838,13218,1.035,35.29,0.40,35.29,0.38,0.45,35.30,0.40,0.45,35.29,0.40,0.44,,,
69816,3648,3032,1.008,32.61,0.18,32.62,0.18,0.56,32.61,0.18,0.60,32.62,0.18,0.59,,,
69851,8012,7403,1.020,35.18,0.23,35.19,0.22,0.35,35.19,0.23,0.39,35.17,0.23,0.40,35.14,0.25,0.50
69852,6085,5692,1.015,34.54,0.21,,,,,,,,,,34.54,0.21,0.63
69854,11987,11380,1.030,35.60,0.20,35.59,0.19,0.35,35.60,0.20,0.39,35.61,0.20,0.40,,,
69857,7990,7386,1.019,34.77,0.37,34.77,0.35,0.46,34.78,0.37,0.46,34.77,0.37,0.45,,,
69863,11244,10621,1.028,35.62,0.15,35.62,0.14,0.35,35.62,0.15,0.39,35.62,0.15,0.40,,,
69866,6733,6105,1.016,34.54,0.20,34.53,0.20,0.39,34.55,0.20,0.40,34.55,0.21,0.40,34.52,0.21,0.53
69874,3923,3395,1.009,32.82,0.20,32.81,0.19,0.39,32.82,0.20,0.40,32.82,0.20,0.40,32.68,0.21,0.54
69881,8395,8099,1.021,35.35,0.21,,,,,,,,,,35.35,0.21,0.48
69887,3271,2851,1.008,32.94,0.24,,,,,,,,,,32.94,0.24,0.48
69892,8891,8286,1.022,35.45,0.24,35.45,0.23,0.35,35.45,0.24,0.39,35.44,0.24,0.40,,,
69908,11902,11286,1.030,35.95,0.20,35.94,0.19,0.35,35.96,0.20,0.39,35.97,0.20,0.40,,,
69916,7016,6389,1.017,34.56,0.25,34.57,0.24,0.38,34.57,0.25,0.39,34.55,0.25,0.40,34.50,0.27,0.53
69922,6734,6106,1.016,34.63,0.17,34.62,0.17,0.35,34.64,0.17,0.39,34.64,0.17,0.40,34.78,0.17,0.48
69947,1763,1242,1.003,31.78,0.53,31.80,0.51,0.56,31.79,0.53,0.59,31.74,0.54,0.59,,,
69965,8779,8173,1.022,35.18,0.16,35.19,0.16,0.35,35.19,0.16,0.39,35.18,0.16,0.40,35.23,0.16,0.48
69971,12354,11728,1.031,36.08,0.19,36.08,0.18,0.35,36.08,0.19,0.39,36.08,0.19,0.40,,,
69979,5066,4448,1.012,34.48,0.44,,,,,,,,,,34.48,0.44,0.63
69980,8677,8071,1.021,35.68,0.17,35.69,0.16,0.35,35.67,0.17,0.39,35.67,0.17,0.40,,,
69992,7524,6897,1.018,33.88,0.18,33.90,0.17,0.51,33.88,0.18,0.51,33.86,0.18,0.51,,,
69994,1730,1486,1.004,32.05,0.18,,,,,,,,,,32.05,0.18,0.48
69998,2689,2434,1.006,32.51,0.28,,,,,,,,,,32.51,0.28,0.64
70000,6943,6315,1.017,33.34,0.20,33.35,0.19,0.56,33.34,0.20,0.59,33.34,0.20,0.59,33.10,0.20,0.65
70009,7836,7206,1.019,34.88,0.13,34.88,0.13,0.46,34.88,0.13,0.46,34.87,0.13,0.45,,,
70012,7294,6666,1.018,34.27,0.25,34.28,0.24,0.48,34.27,0.25,0.48,34.25,0.26,0.48,34.22,0.27,0.59
70020,7495,6886,1.018,34.58,0.22,34.57,0.21,0.35,34.58,0.22,0.39,34.59,0.22,0.40,34.77,0.23,0.48
70022,10858,10235,1.027,36.00,0.23,36.01,0.22,0.35,36.00,0.23,0.39,35.99,0.23,0.40,,,
70025,3025,2498,1.007,32.53,0.20,32.52,0.19,0.35,32.53,0.20,0.39,32.53,0.20,0.40,32.59,0.21,0.50
70026,7428,6800,1.018,35.25,0.16,35.25,0.15,0.45,35.25,0.16,0.45,35.25,0.16,0.44,35.35,0.15,0.57
70035,7495,6868,1.018,34.35,0.22,34.34,0.21,0.41,34.35,0.22,0.41,34.34,0.22,0.40,34.33,0.23,0.54
70061,5360,4738,1.013,33.48,0.30,,,,,,,,,,33.48,0.30,0.60
70063,5579,4958,1.013,34.09,0.15,34.10,0.14,0.52,34.09,0.15,0.53,34.08,0.15,0.52,,,
70065,5838,5219,1.014,34.07,0.32,,,,,,,,,,34.07,0.32,0.60
70070,1674,1396,1.004,31.48,0.32,,,,,,,,,,31.48,0.32,0.63
70079,9220,8837,1.023,35.48,0.22,,,,,,,,,,35.48,0.22,0.48
70082,7771,7142,1.019,34.77,0.21,34.78,0.20,0.54,34.77,0.21,0.54,34.76,0.21,0.54,,,
70100,7410,6781,1.018,35.45,0.27,35.41,0.26,0.41,35.47,0.27,0.42,35.47,0.27,0.41,,,
70102,2373,1931,1.005,32.94,0.43,32.95,0.41,0.56,32.94,0.43,0.58,32.92,0.43,0.58,,,
70108,8226,7618,1.020,35.42,0.14,35.43,0.13,0.43,35.42,0.14,0.43,35.42,0.14,0.42,,,
70128,1732,1429,1.004,31.71,0.19,,,,,,,,,,31.71,0.19,0.51
70158,6787,6162,1.016,34.59,0.14,34.60,0.14,0.44,34.59,0.14,0.44,34.57,0.14,0.43,,,
70164,7365,6741,1.018,34.66,0.23,34.66,0.23,0.36,34.66,0.23,0.39,34.65,0.24,0.40,,,
70172,2810,2199,1.006,33.11,0.20,33.11,0.19,0.56,33.11,0.20,0.60,33.13,0.20,0.59,,,
70175,2810,2200,1.006,32.52,0.13,32.53,0.13,0.51,32.52,0.13,0.51,32.52,0.13,0.50,,,
70179,5586,5022,1.013,34.04,0.21,,,,,,,,,,34.04,0.21,0.48
70184,1293,1030,1.003,30.69,0.38,,,,,,,,,,30.69,0.38,0.62
70191,7960,7348,1.019,34.92,0.16,34.91,0.16,0.40,34.92,0.16,0.41,34.92,0.16,0.40,,,
70192,7575,6947,1.018,34.95,0.18,34.93,0.17,0.35,34.96,0.18,0.39,34.97,0.18,0.40,,,
70202,8045,7416,1.020,35.48,0.23,35.47,0.23,0.35,35.49,0.23,0.39,35.49,0.24,0.40,,,
70213,2445,1829,1.005,31.73,0.18,31.72,0.17,0.42,31.73,0.18,0.42,31.74,0.18,0.41,31.73,0.18,0.55
70215,7500,6993,1.018,34.78,0.29,34.76,0.28,0.49,34.78,0.29,0.49,34.78,0.30,0.49,34.79,0.32,0.59
70228,10492,9870,1.026,35.57,0.14,35.58,0.13,0.35,35.58,0.14,0.39,35.57,0.14,0.40,,,
70230,7776,7166,1.019,34.17,0.22,34.17,0.21,0.52,34.17,0.22,0.53,34.17,0.22,0.52,,,
70245,6902,6309,1.017,34.51,0.20,34.49,0.20,0.35,34.51,0.20,0.39,34.51,0.20,0.40,,,
70246,7733,7143,1.019,35.29,0.31,35.28,0.30,0.35,35.29,0.31,0.39,35.30,0.31,0.40,,,
70260,11698,11070,1.029,35.97,0.32,35.97,0.31,0.36,35.98,0.32,0.39,35.98,0.32,0.40,,,
70263,11037,10434,1.027,35.91,0.21,35.93,0.20,0.35,35.91,0.21,0.39,35.89,0.21,0.40,,,
70265,3684,3101,1.008,32.40,0.25,32.41,0.24,0.51,32.41,0.25,0.51,32.40,0.25,0.51,32.25,0.27,0.60
70266,3064,2456,1.007,33.04,0.14,33.05,0.14,0.55,33.04,0.14,0.57,33.04,0.15,0.56,,,
70269,9322,8694,1.023,34.69,0.23,34.69,0.22,0.54,34.69,0.23,0.55,34.69,0.23,0.55,,,
70271,2478,1866,1.005,32.57,0.14,32.57,0.14,0.54,32.56,0.14,0.55,32.57,0.14,0.55,32.90,0.13,0.63
70272,11972,11372,1.030,36.20,0.26,36.18,0.25,0.35,36.20,0.26,0.39,36.20,0.27,0.40,,,
70276,10592,9971,1.026,36.40,0.29,36.35,0.28,0.35,36.42,0.29,0.39,36.44,0.29,0.40,,,
70285,2271,1655,1.004,31.74,0.18,31.74,0.18,0.56,31.73,0.18,0.60,31.76,0.19,0.59,,,
70287,3399,2831,1.008,31.87,0.24,31.88,0.23,0.53,31.87,0.24,0.53,31.86,0.24,0.53,,,
70289,5189,4624,1.012,33.47,0.45,33.48,0.43,0.56,33.48,0.45,0.58,33.45,0.45,0.58,,,
70296,7794,7166,1.019,33.94,0.28,33.95,0.27,0.51,33.95,0.28,0.51,33.93,0.29,0.50,,,
70297,10051,9423,1.025,35.40,0.22,35.42,0.21,0.35,35.40,0.22,0.39,35.40,0.22,0.40,,,
70299,7792,7164,1.019,34.49,0.14,34.48,0.14,0.35,34.49,0.14,0.39,34.49,0.14,0.40,,,
70301,6912,6285,1.017,34.69,0.13,34.70,0.12,0.41,34.69,0.13,0.41,34.69,0.13,0.40,,,
70304,1187,943,1.003,30.78,0.30,,,,,,,,,,30.78,0.30,0.63
70306,1376,1107,1.003,31.42,0.34,,,,,,,,,,31.42,0.34,0.66
70307,2405,1790,1.005,33.37,0.16,33.37,0.16,0.56,33.37,0.16,0.60,33.39,0.16,0.59,,,
70321,13964,13337,1.035,36.32,0.13,36.31,0.13,0.35,36.32,0.13,0.39,36.33,0.13,0.40,,,
70323,6196,5571,1.015,34.42,0.18,34.41,0.18,0.35,34.43,0.18,0.39,34.44,0.18,0.40,,,
70324,1046,815,1.002,29.79,0.31,,,,,,,,,,29.79,0.31,0.65
70330,6089,5466,1.014,34.29,0.21,34.29,0.20,0.46,34.29,0.21,0.46,34.28,0.21,0.45,,,
70337,12592,11994,1.031,36.54,0.20,36.54,0.20,0.35,36.54,0.20,0.39,36.54,0.20,0.40,36.36,0.21,0.48
70355,17151,16524,1.043,36.84,0.44,36.79,0.42,0.35,36.88,0.44,0.39,36.85,0.45,0.40,,,
70356,3379,2951,1.008,34.00,0.23,,,,,,,,,,34.00,0.23,0.63
70360,12486,11886,1.031,35.92,0.27,35.93,0.26,0.35,35.92,0.27,0.39,35.91,0.27,0.40,,,
70366,5107,4511,1.012,33.35,0.24,33.35,0.24,0.52,33.35,0.24,0.52,33.34,0.25,0.52,,,
70367,10466,9865,1.026,35.56,0.19,35.57,0.18,0.35,35.56,0.19,0.39,35.55,0.19,0.40,,,
70371,1807,1459,1.004,33.15,0.52,,,,,,,,,,33.15,0.52,0.66
70375,7664,7051,1.019,34.33,0.14,34.33,0.14,0.52,34.33,0.14,0.52,34.32,0.14,0.51,,,
70376,11290,10667,1.028,35.40,0.35,35.43,0.34,0.42,35.40,0.35,0.43,35.38,0.35,0.42,,,
70392,8040,7415,1.020,34.05,0.32,34.05,0.30,0.52,34.06,0.32,0.53,34.05,0.32,0.52,,,
70399,7296,6766,1.018,34.37,0.22,34.36,0.21,0.35,34.37,0.22,0.39,34.36,0.22,0.40,34.11,0.23,0.48
70400,5340,4772,1.013,33.98,0.15,33.99,0.15,0.53,33.98,0.15,0.54,33.96,0.16,0.53,,,
70404,1337,709,1.002,31.60,0.22,31.60,0.21,0.56,31.59,0.22,0.60,31.61,0.22,0.59,,,
70410,6617,6026,1.016,34.54,0.15,34.54,0.15,0.43,34.54,0.15,0.43,34.53,0.15,0.42,,,
70413,4237,3698,1.010,33.59,0.27,33.60,0.26,0.49,33.60,0.27,0.49,33.58,0.28,0.48,,,
70416,6133,5512,1.015,33.75,0.25,,,,,,,,,,33.75,0.25,0.58
70420,1885,1265,1.003,31.32,0.18,31.32,0.17,0.56,31.31,0.18,0.60,31.33,0.18,0.59,31.76,0.18,0.66
70433,2386,1770,1.005,31.94,0.15,31.95,0.15,0.56,31.93,0.15,0.58,31.93,0.15,0.58,,,
70434,7525,6915,1.018,34.83,0.18,34.83,0.17,0.35,34.83,0.18,0.39,34.83,0.18,0.40,,,
70435,7795,7238,1.019,34.53,0.22,34.52,0.21,0.35,34.53,0.22,0.39,34.54,0.22,0.40,,,
70447,1964,1344,1.004,31.11,0.22,31.10,0.21,0.56,31.10,0.22,0.60,31.13,0.22,0.59,,,
70451,7654,7026,1.019,34.15,0.22,34.15,0.21,0.51,34.15,0.22,0.52,34.15,0.22,0.51,,,
70460,7993,7366,1.019,34.77,0.20,34.77,0.19,0.47,34.77,0.20,0.47,34.77,0.20,0.46,,,
70461,7323,6696,1.018,34.08,0.13,34.10,0.13,0.40,34.08,0.13,0.41,34.05,0.13,0.40,,,
70466,5046,4476,1.012,33.94,0.35,33.94,0.34,0.49,33.95,0.35,0.49,33.93,0.36,0.48,,,
70467,4148,3537,1.009,33.62,0.18,33.62,0.17,0.51,33.62,0.18,0.51,33.62,0.18,0.50,,,
70474,4214,3788,1.010,34.07,0.50,,,,,,,,,,34.07,0.50,0.65
70481,6775,6150,1.016,34.28,0.13,34.27,0.13,0.35,34.28,0.13,0.39,34.28,0.13,0.40,,,
70482,3232,2630,1.007,33.12,0.17,33.13,0.16,0.56,33.12,0.17,0.60,33.13,0.17,0.59,,,
70487,7637,7081,1.019,33.74,0.23,33.73,0.22,0.47,33.74,0.23,0.47,33.74,0.23,0.46,,,
70492,4174,3553,1.009,32.53,0.16,32.54,0.16,0.53,32.53,0.16,0.53,32.53,0.17,0.53,,,
70493,11409,10797,1.028,35.79,0.14,35.80,0.14,0.35,35.79,0.14,0.39,35.78,0.14,0.40,,,
70497,6438,5813,1.015,33.69,0.35,33.70,0.34,0.35,33.70,0.35,0.39,33.68,0.36,0.40,,,
70498,8035,7419,1.020,34.94,0.14,34.94,0.14,0.48,34.94,0.14,0.48,34.94,0.14,0.47,,,
70507,5119,4522,1.012,33.80,0.14,33.82,0.14,0.51,33.80,0.14,0.51,33.78,0.14,0.51,,,
70509,9772,9423,1.025,35.41,0.25,,,,,,,,,,35.41,0.25,0.48
70510,3691,3108,1.008,34.25,0.33,34.25,0.32,0.56,34.24,0.33,0.58,34.25,0.33,0.58,,,
70511,5801,5179,1.014,33.81,0.14,,,,,,,,,,33.81,0.14,0.63
70512,6599,6005,1.016,34.85,0.18,34.86,0.18,0.35,34.85,0.18,0.39,34.85,0.19,0.40,,,
70516,11191,10578,1.028,35.66,0.18,35.67,0.18,0.35,35.66,0.18,0.39,35.66,0.18,0.40,,,
70524,7553,7026,1.019,34.72,0.25,34.71,0.24,0.35,34.73,0.25,0.39,34.73,0.26,0.40,,,
70525,6353,5728,1.015,34.23,0.13,34.23,0.13,0.38,34.24,0.13,0.39,34.23,0.13,0.40,,,
70531,7328,6701,1.018,34.25,0.24,34.26,0.23,0.47,34.25,0.24,0.47,34.24,0.24,0.46,,,
70532,6525,5900,1.016,34.14,0.20,34.11,0.19,0.35,34.14,0.20,0.39,34.16,0.20,0.40,,,
70535,7891,7289,1.019,34.89,0.37,34.88,0.35,0.45,34.90,0.37,0.46,34.89,0.37,0.45,,,
70537,10702,10078,1.027,35.17,0.23,35.17,0.22,0.35,35.17,0.23,0.39,35.18,0.23,0.40,,,
70541,3709,3130,1.008,34.06,0.13,34.07,0.13,0.50,34.06,0.13,0.50,34.05,0.13,0.49,,,
70544,10386,9760,1.026,35.90,0.27,35.89,0.26,0.35,35.91,0.27,0.39,35.91,0.28,0.40,,,
70546,6386,5865,1.016,34.30,0.35,34.29,0.33,0.43,34.31,0.35,0.43,34.31,0.35,0.42,,,
70558,4831,4225,1.011,33.84,0.14,33.84,0.14,0.50,33.84,0.14,0.50,33.85,0.14,0.49,,,
70565,1668,1341,1.004,32.03,0.18,,,,,,,,,,32.03,0.18,0.64
70569,1958,1340,1.004,31.14,0.14,31.14,0.13,0.49,31.14,0.14,0.49,31.14,0.14,0.48,,,
70579,3995,3369,1.009,34.02,0.14,34.03,0.14,0.52,34.02,0.14,0.53,34.02,0.14,0.52,,,
70582,1635,1362,1.004,31.95,0.28,,,,,,,,,,31.95,0.28,0.60
70585,7842,7229,1.019,34.91,0.16,34.90,0.16,0.35,34.91,0.16,0.39,34.92,0.16,0.40,,,
70588,1616,1414,1.004,29.75,0.50,,,,,,,,,,29.75,0.50,0.65
70594,12352,11767,1.031,35.89,0.31,35.91,0.29,0.35,35.90,0.31,0.39,35.88,0.31,0.40,35.81,0.34,0.48
70602,7238,6613,1.017,34.71,0.26,34.73,0.25,0.50,34.71,0.26,0.50,34.70,0.26,0.50,,,
70615,9973,9406,1.025,35.76,0.20,35.75,0.20,0.35,35.76,0.20,0.39,35.77,0.21,0.40,,,
70637,4760,4155,1.011,34.14,0.16,34.14,0.15,0.56,34.14,0.16,0.57,34.14,0.16,0.57,,,
70646,13786,13203,1.035,36.80,0.18,36.81,0.17,0.35,36.80,0.18,0.39,36.79,0.18,0.40,,,
70657,2210,1754,1.005,31.98,0.33,,,,,,,,,,31.98,0.33,0.66
70664,7381,6756,1.018,34.87,0.14,34.87,0.14,0.35,34.88,0.14,0.39,34.87,0.14,0.40,,,
70666,6683,6088,1.016,34.61,0.18,34.61,0.17,0.35,34.61,0.18,0.39,34.61,0.18,0.40,,,
70668,4333,3930,1.010,33.99,0.19,,,,,,,,,,33.99,0.19,0.51
70675,8961,8378,1.022,35.52,0.16,,,,,,,,,,35.52,0.16,0.48
70691,5139,4532,1.012,34.12,0.19,34.12,0.19,0.38,34.12,0.19,0.39,34.11,0.20,0.40,,,
70693,5555,4933,1.013,33.82,0.15,33.83,0.14,0.50,33.82,0.15,0.51,33.80,0.15,0.50,,,
70697,1568,1303,1.003,32.20,0.36,,,,,,,,,,32.20,0.36,0.64
70702,3699,3119,1.008,33.22,0.18,33.22,0.17,0.47,33.22,0.18,0.47,33.21,0.18,0.47,33.01,0.18,0.58
70708,5080,4497,1.012,33.95,0.12,33.93,0.12,0.35,33.95,0.12,0.39,33.97,0.12,0.40,34.47,0.10,0.48
70714,1612,1263,1.003,31.13,0.37,,,,,,,,,,31.13,0.37,0.59
70716,5530,4912,1.013,34.68,0.37,,,,,,,,,,34.68,0.37,0.60
70720,3999,3374,1.009,33.53,0.15,33.52,0.15,0.56,33.52,0.15,0.58,33.54,0.15,0.58,,,
70723,4933,4350,1.012,34.03,0.17,34.04,0.17,0.53,34.03,0.17,0.53,34.03,0.17,0.53,,,
70734,3981,3356,1.009,32.78,0.14,32.77,0.13,0.53,32.77,0.14,0.54,32.80,0.14,0.53,33.14,0.12,0.62
70735,4558,3935,1.010,33.59,0.23,33.59,0.22,0.53,33.59,0.23,0.54,33.59,0.23,0.53,,,
70746,8610,7986,1.021,34.60,0.13,34.60,0.13,0.41,34.60,0.13,0.42,34.60,0.13,0.41,,,
70756,2917,2312,1.006,32.48,0.16,32.49,0.16,0.56,32.47,0.16,0.59,32.47,0.16,0.59,,,
70765,4947,4341,1.011,33.72,0.16,33.71,0.16,0.35,33.72,0.16,0.39,33.73,0.17,0.40,,,
70771,12308,11695,1.031,36.38,0.20,36.40,0.20,0.35,36.38,0.20,0.39,36.37,0.21,0.40,,,
70773,3526,3031,1.008,33.84,0.28,33.85,0.27,0.56,33.84,0.28,0.58,33.84,0.29,0.58,,,
70774,7270,6646,1.018,34.65,0.13,34.66,0.13,0.49,34.65,0.13,0.50,34.64,0.13,0.49,,,
70785,7198,6573,1.017,33.82,0.43,33.83,0.41,0.35,33.83,0.43,0.39,33.80,0.43,0.40,,,
70786,2877,2303,1.006,33.04,0.13,33.03,0.13,0.40,33.04,0.13,0.40,33.04,0.13,0.40,,,
70789,7207,6584,1.017,34.98,0.31,34.99,0.30,0.48,34.99,0.31,0.48,34.97,0.31,0.47,,,
70790,6580,5997,1.016,34.78,0.17,34.78,0.16,0.35,34.78,0.17,0.39,34.78,0.17,0.40,,,
70793,7324,6700,1.018,34.65,0.13,34.65,0.13,0.46,34.65,0.13,0.46,34.65,0.13,0.45,,,
70794,12220,11611,1.031,35.95,0.15,35.95,0.15,0.35,35.94,0.15,0.39,35.95,0.16,0.40,,,
70795,2883,2308,1.006,32.28,0.13,32.27,0.13,0.35,32.28,0.13,0.39,32.29,0.13,0.40,,,
70797,12217,11621,1.031,35.43,0.27,35.43,0.26,0.35,35.43,0.27,0.39,35.42,0.27,0.40,,,
70799,4940,4353,1.012,33.82,0.16,33.84,0.16,0.56,33.82,0.16,0.58,33.81,0.16,0.57,,,
70800,1562,1362,1.004,31.91,0.23,,,,,,,,,,31.91,0.23,0.51
70803,3847,3269,1.009,32.38,0.16,32.40,0.16,0.56,32.38,0.16,0.60,32.38,0.16,0.59,32.16,0.16,0.66
70808,7724,7312,1.019,35.13,0.17,,,,,,,,,,35.13,0.17,0.48
70812,4538,3944,1.010,33.63,0.19,33.63,0.18,0.56,33.62,0.19,0.57,33.62,0.19,0.57,33.47,0.19,0.64
70818,5153,4593,1.012,33.92,0.13,33.92,0.13,0.45,33.92,0.13,0.45,33.91,0.13,0.45,33.74,0.11,0.57
70823,7142,6518,1.017,35.40,0.21,35.39,0.20,0.35,35.40,0.21,0.39,35.40,0.21,0.40,,,
70840,2863,2612,1.007,32.04,0.50,,,,,,,,,,32.04,0.50,0.64
70843,10430,9845,1.026,35.23,0.31,35.22,0.30,0.37,35.24,0.31,0.39,35.23,0.32,0.40,,,
70847,8373,7749,1.020,34.90,0.20,34.91,0.20,0.36,34.91,0.20,0.39,34.90,0.21,0.40,,,
70848,8274,7650,1.020,34.55,0.18,34.57,0.17,0.46,34.55,0.18,0.46,34.54,0.18,0.45,,,
70851,8847,8293,1.022,34.33,0.36,34.33,0.35,0.44,34.34,0.36,0.44,34.32,0.36,0.43,,,
70866,12895,12302,1.032,35.96,0.17,35.97,0.16,0.35,35.96,0.17,0.39,35.95,0.17,0.40,,,
70871,12425,11814,1.031,36.37,0.18,36.37,0.17,0.35,36.37,0.18,0.39,36.37,0.18,0.40,,,
70876,8046,7503,1.020,34.95,0.40,34.94,0.38,0.35,34.96,0.40,0.39,34.95,0.40,0.40,,,
70879,8216,7626,1.020,35.27,0.25,35.28,0.24,0.49,35.27,0.25,0.50,35.26,0.25,0.49,,,
70880,3724,3142,1.008,32.95,0.15,32.97,0.15,0.56,32.95,0.15,0.57,32.93,0.15,0.57,32.87,0.14,0.64
70892,8692,8069,1.021,35.32,0.23,35.30,0.23,0.35,35.33,0.23,0.39,35.33,0.24,0.40,,,
70894,2316,1700,1.005,32.32,0.18,32.33,0.18,0.56,32.31,0.18,0.60,32.31,0.18,0.59,,,
70897,4521,3921,1.010,32.07,0.47,32.08,0.45,0.56,32.08,0.47,0.60,32.06,0.47,0.59,,,
70901,8151,7611,1.020,34.71,0.23,34.71,0.22,0.35,34.71,0.23,0.39,34.71,0.23,0.40,,,
70902,7857,7247,1.019,34.92,0.15,34.92,0.15,0.35,34.92,0.15,0.39,34.92,0.15,0.40,,,
70910,7432,6809,1.018,35.75,0.16,35.80,0.16,0.35,35.75,0.16,0.39,35.71,0.17,0.40,,,
70912,4946,4341,1.011,31.80,0.24,31.82,0.23,0.55,31.81,0.24,0.56,31.79,0.24,0.56,,,
70925,3348,2779,1.007,33.11,0.16,33.12,0.15,0.55,33.11,0.16,0.55,33.11,0.16,0.55,,,
70927,3805,3221,1.009,33.78,0.35,33.79,0.33,0.54,33.78,0.35,0.54,33.77,0.35,0.54,33.81,0.38,0.62
70953,4376,3832,1.010,34.17,0.20,34.17,0.20,0.42,34.17,0.20,0.42,34.17,0.21,0.41,,,
70958,12348,11753,1.031,37.07,0.23,37.06,0.23,0.35,37.08,0.23,0.39,37.08,0.24,0.40,,,
70966,2756,2468,1.007,33.18,0.37,,,,,,,,,,33.18,0.37,0.58
70967,13565,12986,1.034,35.72,0.48,35.72,0.46,0.35,35.73,0.48,0.39,35.71,0.49,0.40,,,
70974,3967,3382,1.009,33.46,0.47,33.47,0.45,0.55,33.47,0.47,0.55,33.43,0.48,0.55,33.61,0.53,0.63
70981,4356,3758,1.010,33.38,0.22,33.39,0.21,0.47,33.38,0.22,0.47,33.37,0.22,0.47,33.34,0.23,0.58
70991,11093,10499,1.028,35.39,0.19,35.40,0.19,0.35,35.39,0.19,0.39,35.39,0.20,0.40,,,
70995,9117,8564,1.023,35.24,0.32,35.23,0.31,0.35,35.24,0.32,0.39,35.24,0.32,0.40,,,
70996,5164,4583,1.012,33.67,0.19,33.66,0.18,0.35,33.67,0.19,0.39,33.67,0.19,0.40,33.52,0.19,0.48
71002,7809,7191,1.019,35.44,0.13,35.44,0.12,0.35,35.44,0.13,0.39,35.43,0.13,0.40,,,
71003,2718,2313,1.006,33.00,0.30,,,,,,,,,,33.00,0.30,0.64
71010,11031,10453,1.027,36.18,0.35,36.20,0.34,0.35,36.18,0.35,0.39,36.17,0.36,0.40,,,
71017,5285,4666,1.012,34.02,0.16,34.03,0.16,0.56,34.01,0.16,0.58,34.01,0.16,0.58,,,
71018,11167,10546,1.028,35.70,0.12,35.71,0.12,0.35,35.70,0.12,0.39,35.70,0.12,0.40,,,
71030,2866,2254,1.006,33.41,0.22,33.41,0.22,0.55,33.41,0.22,0.57,33.42,0.23,0.56,,,
71034,4417,3835,1.010,33.24,0.15,33.25,0.15,0.55,33.24,0.15,0.56,33.24,0.15,0.56,33.20,0.15,0.64
71044,6207,5811,1.015,34.87,0.53,,,,,,,,,,34.87,0.53,0.48
71046,5846,5223,1.014,34.18,0.20,34.20,0.19,0.56,34.18,0.20,0.58,34.17,0.20,0.57,,,
71049,4050,3454,1.009,33.90,0.22,33.90,0.21,0.50,33.90,0.22,0.50,33.89,0.22,0.50,33.83,0.23,0.60
71051,4398,3811,1.010,33.57,0.19,33.58,0.18,0.42,33.58,0.19,0.43,33.57,0.19,0.42,33.49,0.19,0.55
71052,3993,3408,1.009,32.29,0.17,32.29,0.17,0.56,32.28,0.17,0.60,32.29,0.17,0.59,32.18,0.17,0.66
71053,11293,10673,1.028,36.25,0.19,36.25,0.18,0.35,36.24,0.19,0.39,36.25,0.19,0.40,,,
71055,3748,3160,1.008,33.21,0.13,33.22,0.13,0.47,33.21,0.13,0.47,33.20,0.13,0.46,33.18,0.12,0.58
71059,8672,8055,1.021,34.46,0.31,34.46,0.30,0.55,34.47,0.31,0.56,34.47,0.32,0.55,,,
71066,1658,1446,1.004,31.00,0.32,,,,,,,,,,31.00,0.32,0.57
71078,7480,6870,1.018,34.61,0.12,34.58,0.12,0.35,34.62,0.12,0.39,34.63,0.12,0.40,34.78,0.10,0.48
71080,8163,7572,1.020,34.86,0.13,34.87,0.13,0.40,34.86,0.13,0.41,34.84,0.13,0.40,,,
71084,9280,8722,1.023,34.40,0.26,34.40,0.25,0.43,34.41,0.26,0.43,34.40,0.27,0.42,,,
71087,3780,3187,1.008,33.85,0.39,33.82,0.37,0.37,33.86,0.39,0.39,33.86,0.40,0.40,34.05,0.43,0.53
71093,9258,8701,1.023,34.54,0.15,34.54,0.15,0.56,34.54,0.15,0.58,34.54,0.16,0.58,,,
71094,6141,5518,1.015,35.16,0.24,35.15,0.24,0.46,35.17,0.24,0.46,35.17,0.25,0.45,,,
71097,3259,2671,1.007,33.78,0.34,33.79,0.33,0.52,33.78,0.34,0.52,33.77,0.35,0.52,33.74,0.38,0.61
71100,9582,8962,1.024,35.82,0.19,35.82,0.19,0.35,35.82,0.19,0.39,35.81,0.19,0.40,,,
71102,4625,4016,1.011,33.66,0.13,33.64,0.13,0.42,33.66,0.13,0.42,33.67,0.13,0.41,,,
71119,6329,5707,1.015,34.46,0.18,34.46,0.17,0.48,34.46,0.18,0.48,34.45,0.18,0.48,,,
71124,8337,7720,1.020,35.69,0.13,,,,,,,,,,35.69,0.13,0.48
71126,4547,3924,1.010,33.08,0.24,33.08,0.24,0.38,33.08,0.24,0.39,33.08,0.25,0.40,,,
71144,11850,11235,1.030,35.38,0.21,35.37,0.20,0.46,35.38,0.21,0.46,35.39,0.21,0.46,,,
71149,6279,5658,1.015,35.03,0.12,35.03,0.12,0.35,35.04,0.12,0.39,35.04,0.12,0.40,,,
71155,4432,3846,1.010,32.75,0.33,32.76,0.32,0.56,32.75,0.33,0.59,32.75,0.33,0.59,32.38,0.36,0.65
71159,4104,3518,1.009,32.27,0.20,32.28,0.20,0.56,32.27,0.20,0.60,32.27,0.20,0.59,31.97,0.21,0.66
71162,4135,3571,1.009,33.91,0.25,33.91,0.24,0.55,33.91,0.25,0.56,33.91,0.25,0.55,,,
71165,6403,5781,1.015,35.30,0.20,35.30,0.20,0.35,35.30,0.20,0.39,35.29,0.21,0.40,,,
71166,5188,4569,1.012,33.94,0.18,33.94,0.18,0.45,33.94,0.18,0.45,33.93,0.19,0.44,33.88,0.19,0.57
71171,4211,3627,1.010,33.04,0.29,33.06,0.28,0.56,33.05,0.29,0.57,33.02,0.29,0.56,32.64,0.32,0.64
71176,12780,12183,1.032,36.03,0.16,36.04,0.16,0.35,36.02,0.16,0.39,36.02,0.16,0.40,,,
71177,12208,11588,1.030,36.26,0.19,36.26,0.19,0.35,36.26,0.19,0.39,36.26,0.20,0.40,,,
71181,3983,3397,1.009,33.29,0.14,33.29,0.14,0.35,33.29,0.14,0.39,33.29,0.14,0.40,33.46,0.13,0.49
71183,14653,14096,1.037,37.10,0.65,37.12,0.62,0.35,37.12,0.65,0.39,37.05,0.66,0.40,,,
71184,6246,5624,1.015,34.73,0.16,34.72,0.15,0.46,34.73,0.16,0.46,34.72,0.16,0.45,,,
71191,6172,5550,1.015,33.91,0.15,33.91,0.14,0.56,33.91,0.15,0.58,33.91,0.15,0.57,,,
71193,6373,5751,1.015,34.66,0.14,34.65,0.14,0.36,34.66,0.14,0.39,34.66,0.14,0.40,,,
71197,3817,3229,1.009,32.62,0.40,,,,,,,,,,32.62,0.40,0.66
71201,3743,3153,1.008,32.81,0.67,32.83,0.64,0.56,32.83,0.67,0.60,32.76,0.68,0.59,32.99,0.76,0.66
71204,5311,4738,1.013,33.37,0.22,33.38,0.22,0.55,33.37,0.22,0.56,33.36,0.23,0.56,,,
71206,7434,6888,1.018,34.55,0.28,34.54,0.27,0.43,34.55,0.28,0.43,34.55,0.29,0.42,34.57,0.31,0.55
71208,1891,1280,1.003,32.69,0.19,32.69,0.18,0.56,32.68,0.19,0.60,32.69,0.19,0.59,,,
71220,668,62,1.000,29.65,0.15,,,,,,,,,,29.65,0.15,0.62
71221,8109,7507,1.020,35.23,0.12,35.22,0.12,0.35,35.23,0.12,0.39,35.23,0.12,0.40,,,
71223,12675,12086,1.032,35.82,0.18,35.81,0.18,0.35,35.82,0.18,0.39,35.82,0.19,0.40,,,
71229,1758,1371,1.004,32.24,0.79,,,,,,,,,,32.24,0.79,0.66
71231,9242,8667,1.023,34.54,0.37,,,,,,,,,,34.54,0.37,0.53
71234,6221,5599,1.015,34.81,0.14,34.82,0.13,0.35,34.81,0.14,0.39,34.81,0.14,0.40,,,
71235,4562,3965,1.011,34.57,0.48,,,,,,,,,,34.57,0.48,0.65
71238,7170,6701,1.018,34.61,0.23,,,,,,,,,,34.61,0.23,0.48
71240,4165,3564,1.009,33.08,0.23,33.09,0.23,0.56,33.07,0.23,0.59,33.07,0.24,0.59,,,
71241,8102,7504,1.020,34.69,0.13,34.68,0.13,0.35,34.68,0.13,0.39,34.70,0.13,0.40,,,
71244,5139,4566,1.012,34.39,0.14,34.39,0.14,0.54,34.38,0.14,0.54,34.38,0.14,0.54,,,
71250,7474,6863,1.018,34.98,0.26,34.97,0.25,0.45,34.98,0.26,0.45,34.99,0.27,0.44,,,
71260,4089,3492,1.009,32.75,0.17,32.75,0.16,0.56,32.74,0.17,0.60,32.75,0.17,0.59,32.74,0.16,0.66
71261,4099,3501,1.009,33.33,0.28,33.33,0.27,0.35,33.33,0.28,0.39,33.32,0.28,0.40,,,
71262,3959,3371,1.009,33.21,0.18,33.21,0.18,0.56,33.20,0.18,0.58,33.21,0.19,0.58,33.16,0.19,0.65
71263,12663,12044,1.032,35.98,0.18,35.98,0.18,0.35,35.98,0.18,0.39,35.98,0.18,0.40,,,
71266,9065,8508,1.022,35.17,0.32,35.16,0.31,0.47,35.18,0.32,0.47,35.18,0.33,0.46,,,
71278,11771,11158,1.029,36.36,0.28,36.35,0.27,0.35,36.37,0.28,0.39,36.37,0.28,0.40,,,
71279,8178,7577,1.020,34.47,0.20,34.48,0.19,0.55,34.47,0.20,0.56,34.47,0.20,0.56,,,
71288,4174,3573,1.009,33.88,0.18,33.88,0.17,0.42,33.88,0.18,0.43,33.88,0.18,0.42,,,
71292,10034,9413,1.025,35.68,0.18,35.69,0.18,0.35,35.67,0.18,0.39,35.68,0.19,0.40,,,
71309,1656,1447,1.004,31.87,0.42,,,,,,,,,,31.87,0.42,0.66
71318,7486,7042,1.019,34.90,0.24,,,,,,,,,,34.90,0.24,0.52
71333,12017,11401,1.030,35.68,0.17,35.67,0.16,0.35,35.68,0.17,0.39,35.69,0.17,0.40,,,
71351,9849,9228,1.024,35.72,0.26,35.70,0.25,0.40,35.73,0.26,0.41,35.73,0.26,0.40,,,
71354,5339,4720,1.012,34.51,0.18,34.50,0.17,0.49,34.51,0.18,0.50,34.52,0.18,0.49,,,
71359,10839,10251,1.027,35.64,0.43,35.64,0.41,0.35,35.65,0.43,0.39,35.63,0.43,0.40,,,
71360,3233,2647,1.007,32.06,0.43,32.08,0.41,0.56,32.07,0.43,0.59,32.03,0.43,0.59,31.49,0.48,0.66
71368,715,111,1.000,29.29,0.51,,,,,,,,,,29.29,0.51,0.66
71382,10442,9858,1.026,34.67,0.30,34.67,0.29,0.35,34.68,0.30,0.39,34.67,0.31,0.40,,,
71389,4131,3528,1.009,33.69,0.24,33.70,0.23,0.47,33.69,0.24,0.48,33.68,0.25,0.47,,,
71404,10094,9516,1.025,35.88,0.29,35.88,0.28,0.35,35.89,0.29,0.39,35.86,0.29,0.40,,,
71406,7629,7011,1.019,34.49,0.15,34.49,0.15,0.38,34.49,0.15,0.39,34.49,0.15,0.40,,,
71420,12699,12099,1.032,35.78,0.15,35.78,0.15,0.35,35.79,0.15,0.39,35.78,0.16,0.40,,,
71421,13727,13108,1.034,36.56,0.18,36.56,0.17,0.35,36.57,0.18,0.39,36.57,0.18,0.40,,,
71426,3717,3100,1.008,33.58,0.18,33.58,0.17,0.56,33.57,0.18,0.60,33.58,0.18,0.59,,,
71429,5477,4859,1.013,33.56,0.28,33.57,0.27,0.55,33.56,0.28,0.55,33.54,0.29,0.55,,,
71430,2968,2536,1.007,33.44,0.40,,,,,,,,,,33.44,0.40,0.61
71445,9351,8731,1.023,35.19,0.14,35.20,0.14,0.36,35.19,0.14,0.39,35.18,0.14,0.40,,,
71446,5558,4940,1.013,33.63,0.22,33.64,0.21,0.56,33.63,0.22,0.57,33.62,0.22,0.57,,,
71447,7045,6567,1.017,33.96,0.30,,,,,,,,,,33.96,0.30,0.60
71448,3994,3399,1.009,32.96,0.26,32.97,0.25,0.56,32.96,0.26,0.60,32.96,0.27,0.59,,,
71449,4422,3856,1.010,33.47,0.25,33.47,0.24,0.56,33.47,0.25,0.59,33.47,0.25,0.59,,,
71450,3742,3123,1.008,33.16,0.20,33.15,0.19,0.35,33.17,0.20,0.39,33.17,0.20,0.40,,,
71461,6323,5738,1.015,34.33,0.18,34.33,0.18,0.51,34.33,0.18,0.51,34.34,0.18,0.51,,,
71488,11353,10736,1.028,35.98,0.18,35.99,0.18,0.35,35.98,0.18,0.39,35.97,0.18,0.40,,,
71490,10609,9990,1.026,35.26,0.13,35.27,0.12,0.35,35.25,0.13,0.39,35.26,0.13,0.40,,,
71508,11605,11023,1.029,36.07,0.23,36.07,0.22,0.35,36.08,0.23,0.39,36.07,0.23,0.40,,,
71511,5333,4714,1.012,33.67,0.20,33.69,0.20,0.53,33.68,0.20,0.53,33.66,0.21,0.53,,,
71513,5466,4848,1.013,34.53,0.21,34.53,0.21,0.35,34.54,0.21,0.39,34.54,0.21,0.40,,,
71515,10405,9790,1.026,35.61,0.17,35.62,0.17,0.35,35.61,0.17,0.39,35.60,0.17,0.40,,,
71517,3836,3218,1.009,33.59,0.24,33.58,0.23,0.37,33.59,0.24,0.39,33.59,0.25,0.40,,,
71529,3735,3154,1.008,33.51,0.28,33.52,0.27,0.56,33.51,0.28,0.57,33.50,0.29,0.57,33.05,0.31,0.64
71539,3999,3403,1.009,33.08,0.16,33.10,0.16,0.56,33.08,0.16,0.60,33.07,0.17,0.59,,,
71546,4165,3549,1.009,33.92,0.25,33.92,0.24,0.54,33.92,0.25,0.55,33.92,0.25,0.55,,,
71556,5002,4506,1.012,33.68,0.37,33.68,0.36,0.52,33.69,0.37,0.52,33.67,0.38,0.52,,,
71560,9196,8611,1.023,35.18,0.35,35.18,0.33,0.37,35.19,0.35,0.39,35.18,0.35,0.40,,,
71568,3792,3177,1.008,33.00,0.16,33.01,0.16,0.56,33.00,0.16,0.60,33.00,0.16,0.59,,,
71569,5585,4966,1.013,34.84,0.17,34.84,0.17,0.35,34.84,0.17,0.39,34.85,0.18,0.40,,,
71573,8297,7678,1.020,35.28,0.13,35.30,0.13,0.35,35.29,0.13,0.39,35.27,0.13,0.40,35.01,0.11,0.48
71577,12738,12150,1.032,36.28,0.32,36.27,0.30,0.35,36.28,0.32,0.39,36.29,0.32,0.40,,,
71587,5497,4881,1.013,34.60,0.20,34.59,0.20,0.35,34.60,0.20,0.39,34.60,0.21,0.40,,,
71589,5139,4522,1.012,34.60,0.31,34.61,0.30,0.35,34.61,0.31,0.39,34.60,0.31,0.40,,,
71590,9870,9252,1.024,35.68,0.19,35.68,0.18,0.35,35.69,0.19,0.39,35.69,0.19,0.40,35.71,0.19,0.48
71594,8932,8347,1.022,35.16,0.14,35.16,0.14,0.35,35.16,0.14,0.39,35.17,0.14,0.40,,,
71597,9454,8836,1.023,35.14,0.13,35.14,0.13,0.35,35.14,0.13,0.39,35.14,0.13,0.40,35.23,0.11,0.48
71602,5752,5148,1.014,34.84,0.27,,,,,,,,,,34.84,0.27,0.58
71608,10664,10048,1.026,36.17,0.25,36.16,0.24,0.35,36.17,0.25,0.39,36.17,0.25,0.40,,,
71615,5408,4792,1.013,33.81,0.59,33.83,0.57,0.56,33.82,0.59,0.57,33.76,0.60,0.57,,,
71616,9821,9349,1.025,35.87,0.17,,,,,,,,,,35.87,0.17,0.48
71627,7356,7018,1.019,34.41,0.35,,,,,,,,,,34.41,0.35,0.54
71631,6500,6038,1.016,33.98,0.34,,,,,,,,,,33.98,0.34,0.48
71636,2948,2336,1.006,32.76,0.16,32.78,0.16,0.56,32.76,0.16,0.59,32.75,0.16,0.59,,,
71637,4268,3664,1.010,33.03,0.15,33.04,0.14,0.56,33.03,0.15,0.57,33.03,0.15,0.57,,,
71657,5766,5149,1.014,34.24,0.79,34.26,0.76,0.54,34.28,0.79,0.55,34.18,0.80,0.54,,,
71658,7288,6671,1.018,35.25,0.28,35.24,0.27,0.51,35.25,0.28,0.52,35.26,0.29,0.51,,,
71659,5461,4845,1.013,33.48,0.19,33.49,0.18,0.49,33.48,0.19,0.49,33.46,0.19,0.48,,,
71669,12969,12351,1.032,36.18,0.21,36.19,0.20,0.35,36.18,0.21,0.39,36.18,0.21,0.40,,,
71677,5340,4822,1.013,34.02,0.19,34.00,0.19,0.35,34.02,0.19,0.39,34.03,0.20,0.40,34.25,0.20,0.48
71688,5381,4765,1.013,33.57,0.13,33.57,0.13,0.45,33.57,0.13,0.45,33.56,0.13,0.44,,,
71689,6791,6179,1.016,35.12,0.20,35.12,0.19,0.44,35.13,0.20,0.45,35.12,0.20,0.44,,,
71703,4291,3690,1.010,33.17,0.14,33.19,0.14,0.50,33.17,0.14,0.50,33.15,0.14,0.49,,,
71716,1424,1315,1.003,31.69,0.17,,,,,,,,,,31.69,0.17,0.59
71723,5410,4806,1.013,33.45,0.20,33.47,0.19,0.56,33.45,0.20,0.59,33.44,0.20,0.58,,,
71729,1876,1793,1.005,31.73,0.32,,,,,,,,,,31.73,0.32,0.57
71731,6063,5451,1.014,34.15,0.12,34.14,0.12,0.38,34.15,0.12,0.39,34.15,0.13,0.40,,,
71733,3988,3372,1.009,33.04,0.36,33.04,0.35,0.56,33.04,0.36,0.60,33.03,0.37,0.59,,,
71737,5365,4831,1.013,33.26,0.19,33.26,0.18,0.46,33.26,0.19,0.46,33.26,0.19,0.45,,,
71740,6009,5397,1.014,34.47,0.13,34.47,0.13,0.35,34.48,0.13,0.39,34.47,0.13,0.40,,,
71746,6875,6273,1.017,34.55,0.21,34.55,0.20,0.50,34.56,0.21,0.51,34.56,0.21,0.50,,,
71750,5291,4676,1.012,33.52,0.15,33.52,0.14,0.46,33.52,0.15,0.46,33.51,0.15,0.45,,,
71751,8391,7774,1.021,34.02,0.42,34.03,0.40,0.49,34.03,0.42,0.49,34.01,0.42,0.48,,,
71753,4088,3472,1.009,32.77,0.24,32.78,0.23,0.50,32.78,0.24,0.50,32.77,0.24,0.49,,,
71754,5108,4519,1.012,33.83,0.33,33.84,0.31,0.51,33.84,0.33,0.51,33.82,0.33,0.51,,,
71770,12104,11510,1.030,35.98,0.17,35.98,0.17,0.35,35.99,0.17,0.39,35.98,0.18,0.40,,,
71780,4436,3836,1.010,33.76,0.18,33.76,0.18,0.56,33.75,0.18,0.60,33.76,0.19,0.59,,,
71784,2371,1852,1.005,32.93,0.15,32.93,0.15,0.38,32.94,0.15,0.39,32.93,0.15,0.40,33.09,0.14,0.53
71785,3291,2677,1.007,31.90,0.51,31.91,0.49,0.56,31.91,0.51,0.60,31.89,0.52,0.59,,,
71786,5327,4801,1.013,34.13,0.29,34.12,0.28,0.41,34.14,0.29,0.41,34.14,0.30,0.40,,,
71795,9230,8615,1.023,35.34,0.15,35.34,0.15,0.35,35.34,0.15,0.39,35.35,0.15,0.40,35.86,0.14,0.48
71796,4440,3836,1.010,33.98,0.22,33.99,0.22,0.53,33.98,0.22,0.54,33.97,0.23,0.53,,,
71800,1859,1897,1.005,32.16,0.23,,,,,,,,,,32.16,0.23,0.62
71802,6953,6348,1.017,35.17,0.12,35.16,0.12,0.35,35.18,0.12,0.39,35.18,0.12,0.40,,,
71804,1723,1117,1.003,32.08,0.27,32.08,0.26,0.56,32.08,0.27,0.60,32.09,0.27,0.59,,,
71831,6030,5463,1.014,34.29,0.12,34.29,0.12,0.35,34.29,0.12,0.39,34.29,0.12,0.40,,,
71838,2445,1835,1.005,32.76,0.14,32.78,0.14,0.54,32.76,0.14,0.55,32.75,0.14,0.54,,,
71839,5252,4638,1.012,33.62,0.14,33.61,0.14,0.55,33.61,0.14,0.56,33.63,0.14,0.55,,,
71854,5494,4884,1.013,34.03,0.15,,,,,,,,,,34.03,0.15,0.65
71866,680,431,1.001,29.76,0.34,,,,,,,,,,29.76,0.34,0.65
71880,9129,8513,1.022,35.40,0.18,35.39,0.17,0.35,35.40,0.18,0.39,35.40,0.18,0.40,35.34,0.18,0.50
71881,1551,1311,1.003,32.14,0.33,,,,,,,,,,32.14,0.33,0.64
71886,9518,9159,1.024,35.39,0.31,,,,,,,,,,35.39,0.31,0.54
71890,4200,3603,1.010,33.47,0.24,33.47,0.23,0.56,33.47,0.24,0.57,33.47,0.24,0.56,,,
71895,2852,2247,1.006,33.00,0.22,33.00,0.22,0.55,33.00,0.22,0.56,33.00,0.23,0.55,,,
71915,5205,4614,1.012,34.72,0.48,34.72,0.46,0.45,34.74,0.48,0.45,34.71,0.48,0.44,34.74,0.53,0.56
71919,5423,4859,1.013,35.66,0.35,35.67,0.33,0.39,35.67,0.35,0.39,35.64,0.35,0.40,,,
71934,2978,2721,1.007,33.62,0.29,,,,,,,,,,33.62,0.29,0.63
71940,12085,11478,1.030,36.43,0.35,36.42,0.34,0.35,36.44,0.35,0.39,36.42,0.36,0.40,,,
71948,2775,2626,1.007,33.13,0.14,,,,,,,,,,33.13,0.14,0.48
71955,3541,3184,1.008,32.25,0.45,,,,,,,,,,32.25,0.45,0.65
71962,5381,4806,1.013,35.11,0.23,35.12,0.22,0.45,35.12,0.23,0.45,35.10,0.23,0.44,,,
71969,5086,4473,1.012,34.05,0.13,34.05,0.13,0.45,34.06,0.13,0.46,34.05,0.13,0.45,,,
71972,5468,4892,1.013,34.75,0.31,34.75,0.30,0.37,34.75,0.31,0.39,34.74,0.31,0.40,,,
71982,6361,5798,1.015,34.13,0.17,34.11,0.17,0.41,34.13,0.17,0.41,34.15,0.18,0.40,,,
72001,2162,1658,1.004,31.58,0.15,31.58,0.15,0.41,31.59,0.15,0.42,31.58,0.15,0.41,31.50,0.14,0.55
72004,6472,5910,1.016,34.41,0.26,34.40,0.25,0.48,34.41,0.26,0.49,34.41,0.27,0.48,34.13,0.29,0.59
72006,2198,1689,1.004,32.22,0.27,32.22,0.26,0.56,32.22,0.27,0.60,32.23,0.27,0.59,,,
72009,1975,1514,1.004,32.01,0.26,,,,,,,,,,32.01,0.26,0.48
72012,9624,9263,1.024,35.76,0.25,,,,,,,,,,35.76,0.25,0.48
72015,2046,1579,1.004,33.00,0.32,,,,,,,,,,33.00,0.32,0.57
72020,5858,5292,1.014,34.28,0.15,34.28,0.14,0.41,34.28,0.15,0.42,34.28,0.15,0.41,,,
72024,7879,7265,1.019,34.66,0.14,34.66,0.13,0.35,34.66,0.14,0.39,34.66,0.14,0.40,34.76,0.12,0.48
72030,9140,8560,1.023,35.09,0.19,35.08,0.18,0.35,35.09,0.19,0.39,35.11,0.19,0.40,,,
72042,6826,6212,1.016,34.40,0.15,34.41,0.15,0.52,34.40,0.15,0.52,34.39,0.15,0.51,,,
72046,5227,4641,1.012,32.31,0.45,32.30,0.44,0.56,32.31,0.45,0.60,32.33,0.46,0.59,,,
72075,6422,5863,1.015,33.30,0.21,33.30,0.20,0.56,33.29,0.21,0.60,33.31,0.21,0.59,,,
72083,5549,4936,1.013,34.30,0.14,34.31,0.14,0.35,34.30,0.14,0.39,34.30,0.14,0.40,34.53,0.12,0.48
72084,11767,11214,1.029,36.16,0.25,36.17,0.24,0.35,36.15,0.25,0.39,36.14,0.25,0.40,,,
72086,7028,6421,1.017,35.16,0.12,35.17,0.12,0.35,35.16,0.12,0.39,35.16,0.12,0.40,,,
72092,6882,6513,1.017,34.74,0.20,,,,,,,,,,34.74,0.20,0.54
72106,12139,11527,1.030,36.44,0.24,36.46,0.23,0.35,36.43,0.24,0.39,36.43,0.24,0.40,,,
72117,6466,5908,1.016,34.01,0.11,,,,,,,,,,34.01,0.11,0.48
72118,12718,12120,1.032,36.15,0.26,36.17,0.25,0.35,36.14,0.26,0.39,36.12,0.27,0.40,,,
72131,3109,2553,1.007,32.44,0.15,32.44,0.14,0.55,32.43,0.15,0.56,32.43,0.15,0.56,,,
72145,5852,5265,1.014,33.89,0.32,33.88,0.31,0.48,33.89,0.32,0.48,33.89,0.33,0.48,,,
72148,5522,4910,1.013,34.31,0.13,34.31,0.13,0.35,34.31,0.13,0.39,34.31,0.13,0.40,,,
72163,2054,1588,1.004,32.99,0.46,,,,,,,,,,32.99,0.46,0.66
72169,7676,7064,1.019,35.20,0.21,35.19,0.20,0.35,35.21,0.21,0.39,35.21,0.21,0.40,34.98,0.22,0.48
72172,5343,4732,1.013,34.89,0.27,34.88,0.26,0.52,34.89,0.27,0.52,34.90,0.27,0.52,,,
72178,1438,1262,1.003,32.18,0.19,,,,,,,,,,32.18,0.19,0.61
72188,7707,7095,1.019,34.66,0.14,34.65,0.13,0.35,34.67,0.14,0.39,34.67,0.14,0.40,34.68,0.12,0.48
72190,7260,6666,1.018,35.15,0.26,35.16,0.25,0.48,35.15,0.26,0.48,35.14,0.26,0.48,,,
72193,4414,3810,1.010,32.46,0.27,32.46,0.26,0.56,32.46,0.27,0.60,32.46,0.28,0.59,,,
72201,10888,10280,1.027,36.18,0.21,36.19,0.21,0.35,36.19,0.21,0.39,36.18,0.22,0.40,,,
72204,9234,8666,1.023,34.96,0.21,,,,,,,,,,34.96,0.21,0.48
72205,7208,6626,1.018,34.06,0.15,34.11,0.14,0.48,34.06,0.15,0.48,33.99,0.15,0.47,,,
72209,11088,10513,1.028,35.55,0.14,35.56,0.14,0.35,35.55,0.14,0.39,35.54,0.14,0.40,,,
72218,7045,6460,1.017,34.84,0.24,34.85,0.23,0.43,34.85,0.24,0.43,34.84,0.24,0.42,,,
72227,7451,7005,1.018,34.81,0.16,,,,,,,,,,34.81,0.16,0.48
72233,9063,8452,1.022,35.20,0.20,35.20,0.20,0.35,35.19,0.20,0.39,35.19,0.20,0.40,35.45,0.21,0.48
72237,1013,403,1.001,30.48,0.25,30.48,0.24,0.54,30.48,0.25,0.55,30.48,0.25,0.54,30.34,0.27,0.63
72240,8541,7957,1.021,35.28,0.23,35.30,0.22,0.35,35.28,0.23,0.39,35.26,0.23,0.40,,,
72252,2259,1756,1.005,31.98,0.27,31.97,0.26,0.56,31.98,0.27,0.59,31.98,0.27,0.58,31.86,0.29,0.65
72269,11766,11203,1.029,35.39,0.22,35.39,0.21,0.35,35.39,0.22,0.39,35.38,0.22,0.40,,,
72274,5642,5035,1.013,33.98,0.23,33.98,0.22,0.50,33.98,0.23,0.50,33.97,0.23,0.50,,,
72275,4364,3764,1.010,33.32,0.17,33.32,0.17,0.56,33.31,0.17,0.58,33.31,0.17,0.58,,,
72280,6465,5901,1.016,35.03,0.14,35.02,0.14,0.43,35.03,0.14,0.44,35.04,0.14,0.43,,,
72298,8968,8454,1.022,34.81,0.30,34.81,0.29,0.45,34.82,0.30,0.46,34.82,0.31,0.45,,,
72301,12028,11419,1.030,36.03,0.21,36.03,0.21,0.36,36.03,0.21,0.39,36.03,0.21,0.40,,,
72306,7158,6548,1.017,35.13,0.16,35.14,0.15,0.35,35.14,0.16,0.39,35.12,0.16,0.40,,,
72328,7966,7356,1.019,34.84,0.18,34.84,0.18,0.35,34.84,0.18,0.39,34.84,0.19,0.40,35.01,0.19,0.48
72335,5584,5000,1.013,34.93,0.31,34.93,0.30,0.55,34.93,0.31,0.56,34.93,0.32,0.56,,,
72342,10018,9645,1.025,36.52,0.45,,,,,,,,,,36.52,0.45,0.48
72345,4485,3900,1.010,33.01,0.13,33.00,0.13,0.43,33.01,0.13,0.43,33.01,0.14,0.42,,,
72350,1873,1463,1.004,32.74,0.44,32.74,0.43,0.56,32.74,0.44,0.60,32.74,0.45,0.59,,,
72354,9731,9168,1.024,35.54,0.16,35.54,0.16,0.35,35.54,0.16,0.39,35.54,0.16,0.40,,,
72367,3114,2561,1.007,32.21,0.20,32.22,0.20,0.51,32.21,0.20,0.52,32.20,0.20,0.51,31.98,0.21,0.61
72372,9494,8884,1.023,35.15,0.15,35.16,0.15,0.35,35.15,0.15,0.39,35.14,0.15,0.40,35.30,0.14,0.48
72387,5452,4843,1.013,33.15,0.23,33.13,0.22,0.35,33.15,0.23,0.39,33.16,0.23,0.40,33.15,0.24,0.48
72392,7443,7004,1.018,34.55,0.19,,,,,,,,,,34.55,0.19,0.53
72398,9158,8607,1.023,35.42,0.48,35.43,0.46,0.41,35.44,0.48,0.41,35.41,0.49,0.40,,,
72411,9301,8692,1.023,35.35,0.21,35.34,0.20,0.35,35.35,0.21,0.39,35.35,0.21,0.40,35.23,0.21,0.48
72438,9560,8951,1.024,35.40,0.17,35.41,0.16,0.35,35.40,0.17,0.39,35.39,0.17,0.40,35.17,0.17,0.48
72439,12836,12237,1.032,37.00,0.24,37.00,0.23,0.35,36.99,0.24,0.39,37.00,0.25,0.40,,,
72443,1792,1745,1.005,31.24,0.30,,,,,,,,,,31.24,0.30,0.65
72444,2980,2668,1.007,32.14,0.30,,,,,,,,,,32.14,0.30,0.51
72460,6985,6382,1.017,33.32,0.14,33.34,0.14,0.48,33.32,0.14,0.48,33.29,0.14,0.48,,,
72470,9100,8554,1.023,35.08,0.22,35.09,0.21,0.35,35.08,0.22,0.39,35.08,0.22,0.40,,,
72489,8081,7488,1.020,35.34,0.40,35.35,0.38,0.48,35.35,0.40,0.48,35.33,0.40,0.47,,,
72501,4005,3443,1.009,33.34,0.37,33.34,0.35,0.56,33.34,0.37,0.59,33.33,0.37,0.59,,,
72506,11794,11186,1.029,35.13,0.18,35.13,0.17,0.35,35.13,0.18,0.39,35.13,0.18,0.40,,,
72528,11220,10614,1.028,34.83,0.38,34.83,0.36,0.53,34.84,0.38,0.53,34.82,0.38,0.53,,,
72535,5547,4940,1.013,33.79,0.13,33.79,0.13,0.35,33.79,0.13,0.39,33.77,0.13,0.40,,,
72542,7355,6747,1.018,34.62,0.26,34.63,0.25,0.51,34.62,0.26,0.52,34.61,0.26,0.51,,,
72545,9547,8940,1.024,35.38,0.19,35.38,0.18,0.35,35.38,0.19,0.39,35.37,0.19,0.40,,,
72549,5515,4969,1.013,33.90,0.14,33.90,0.14,0.55,33.90,0.14,0.56,33.91,0.14,0.55,,,
72567,11469,10868,1.029,35.58,0.21,35.59,0.20,0.35,35.57,0.21,0.39,35.57,0.21,0.40,,,
72583,8251,7662,1.020,35.27,0.13,35.27,0.12,0.41,35.27,0.13,0.41,35.26,0.13,0.40,,,
72591,10616,10024,1.026,36.18,0.36,36.18,0.35,0.35,36.19,0.36,0.39,36.18,0.37,0.40,,,
72599,12624,12022,1.032,36.48,0.14,36.47,0.13,0.35,36.50,0.14,0.39,36.49,0.14,0.40,,,
72604,12793,12222,1.032,36.34,0.17,36.36,0.17,0.35,36.33,0.17,0.39,36.32,0.17,0.40,,,
72617,5494,4930,1.013,32.33,2.22,32.33,2.12,0.56,32.32,2.22,0.60,32.34,2.26,0.59,,,
72618,8287,7749,1.020,34.50,0.14,34.49,0.14,0.35,34.51,0.14,0.39,34.52,0.14,0.40,34.68,0.13,0.48
72631,5669,5068,1.013,34.15,0.15,34.15,0.14,0.54,34.15,0.15,0.55,34.16,0.15,0.54,,,
72632,6091,5522,1.015,34.89,0.24,,,,,,,,,,34.89,0.24,0.52
72651,9014,8413,1.022,35.75,0.37,35.75,0.35,0.44,35.75,0.37,0.44,35.73,0.37,0.43,,,
72659,5504,4957,1.013,33.83,0.18,33.82,0.18,0.47,33.83,0.18,0.47,33.83,0.19,0.46,,,
72661,9539,8933,1.024,35.69,0.19,35.69,0.18,0.35,35.68,0.19,0.39,35.68,0.19,0.40,,,
72670,4521,3920,1.010,34.21,0.41,34.21,0.39,0.56,34.21,0.41,0.58,34.19,0.41,0.57,,,
72676,3137,2785,1.007,33.37,0.43,,,,,,,,,,33.37,0.43,0.66
72680,5767,5199,1.014,33.79,0.22,33.79,0.21,0.47,33.79,0.22,0.47,33.79,0.22,0.46,,,
72685,8812,8207,1.022,35.13,0.30,35.15,0.29,0.35,35.12,0.30,0.39,35.11,0.31,0.40,,,
72687,3757,3402,1.009,33.02,0.26,,,,,,,,,,33.02,0.26,0.59
72734,6075,5748,1.015,35.41,0.29,,,,,,,,,,35.41,0.29,0.56
72749,4590,3993,1.011,33.36,0.15,33.39,0.14,0.56,33.36,0.15,0.57,33.34,0.15,0.57,,,
72751,8216,7611,1.020,35.16,0.36,35.17,0.34,0.36,35.17,0.36,0.39,35.15,0.36,0.40,35.23,0.39,0.52
72759,5511,4935,1.013,34.47,0.12,34.48,0.12,0.35,34.47,0.12,0.39,34.46,0.12,0.40,,,
72773,6596,6019,1.016,34.59,0.13,34.59,0.13,0.35,34.59,0.13,0.39,34.59,0.13,0.40,,,
72782,9693,9088,1.024,34.60,0.39,34.61,0.37,0.46,34.61,0.39,0.47,34.58,0.39,0.46,,,
72784,8229,7625,1.020,35.67,0.27,35.66,0.26,0.35,35.67,0.27,0.39,35.67,0.27,0.40,35.79,0.29,0.48
72788,5593,5027,1.013,33.99,0.19,33.99,0.18,0.35,33.99,0.19,0.39,33.99,0.19,0.40,,,
72790,5021,4466,1.012,34.18,0.22,34.17,0.22,0.35,34.18,0.22,0.39,34.18,0.23,0.40,,,
72835,5612,5172,1.014,34.02,0.31,,,,,,,,,,34.02,0.31,0.62
72838,5530,4961,1.013,34.11,0.37,34.12,0.35,0.56,34.12,0.37,0.57,34.10,0.37,0.57,,,
72860,3979,3612,1.010,33.51,0.26,,,,,,,,,,33.51,0.26,0.60
72863,11001,10416,1.027,35.30,0.14,35.31,0.14,0.35,35.30,0.14,0.39,35.29,0.14,0.40,,,
72879,9561,8958,1.024,35.63,0.22,35.64,0.22,0.35,35.63,0.22,0.39,35.63,0.23,0.40,,,
72882,2007,1414,1.004,31.67,0.21,31.69,0.21,0.56,31.67,0.21,0.60,31.65,0.22,0.59,30.43,0.22,0.66
72888,8134,7538,1.020,35.18,0.14,35.17,0.13,0.35,35.18,0.14,0.39,35.18,0.14,0.40,,,
72892,5149,4546,1.012,33.61,0.25,33.61,0.24,0.45,33.61,0.25,0.45,33.60,0.26,0.44,,,
72926,7198,6595,1.017,34.87,0.20,34.87,0.19,0.39,34.88,0.20,0.40,34.87,0.20,0.40,,,
72930,6839,6308,1.017,34.06,0.13,34.07,0.13,0.36,34.07,0.13,0.39,34.06,0.13,0.40,34.16,0.11,0.52
72968,8167,7564,1.020,35.46,0.13,35.46,0.13,0.38,35.46,0.13,0.39,35.47,0.13,0.40,35.60,0.11,0.53
72973,11072,10490,1.028,35.24,0.20,35.22,0.20,0.35,35.24,0.20,0.39,35.25,0.21,0.40,,,
72977,2007,1417,1.004,31.90,0.20,31.90,0.19,0.56,31.89,0.20,0.60,31.90,0.20,0.59,32.01,0.20,0.66
72979,11114,10531,1.028,35.72,1.21,35.72,1.16,0.39,35.73,1.21,0.39,35.72,1.23,0.40,,,
72981,9537,9023,1.024,35.47,0.22,35.48,0.21,0.35,35.46,0.22,0.39,35.46,0.22,0.40,,,
72983,2628,2094,1.006,32.24,0.14,32.26,0.13,0.53,32.24,0.14,0.53,32.23,0.14,0.53,32.24,0.12,0.62
72985,6892,6382,1.017,36.61,0.26,36.58,0.25,0.35,36.61,0.26,0.39,36.64,0.27,0.40,,,
72995,5594,5041,1.013,34.09,0.13,34.10,0.13,0.35,34.09,0.13,0.39,34.08,0.13,0.40,,,
72996,5446,4873,1.013,33.92,0.13,33.92,0.13,0.38,33.92,0.13,0.39,33.91,0.13,0.40,,,
73004,10809,10208,1.027,36.57,0.30,36.56,0.29,0.35,36.58,0.30,0.39,36.57,0.31,0.40,,,
73009,6565,5986,1.016,34.59,0.36,34.60,0.35,0.49,34.60,0.36,0.50,34.58,0.36,0.49,,,
73021,11448,10883,1.029,35.87,0.13,35.87,0.13,0.35,35.87,0.13,0.39,35.87,0.13,0.40,,,
73023,4968,4366,1.012,33.64,0.20,33.63,0.20,0.45,33.64,0.20,0.46,33.64,0.20,0.45,,,
73049,235,-53,1.000,27.73,0.39,,,,,,,,,,27.73,0.39,0.65
73053,8330,7732,1.020,35.79,0.13,35.79,0.13,0.38,35.79,0.13,0.39,35.79,0.13,0.40,,,
73079,8768,8166,1.022,35.34,0.39,35.34,0.37,0.46,35.35,0.39,0.46,35.34,0.39,0.46,35.36,0.43,0.57
73102,6617,6048,1.016,34.41,0.25,34.42,0.24,0.42,34.42,0.25,0.42,34.41,0.25,0.41,,,
73103,5437,4865,1.013,33.32,0.24,33.32,0.23,0.35,33.33,0.24,0.39,33.32,0.25,0.40,,,
73118,5594,5018,1.013,34.61,0.42,34.59,0.40,0.55,34.61,0.42,0.56,34.64,0.42,0.56,,,
73123,7801,7287,1.019,35.03,0.17,35.02,0.16,0.35,35.04,0.17,0.39,35.03,0.17,0.40,,,
73139,6667,6132,1.016,34.91,0.13,34.91,0.13,0.35,34.91,0.13,0.39,34.90,0.13,0.40,,,
73145,10041,9441,1.025,35.63,0.17,35.63,0.16,0.48,35.63,0.17,0.48,35.64,0.17,0.48,,,
73148,7270,6670,1.018,34.50,0.33,34.50,0.32,0.55,34.50,0.33,0.56,34.50,0.34,0.55,,,
73150,5316,4745,1.013,33.62,0.44,,,,,,,,,,33.62,0.44,0.48
73154,4050,3502,1.009,33.46,0.13,33.47,0.12,0.40,33.47,0.13,0.40,33.46,0.13,0.40,,,
73156,5274,4674,1.012,34.05,0.14,34.05,0.14,0.55,34.05,0.14,0.55,34.05,0.14,0.55,,,
73176,7850,7338,1.019,35.15,0.19,35.14,0.18,0.35,35.16,0.19,0.39,35.16,0.19,0.40,,,
73199,10662,10063,1.026,35.71,0.16,35.72,0.15,0.39,35.71,0.16,0.40,35.71,0.16,0.40,,,
73236,5364,4805,1.013,34.23,0.31,34.22,0.30,0.56,34.23,0.31,0.59,34.23,0.32,0.58,,,
73244,4836,4243,1.011,34.10,0.15,34.10,0.15,0.55,34.09,0.15,0.56,34.10,0.15,0.56,,,
73275,7656,7065,1.019,35.22,0.13,35.23,0.13,0.43,35.23,0.13,0.44,35.20,0.13,0.43,,,
73288,6406,5819,1.015,33.57,0.30,33.58,0.29,0.56,33.57,0.30,0.59,33.57,0.30,0.59,33.29,0.32,0.65
73570,5875,5663,1.015,34.61,0.62,,,,,,,,,,34.61,0.62,0.65
73583,4541,4007,1.011,34.00,0.22,33.98,0.21,0.56,33.99,0.22,0.59,34.02,0.22,0.59,33.86,0.23,0.65
73692,6146,5794,1.015,34.73,0.29,,,,,,,,,,34.73,0.29,0.56
73705,10656,10126,1.027,35.82,0.20,35.81,0.20,0.49,35.83,0.20,0.49,35.83,0.20,0.48,,,
73882,9283,8849,1.023,35.75,0.15,35.75,0.14,0.56,35.73,0.15,0.57,35.76,0.15,0.57,,,
73995,10816,10327,1.027,36.31,0.18,36.32,0.18,0.35,36.31,0.18,0.39,36.31,0.19,0.40,,,
74006,10348,9868,1.026,35.31,0.17,35.32,0.16,0.45,35.31,0.17,0.45,35.30,0.17,0.44,,,
74022,12435,11961,1.031,36.12,0.14,36.12,0.14,0.37,36.13,0.14,0.39,36.11,0.14,0.40,,,
74051,13073,12613,1.033,36.46,0.19,36.47,0.19,0.35,36.47,0.19,0.39,36.44,0.19,0.40,,,
74057,2820,2363,1.006,34.22,0.25,34.22,0.25,0.56,34.21,0.25,0.58,34.22,0.26,0.58,,,
74063,4645,4189,1.011,34.26,0.20,34.27,0.20,0.56,34.26,0.20,0.59,34.26,0.21,0.58,,,
74070,4937,4485,1.012,34.45,0.18,34.45,0.18,0.56,34.45,0.18,0.57,34.45,0.19,0.57,,,
74076,4527,4084,1.011,33.83,0.28,,,,,,,,,,33.83,0.28,0.65
74235,7333,7060,1.019,34.38,0.53,34.39,0.51,0.56,34.39,0.53,0.59,34.37,0.54,0.59,34.28,0.59,0.65
74256,6270,5997,1.016,34.65,0.40,34.66,0.39,0.53,34.65,0.40,0.54,34.63,0.41,0.53,34.57,0.45,0.62
74257,7644,7378,1.019,35.50,0.26,35.51,0.25,0.35,35.50,0.26,0.39,35.49,0.26,0.40,35.77,0.28,0.48
74270,8412,8143,1.021,34.80,0.41,34.81,0.39,0.53,34.80,0.41,0.53,34.78,0.41,0.53,34.77,0.45,0.62
74278,6692,6424,1.017,35.93,0.44,35.96,0.42,0.48,35.93,0.44,0.48,35.89,0.44,0.48,35.78,0.49,0.59
75270,8488,8542,1.023,34.79,0.33,,,,,,,,,,34.79,0.33,0.58
75281,8091,8143,1.021,35.13,0.34,,,,,,,,,,35.13,0.34,0.62
75289,8145,8199,1.022,35.62,0.21,,,,,,,,,,35.62,0.21,0.51
75291,9270,9327,1.025,34.89,0.47,,,,,,,,,,34.89,0.47,0.60
75300,8729,8788,1.023,35.77,0.35,,,,,,,,,,35.77,0.35,0.54
75309,10005,10061,1.026,35.69,0.32,,,,,,,,,,35.69,0.32,0.54
75315,7685,7742,1.020,35.15,0.48,,,,,,,,,,35.15,0.48,0.62
75328,8999,9054,1.024,35.57,0.33,,,,,,,,,,35.57,0.33,0.53
75330,10042,10101,1.027,35.18,0.33,,,,,,,,,,35.18,0.33,0.60
75336,8727,8786,1.023,35.31,0.42,,,,,,,,,,35.31,0.42,0.63
75339,8873,8932,1.024,35.47,0.15,,,,,,,,,,35.47,0.15,0.53
75345,5879,5943,1.016,35.35,0.29,,,,,,,,,,35.35,0.29,0.59
75619,2761,2986,1.008,32.90,0.43,,,,,,,,,,32.90,0.43,0.65
76259,11738,12145,1.032,35.43,0.38,,,,,,,,,,35.43,0.38,0.52
76261,6060,6435,1.017,34.95,0.31,,,,,,,,,,34.95,0.31,0.51
76301,11731,12133,1.032,36.94,0.47,,,,,,,,,,36.94,0.47,0.48
77295,4136,4597,1.012,34.09,0.20,,,,,,,,,,34.09,0.20,0.48
78430,7810,8247,1.022,35.32,0.32,,,,,,,,,,35.32,0.32,0.52
78533,2006,2447,1.006,33.50,0.19,,,,,,,,,,33.50,0.19,0.48
79913,6317,6819,1.018,34.64,0.21,,,,,,,,,,34.64,0.21,0.48
80764,7303,7838,1.021,35.69,0.35,,,,,,,,,,35.69,0.35,0.48
82340,7999,8268,1.022,35.41,0.16,35.41,0.15,0.51,35.41,0.16,0.51,35.40,0.16,0.51,,,
82548,4701,4980,1.013,33.62,0.18,33.61,0.18,0.56,33.61,0.18,0.60,33.63,0.18,0.59,,,
82832,11615,12201,1.032,35.21,0.33,,,,,,,,,,35.21,0.33,0.58
82885,10581,11165,1.029,35.78,0.26,,,,,,,,,,35.78,0.26,0.51
83327,2942,3417,1.009,34.23,0.61,34.24,0.58,0.56,34.25,0.61,0.60,34.21,0.62,0.59,,,
83354,7943,8423,1.022,35.31,0.39,35.33,0.37,0.54,35.31,0.39,0.55,35.30,0.39,0.55,,,
83420,10226,10719,1.028,35.85,0.22,35.86,0.22,0.35,35.85,0.22,0.39,35.84,0.23,0.40,,,
83427,9156,9656,1.025,35.66,0.33,35.63,0.32,0.55,35.67,0.33,0.56,35.69,0.34,0.56,35.89,0.37,0.64
83436,11188,11684,1.031,36.24,0.32,36.23,0.31,0.47,36.24,0.32,0.47,36.25,0.32,0.46,36.24,0.35,0.58
83474,2741,3128,1.008,33.67,0.22,,,,,,,,,,33.67,0.22,0.50
83545,6510,6806,1.018,35.61,0.59,35.61,0.56,0.56,35.62,0.59,0.58,35.61,0.60,0.58,,,
83548,4479,4784,1.013,34.36,0.18,34.36,0.18,0.56,34.36,0.18,0.60,34.38,0.18,0.59,,,
83568,6680,6939,1.018,32.11,0.20,32.11,0.20,0.56,32.10,0.20,0.60,32.11,0.21,0.59,,,
83575,4654,4924,1.013,34.04,0.25,34.04,0.24,0.56,34.03,0.25,0.59,34.04,0.25,0.59,33.86,0.27,0.65
83580,7484,7752,1.020,35.52,0.15,35.50,0.14,0.53,35.52,0.15,0.54,35.55,0.15,0.53,35.85,0.14,0.62
84011,7935,8119,1.021,35.60,0.14,35.59,0.14,0.35,35.61,0.14,0.39,35.61,0.14,0.40,,,
84220,11791,11999,1.032,36.45,0.21,36.43,0.21,0.35,36.44,0.21,0.39,36.49,0.21,0.40,,,
84262,9109,9059,1.024,36.06,0.24,36.04,0.23,0.41,36.06,0.24,0.41,36.08,0.25,0.40,,,
84309,11925,12087,1.032,36.14,0.31,36.14,0.29,0.50,36.15,0.31,0.51,36.13,0.31,0.50,,,
84490,7304,7123,1.019,31.37,0.56,31.38,0.53,0.56,31.39,0.56,0.60,31.35,0.57,0.59,30.65,0.63,0.66
84619,11559,11693,1.031,33.80,0.65,33.82,0.62,0.56,33.82,0.65,0.60,33.76,0.66,0.59,,,
85295,7559,6962,1.018,35.62,0.23,35.61,0.22,0.51,35.63,0.23,0.51,35.63,0.23,0.51,,,
85302,6127,5550,1.015,34.78,0.19,34.77,0.18,0.55,34.78,0.19,0.56,34.78,0.19,0.56,,,
85332,2461,1856,1.005,33.66,0.18,33.66,0.17,0.56,33.66,0.18,0.60,33.66,0.18,0.59,,,
85357,9851,9222,1.024,36.14,0.23,36.14,0.22,0.35,36.13,0.23,0.39,36.14,0.23,0.40,,,
85406,6739,6164,1.016,35.42,0.17,35.41,0.17,0.50,35.42,0.17,0.51,35.43,0.17,0.50,,,
85483,5228,4610,1.012,33.13,0.35,33.12,0.34,0.56,33.12,0.35,0.60,33.14,0.36,0.59,,,
85500,3980,3363,1.009,34.04,0.23,34.04,0.22,0.56,34.04,0.23,0.59,34.05,0.23,0.59,,,
85512,8303,7688,1.020,35.73,0.26,35.73,0.26,0.50,35.73,0.26,0.50,35.73,0.27,0.49,35.70,0.29,0.60
85519,10138,9523,1.025,36.09,0.19,36.11,0.19,0.40,36.09,0.19,0.41,36.07,0.20,0.40,36.22,0.20,0.54
85551,9010,8396,1.022,35.83,0.18,35.85,0.18,0.36,35.83,0.18,0.39,35.80,0.19,0.40,35.49,0.19,0.52
85605,8425,7811,1.021,35.40,0.21,35.42,0.20,0.55,35.40,0.21,0.57,35.38,0.21,0.56,35.20,0.22,0.64
85607,7869,7255,1.019,35.35,0.13,35.35,0.12,0.35,35.35,0.13,0.39,35.35,0.13,0.40,36.16,0.11,0.48
85610,8271,7657,1.020,34.90,0.37,34.91,0.36,0.56,34.90,0.37,0.58,34.88,0.38,0.58,,,
85636,5547,4937,1.013,34.28,0.18,34.28,0.17,0.54,34.28,0.18,0.55,34.27,0.18,0.55,,,
85641,7010,6404,1.017,34.57,0.16,34.57,0.16,0.52,34.57,0.16,0.52,34.56,0.16,0.52,,,
85694,12562,11986,1.031,35.80,0.26,35.82,0.25,0.35,35.80,0.26,0.39,35.78,0.26,0.40,,,
85775,8699,8091,1.021,34.75,0.22,34.76,0.21,0.45,34.75,0.22,0.45,34.73,0.22,0.44,,,
85811,7552,6945,1.018,34.87,0.19,34.88,0.18,0.54,34.87,0.19,0.55,34.87,0.19,0.54,,,
85886,7747,7144,1.019,35.55,0.19,35.57,0.19,0.39,35.55,0.19,0.40,35.54,0.20,0.40,,,
85903,11979,11411,1.030,35.81,0.28,35.81,0.27,0.44,35.81,0.28,0.45,35.81,0.28,0.44,,,
85905,7934,7332,1.019,34.92,0.13,34.93,0.13,0.48,34.93,0.13,0.48,34.92,0.13,0.47,,,
85920,11435,10836,1.028,36.28,0.20,36.29,0.20,0.42,36.28,0.20,0.42,36.27,0.21,0.41,,,
85936,5804,6198,1.016,34.48,0.21,34.44,0.20,0.35,34.49,0.21,0.39,34.51,0.21,0.40,,,
85943,10157,10557,1.028,35.78,0.21,,,,,,,,,,35.78,0.21,0.48
85958,9576,9947,1.026,36.41,0.39,36.41,0.37,0.35,36.43,0.39,0.39,36.40,0.39,0.40,36.26,0.43,0.48
86045,7069,7531,1.020,35.11,0.22,,,,,,,,,,35.11,0.22,0.48
86060,1838,2326,1.006,31.27,0.89,,,,,,,,,,31.27,0.89,0.66
86063,7427,7917,1.021,34.25,0.24,,,,,,,,,,34.25,0.24,0.48
86069,2818,3299,1.009,33.25,0.18,,,,,,,,,,33.25,0.18,0.48
86077,2463,2954,1.008,33.14,0.32,,,,,,,,,,33.14,0.32,0.58
86086,4130,4627,1.012,33.98,0.24,,,,,,,,,,33.98,0.24,0.48
86087,6542,7039,1.019,34.67,0.21,,,,,,,,,,34.67,0.21,0.48
86266,4758,4558,1.012,33.44,0.21,,,,,,,,,,33.44,0.21,0.60
86277,8186,8197,1.022,35.12,0.16,,,,,,,,,,35.12,0.16,0.48
86282,4006,4093,1.011,32.44,0.20,,,,,,,,,,32.44,0.20,0.62
86285,2786,3005,1.008,32.49,0.14,,,,,,,,,,32.49,0.14,0.48
86287,2835,3054,1.008,33.25,0.17,,,,,,,,,,33.25,0.17,0.52
86292,4891,4493,1.012,34.17,0.17,34.18,0.16,0.35,34.17,0.17,0.39,34.17,0.17,0.40,34.35,0.17,0.48
86296,4218,3733,1.010,33.87,0.21,33.86,0.20,0.35,33.87,0.21,0.39,33.88,0.21,0.40,,,
86367,7096,7370,1.019,35.66,0.15,35.68,0.14,0.53,35.66,0.15,0.54,35.65,0.15,0.53,,,
86383,9180,9446,1.025,35.39,0.17,35.39,0.16,0.55,35.40,0.17,0.56,35.39,0.17,0.55,,,
86440,7887,8156,1.022,35.46,0.17,35.46,0.16,0.48,35.47,0.17,0.48,35.46,0.17,0.48,,,
86484,5349,4739,1.013,34.55,0.25,34.54,0.24,0.54,34.55,0.25,0.54,34.55,0.25,0.54,,,
86515,5398,4790,1.013,34.87,0.15,34.87,0.15,0.56,34.87,0.15,0.58,34.88,0.15,0.57,,,
86518,4287,3683,1.010,33.65,0.21,33.66,0.20,0.56,33.64,0.21,0.58,33.64,0.21,0.58,,,
86554,6015,5666,1.015,35.16,0.25,35.15,0.24,0.53,35.15,0.25,0.54,35.16,0.25,0.53,,,
86620,5817,6224,1.016,34.38,0.26,34.39,0.25,0.56,34.38,0.26,0.58,34.38,0.27,0.58,,,
86621,6423,6833,1.018,35.22,0.28,35.21,0.27,0.41,35.22,0.28,0.42,35.22,0.28,0.41,,,
86633,3673,4090,1.011,34.14,0.13,34.15,0.13,0.46,34.14,0.13,0.47,34.12,0.13,0.46,,,
86638,6850,7189,1.019,35.01,0.17,35.01,0.17,0.55,35.01,0.17,0.57,35.02,0.17,0.56,,,
86647,6725,7031,1.019,34.93,0.21,34.92,0.20,0.56,34.92,0.21,0.57,34.94,0.21,0.57,,,
86651,9148,9313,1.025,35.20,0.12,35.20,0.12,0.35,35.21,0.12,0.39,35.21,0.12,0.40,,,
86687,3221,3513,1.009,33.78,0.14,33.79,0.14,0.54,33.78,0.14,0.55,33.77,0.14,0.54,,,
86688,2567,2871,1.008,32.87,0.17,32.88,0.16,0.56,32.86,0.17,0.60,32.86,0.17,0.59,,,
86786,5055,4491,1.012,34.39,0.26,34.40,0.25,0.55,34.39,0.26,0.56,34.37,0.26,0.56,,,
86799,5222,4822,1.013,36.82,0.22,36.79,0.21,0.42,36.81,0.22,0.42,36.85,0.22,0.41,,,
86801,5349,4950,1.013,34.09,0.24,,,,,,,,,,34.09,0.24,0.66
86840,5174,5395,1.014,34.60,0.33,34.60,0.32,0.56,34.60,0.33,0.57,34.59,0.34,0.57,,,
86922,8623,8940,1.024,35.14,0.26,35.14,0.26,0.46,35.15,0.26,0.46,35.15,0.27,0.46,,,
86944,11282,11566,1.030,35.95,0.22,35.93,0.21,0.35,35.95,0.22,0.39,35.96,0.22,0.40,,,
87026,2096,2383,1.006,33.76,0.22,33.76,0.22,0.56,33.75,0.22,0.60,33.77,0.22,0.59,,,
87126,2789,3058,1.008,34.20,0.21,34.21,0.21,0.56,34.20,0.21,0.60,34.20,0.22,0.59,,,
87143,2497,2064,1.005,33.21,0.24,33.21,0.23,0.56,33.20,0.24,0.60,33.21,0.25,0.59,,,
87155,13209,12712,1.033,36.63,0.19,36.66,0.18,0.35,36.63,0.19,0.39,36.59,0.19,0.40,,,
87171,1117,1571,1.004,31.05,1.43,31.03,1.37,0.56,31.04,1.43,0.60,31.08,1.45,0.59,31.18,1.62,0.66
87178,7594,6988,1.018,35.29,0.19,35.29,0.19,0.50,35.29,0.19,0.50,35.30,0.19,0.49,,,
87179,7134,6520,1.017,35.14,0.20,35.15,0.19,0.54,35.14,0.20,0.55,35.14,0.20,0.54,,,
87182,7379,6769,1.018,35.05,0.32,35.06,0.30,0.56,35.05,0.32,0.59,35.05,0.32,0.59,,,
87188,4092,4498,1.012,34.88,0.26,34.89,0.25,0.56,34.87,0.26,0.58,34.88,0.26,0.58,,,
87189,2477,2979,1.008,33.78,0.24,33.77,0.23,0.56,33.77,0.24,0.60,33.79,0.24,0.59,,,
87204,1716,1136,1.003,32.55,0.22,32.57,0.21,0.56,32.55,0.22,0.60,32.55,0.22,0.59,,,
87208,5491,5039,1.013,34.67,0.26,34.68,0.25,0.56,34.66,0.26,0.60,34.66,0.27,0.59,,,
87227,8156,7570,1.020,35.34,0.21,35.33,0.21,0.56,35.32,0.21,0.59,35.38,0.21,0.58,,,
87253,3639,4072,1.011,35.39,0.21,35.42,0.21,0.56,35.36,0.21,0.60,35.41,0.21,0.59,,,
87263,8320,8529,1.022,35.49,0.25,35.51,0.24,0.51,35.47,0.25,0.52,35.49,0.25,0.51,,,
87268,8069,7456,1.020,35.45,0.13,35.45,0.13,0.48,35.45,0.13,0.48,35.44,0.13,0.47,,,
87302,4093,4192,1.011,34.61,0.27,34.60,0.26,0.56,34.61,0.27,0.60,34.63,0.28,0.59,,,
87305,5031,5058,1.013,35.34,0.25,35.33,0.24,0.55,35.34,0.25,0.56,35.35,0.25,0.56,,,
87316,2074,2310,1.006,33.06,0.20,33.10,0.20,0.56,33.07,0.20,0.60,33.01,0.21,0.59,,,
87832,9623,9390,1.025,32.29,0.94,,,,,,,,,,32.29,0.94,0.66
88943,11087,11548,1.030,35.05,0.22,,,,,,,,,,35.05,0.22,0.48
89014,6306,6361,1.017,34.13,0.17,,,,,,,,,,34.13,0.17,0.49
89513,9537,8914,1.023,35.48,0.23,35.45,0.23,0.41,35.49,0.23,0.41,35.51,0.24,0.40,,,
89515,8690,8066,1.021,35.28,0.15,35.27,0.15,0.46,35.28,0.15,0.47,35.29,0.15,0.46,,,
89516,10057,9434,1.025,36.02,0.20,36.04,0.19,0.35,36.01,0.20,0.39,36.02,0.20,0.40,,,
89517,8887,8263,1.022,35.78,0.22,35.77,0.21,0.35,35.78,0.22,0.39,35.79,0.22,0.40,,,
89518,10200,9578,1.025,35.74,0.23,35.74,0.22,0.35,35.74,0.23,0.39,35.73,0.23,0.40,,,
89519,12114,11501,1.030,36.37,0.40,36.36,0.39,0.53,36.38,0.40,0.54,36.37,0.41,0.53,,,
89520,5512,4939,1.013,34.21,0.22,34.19,0.21,0.56,34.20,0.22,0.60,34.24,0.22,0.59,,,
89524,5788,5354,1.014,34.64,0.16,34.64,0.16,0.54,34.64,0.16,0.55,34.64,0.16,0.55,,,
89526,5994,5633,1.015,34.71,0.37,,,,,,,,,,34.71,0.37,0.64
89527,6819,6472,1.017,34.16,0.32,34.18,0.31,0.54,34.16,0.32,0.54,34.13,0.32,0.54,,,
89531,9539,9320,1.025,36.00,0.29,35.97,0.28,0.35,36.00,0.29,0.39,36.02,0.29,0.40,,,
89560,6505,6158,1.016,35.01,0.25,35.00,0.24,0.56,35.01,0.25,0.58,35.02,0.25,0.57,,,
89565,6662,7017,1.019,33.96,0.25,33.96,0.25,0.56,33.95,0.25,0.60,33.96,0.26,0.59,,,
89642,2337,2535,1.007,33.63,0.19,33.63,0.18,0.56,33.61,0.19,0.60,33.64,0.19,0.59,,,
89685,6947,7337,1.019,35.35,0.13,35.35,0.13,0.52,35.35,0.13,0.52,35.36,0.14,0.52,,,
89694,10156,10516,1.028,36.46,0.52,36.41,0.50,0.50,36.48,0.52,0.51,36.48,0.52,0.50,,,
89704,6954,7333,1.019,35.15,0.29,35.15,0.28,0.54,35.15,0.29,0.55,35.15,0.29,0.54,,,
89733,6556,6917,1.018,34.90,0.22,34.89,0.21,0.56,34.90,0.22,0.59,34.92,0.22,0.58,,,
89826,11095,11549,1.030,35.07,0.24,,,,,,,,,,35.07,0.24,0.51
89942,3399,3052,1.008,32.36,0.23,,,,,,,,,,32.36,0.23,0.52
89985,2200,2043,1.005,31.52,0.27,,,,,,,,,,31.52,0.27,0.53
90015,5490,5337,1.014,30.74,0.78,,,,,,,,,,30.74,0.78,0.66
90026,6356,6553,1.017,34.46,0.23,,,,,,,,,,34.46,0.23,0.51
90034,1934,2144,1.006,32.85,0.23,32.86,0.22,0.45,32.85,0.23,0.45,32.84,0.23,0.44,,,
90039,5738,5664,1.015,34.40,0.20,,,,,,,,,,34.40,0.20,0.56
90188,3705,4129,1.011,32.83,0.18,,,,,,,,,,32.83,0.18,0.48
90253,9590,9467,1.025,36.13,0.21,36.11,0.20,0.35,36.12,0.21,0.39,36.15,0.21,0.40,,,
90374,5064,4488,1.012,33.88,0.26,,,,,,,,,,33.88,0.26,0.56
90402,2822,2374,1.006,32.41,0.26,32.40,0.25,0.35,32.42,0.26,0.39,32.41,0.26,0.40,,,
90415,7426,6801,1.018,34.29,0.10,,,,,,,,,,34.29,0.10,0.49
90449,3871,3388,1.009,32.34,0.55,32.43,0.53,0.56,32.36,0.55,0.60,32.22,0.56,0.59,,,
90453,5223,4630,1.012,34.22,0.16,34.22,0.15,0.56,34.21,0.16,0.59,34.22,0.16,0.59,,,
90468,8580,8009,1.021,34.85,0.20,34.86,0.20,0.53,34.85,0.20,0.54,34.85,0.21,0.53,,,
90470,11901,11318,1.030,36.05,0.15,36.05,0.14,0.42,36.05,0.15,0.43,36.04,0.15,0.42,,,
90472,5642,5093,1.013,34.43,0.18,34.42,0.17,0.56,34.42,0.18,0.59,34.43,0.18,0.58,,,
90474,5640,5066,1.013,34.67,0.20,34.70,0.19,0.56,34.66,0.20,0.60,34.65,0.20,0.59,34.73,0.20,0.66
90484,6026,5599,1.015,34.58,0.29,34.58,0.28,0.49,34.58,0.29,0.49,34.57,0.29,0.48,,,
90485,11802,11268,1.030,36.54,0.26,36.53,0.25,0.42,36.53,0.26,0.42,36.57,0.26,0.41,36.78,0.28,0.55
90491,10235,9674,1.025,36.58,0.46,36.60,0.44,0.35,36.58,0.46,0.39,36.56,0.47,0.40,,,
90492,5251,4710,1.012,34.28,0.16,34.29,0.16,0.52,34.28,0.16,0.53,34.27,0.16,0.52,,,
90497,3984,3602,1.010,33.60,0.38,,,,,,,,,,33.60,0.38,0.66
90501,11410,10916,1.029,36.21,0.28,36.24,0.27,0.46,36.22,0.28,0.47,36.19,0.28,0.46,35.92,0.30,0.58
90502,9303,8776,1.023,35.98,0.32,35.99,0.31,0.53,35.98,0.32,0.53,35.98,0.33,0.52,,,
90503,12600,12114,1.032,35.02,0.29,35.03,0.28,0.56,35.03,0.29,0.58,35.02,0.30,0.57,,,
90504,4709,4235,1.011,34.16,0.41,34.16,0.40,0.56,34.17,0.41,0.59,34.17,0.42,0.59,,,
90507,9307,8781,1.023,35.57,0.18,35.57,0.18,0.56,35.56,0.18,0.57,35.59,0.18,0.57,,,
90508,8519,7969,1.021,35.51,0.13,35.53,0.13,0.52,35.51,0.13,0.52,35.49,0.13,0.52,,,
90510,7734,7186,1.019,36.29,0.12,36.30,0.12,0.35,36.29,0.12,0.39,36.27,0.12,0.40,,,
90515,12101,11586,1.030,36.37,0.13,36.37,0.13,0.44,36.37,0.13,0.44,36.36,0.13,0.43,,,
90524,4875,4347,1.012,33.69,0.30,33.66,0.29,0.56,33.68,0.30,0.60,33.71,0.31,0.59,33.88,0.33,0.66
90533,16396,15905,1.042,36.94,0.17,36.94,0.16,0.35,36.94,0.17,0.39,36.95,0.17,0.40,,,
90540,2330,1915,1.005,33.10,0.48,33.09,0.46,0.56,33.10,0.48,0.60,33.10,0.49,0.59,,,
90541,2378,1953,1.005,33.69,0.17,33.70,0.17,0.56,33.68,0.17,0.60,33.68,0.17,0.59,,,
90542,11425,10944,1.029,35.73,0.29,35.76,0.28,0.48,35.72,0.29,0.48,35.72,0.29,0.48,,,
90544,4342,3833,1.010,32.21,0.37,32.21,0.36,0.56,32.21,0.37,0.60,32.21,0.38,0.59,,,
90551,6029,5642,1.015,34.28,0.32,34.27,0.31,0.56,34.28,0.32,0.58,34.30,0.33,0.58,,,
90553,2719,2307,1.006,32.80,0.17,32.80,0.17,0.56,32.79,0.17,0.60,32.80,0.17,0.59,,,
90557,5502,5162,1.014,34.53,0.31,34.52,0.29,0.55,34.53,0.31,0.56,34.53,0.31,0.55,,,
90562,4238,3760,1.010,33.25,0.15,33.25,0.15,0.56,33.24,0.15,0.59,33.24,0.15,0.58,,,
90564,5993,5515,1.015,34.53,0.35,34.53,0.34,0.56,34.53,0.35,0.58,34.53,0.35,0.57,34.59,0.39,0.65
90572,5066,4623,1.012,34.95,0.43,34.94,0.41,0.56,34.96,0.43,0.59,34.96,0.43,0.59,,,
90574,9841,9406,1.025,35.60,0.14,35.61,0.14,0.46,35.60,0.14,0.46,35.58,0.14,0.45,,,
90578,4982,4520,1.012,35.27,0.37,,,,,,,,,,35.27,0.37,0.65
90583,6359,5995,1.016,35.06,0.25,35.05,0.24,0.48,35.06,0.25,0.48,35.07,0.25,0.47,,,
90587,4073,3626,1.010,33.44,0.16,33.46,0.16,0.56,33.44,0.16,0.60,33.43,0.17,0.59,,,
90588,9178,8773,1.023,35.36,0.16,35.37,0.15,0.44,35.37,0.16,0.44,35.35,0.16,0.43,,,
90591,11921,11477,1.030,36.35,0.24,,,,,,,,,,36.35,0.24,0.51
90592,7874,7429,1.020,34.95,0.32,,,,,,,,,,34.95,0.32,0.63
90598,5003,4751,1.013,34.66,0.35,,,,,,,,,,34.66,0.35,0.64
90602,5895,5623,1.015,34.26,0.31,34.26,0.29,0.51,34.27,0.31,0.51,34.26,0.31,0.51,,,
90604,10147,9785,1.026,35.91,0.28,,,,,,,,,,35.91,0.28,0.60
90607,4468,4071,1.011,34.13,0.16,34.14,0.15,0.56,34.12,0.16,0.59,34.13,0.16,0.59,,,
90608,4739,4477,1.012,33.90,0.32,33.90,0.31,0.56,33.90,0.32,0.58,33.90,0.33,0.58,,,
90609,4291,3903,1.010,33.47,0.17,,,,,,,,,,33.47,0.17,0.66
90623,10085,9712,1.026,35.77,0.13,35.77,0.13,0.35,35.78,0.13,0.39,35.78,0.13,0.40,,,
90625,10983,10601,1.028,36.15,0.17,36.16,0.17,0.35,36.15,0.17,0.39,36.14,0.18,0.40,,,
90626,4411,4203,1.011,32.80,0.40,,,,,,,,,,32.80,0.40,0.66
90627,4135,3732,1.010,33.37,0.57,,,,,,,,,,33.37,0.57,0.66
90628,8010,7680,1.020,35.54,0.29,,,,,,,,,,35.54,0.29,0.61
90630,6705,6424,1.017,34.51,0.13,34.52,0.13,0.51,34.51,0.13,0.52,34.50,0.13,0.51,,,
90632,6720,6323,1.017,34.48,0.36,,,,,,,,,,34.48,0.36,0.65
90637,7604,7267,1.019,34.86,0.13,,,,,,,,,,34.86,0.13,0.63
90638,10082,9748,1.026,36.24,0.15,,,,,,,,,,36.24,0.15,0.48
90640,8179,7898,1.021,34.98,0.16,34.99,0.15,0.54,34.99,0.16,0.55,34.98,0.16,0.55,35.21,0.15,0.63
90644,6620,6270,1.017,34.41,0.20,34.41,0.19,0.55,34.41,0.20,0.56,34.41,0.20,0.56,,,
90645,7237,6983,1.018,34.74,0.30,34.74,0.29,0.56,34.74,0.30,0.58,34.74,0.30,0.58,,,
90648,9894,9577,1.025,35.90,0.20,35.86,0.19,0.35,35.92,0.20,0.39,35.92,0.20,0.40,,,
90649,3030,2783,1.007,32.67,0.25,32.67,0.24,0.56,32.66,0.25,0.60,32.68,0.25,0.59,,,
90653,6922,6588,1.017,34.47,0.12,,,,,,,,,,34.47,0.12,0.61
90661,6996,6790,1.018,35.30,0.39,35.26,0.38,0.56,35.31,0.39,0.59,35.33,0.40,0.59,18.04,0.44,0.65
90668,6856,6753,1.018,34.48,0.36,,,,,,,,,,34.48,0.36,0.64
90672,6227,5992,1.016,34.27,0.16,,,,,,,,,,34.27,0.16,0.58
90673,10593,10343,1.027,35.74,0.28,,,,,,,,,,35.74,0.28,0.55
90677,10121,9939,1.026,36.43,0.42,,,,,,,,,,36.43,0.42,0.65
90679,6689,6497,1.017,34.74,0.38,34.71,0.36,0.56,34.73,0.38,0.59,34.76,0.38,0.59,,,
90680,11426,11211,1.029,36.49,0.17,,,,,,,,,,36.49,0.17,0.48
90682,8699,8468,1.022,35.88,0.23,,,,,,,,,,35.88,0.23,0.48
90683,3978,3872,1.010,34.30,0.28,,,,,,,,,,34.30,0.28,0.64
90684,10519,10306,1.027,36.03,0.19,,,,,,,,,,36.03,0.19,0.48
90685,6284,6058,1.016,34.83,0.32,,,,,,,,,,34.83,0.32,0.62
90686,4203,4082,1.011,33.59,0.39,,,,,,,,,,33.59,0.39,0.66
90687,9942,9735,1.026,35.81,0.20,,,,,,,,,,35.81,0.20,0.48
90689,5747,5587,1.015,34.73,0.34,,,,,,,,,,34.73,0.34,0.64
90694,1617,1569,1.004,32.16,0.51,,,,,,,,,,32.16,0.51,0.66
90695,6438,6241,1.016,34.68,0.27,34.67,0.26,0.49,34.68,0.27,0.49,34.69,0.27,0.48,,,
90697,4067,3982,1.011,33.40,0.33,,,,,,,,,,33.40,0.33,0.64
90699,5886,5681,1.015,34.10,0.32,,,,,,,,,,34.10,0.32,0.62
90701,4957,4733,1.013,34.69,0.39,,,,,,,,,,34.69,0.39,0.65
90703,5638,5452,1.014,34.27,0.30,,,,,,,,,,34.27,0.30,0.62
90711,4932,4873,1.013,34.59,0.35,,,,,,,,,,34.59,0.35,0.63
90717,10030,10010,1.026,35.94,0.27,,,,,,,,,,35.94,0.27,0.55
90722,9429,9462,1.025,36.12,0.26,,,,,,,,,,36.12,0.26,0.52
90725,9003,9039,1.024,35.53,0.22,,,,,,,,,,35.53,0.22,0.49
90726,8427,8450,1.022,35.74,0.22,35.74,0.22,0.35,35.74,0.22,0.39,35.74,0.23,0.40,,,
90737,4272,4362,1.012,34.91,0.29,,,,,,,,,,34.91,0.29,0.62
90748,7841,7753,1.020,35.15,0.20,,,,,,,,,,35.15,0.20,0.48
90751,4473,4296,1.011,35.01,0.36,,,,,,,,,,35.01,0.36,0.65
90757,5759,5612,1.015,34.65,0.27,34.65,0.26,0.53,34.65,0.27,0.53,34.66,0.27,0.53,,,
90760,8118,8023,1.021,35.30,0.22,,,,,,,,,,35.30,0.22,0.49
90761,6300,6291,1.017,34.72,0.24,,,,,,,,,,34.72,0.24,0.53
90766,5486,5332,1.014,35.25,0.31,,,,,,,,,,35.25,0.31,0.64
90769,5931,5966,1.016,34.62,0.40,,,,,,,,,,34.62,0.40,0.65
90771,6551,6747,1.018,33.86,0.39,,,,,,,,,,33.86,0.39,0.66
90775,7309,7448,1.020,35.59,0.32,,,,,,,,,,35.59,0.32,0.62
90776,3269,3429,1.009,34.34,0.36,34.32,0.35,0.56,34.35,0.36,0.60,34.36,0.37,0.59,,,
90778,9584,9802,1.026,35.68,0.19,,,,,,,,,,35.68,0.19,0.48
90783,6442,6636,1.018,34.46,0.15,34.46,0.15,0.56,34.46,0.15,0.59,34.46,0.15,0.58,,,
90787,7909,8126,1.021,35.81,0.13,35.79,0.13,0.52,35.80,0.13,0.52,35.83,0.14,0.52,,,
90789,8117,8295,1.022,35.38,0.12,35.39,0.12,0.35,35.38,0.12,0.39,35.38,0.12,0.40,,,
90795,6814,7035,1.019,35.45,0.34,35.45,0.32,0.56,35.47,0.34,0.57,35.44,0.34,0.57,,,
90796,8546,8705,1.023,35.46,0.24,35.45,0.23,0.35,35.46,0.24,0.39,35.46,0.24,0.40,,,
90800,13611,13874,1.036,36.39,0.18,36.40,0.18,0.35,36.37,0.18,0.39,36.39,0.18,0.40,,,
90801,3903,4040,1.011,33.42,0.31,33.41,0.30,0.56,33.42,0.31,0.60,33.44,0.32,0.59,,,
90803,5291,5488,1.015,34.38,0.31,34.37,0.30,0.55,34.38,0.31,0.56,34.38,0.31,0.56,,,
90806,6065,6231,1.016,34.97,0.34,34.97,0.33,0.56,34.97,0.34,0.57,34.97,0.34,0.57,,,
90807,6345,6576,1.017,34.38,0.17,34.37,0.17,0.56,34.37,0.17,0.60,34.39,0.17,0.59,,,
90808,4748,4934,1.013,33.18,0.38,33.20,0.36,0.56,33.18,0.38,0.60,33.15,0.38,0.59,,,
90811,4148,4324,1.011,34.44,0.34,34.43,0.33,0.56,34.44,0.34,0.58,34.44,0.35,0.58,,,
90815,2404,2787,1.007,33.66,0.16,33.67,0.16,0.56,33.65,0.16,0.60,33.65,0.16,0.59,33.70,0.16,0.66
90817,5582,5764,1.015,34.84,0.36,34.82,0.35,0.56,34.84,0.36,0.58,34.85,0.36,0.58,,,
90831,11203,11519,1.030,36.60,0.21,36.56,0.20,0.35,36.60,0.21,0.39,36.63,0.21,0.40,,,
90833,11766,11918,1.031,36.41,0.22,36.40,0.21,0.35,36.41,0.22,0.39,36.42,0.22,0.40,,,
90836,2419,2276,1.006,33.79,0.54,,,,,,,,,,33.79,0.54,0.66
90844,4618,4940,1.013,33.76,0.31,33.78,0.30,0.54,33.76,0.31,0.55,33.74,0.31,0.54,,,
90846,13602,13839,1.036,36.36,0.18,36.36,0.17,0.35,36.36,0.18,0.39,36.37,0.18,0.40,,,
90848,7600,7857,1.021,35.33,0.14,35.33,0.13,0.53,35.33,0.14,0.53,35.33,0.14,0.53,,,
90854,8584,8935,1.024,36.53,0.22,36.54,0.22,0.47,36.52,0.22,0.48,36.54,0.23,0.47,,,
90861,7111,7238,1.019,35.45,0.29,35.46,0.28,0.51,35.45,0.29,0.51,35.45,0.30,0.51,,,
90872,5390,5923,1.016,34.87,0.23,,,,,,,,,,34.87,0.23,0.52
90874,16741,16981,1.044,37.26,0.19,37.24,0.19,0.35,37.25,0.19,0.39,37.28,0.19,0.40,,,
90884,9103,9386,1.025,35.98,0.24,36.02,0.23,0.41,35.93,0.24,0.41,35.98,0.25,0.40,,,
90895,6631,6944,1.018,35.10,0.21,35.10,0.21,0.48,35.10,0.21,0.48,35.09,0.22,0.47,,,
90900,6140,6545,1.017,35.07,0.15,35.08,0.14,0.56,35.06,0.15,0.58,35.06,0.15,0.58,,,
90903,6269,6578,1.017,35.36,0.33,35.35,0.32,0.55,35.36,0.33,0.55,35.36,0.33,0.55,,,
90904,12342,12637,1.033,36.72,0.17,36.72,0.17,0.35,36.72,0.17,0.39,36.72,0.17,0.40,,,
90909,7393,7692,1.020,35.86,0.13,35.87,0.13,0.43,35.86,0.13,0.43,35.85,0.13,0.42,,,
90911,3265,3810,1.010,34.17,0.48,,,,,,,,,,34.17,0.48,0.66
90916,8050,8414,1.022,35.88,0.31,35.87,0.29,0.52,35.87,0.31,0.53,35.88,0.31,0.52,,,
90923,5751,6212,1.016,35.38,0.33,35.38,0.32,0.55,35.37,0.33,0.56,35.37,0.34,0.55,,,
90927,4363,4959,1.013,34.94,0.38,,,,,,,,,,34.94,0.38,0.63
90930,7568,7950,1.021,35.72,0.39,35.70,0.37,0.56,35.72,0.39,0.59,35.74,0.40,0.59,,,
90931,4201,4642,1.012,34.37,0.16,34.37,0.16,0.56,34.36,0.16,0.59,34.37,0.16,0.58,,,
90935,11704,11992,1.031,36.50,0.12,36.51,0.12,0.35,36.50,0.12,0.39,36.50,0.12,0.40,,,
90938,3690,4142,1.011,34.60,0.17,34.60,0.17,0.56,34.59,0.17,0.60,34.60,0.17,0.59,,,
90944,7055,7436,1.020,35.32,0.19,35.33,0.19,0.53,35.32,0.19,0.53,35.33,0.19,0.53,,,
90949,6582,6881,1.018,34.76,0.33,34.75,0.31,0.55,34.76,0.33,0.56,34.75,0.33,0.56,,,
90959,5917,6495,1.017,34.69,0.27,,,,,,,,,,34.69,0.27,0.57
90968,3598,4145,1.011,34.69,0.14,34.70,0.14,0.55,34.68,0.14,0.56,34.68,0.14,0.55,,,
90970,5088,5380,1.014,34.71,0.36,34.70,0.35,0.56,34.71,0.36,0.58,34.72,0.37,0.57,,,
90971,5853,6137,1.016,34.23,0.18,34.24,0.17,0.56,34.23,0.18,0.60,34.23,0.18,0.59,,,
90972,11397,11677,1.031,36.25,0.21,36.23,0.21,0.35,36.26,0.21,0.39,36.25,0.21,0.40,,,
90973,1841,1823,1.005,33.14,0.53,33.14,0.51,0.56,33.15,0.53,0.60,33.15,0.54,0.59,,,
90978,8770,9306,1.025,35.65,0.14,35.63,0.14,0.55,35.64,0.14,0.56,35.67,0.14,0.55,,,
90994,8227,8531,1.022,35.82,0.17,35.82,0.17,0.35,35.82,0.17,0.39,35.82,0.18,0.40,,,
91002,4154,4675,1.012,34.79,0.15,34.79,0.15,0.56,34.79,0.15,0.58,34.80,0.15,0.58,34.96,0.14,0.65
91005,10719,11147,1.029,35.54,0.18,35.53,0.18,0.48,35.54,0.18,0.48,35.54,0.19,0.47,,,
91009,7150,7480,1.020,35.91,0.30,35.91,0.29,0.52,35.90,0.30,0.53,35.92,0.31,0.52,,,
91012,2287,2773,1.007,33.51,0.17,33.51,0.17,0.56,33.50,0.17,0.60,33.51,0.17,0.59,33.66,0.17,0.66
91014,4002,4619,1.012,34.44,0.21,,,,,,,,,,34.44,0.21,0.57
91015,9889,10396,1.027,35.01,0.25,35.00,0.24,0.42,35.01,0.25,0.43,35.01,0.25,0.42,,,
91017,5250,5832,1.015,34.51,0.38,,,,,,,,,,34.51,0.38,0.65
91020,7842,8268,1.022,35.18,0.16,35.16,0.16,0.54,35.18,0.16,0.55,35.21,0.16,0.55,,,
91028,6048,6492,1.017,34.81,0.14,34.82,0.14,0.54,34.81,0.14,0.54,34.80,0.14,0.54,,,
91037,6270,6617,1.017,34.80,0.15,34.81,0.15,0.51,34.80,0.15,0.52,34.80,0.15,0.51,,,
91059,4139,4756,1.013,34.46,0.20,,,,,,,,,,34.46,0.20,0.56
91086,10938,11428,1.030,35.87,0.27,35.87,0.26,0.48,35.87,0.27,0.48,35.87,0.28,0.48,,,
91087,6695,7222,1.019,35.75,0.14,35.76,0.13,0.53,35.74,0.14,0.54,35.74,0.14,0.53,,,
91091,3163,3667,1.010,34.38,0.15,34.38,0.15,0.56,34.38,0.15,0.59,34.39,0.15,0.58,,,
91093,11139,11454,1.030,36.11,0.13,36.10,0.13,0.35,36.11,0.13,0.39,36.12,0.13,0.40,,,
91096,8677,9024,1.024,36.06,0.25,36.06,0.25,0.40,36.07,0.25,0.41,36.04,0.26,0.40,,,
91105,4846,4853,1.013,34.84,0.34,34.83,0.32,0.56,34.83,0.34,0.58,34.84,0.34,0.58,,,
91110,5937,6298,1.017,34.62,0.15,34.64,0.14,0.56,34.62,0.15,0.58,34.61,0.15,0.57,,,
91130,6176,6661,1.018,35.26,0.37,35.25,0.35,0.56,35.26,0.37,0.57,35.26,0.37,0.57,,,
91133,14603,14967,1.039,36.58,0.13,36.58,0.12,0.35,36.58,0.13,0.39,36.58,0.13,0.40,,,
91134,6889,7258,1.019,35.52,0.12,35.53,0.12,0.38,35.52,0.12,0.39,35.51,0.12,0.40,,,
91139,4178,3923,1.010,34.41,0.33,,,,,,,,,,34.41,0.33,0.65
91141,10140,10585,1.028,36.29,0.12,36.29,0.12,0.35,36.29,0.12,0.39,36.29,0.12,0.40,,,
91142,3180,3638,1.010,33.71,0.18,33.71,0.18,0.56,33.70,0.18,0.60,33.72,0.19,0.59,,,
91143,9331,9615,1.025,36.16,0.20,36.15,0.19,0.35,36.15,0.20,0.39,36.17,0.20,0.40,,,
91149,2220,2786,1.007,34.05,0.38,,,,,,,,,,34.05,0.38,0.66
91151,3681,4270,1.011,34.04,0.26,,,,,,,,,,34.04,0.26,0.60
91158,3343,3546,1.009,34.31,0.42,34.30,0.40,0.56,34.31,0.42,0.60,34.32,0.42,0.59,,,
91162,6922,7219,1.019,35.09,0.15,35.10,0.15,0.52,35.09,0.15,0.52,35.09,0.15,0.52,,,
91164,6418,6395,1.017,34.78,0.35,34.77,0.34,0.56,34.78,0.35,0.58,34.79,0.35,0.57,,,
91165,3230,3567,1.009,33.58,0.18,33.59,0.17,0.56,33.58,0.18,0.60,33.58,0.18,0.59,,,
91175,6978,7320,1.019,34.53,0.43,34.53,0.42,0.56,34.53,0.43,0.60,34.53,0.44,0.59,,,
91176,3584,4164,1.011,34.52,0.35,,,,,,,,,,34.52,0.35,0.65
91181,2040,2513,1.007,33.10,0.58,33.10,0.55,0.56,33.11,0.58,0.60,33.09,0.59,0.59,33.67,0.65,0.66
91187,7497,7928,1.021,35.57,0.12,35.59,0.12,0.35,35.57,0.12,0.39,35.56,0.12,0.40,,,
91195,1666,2158,1.006,33.53,0.62,33.53,0.59,0.56,33.54,0.62,0.60,33.52,0.63,0.59,,,
91196,9122,9385,1.025,35.46,0.15,35.46,0.14,0.42,35.47,0.15,0.43,35.46,0.15,0.42,,,
91206,11798,12237,1.032,36.89,0.14,36.86,0.14,0.35,36.89,0.14,0.39,36.90,0.14,0.40,,,
91210,9985,10210,1.027,35.98,0.13,35.98,0.12,0.42,35.99,0.13,0.43,35.97,0.13,0.42,,,
91219,1651,2149,1.006,33.54,0.68,33.54,0.65,0.56,33.55,0.68,0.60,33.52,0.69,0.59,,,
91221,5627,5812,1.015,34.19,0.45,34.18,0.43,0.56,34.20,0.45,0.60,34.20,0.46,0.59,,,
91229,1835,1703,1.005,32.88,0.55,,,,,,,,,,32.88,0.55,0.66
91242,2757,3229,1.009,33.95,0.49,33.95,0.47,0.56,33.96,0.49,0.60,33.95,0.49,0.59,,,
91251,7096,7379,1.019,35.24,0.13,35.25,0.13,0.52,35.24,0.13,0.52,35.24,0.13,0.52,35.28,0.12,0.61
91252,7367,7648,1.020,35.16,0.25,35.16,0.24,0.53,35.16,0.25,0.53,35.16,0.25,0.52,34.65,0.26,0.62
91258,2647,3156,1.008,33.19,0.57,,,,,,,,,,33.19,0.57,0.66
91262,2529,2821,1.007,33.46,0.19,33.46,0.18,0.56,33.45,0.19,0.60,33.48,0.19,0.59,,,
91265,6353,6568,1.017,34.51,0.36,34.51,0.34,0.56,34.51,0.36,0.59,34.51,0.36,0.59,,,
91266,7752,8104,1.021,35.57,0.31,35.57,0.30,0.53,35.57,0.31,0.54,35.58,0.32,0.53,,,
91271,3962,4222,1.011,34.10,0.16,34.10,0.16,0.56,34.10,0.16,0.60,34.11,0.16,0.59,,,
91277,10785,11200,1.029,35.68,0.43,35.66,0.41,0.43,35.69,0.43,0.43,35.69,0.43,0.42,,,
91289,7006,7245,1.019,35.57,0.17,35.55,0.17,0.42,35.57,0.17,0.43,35.58,0.17,0.42,,,
91295,4014,4468,1.012,33.83,0.41,,,,,,,,,,33.83,0.41,0.66
91307,8132,8382,1.022,35.75,0.13,35.75,0.13,0.46,35.76,0.13,0.46,35.75,0.13,0.45,,,
91315,6734,7017,1.019,34.76,0.13,34.76,0.13,0.46,34.76,0.13,0.46,34.75,0.13,0.46,,,
91321,5364,5700,1.015,34.70,0.14,34.69,0.14,0.55,34.70,0.14,0.57,34.71,0.14,0.56,,,
91333,5969,6255,1.017,34.66,0.16,34.67,0.16,0.56,34.66,0.16,0.58,34.67,0.17,0.57,,,
91337,2307,2524,1.007,33.74,0.19,33.73,0.18,0.56,33.72,0.19,0.60,33.76,0.19,0.59,,,
91346,10607,10774,1.028,35.39,0.14,35.39,0.14,0.39,35.39,0.14,0.39,35.39,0.14,0.40,,,
91349,5257,5420,1.014,34.99,0.26,35.00,0.25,0.51,35.00,0.26,0.51,34.98,0.27,0.50,,,
91350,6962,7312,1.019,35.21,0.29,,,,,,,,,,35.21,0.29,0.56
91351,6972,7256,1.019,35.24,0.13,35.24,0.13,0.52,35.25,0.13,0.52,35.24,0.14,0.52,,,
91353,6881,7228,1.019,34.95,0.29,,,,,,,,,,34.95,0.29,0.57
91358,4563,4935,1.013,34.38,0.18,,,,,,,,,,34.38,0.18,0.52
91359,5603,5642,1.015,34.68,0.22,34.68,0.21,0.47,34.68,0.22,0.47,34.67,0.22,0.46,,,
91371,10265,10566,1.028,36.18,0.24,36.18,0.23,0.43,36.19,0.24,0.44,36.18,0.24,0.43,,,
91381,4006,4356,1.012,33.90,0.44,,,,,,,,,,33.90,0.44,0.65
91382,7639,7889,1.021,35.12,0.13,35.11,0.13,0.51,35.12,0.13,0.51,35.13,0.13,0.51,,,
91386,2419,2181,1.006,33.61,0.54,,,,,,,,,,33.61,0.54,0.66
91391,9061,9127,1.024,35.46,0.15,35.48,0.15,0.47,35.46,0.15,0.47,35.43,0.15,0.46,,,
91401,9926,10115,1.027,36.28,0.25,36.27,0.24,0.46,36.29,0.25,0.46,36.29,0.25,0.45,,,
91413,2249,2528,1.007,33.30,0.25,,,,,,,,,,33.30,0.25,0.66
91414,5807,5735,1.015,34.73,0.27,34.73,0.26,0.51,34.74,0.27,0.52,34.73,0.27,0.51,,,
91416,11592,11679,1.031,35.60,0.20,35.58,0.20,0.53,35.60,0.20,0.54,35.61,0.21,0.53,,,
91420,9117,9102,1.024,35.71,0.28,35.68,0.27,0.51,35.71,0.28,0.52,35.73,0.29,0.51,36.01,0.31,0.61
91426,2700,2608,1.007,33.52,0.48,33.52,0.46,0.56,33.52,0.48,0.60,33.53,0.49,0.59,,,
91431,9320,9321,1.025,35.95,0.13,35.92,0.13,0.51,35.95,0.13,0.52,35.98,0.13,0.51,,,
91438,5609,5553,1.015,34.74,0.41,34.75,0.39,0.56,34.74,0.41,0.59,34.72,0.41,0.58,,,
91442,6982,7237,1.019,34.49,0.21,,,,,,,,,,34.49,0.21,0.50
91449,7712,7603,1.020,35.41,0.31,35.36,0.30,0.55,35.42,0.31,0.56,35.45,0.31,0.56,,,
91455,13064,13158,1.035,36.47,0.23,36.44,0.22,0.37,36.46,0.23,0.39,36.50,0.24,0.40,,,
91462,6049,5916,1.016,34.92,0.27,34.91,0.26,0.54,34.92,0.27,0.55,34.92,0.27,0.54,,,
91472,8775,8822,1.023,36.12,0.72,36.10,0.69,0.52,36.15,0.72,0.53,36.10,0.73,0.52,,,
91473,9051,9184,1.024,36.09,0.27,36.08,0.26,0.45,36.09,0.27,0.45,36.09,0.27,0.44,36.44,0.29,0.56
91488,8575,8446,1.022,35.41,0.30,35.41,0.29,0.54,35.41,0.30,0.54,35.41,0.31,0.54,,,
91489,10389,10474,1.028,36.08,0.18,36.07,0.18,0.35,36.08,0.18,0.39,36.09,0.19,0.40,,,
91491,4822,4705,1.012,34.69,0.37,34.69,0.36,0.56,34.69,0.37,0.60,34.70,0.38,0.59,,,
91492,12805,12771,1.034,36.63,0.14,36.64,0.14,0.35,36.62,0.14,0.39,36.62,0.14,0.40,,,
91495,4635,4627,1.012,34.19,0.48,34.19,0.46,0.56,34.19,0.48,0.60,34.18,0.49,0.59,,,
91500,5810,5774,1.015,34.57,0.28,34.60,0.27,0.55,34.56,0.28,0.56,34.54,0.28,0.56,,,
91505,4572,4525,1.012,34.67,0.42,34.65,0.40,0.56,34.67,0.42,0.60,34.68,0.42,0.59,,,
91510,7692,7608,1.020,35.10,0.13,35.11,0.13,0.48,35.10,0.13,0.48,35.08,0.13,0.47,,,
91513,10480,10450,1.027,35.98,0.14,35.99,0.14,0.35,35.98,0.14,0.39,35.97,0.14,0.40,36.18,0.12,0.49
91514,10687,10684,1.028,37.14,0.21,37.15,0.20,0.35,37.12,0.21,0.39,37.14,0.21,0.40,,,
91516,9200,9180,1.024,35.54,0.13,35.54,0.13,0.48,35.54,0.13,0.48,35.54,0.13,0.48,,,
91517,10995,10946,1.029,35.77,0.22,35.75,0.21,0.35,35.77,0.22,0.39,35.79,0.22,0.40,,,
91519,9690,9607,1.025,35.35,0.13,35.35,0.13,0.51,35.35,0.13,0.52,35.35,0.13,0.51,,,
91520,5373,5417,1.014,33.73,0.16,33.73,0.16,0.56,33.72,0.16,0.60,33.74,0.16,0.59,,,
91522,10453,10421,1.027,36.08,0.16,36.05,0.16,0.35,36.08,0.16,0.39,36.09,0.16,0.40,,,
91528,3320,3081,1.008,33.88,0.43,33.88,0.41,0.56,33.88,0.43,0.60,33.88,0.43,0.59,,,
91533,4494,4294,1.011,33.64,0.43,33.65,0.42,0.56,33.64,0.43,0.60,33.63,0.44,0.59,,,
91554,4614,4444,1.012,34.53,0.33,34.52,0.32,0.56,34.53,0.33,0.59,34.54,0.34,0.58,,,
91573,5342,5048,1.013,34.73,0.28,34.72,0.27,0.56,34.73,0.28,0.58,34.75,0.28,0.57,,,
91580,10738,10626,1.028,36.28,0.19,,,,,,,,,,36.28,0.19,0.48
91582,8572,8304,1.022,35.35,0.31,,,,,,,,,,35.35,0.31,0.59
91586,6432,6310,1.017,34.57,0.32,,,,,,,,,,34.57,0.32,0.62
91594,9205,9022,1.024,35.51,0.33,,,,,,,,,,35.51,0.33,0.63
91606,6579,6385,1.017,34.99,0.17,34.99,0.16,0.35,34.99,0.17,0.39,34.99,0.17,0.40,,,
91610,6958,6626,1.018,34.46,0.32,34.45,0.31,0.55,34.46,0.32,0.56,34.46,0.33,0.56,,,
91621,6734,6449,1.017,34.91,0.26,,,,,,,,,,34.91,0.26,0.53
91630,5529,5177,1.014,33.94,0.39,,,,,,,,,,33.94,0.39,0.66
91643,5168,4737,1.013,34.98,0.36,,,,,,,,,,34.98,0.36,0.62
91648,4768,4316,1.011,35.02,0.38,,,,,,,,,,35.02,0.38,0.65
91654,4684,4237,1.011,35.16,0.39,,,,,,,,,,35.16,0.39,0.65
91656,4049,3590,1.010,32.78,0.26,,,,,,,,,,32.78,0.26,0.64
91661,5876,5444,1.014,35.39,0.24,,,,,,,,,,35.39,0.24,0.57
91662,7121,6751,1.018,36.14,0.20,36.13,0.19,0.35,36.14,0.20,0.39,36.15,0.20,0.40,,,
91666,3831,3339,1.009,33.95,0.34,,,,,,,,,,33.95,0.34,0.64
91678,3968,3494,1.009,34.17,0.27,34.17,0.26,0.52,34.17,0.27,0.52,34.17,0.28,0.52,,,
91705,5647,5051,1.013,34.55,0.34,34.55,0.33,0.55,34.55,0.34,0.56,34.55,0.35,0.56,,,
91708,4352,3801,1.010,34.05,0.51,34.04,0.49,0.56,34.06,0.51,0.60,34.07,0.52,0.59,,,
91714,6011,5508,1.015,34.36,0.22,34.35,0.21,0.46,34.36,0.22,0.46,34.37,0.22,0.45,,,
91718,4960,4416,1.012,34.45,0.29,34.45,0.28,0.49,34.46,0.29,0.49,34.45,0.29,0.48,,,
91720,8475,7909,1.021,35.65,0.26,35.66,0.25,0.46,35.66,0.26,0.46,35.65,0.27,0.45,,,
91723,11933,11352,1.030,36.02,0.25,35.99,0.24,0.43,36.02,0.25,0.43,36.04,0.25,0.42,,,
91724,8373,7804,1.021,35.36,0.47,35.34,0.45,0.56,35.35,0.47,0.60,35.39,0.48,0.59,,,
91729,8082,7469,1.020,35.25,0.16,35.25,0.16,0.56,35.25,0.16,0.59,35.24,0.16,0.59,,,
91730,4212,3624,1.010,34.32,0.17,34.33,0.16,0.56,34.31,0.17,0.60,34.32,0.17,0.59,,,
91732,4675,4092,1.011,34.21,0.19,34.22,0.18,0.56,34.21,0.19,0.60,34.20,0.19,0.59,,,
91738,4997,4408,1.012,32.74,0.40,32.73,0.38,0.56,32.74,0.40,0.60,32.75,0.40,0.59,,,
91742,2893,2448,1.006,33.70,0.21,,,,,,,,,,33.70,0.21,0.58
91747,6881,6254,1.017,34.81,0.33,34.82,0.32,0.54,34.81,0.33,0.54,34.81,0.34,0.54,34.98,0.37,0.63
91749,10038,9442,1.025,35.03,0.28,35.03,0.27,0.52,35.03,0.28,0.52,35.03,0.29,0.51,,,
91750,8198,7602,1.020,34.81,0.16,34.81,0.16,0.55,34.81,0.16,0.56,34.81,0.17,0.55,,,
91755,1840,1420,1.004,31.83,0.58,,,,,,,,,,31.83,0.58,0.66
91759,11538,10930,1.029,36.64,0.13,36.64,0.13,0.44,36.64,0.13,0.45,36.63,0.13,0.44,,,
91766,7522,6920,1.018,35.52,0.12,35.53,0.12,0.36,35.52,0.12,0.39,35.49,0.12,0.40,,,
91767,12637,12053,1.032,36.35,0.19,36.35,0.18,0.35,36.34,0.19,0.39,36.35,0.19,0.40,,,
91768,7912,7284,1.019,35.25,0.43,35.26,0.41,0.56,35.25,0.43,0.60,35.23,0.43,0.59,,,
91769,7554,6940,1.018,35.58,0.13,35.62,0.13,0.51,35.57,0.13,0.51,35.55,0.13,0.50,,,
91771,6729,6136,1.016,35.21,0.13,35.23,0.13,0.35,35.21,0.13,0.39,35.19,0.13,0.40,,,
91772,9412,8808,1.023,35.90,0.13,35.91,0.12,0.40,35.91,0.13,0.41,35.89,0.13,0.40,,,
91775,7355,6849,1.018,35.37,0.25,35.36,0.24,0.48,35.37,0.25,0.48,35.37,0.25,0.47,,,
91776,10073,9446,1.025,35.17,0.33,35.15,0.32,0.55,35.16,0.33,0.57,35.20,0.34,0.56,,,
91777,5375,4759,1.013,33.63,0.27,,,,,,,,,,33.63,0.27,0.64
91778,6141,5557,1.015,34.37,0.14,34.37,0.14,0.54,34.37,0.14,0.55,34.37,0.14,0.54,,,
91785,12121,11499,1.030,34.81,0.14,34.85,0.14,0.55,34.81,0.14,0.56,34.77,0.14,0.55,,,
91787,5506,4885,1.013,34.85,0.39,34.85,0.37,0.56,34.85,0.39,0.59,34.84,0.39,0.58,,,
91789,8179,7595,1.020,35.26,0.13,35.27,0.13,0.49,35.25,0.13,0.50,35.26,0.13,0.49,,,
91792,12368,11747,1.031,36.79,0.12,36.82,0.12,0.35,36.78,0.12,0.39,36.78,0.12,0.40,,,
91798,11112,10526,1.028,36.12,0.24,36.13,0.23,0.39,36.13,0.24,0.40,36.10,0.24,0.40,,,
91799,8491,7901,1.021,35.48,0.22,35.47,0.21,0.35,35.49,0.22,0.39,35.49,0.22,0.40,,,
91800,2712,2178,1.006,33.43,0.48,33.42,0.46,0.56,33.43,0.48,0.60,33.44,0.49,0.59,,,
91802,11218,10600,1.028,35.42,0.13,35.42,0.13,0.45,35.42,0.13,0.46,35.42,0.13,0.45,,,
91812,9653,9081,1.024,35.59,0.23,35.58,0.23,0.41,35.59,0.23,0.41,35.61,0.24,0.40,35.59,0.25,0.54
91814,7435,6823,1.018,34.16,0.15,34.18,0.15,0.52,34.16,0.15,0.52,34.15,0.15,0.52,34.26,0.14,0.61
91817,5614,5004,1.013,35.35,0.13,35.36,0.13,0.42,35.35,0.13,0.43,35.33,0.13,0.42,,,
91819,7410,6800,1.018,34.81,0.25,34.81,0.24,0.55,34.81,0.25,0.55,34.80,0.25,0.55,,,
91820,5773,5212,1.014,34.90,0.34,34.90,0.33,0.56,34.90,0.34,0.57,34.91,0.35,0.57,,,
91822,9514,8905,1.023,35.82,0.12,35.83,0.12,0.35,35.82,0.12,0.39,35.80,0.12,0.40,35.74,0.10,0.50
91823,8817,8238,1.022,35.30,0.35,35.29,0.33,0.56,35.30,0.35,0.58,35.30,0.35,0.57,,,
91824,6574,6001,1.016,34.94,0.13,34.94,0.13,0.51,34.94,0.13,0.52,34.94,0.13,0.51,,,
91826,7096,6489,1.017,34.47,0.14,34.48,0.14,0.54,34.47,0.14,0.54,34.46,0.14,0.54,,,
91829,4067,3501,1.009,33.29,0.26,33.29,0.25,0.56,33.28,0.26,0.60,33.29,0.27,0.59,,,
91831,5553,5011,1.013,34.50,0.17,34.51,0.16,0.56,34.50,0.17,0.59,34.50,0.17,0.58,,,
91836,5561,5014,1.013,34.01,0.16,34.02,0.15,0.56,34.01,0.16,0.59,34.01,0.16,0.59,,,
91839,7268,6761,1.018,35.29,0.21,35.28,0.21,0.35,35.29,0.21,0.39,35.30,0.21,0.40,35.30,0.22,0.48
91878,6298,6051,1.016,34.75,0.42,,,,,,,,,,34.75,0.42,0.66
92270,2211,2826,1.007,33.31,0.50,,,,,,,,,,33.31,0.50,0.66
92378,5668,6206,1.016,34.90,0.40,,,,,,,,,,34.90,0.40,0.65
92391,4441,4963,1.013,35.14,0.49,,,,,,,,,,35.14,0.49,0.66
92481,7050,7347,1.019,34.92,0.22,,,,,,,,,,34.92,0.22,0.48
92838,6936,6384,1.017,34.92,0.15,34.93,0.15,0.56,34.91,0.15,0.59,34.91,0.15,0.59,,,
92849,11823,11426,1.030,36.14,0.25,36.14,0.24,0.40,36.14,0.25,0.40,36.14,0.25,0.40,,,
92852,4222,3818,1.010,33.55,0.15,33.56,0.15,0.56,33.55,0.15,0.59,33.55,0.16,0.59,,,
92856,5166,4742,1.013,34.65,0.28,34.68,0.27,0.56,34.65,0.28,0.59,34.62,0.29,0.58,,,
92865,8515,8256,1.022,34.33,0.20,34.35,0.19,0.56,34.34,0.20,0.59,34.31,0.20,0.59,34.64,0.20,0.65
92870,5415,5098,1.013,34.51,0.19,,,,,,,,,,34.51,0.19,0.48
92874,5511,5397,1.014,34.60,0.35,,,,,,,,,,34.60,0.35,0.63
92888,8102,8331,1.022,35.73,0.15,35.71,0.14,0.56,35.74,0.15,0.57,35.73,0.15,0.57,,,
92894,8399,8645,1.023,35.79,0.39,35.78,0.37,0.56,35.80,0.39,0.59,35.79,0.39,0.59,,,
92896,8330,8621,1.023,35.68,0.38,35.66,0.37,0.56,35.68,0.38,0.59,35.69,0.39,0.58,,,
92903,8483,8915,1.023,35.95,0.82,35.99,0.79,0.53,35.99,0.82,0.53,35.88,0.83,0.53,,,
92905,7404,7869,1.021,34.81,0.40,34.81,0.39,0.56,34.82,0.40,0.59,34.81,0.41,0.59,,,
92918,4677,5231,1.014,34.28,0.14,34.29,0.14,0.55,34.28,0.14,0.56,34.27,0.14,0.55,,,
92931,8635,9133,1.024,36.25,0.21,36.26,0.20,0.35,36.26,0.21,0.39,36.24,0.21,0.40,,,
92945,7509,7955,1.021,34.19,0.18,34.19,0.17,0.56,34.18,0.18,0.60,34.19,0.18,0.59,34.36,0.18,0.66
92957,6675,6970,1.018,35.48,0.13,35.51,0.13,0.43,35.48,0.13,0.44,35.45,0.13,0.43,,,
92980,6230,6393,1.017,34.85,0.17,34.83,0.17,0.56,34.84,0.17,0.60,34.87,0.17,0.59,,,
92988,10331,10323,1.027,35.50,0.18,35.51,0.17,0.49,35.49,0.18,0.49,35.49,0.18,0.48,,,
93019,4969,4383,1.012,33.68,0.40,33.64,0.38,0.56,33.67,0.40,0.60,33.71,0.40,0.59,,,
93021,7819,7222,1.019,34.98,0.42,34.97,0.41,0.56,34.99,0.42,0.59,34.98,0.43,0.59,,,
93025,6986,6391,1.017,34.90,0.35,34.90,0.34,0.56,34.91,0.35,0.57,34.90,0.36,0.57,,,
93029,9168,8612,1.023,35.51,0.23,35.52,0.22,0.40,35.51,0.23,0.40,35.50,0.23,0.40,,,
93030,4505,3898,1.010,34.34,0.16,34.35,0.16,0.56,34.33,0.16,0.60,34.35,0.16,0.59,,,
93031,3689,3105,1.008,33.15,0.18,33.16,0.17,0.56,33.14,0.18,0.60,33.14,0.18,0.59,32.96,0.18,0.66
93038,11519,10988,1.029,36.71,0.29,36.65,0.28,0.49,36.71,0.29,0.50,36.76,0.30,0.49,,,
93043,10322,10642,1.028,36.32,0.34,36.30,0.33,0.55,36.32,0.34,0.56,36.34,0.35,0.56,,,
93069,10167,9735,1.026,35.72,0.39,35.72,0.37,0.56,35.73,0.39,0.59,35.71,0.40,0.58,,,
93071,6410,6886,1.018,34.20,0.23,34.19,0.23,0.56,34.19,0.23,0.59,34.20,0.24,0.58,,,
93612,6375,6727,1.018,35.15,0.15,35.16,0.15,0.44,35.15,0.15,0.44,35.14,0.15,0.43,,,
93647,7835,8160,1.022,35.21,0.14,35.21,0.14,0.55,35.21,0.14,0.56,35.20,0.14,0.56,,,
93726,4801,5012,1.013,34.59,0.28,34.59,0.27,0.56,34.59,0.28,0.58,34.59,0.29,0.57,,,
93845,3357,3788,1.010,33.98,0.17,34.01,0.16,0.56,33.97,0.17,0.60,33.97,0.17,0.59,,,
93846,7534,6921,1.018,34.74,0.13,34.76,0.13,0.47,34.74,0.13,0.47,34.72,0.13,0.46,,,
93851,8367,7911,1.021,34.31,0.16,34.31,0.16,0.55,34.30,0.16,0.55,34.30,0.16,0.55,,,
93854,6524,6958,1.018,33.80,0.31,33.81,0.30,0.56,33.80,0.31,0.60,33.80,0.32,0.59,33.57,0.34,0.66
96513,5224,5810,1.015,34.11,0.29,,,,,,,,,,34.11,0.29,0.52
96538,5424,5908,1.016,34.53,0.21,,,,,,,,,,34.53,0.21,0.48
96553,2845,3249,1.009,32.43,0.34,,,,,,,,,,32.43,0.34,0.63
97017,8121,7825,1.021,34.91,0.19,,,,,,,,,,34.91,0.19,0.48
97032,4629,4368,1.012,33.50,0.31,,,,,,,,,,33.50,0.31,0.56
97039,6162,5939,1.016,34.46,0.32,,,,,,,,,,34.46,0.32,0.50
97062,5091,5021,1.013,33.31,0.36,,,,,,,,,,33.31,0.36,0.61
97067,4538,4333,1.011,33.78,0.34,,,,,,,,,,33.78,0.34,0.55
97078,6386,6234,1.016,33.88,0.24,,,,,,,,,,33.88,0.24,0.52
97081,5594,5570,1.015,33.30,0.34,,,,,,,,,,33.30,0.34,0.59
97101,6258,6156,1.016,34.35,0.17,,,,,,,,,,34.35,0.17,0.48
97104,6000,5864,1.016,34.27,0.25,,,,,,,,,,34.27,0.25,0.56
97116,8864,8930,1.024,34.49,0.25,,,,,,,,,,34.49,0.25,0.52
97136,3434,3557,1.009,33.50,0.13,,,,,,,,,,33.50,0.13,0.57
97157,6955,7228,1.019,34.72,0.22,,,,,,,,,,34.72,0.22,0.48
97166,6018,6342,1.017,34.60,0.27,,,,,,,,,,34.60,0.27,0.53
97187,5200,5320,1.014,34.89,0.15,34.89,0.15,0.36,34.89,0.15,0.39,34.89,0.15,0.40,,,
97234,4360,4832,1.013,33.85,0.18,33.89,0.17,0.56,33.85,0.18,0.60,33.82,0.18,0.59,,,
97243,3077,2568,1.007,32.94,0.18,32.94,0.17,0.50,32.94,0.18,0.50,32.94,0.18,0.49,,,
97507,11130,10729,1.028,35.13,0.39,,,,,,,,,,35.13,0.39,0.54
100135,5296,4782,1.013,34.65,0.30,34.66,0.28,0.53,34.65,0.30,0.53,34.64,0.30,0.53,34.49,0.32,0.62
100713,6016,5807,1.015,30.37,1.07,,,,,,,,,,30.37,1.07,0.66
100760,5272,5042,1.013,34.46,0.30,,,,,,,,,,34.46,0.30,0.60
100768,4373,4300,1.011,33.57,0.14,,,,,,,,,,33.57,0.14,0.56
100777,6700,7218,1.019,35.53,0.15,35.55,0.15,0.35,35.53,0.15,0.39,35.52,0.15,0.40,,,
131863,8918,8686,1.023,34.78,0.37,,,,,,,,,,34.78,0.37,0.57
131894,5973,5737,1.015,34.31,0.39,,,,,,,,,,34.31,0.39,0.65
131983,5343,5174,1.014,33.24,0.46,,,,,,,,,,33.24,0.46,0.66
132259,8642,8771,1.023,35.34,0.29,,,,,,,,,,35.34,0.29,0.49
132326,8355,8109,1.021,35.14,0.29,,,,,,,,,,35.14,0.29,0.54
132924,5453,5295,1.014,34.39,0.49,,,,,,,,,,34.39,0.49,0.64
133022,3997,3968,1.011,33.56,0.52,,,,,,,,,,33.56,0.52,0.64
133270,10273,9949,1.026,35.90,0.38,,,,,,,,,,35.90,0.38,0.51
133293,6067,5761,1.015,34.70,0.31,,,,,,,,,,34.70,0.31,0.57
133360,7613,7250,1.019,35.20,0.32,,,,,,,,,,35.20,0.32,0.61
133519,6838,6502,1.017,34.57,0.41,,,,,,,,,,34.57,0.41,0.60
134276,8714,8377,1.022,35.10,0.41,,,,,,,,,,35.10,0.41,0.54
134402,10637,10253,1.027,35.48,0.31,,,,,,,,,,35.48,0.31,0.52
134460,3275,2877,1.008,32.61,0.60,,,,,,,,,,32.61,0.60,0.66
134516,8898,8529,1.022,35.35,0.28,,,,,,,,,,35.35,0.28,0.52
134842,10056,9800,1.026,35.95,0.35,,,,,,,,,,35.95,0.35,0.48
135115,4170,4181,1.011,34.03,0.34,,,,,,,,,,34.03,0.34,0.62
135254,9385,8966,1.024,35.81,0.46,,,,,,,,,,35.81,0.46,0.48
135787,3079,3591,1.010,33.32,0.24,33.34,0.23,0.56,33.32,0.24,0.60,33.31,0.24,0.59,,,
135839,7195,7540,1.020,35.52,0.24,35.51,0.23,0.55,35.52,0.24,0.55,35.53,0.24,0.55,,,
135888,10330,9778,1.026,36.12,0.19,36.10,0.18,0.41,36.12,0.19,0.41,36.13,0.19,0.40,,,
135894,10649,10104,1.027,36.06,1.01,35.99,0.97,0.54,36.08,1.01,0.55,36.09,1.03,0.54,,,
136075,2712,2769,1.007,32.70,0.23,,,,,,,,,,32.70,0.23,0.65
137994,3214,2827,1.007,32.57,0.27,32.58,0.26,0.47,32.58,0.27,0.47,32.56,0.27,0.46,32.71,0.29,0.58
138032,8315,7851,1.021,35.47,0.20,35.46,0.19,0.35,35.47,0.20,0.39,35.47,0.20,0.40,35.33,0.21,0.48
138277,5069,4523,1.012,34.39,0.38,34.40,0.37,0.51,34.40,0.38,0.51,34.38,0.39,0.51,34.09,0.43,0.60
138503,8308,7880,1.021,34.65,0.14,34.64,0.14,0.52,34.65,0.14,0.52,34.66,0.14,0.52,,,
138562,6825,6557,1.017,34.69,0.31,34.71,0.30,0.54,34.68,0.31,0.55,34.67,0.31,0.55,34.78,0.34,0.63
138730,3972,3966,1.011,33.42,0.22,33.43,0.21,0.47,33.42,0.22,0.48,33.40,0.22,0.47,,,
139277,6175,6559,1.017,35.10,0.14,35.10,0.14,0.47,35.11,0.14,0.47,35.11,0.14,0.46,,,
139334,13490,13970,1.037,36.33,0.47,36.32,0.45,0.42,36.34,0.47,0.43,36.33,0.47,0.42,36.38,0.52,0.55
139338,9862,10343,1.027,36.05,0.29,36.04,0.28,0.50,36.05,0.29,0.50,36.05,0.29,0.50,,,
139387,9311,9804,1.026,35.85,0.33,35.85,0.32,0.54,35.85,0.33,0.55,35.84,0.34,0.54,,,
140526,9659,9674,1.025,35.75,0.23,35.81,0.22,0.47,35.74,0.23,0.47,35.71,0.23,0.46,,,
140742,9194,9131,1.024,35.84,0.29,35.84,0.28,0.35,35.84,0.29,0.39,35.83,0.30,0.40,,,
140994,5648,5042,1.013,33.82,0.28,,,,,,,,,,33.82,0.28,0.60
141060,1426,800,1.002,32.98,0.31,32.98,0.29,0.56,32.97,0.31,0.60,33.00,0.31,0.59,,,
142502,9768,10022,1.026,35.39,0.25,,,,,,,,,,35.39,0.25,0.51
142788,5118,4638,1.012,34.27,0.44,,,,,,,,,,34.27,0.44,0.65
142790,5807,5344,1.014,33.86,0.68,,,,,,,,,,33.86,0.68,0.66
142791,11231,10775,1.028,36.69,0.28,,,,,,,,,,36.69,0.28,0.48
142792,7132,6846,1.018,34.14,0.34,34.15,0.33,0.54,34.15,0.34,0.55,34.14,0.35,0.54,33.86,0.38,0.63
142795,7620,7339,1.019,35.47,0.50,35.47,0.48,0.53,35.47,0.50,0.53,35.46,0.51,0.53,35.61,0.56,0.62
142797,9839,9518,1.025,35.01,0.32,,,,,,,,,,35.01,0.32,0.62
142799,7978,7700,1.020,34.76,0.33,,,,,,,,,,34.76,0.33,0.50
142801,7639,7373,1.019,34.60,0.40,34.61,0.38,0.51,34.61,0.40,0.52,34.59,0.40,0.51,34.57,0.44,0.61
142808,8117,7856,1.021,36.12,0.39,,,,,,,,,,36.12,0.39,0.64
142810,9136,9179,1.024,35.57,0.33,,,,,,,,,,35.57,0.33,0.58
142811,8697,8759,1.023,35.92,0.28,,,,,,,,,,35.92,0.28,0.56
142813,8657,8725,1.023,35.41,0.30,35.40,0.29,0.52,35.42,0.30,0.53,35.43,0.31,0.52,,,
142815,8557,8624,1.023,35.60,0.38,,,,,,,,,,35.60,0.38,0.57
142816,8512,8572,1.023,35.60,0.25,,,,,,,,,,35.60,0.25,0.48
142818,8887,8957,1.024,35.68,0.20,,,,,,,,,,35.68,0.20,0.48
142819,8633,8703,1.023,35.07,0.33,,,,,,,,,,35.07,0.33,0.62
142820,5004,5330,1.014,34.13,0.28,34.14,0.27,0.56,34.13,0.28,0.58,34.12,0.29,0.58,34.07,0.31,0.65
142822,9718,10065,1.026,36.59,0.35,36.60,0.34,0.55,36.59,0.35,0.56,36.58,0.36,0.55,,,
142823,10177,10530,1.028,36.51,0.19,36.51,0.19,0.35,36.51,0.19,0.39,36.52,0.19,0.40,,,
142824,6527,6957,1.018,34.26,0.33,34.26,0.32,0.56,34.26,0.33,0.59,34.26,0.33,0.58,34.48,0.36,0.65
142825,6534,6962,1.018,34.77,0.33,34.77,0.32,0.56,34.77,0.33,0.57,34.77,0.33,0.57,34.62,0.36,0.64
142827,9014,9187,1.024,35.07,0.36,35.07,0.35,0.56,35.08,0.36,0.57,35.07,0.37,0.57,,,
142828,13737,13903,1.036,36.55,0.20,36.56,0.19,0.35,36.54,0.20,0.39,36.55,0.20,0.40,,,
142829,13754,13893,1.036,37.74,0.22,37.75,0.22,0.35,37.73,0.22,0.39,37.72,0.23,0.40,,,
142830,13180,13300,1.035,36.39,0.28,36.39,0.27,0.48,36.39,0.28,0.48,36.40,0.28,0.47,,,
142832,10259,10275,1.027,35.86,0.24,35.85,0.23,0.41,35.86,0.24,0.42,35.87,0.24,0.41,35.92,0.25,0.55
142833,11524,11534,1.030,35.97,0.20,35.97,0.20,0.35,35.97,0.20,0.39,35.98,0.21,0.40,35.86,0.21,0.48
142834,11571,11581,1.030,35.83,0.31,35.85,0.30,0.54,35.84,0.31,0.54,35.81,0.31,0.54,35.59,0.34,0.62
142836,8722,8728,1.023,36.23,0.23,36.23,0.22,0.35,36.24,0.23,0.39,36.23,0.23,0.40,,,
142838,9089,9084,1.024,35.98,0.38,35.97,0.37,0.56,35.97,0.38,0.59,36.01,0.39,0.58,36.27,0.42,0.65
142839,10228,10233,1.027,35.77,0.30,35.76,0.29,0.53,35.78,0.30,0.54,35.78,0.30,0.53,35.90,0.33,0.62
142841,13026,13022,1.034,36.90,0.20,36.91,0.20,0.35,36.90,0.20,0.39,36.89,0.20,0.40,36.65,0.21,0.48
142843,12149,12146,1.032,36.29,0.37,36.29,0.36,0.51,36.28,0.37,0.51,36.30,0.38,0.51,,,
142844,12960,12956,1.034,36.94,0.28,36.92,0.27,0.49,36.93,0.28,0.49,36.96,0.28,0.48,37.09,0.30,0.59
142846,9392,9384,1.025,35.43,0.40,35.42,0.39,0.56,35.44,0.40,0.59,35.44,0.41,0.59,35.58,0.45,0.65
142849,6749,6662,1.018,34.84,0.13,34.85,0.13,0.50,34.84,0.13,0.50,34.84,0.13,0.50,,,
142850,10161,10075,1.027,34.30,0.38,34.33,0.37,0.55,34.31,0.38,0.56,34.27,0.39,0.55,,,
142851,6899,6804,1.018,35.05,0.42,35.04,0.41,0.56,35.06,0.42,0.59,35.05,0.43,0.58,,,
142852,12683,12067,1.032,36.96,0.26,36.96,0.25,0.35,36.97,0.26,0.39,36.96,0.26,0.40,,,
142853,11588,10977,1.029,36.66,0.26,36.64,0.25,0.45,36.67,0.26,0.45,36.68,0.26,0.44,,,
142854,6599,5990,1.016,34.09,0.51,34.08,0.49,0.56,34.10,0.51,0.60,34.09,0.52,0.59,,,
143014,6258,6121,1.016,35.00,0.17,,,,,,,,,,35.00,0.17,0.48
143035,6541,6564,1.017,34.39,0.17,34.38,0.17,0.35,34.39,0.17,0.39,34.39,0.17,0.40,,,
143041,8347,8384,1.022,35.01,0.18,,,,,,,,,,35.01,0.18,0.48
143061,6980,6977,1.018,35.20,0.25,,,,,,,,,,35.20,0.25,0.51
143682,5804,5333,1.014,34.91,0.28,34.91,0.27,0.49,34.91,0.28,0.49,34.89,0.29,0.48,34.79,0.31,0.59
146460,4596,4643,1.012,34.76,0.22,,,,,,,,,,34.76,0.22,0.48
146778,7006,7051,1.019,35.11,0.26,35.12,0.25,0.46,35.11,0.26,0.46,35.09,0.26,0.46,,,
147057,8619,8699,1.023,34.22,0.36,34.23,0.35,0.55,34.22,0.36,0.56,34.21,0.37,0.56,34.06,0.40,0.64
147258,7103,7212,1.019,35.12,0.18,,,,,,,,,,35.12,0.18,0.48
147332,8068,8158,1.022,35.98,0.34,35.99,0.33,0.38,35.96,0.34,0.39,35.98,0.35,0.40,36.09,0.38,0.53
147737,6197,6364,1.017,34.81,0.20,,,,,,,,,,34.81,0.20,0.48
147965,6227,6409,1.017,34.95,0.33,,,,,,,,,,34.95,0.33,0.50
148061,6281,6484,1.017,34.88,0.16,,,,,,,,,,34.88,0.16,0.48
148081,712,934,1.002,29.49,0.30,,,,,,,,,,29.49,0.30,0.66
148184,7571,7839,1.021,35.02,0.19,,,,,,,,,,35.02,0.19,0.48
151574,6368,6849,1.018,34.76,0.31,34.75,0.30,0.35,34.77,0.31,0.39,34.75,0.32,0.40,,,
153570,10991,11573,1.030,36.29,0.29,,,,,,,,,,36.29,0.29,0.48
155002,11368,11951,1.031,35.60,0.30,,,,,,,,,,35.60,0.30,0.53
155138,6294,6918,1.018,33.93,0.28,,,,,,,,,,33.93,0.28,0.62
155511,3594,4224,1.011,34.63,0.41,,,,,,,,,,34.63,0.41,0.63
156695,10783,11350,1.030,36.66,0.25,36.68,0.24,0.35,36.65,0.25,0.39,36.65,0.25,0.40,36.75,0.27,0.48
156999,8209,8790,1.023,35.17,0.38,,,,,,,,,,35.17,0.38,0.61
157639,5172,5715,1.015,34.42,0.41,,,,,,,,,,34.42,0.41,0.62
157753,5393,5912,1.016,34.32,0.29,,,,,,,,,,34.32,0.29,0.56
159774,7593,7898,1.021,35.60,0.19,35.55,0.18,0.49,35.61,0.19,0.49,35.64,0.19,0.48,,,
163443,8152,7617,1.020,34.75,0.42,34.78,0.41,0.52,34.76,0.42,0.53,34.72,0.43,0.52,,,
165127,7559,7984,1.021,35.78,0.21,35.77,0.20,0.35,35.77,0.21,0.39,35.80,0.21,0.40,,,
165232,13223,13633,1.036,36.79,0.14,36.78,0.13,0.35,36.80,0.14,0.39,36.80,0.14,0.40,,,
165310,5995,5439,1.014,34.29,0.13,34.32,0.13,0.46,34.29,0.13,0.46,34.26,0.13,0.46,,,
165356,3400,3052,1.008,32.58,0.28,,,,,,,,,,32.58,0.28,0.57
165366,1835,1503,1.004,31.38,0.20,,,,,,,,,,31.38,0.20,0.62
165376,5476,5201,1.014,34.75,0.29,34.74,0.28,0.37,34.76,0.29,0.39,34.76,0.30,0.40,,,
165397,13788,13725,1.036,35.78,0.30,35.77,0.29,0.35,35.81,0.30,0.39,35.78,0.30,0.40,,,
165638,10576,10957,1.029,30.00,1.22,,,,,,,,,,30.00,1.22,0.66
165686,4949,4920,1.013,33.78,0.16,33.80,0.15,0.50,33.78,0.16,0.51,33.76,0.16,0.50,,,
165788,5329,4929,1.013,34.13,0.17,34.12,0.17,0.35,34.13,0.17,0.39,34.13,0.18,0.40,,,
165827,7834,7344,1.019,34.67,0.28,,,,,,,,,,34.67,0.28,0.53
165843,9660,9140,1.024,34.55,0.18,,,,,,,,,,34.55,0.18,0.48
165921,3761,3288,1.009,33.68,0.23,,,,,,,,,,33.68,0.23,0.52
166109,2801,3286,1.009,32.78,0.30,32.77,0.29,0.56,32.76,0.30,0.60,32.80,0.30,0.59,,,
166411,910,457,1.001,30.34,0.39,30.34,0.37,0.56,30.35,0.39,0.60,30.34,0.39,0.59,,,
166431,4444,4055,1.011,33.60,0.29,,,,,,,,,,33.60,0.29,0.54
166470,2336,2002,1.005,32.74,0.21,,,,,,,,,,32.74,0.21,0.50
166472,4536,4213,1.011,33.29,0.18,,,,,,,,,,33.29,0.18,0.61
166473,5245,4924,1.013,34.32,0.19,,,,,,,,,,34.32,0.19,0.51
166484,4830,4539,1.012,33.74,0.27,33.71,0.26,0.35,33.74,0.27,0.39,33.76,0.28,0.40,,,
166553,5151,4804,1.013,34.82,0.31,,,,,,,,,,34.82,0.31,0.48
166559,4655,4276,1.011,34.05,0.14,,,,,,,,,,34.05,0.14,0.58
166617,8944,8461,1.022,35.40,0.18,,,,,,,,,,35.40,0.18,0.48
166660,8133,7628,1.020,34.78,0.26,,,,,,,,,,34.78,0.26,0.51
166705,7502,7026,1.019,34.49,0.27,,,,,,,,,,34.49,0.27,0.55
166717,10011,9417,1.025,35.21,0.23,,,,,,,,,,35.21,0.23,0.50
166755,2741,2318,1.006,33.23,0.33,,,,,,,,,,33.23,0.33,0.51
166758,4655,4179,1.011,33.76,0.20,33.74,0.19,0.35,33.76,0.20,0.39,33.78,0.20,0.40,,,
166769,3768,3294,1.009,33.39,0.14,,,,,,,,,,33.39,0.14,0.48
166785,4932,4480,1.012,34.42,0.20,,,,,,,,,,34.42,0.20,0.55
168835,4022,3863,1.010,33.79,0.22,,,,,,,,,,33.79,0.22,0.50
168922,6369,6270,1.017,35.70,0.17,,,,,,,,,,35.70,0.17,0.48
169661,9052,8437,1.022,35.42,0.41,35.42,0.40,0.56,35.43,0.41,0.59,35.42,0.42,0.58,35.30,0.46,0.65
169662,8572,7964,1.021,35.44,0.12,35.43,0.12,0.35,35.44,0.12,0.39,35.45,0.12,0.40,36.00,0.10,0.49
169788,6079,5601,1.015,34.77,0.21,34.78,0.20,0.56,34.77,0.21,0.58,34.77,0.21,0.58,,,
169789,5206,4728,1.013,34.66,0.16,34.66,0.15,0.56,34.65,0.16,0.59,34.66,0.16,0.59,,,
169896,5185,5493,1.015,34.42,0.13,34.42,0.12,0.42,34.42,0.13,0.42,34.41,0.13,0.41,34.64,0.11,0.55
169942,7490,6863,1.018,34.15,0.33,34.16,0.32,0.56,34.15,0.33,0.58,34.14,0.33,0.57,,,
169959,3099,2644,1.007,33.87,0.21,33.88,0.21,0.56,33.87,0.21,0.60,33.87,0.22,0.59,,,
169964,5646,5253,1.014,34.65,0.14,34.64,0.14,0.52,34.65,0.14,0.52,34.66,0.15,0.51,,,
169989,7570,7116,1.019,34.35,0.23,34.35,0.23,0.37,34.35,0.23,0.39,34.34,0.24,0.40,34.56,0.25,0.52
170023,12003,11734,1.031,35.38,0.33,35.38,0.32,0.35,35.39,0.33,0.39,35.37,0.33,0.40,35.40,0.36,0.50
170032,5679,5404,1.014,33.82,0.40,33.82,0.38,0.49,33.83,0.40,0.49,33.82,0.40,0.49,,,
170044,6915,6754,1.018,35.33,0.24,35.31,0.23,0.35,35.34,0.24,0.39,35.35,0.24,0.40,,,
170057,4869,4786,1.013,34.26,0.28,34.25,0.27,0.40,34.27,0.28,0.41,34.27,0.28,0.40,,,
170060,6629,6581,1.017,34.77,0.26,,,,,,,,,,34.77,0.26,0.50
170067,3726,4292,1.011,34.33,0.46,,,,,,,,,,34.33,0.46,0.63
170102,5108,5723,1.015,34.21,0.29,,,,,,,,,,34.21,0.29,0.59
170118,7725,8321,1.022,34.90,0.51,,,,,,,,,,34.90,0.51,0.57
170133,6672,7268,1.019,34.79,0.37,34.79,0.36,0.50,34.80,0.37,0.50,34.78,0.38,0.50,34.80,0.42,0.60
170155,7323,7895,1.021,35.19,0.22,35.18,0.21,0.35,35.19,0.22,0.39,35.19,0.22,0.40,35.26,0.23,0.48
170309,7971,8378,1.022,35.62,0.28,35.59,0.27,0.37,35.63,0.28,0.39,35.65,0.28,0.40,,,
170332,9939,10324,1.027,35.31,0.30,,,,,,,,,,35.31,0.30,0.49
170345,7647,8052,1.021,34.36,0.37,34.36,0.35,0.52,34.37,0.37,0.52,34.36,0.37,0.52,34.29,0.41,0.61
170380,10107,9652,1.025,35.51,0.28,,,,,,,,,,35.51,0.28,0.49
170401,10116,9610,1.025,31.42,0.73,31.44,0.69,0.56,31.45,0.73,0.60,31.37,0.74,0.59,31.45,0.82,0.66
170423,8069,7646,1.020,35.17,0.36,,,,,,,,,,35.17,0.36,0.53
184993,6026,6325,1.017,34.73,0.23,,,,,,,,,,34.73,0.23,0.57
185134,7979,8154,1.022,35.01,0.20,,,,,,,,,,35.01,0.20,0.48
187823,8312,7894,1.021,36.32,0.25,,,,,,,,,,36.32,0.25,0.49
194349,7922,7359,1.019,36.93,0.67,36.92,0.64,0.40,36.95,0.67,0.40,36.92,0.68,0.40,,,
200158,7982,7371,1.019,34.81,0.18,34.82,0.17,0.48,34.81,0.18,0.48,34.80,0.18,0.48,34.57,0.18,0.59
201203,7825,7630,1.020,34.88,0.16,,,,,,,,,,34.88,0.16,0.48
212675,11556,11028,1.029,36.79,0.28,36.77,0.27,0.50,36.79,0.28,0.50,36.80,0.29,0.49,,,
212688,5901,5413,1.014,35.31,0.20,35.31,0.19,0.56,35.31,0.20,0.58,35.31,0.20,0.57,,,
212696,5160,4701,1.012,35.15,0.39,35.16,0.37,0.56,35.15,0.39,0.59,35.14,0.40,0.59,,,
212828,6019,5591,1.015,34.97,0.43,34.99,0.41,0.56,34.98,0.43,0.59,34.95,0.43,0.59,,,
212860,3518,3112,1.008,34.08,0.29,34.08,0.28,0.56,34.07,0.29,0.60,34.08,0.29,0.59,,,
212999,11727,11331,1.030,34.67,0.24,34.68,0.24,0.50,34.67,0.24,0.50,34.66,0.25,0.49,,,
213027,5075,4675,1.012,34.18,0.29,,,,,,,,,,34.18,0.29,0.60
213063,15009,14654,1.038,36.83,0.27,,,,,,,,,,36.83,0.27,0.48
213532,4050,4465,1.012,34.16,0.17,34.16,0.17,0.56,34.15,0.17,0.60,34.16,0.17,0.59,,,
213663,3856,4260,1.011,33.92,0.20,33.91,0.19,0.56,33.91,0.20,0.60,33.94,0.20,0.59,,,
213670,7478,7977,1.021,35.98,0.19,35.96,0.18,0.55,35.98,0.19,0.57,36.00,0.19,0.56,,,
213686,6262,6654,1.018,34.76,0.14,34.77,0.14,0.52,34.76,0.14,0.52,34.76,0.15,0.51,,,
213804,11793,12318,1.032,36.83,0.13,36.85,0.13,0.35,36.82,0.13,0.39,36.83,0.13,0.40,,,
213850,6749,7158,1.019,34.46,0.21,34.47,0.20,0.56,34.45,0.21,0.58,34.45,0.21,0.58,,,
214114,7294,7533,1.020,33.61,1.21,33.60,1.16,0.56,33.60,1.21,0.60,33.63,1.23,0.59,,,
214272,4633,4779,1.013,33.70,0.18,33.71,0.18,0.56,33.69,0.18,0.60,33.70,0.19,0.59,,,
214284,7722,8015,1.021,35.29,0.17,35.30,0.16,0.50,35.29,0.17,0.50,35.28,0.17,0.49,,,
214765,5267,4700,1.012,34.68,0.49,34.69,0.47,0.56,34.68,0.49,0.60,34.66,0.50,0.59,,,
214810,8012,7432,1.020,35.54,0.36,35.55,0.34,0.50,35.55,0.36,0.50,35.53,0.36,0.49,,,
214823,8706,8124,1.021,35.46,0.28,35.46,0.27,0.39,35.46,0.28,0.40,35.45,0.29,0.40,,,
214873,7443,6818,1.018,35.24,0.17,,,,,,,,,,35.24,0.17,0.51
227641,4220,4558,1.012,30.21,0.81,,,,,,,,,,30.21,0.81,0.66
467487,5888,6386,1.017,34.80,0.19,,,,,,,,,,34.80,0.19,0.48
728536,3459,4090,1.011,31.83,0.68,,,,,,,,,,31.83,0.68,0.66
732726,3447,4077,1.011,34.06,0.63,,,,,,,,,,34.06,0.63,0.66
742765,3629,4260,1.011,33.48,0.41,,,,,,,,,,33.48,0.41,0.65
803071,9905,10113,1.027,35.31,0.43,,,,,,,,,,35.31,0.43,0.57
828420,6027,5696,1.015,35.00,0.30,,,,,,,,,,35.00,0.30,0.61
843793,9326,9798,1.026,32.49,0.91,,,,,,,,,,32.49,0.91,0.66
879902,6991,7056,1.019,34.10,0.22,,,,,,,,,,34.10,0.22,0.52
891367,9794,10397,1.027,35.52,0.25,,,,,,,,,,35.52,0.25,0.51
906205,4549,5134,1.014,34.27,0.16,,,,,,,,,,34.27,0.16,0.56
913773,2994,3203,1.008,33.07,0.38,,,,,,,,,,33.07,0.38,0.64
922844,9425,9689,1.026,34.95,0.34,,,,,,,,,,34.95,0.34,0.58
926418,7024,7061,1.019,34.35,0.18,,,,,,,,,,34.35,0.18,0.48
941793,10187,10519,1.028,35.30,0.38,,,,,,,,,,35.30,0.38,0.54
943944,4677,4762,1.013,33.92,0.25,,,,,,,,,,33.92,0.25,0.57
951794,2731,3041,1.008,33.65,0.15,,,,,,,,,,33.65,0.15,0.58
975198,5808,5418,1.014,34.64,0.21,,,,,,,,,,34.64,0.21,0.50
982735,8124,8350,1.022,35.26,0.44,,,,,,,,,,35.26,0.44,0.59
992009,6350,6846,1.018,34.72,0.20,,,,,,,,,,34.72,0.20,0.48
1015682,6424,6622,1.017,34.97,0.21,,,,,,,,,,34.97,0.21,0.48
1016275,4678,5132,1.014,34.41,0.35,,,,,,,,,,34.41,0.35,0.62
1028254,6348,6359,1.017,34.11,0.26,34.09,0.25,0.46,34.12,0.26,0.46,34.13,0.26,0.45,,,
1035502,5242,4722,1.012,34.63,0.30,34.63,0.28,0.53,34.63,0.30,0.53,34.63,0.30,0.53,,,
1045062,9315,9276,1.024,32.34,0.34,,,,,,,,,,32.34,0.34,0.63
1053505,11913,11867,1.031,35.66,0.30,35.69,0.29,0.35,35.65,0.30,0.39,35.64,0.30,0.40,35.53,0.32,0.51
1058339,7002,6974,1.018,35.06,0.22,,,,,,,,,,35.06,0.22,0.48
1058498,7224,7731,1.020,35.59,0.33,,,,,,,,,,35.59,0.33,0.51
1059326,2649,2999,1.008,33.63,0.42,,,,,,,,,,33.63,0.42,0.65
1063395,8544,9030,1.024,35.10,0.25,,,,,,,,,,35.10,0.25,0.53
1078188,4652,4112,1.011,33.13,0.46,33.13,0.45,0.56,33.13,0.46,0.60,33.13,0.47,0.59,,,
1103224,8612,8598,1.023,35.06,0.28,,,,,,,,,,35.06,0.28,0.54
1106338,8323,7911,1.021,35.20,0.25,,,,,,,,,,35.20,0.25,0.49
1116432,10778,11342,1.030,36.67,0.28,36.68,0.27,0.35,36.67,0.28,0.39,36.65,0.28,0.40,36.62,0.30,0.48
1129847,8602,8683,1.023,35.25,0.38,35.27,0.37,0.45,35.25,0.38,0.45,35.22,0.39,0.44,35.35,0.43,0.57
1150986,2922,3407,1.009,34.50,0.28,34.51,0.27,0.56,34.49,0.28,0.60,34.49,0.28,0.59,,,
1151996,11838,12384,1.033,35.56,0.23,35.59,0.22,0.46,35.57,0.23,0.46,35.51,0.23,0.45,,,
1153558,7253,7320,1.019,34.82,0.16,34.83,0.15,0.56,34.81,0.16,0.58,34.82,0.16,0.58,,,
1153672,5056,5467,1.014,34.77,0.24,34.78,0.23,0.56,34.77,0.24,0.60,34.77,0.24,0.59,,,
1153756,12737,12397,1.033,35.54,0.44,35.55,0.43,0.56,35.55,0.44,0.58,35.52,0.45,0.57,,,
1153797,8677,9183,1.024,35.41,0.28,35.39,0.27,0.52,35.41,0.28,0.53,35.44,0.28,0.52,,,
1154025,12019,12569,1.033,36.03,0.20,36.04,0.19,0.43,36.04,0.20,0.43,36.02,0.20,0.42,,,
1154069,12158,12389,1.033,36.75,0.38,36.77,0.36,0.56,36.75,0.38,0.57,36.72,0.38,0.57,,,
1154760,12987,12483,1.033,37.34,0.12,37.34,0.12,0.35,37.34,0.12,0.39,37.34,0.12,0.40,,,
1156115,7258,7325,1.019,35.06,0.45,35.05,0.43,0.56,35.06,0.45,0.59,35.06,0.45,0.58,,,
1156203,4904,4349,1.012,34.27,0.16,34.29,0.15,0.49,34.27,0.16,0.49,34.26,0.16,0.48,,,
1156494,7974,7420,1.020,35.00,0.13,35.02,0.13,0.48,34.99,0.13,0.48,34.98,0.13,0.47,,,
1157623,6359,6911,1.018,35.47,0.17,35.48,0.16,0.51,35.46,0.17,0.51,35.46,0.17,0.51,,,
1159724,8464,8734,1.023,35.16,0.18,35.15,0.17,0.50,35.16,0.18,0.50,35.18,0.18,0.49,,,
1166532,4674,4231,1.011,34.14,0.33,34.15,0.31,0.55,34.15,0.33,0.56,34.14,0.33,0.56,,,
1167440,6043,6590,1.017,34.57,0.25,34.57,0.24,0.56,34.56,0.25,0.60,34.57,0.25,0.59,,,
1168774,11790,12043,1.032,36.73,0.44,36.72,0.42,0.35,36.74,0.44,0.39,36.73,0.45,0.40,,,
1173723,5364,4816,1.013,34.39,0.16,34.41,0.16,0.55,34.39,0.16,0.57,34.38,0.16,0.56,,,
1174982,10043,10589,1.028,36.17,0.16,36.18,0.16,0.44,36.16,0.16,0.44,36.17,0.16,0.43,,,
1177602,3275,2714,1.007,32.83,0.18,32.83,0.18,0.56,32.82,0.18,0.60,32.83,0.18,0.59,,,
1177883,8229,8595,1.023,33.47,1.54,33.44,1.47,0.56,33.46,1.54,0.60,33.50,1.56,0.59,,,
1179309,7382,7725,1.020,35.21,0.39,35.19,0.37,0.56,35.21,0.39,0.60,35.24,0.39,0.59,,,
1179805,2977,3116,1.008,33.90,0.22,33.89,0.21,0.56,33.89,0.22,0.60,33.91,0.22,0.59,,,
1180028,6546,7100,1.019,35.55,0.19,35.57,0.18,0.47,35.55,0.19,0.47,35.54,0.19,0.46,,,
1180309,8041,7478,1.020,35.40,0.20,35.40,0.19,0.53,35.40,0.20,0.54,35.40,0.20,0.54,,,
1180903,2538,2116,1.006,33.40,0.20,33.40,0.20,0.56,33.40,0.20,0.60,33.41,0.21,0.59,,,
1181973,9091,8535,1.022,35.45,0.26,35.47,0.25,0.41,35.45,0.26,0.41,35.43,0.27,0.40,35.11,0.28,0.54
1186594,8670,8115,1.021,34.76,0.21,34.79,0.20,0.56,34.75,0.21,0.58,34.73,0.21,0.58,,,
1189082,6517,7070,1.019,35.79,0.16,35.78,0.16,0.54,35.79,0.16,0.55,35.79,0.16,0.54,,,
1189777,2752,2467,1.007,33.28,0.27,33.28,0.26,0.56,33.27,0.27,0.60,33.28,0.27,0.59,,,
1189808,5186,4629,1.012,34.92,0.15,34.93,0.15,0.56,34.92,0.15,0.58,34.92,0.15,0.57,,,
1192438,5346,4913,1.013,34.26,0.41,34.27,0.39,0.56,34.27,0.41,0.58,34.24,0.42,0.58,,,
1194141,4809,4251,1.011,34.95,1.02,34.96,0.97,0.53,34.94,1.02,0.53,34.94,1.03,0.53,,,
1195498,7472,7530,1.020,35.56,0.41,,,,,,,,,,35.56,0.41,0.60
1207426,5356,4802,1.013,34.97,0.31,34.96,0.30,0.56,34.96,0.31,0.59,34.98,0.32,0.59,,,
1207979,3714,4184,1.011,34.30,0.15,34.32,0.15,0.56,34.30,0.15,0.58,34.30,0.15,0.58,,,
1209805,11883,12433,1.033,34.90,0.26,34.92,0.25,0.56,34.90,0.26,0.57,34.87,0.27,0.57,,,
1209934,7828,7260,1.019,34.32,1.03,34.33,0.98,0.56,34.32,1.03,0.59,34.32,1.04,0.59,,,
1210567,6083,5792,1.015,33.95,0.34,33.98,0.33,0.56,33.95,0.34,0.58,33.92,0.34,0.58,,,
1212686,9011,9560,1.025,36.08,0.14,36.10,0.14,0.49,36.09,0.14,0.49,36.06,0.14,0.49,,,
1214107,3935,3373,1.009,33.36,1.56,33.36,1.50,0.56,33.35,1.56,0.60,33.36,1.59,0.59,,,
1215798,1791,2001,1.005,33.16,0.20,33.15,0.19,0.56,33.15,0.20,0.60,33.17,0.20,0.59,,,
1217663,11975,12145,1.032,36.12,0.33,36.12,0.31,0.41,36.12,0.33,0.42,36.11,0.33,0.41,,,
1218575,10098,10484,1.028,36.04,0.14,,,,,,,,,,36.04,0.14,0.55
1224445,3007,3136,1.008,33.82,0.25,33.82,0.25,0.56,33.80,0.25,0.60,33.84,0.26,0.59,,,
1225072,10136,9569,1.025,35.41,0.25,35.42,0.24,0.44,35.42,0.25,0.44,35.40,0.25,0.43,,,
1225419,3409,3789,1.010,33.99,0.20,33.99,0.19,0.56,33.97,0.20,0.60,34.01,0.20,0.59,,,
1226308,6864,7271,1.019,34.97,0.16,34.96,0.16,0.56,34.95,0.16,0.60,34.99,0.16,0.59,,,
1226418,6005,6416,1.017,34.76,0.16,34.76,0.16,0.56,34.76,0.16,0.57,34.76,0.16,0.57,,,
1227842,5776,6307,1.017,34.83,0.15,34.84,0.15,0.56,34.83,0.15,0.57,34.83,0.15,0.57,,,
1229057,1846,2351,1.006,33.50,0.80,33.50,0.77,0.56,33.53,0.80,0.60,33.48,0.82,0.59,,,
1229474,8907,9390,1.025,34.96,0.75,34.98,0.72,0.46,34.99,0.75,0.46,34.90,0.76,0.45,,,
1230424,5016,4447,1.012,32.77,0.37,32.77,0.35,0.56,32.77,0.37,0.60,32.79,0.37,0.59,,,
1230543,7154,6712,1.018,35.10,0.14,35.13,0.14,0.39,35.10,0.14,0.39,35.08,0.14,0.40,,,
1231335,7112,6842,1.018,35.23,0.14,35.22,0.14,0.50,35.23,0.14,0.50,35.23,0.14,0.49,,,
1232309,4857,4297,1.011,34.57,0.17,34.58,0.17,0.56,34.56,0.17,0.60,34.56,0.17,0.59,,,
1233048,6687,7226,1.019,34.85,0.59,34.86,0.57,0.56,34.87,0.59,0.59,34.81,0.60,0.59,,,
1234571,2486,2938,1.008,34.72,0.24,34.77,0.23,0.56,34.70,0.24,0.60,34.70,0.24,0.59,,,
1234821,1469,1654,1.004,32.84,0.20,32.84,0.20,0.56,32.83,0.20,0.60,32.84,0.21,0.59,,,
1235665,2791,2252,1.006,34.07,0.24,34.06,0.24,0.56,34.06,0.24,0.60,34.09,0.25,0.59,,,
1235956,9751,9180,1.024,35.59,0.27,35.60,0.26,0.35,35.59,0.27,0.39,35.57,0.27,0.40,,,
1237318,8413,8147,1.021,35.08,0.14,35.09,0.14,0.49,35.08,0.14,0.49,35.08,0.14,0.48,,,
1238059,10451,10223,1.027,36.39,0.27,,,,,,,,,,36.39,0.27,0.51
1238390,5573,5111,1.014,34.91,0.48,34.92,0.46,0.56,34.92,0.48,0.59,34.90,0.48,0.59,34.95,0.53,0.66
1239316,10368,9901,1.026,35.12,0.15,35.13,0.15,0.51,35.12,0.15,0.52,35.12,0.15,0.51,,,
1239768,7472,7981,1.021,35.24,0.13,35.24,0.13,0.52,35.24,0.13,0.52,35.25,0.13,0.51,,,
1240416,8810,9188,1.024,35.56,0.13,,,,,,,,,,35.56,0.13,0.54
1241148,11994,11422,1.030,36.12,0.35,36.12,0.34,0.48,36.13,0.35,0.48,36.13,0.36,0.48,,,
1241357,8221,8291,1.022,35.37,0.14,35.37,0.13,0.53,35.37,0.14,0.53,35.38,0.14,0.52,,,
1243291,9442,9733,1.026,36.26,0.21,36.27,0.21,0.47,36.26,0.21,0.48,36.24,0.22,0.47,,,
1243344,4361,4048,1.011,34.39,0.16,34.41,0.16,0.56,34.38,0.16,0.59,34.38,0.16,0.59,,,
1243996,5142,5513,1.015,33.95,0.26,33.95,0.26,0.56,33.95,0.26,0.60,33.96,0.27,0.59,,,
1246742,9317,9480,1.025,35.61,0.19,35.60,0.19,0.47,35.61,0.19,0.47,35.62,0.19,0.46,,,
1248150,6515,7057,1.019,35.19,0.13,35.19,0.13,0.45,35.19,0.13,0.45,35.18,0.13,0.44,,,
1249917,5454,5978,1.016,34.75,0.17,34.74,0.16,0.56,34.74,0.17,0.58,34.76,0.17,0.58,,,
1251141,6162,6694,1.018,36.37,0.27,36.36,0.26,0.53,36.35,0.27,0.54,36.41,0.27,0.53,,,
1251257,4239,4668,1.012,33.95,0.18,33.95,0.18,0.56,33.95,0.18,0.60,33.96,0.18,0.59,,,
1252289,12065,11737,1.031,35.82,0.13,35.81,0.12,0.41,35.82,0.13,0.42,35.83,0.13,0.41,,,
1252692,7779,8248,1.022,35.25,0.24,35.25,0.24,0.56,35.25,0.24,0.58,35.26,0.25,0.57,,,
1254184,7058,7586,1.020,35.34,0.21,35.32,0.21,0.56,35.33,0.21,0.59,35.36,0.21,0.59,,,
1256141,9326,8974,1.024,35.52,0.14,35.53,0.14,0.50,35.53,0.14,0.51,35.51,0.14,0.50,,,
1257834,3565,3680,1.010,34.02,0.19,34.02,0.19,0.56,34.01,0.19,0.60,34.03,0.20,0.59,,,
1258163,13481,14020,1.037,36.43,0.13,36.41,0.13,0.35,36.44,0.13,0.39,36.44,0.13,0.40,,,
1258287,8479,8942,1.024,36.03,0.13,36.05,0.13,0.36,36.02,0.13,0.39,36.01,0.13,0.40,,,
1260360,4238,4588,1.012,34.63,0.16,34.64,0.16,0.56,34.62,0.16,0.59,34.64,0.17,0.59,,,
1260470,8162,8631,1.023,35.46,0.29,35.46,0.28,0.51,35.46,0.29,0.51,35.46,0.29,0.51,,,
1263061,4293,4720,1.012,33.90,0.26,33.90,0.25,0.56,33.89,0.26,0.60,33.91,0.27,0.59,,,
1263188,10081,10530,1.028,36.95,0.24,36.94,0.23,0.42,36.97,0.24,0.43,36.95,0.24,0.42,,,
1263785,1454,1980,1.005,33.83,0.19,33.83,0.19,0.56,33.83,0.19,0.60,33.83,0.20,0.59,,,
1264496,10206,10244,1.027,36.19,0.26,36.19,0.25,0.46,36.18,0.26,0.47,36.19,0.26,0.46,,,
1264576,5638,5184,1.014,34.13,0.20,34.14,0.19,0.56,34.12,0.20,0.60,34.12,0.20,0.59,,,
1265112,8029,8285,1.022,35.34,0.21,35.33,0.21,0.50,35.33,0.21,0.51,35.36,0.22,0.50,,,
1265471,14029,14091,1.037,36.71,0.17,36.71,0.16,0.35,36.72,0.17,0.39,36.70,0.17,0.40,,,
1265517,9080,8890,1.023,35.57,0.17,35.56,0.17,0.35,35.56,0.17,0.39,35.58,0.17,0.40,,,
1265545,12527,12104,1.032,36.16,0.20,36.17,0.19,0.35,36.16,0.20,0.39,36.15,0.20,0.40,,,
1266773,8224,8460,1.022,36.02,0.15,36.03,0.14,0.38,36.02,0.15,0.39,36.01,0.15,0.40,,,
1266917,6418,5857,1.015,35.27,0.22,35.26,0.21,0.56,35.26,0.22,0.59,35.29,0.22,0.59,,,
1267311,7094,7451,1.020,35.30,0.20,35.31,0.19,0.55,35.30,0.20,0.56,35.30,0.20,0.56,,,
1268307,6561,6943,1.018,34.91,0.15,34.92,0.15,0.54,34.91,0.15,0.55,34.91,0.15,0.55,,,
1269701,12185,11605,1.030,35.69,0.14,35.71,0.14,0.35,35.69,0.14,0.39,35.67,0.14,0.40,,,
1272741,5746,6166,1.016,33.63,0.21,33.63,0.20,0.56,33.62,0.21,0.60,33.65,0.21,0.59,,,
1273842,10448,10634,1.028,35.60,0.18,35.61,0.17,0.47,35.59,0.18,0.47,35.60,0.18,0.46,,,
1274644,5240,5718,1.015,35.16,0.15,35.16,0.15,0.56,35.15,0.15,0.59,35.19,0.15,0.58,,,
1274667,9404,8856,1.023,34.55,0.41,34.56,0.40,0.56,34.56,0.41,0.59,34.54,0.42,0.59,,,
1275487,7548,7800,1.021,34.93,0.32,34.93,0.31,0.54,34.93,0.32,0.55,34.92,0.32,0.55,,,
1275613,5742,6273,1.017,34.92,0.16,34.91,0.16,0.56,34.92,0.16,0.60,34.93,0.16,0.59,,,
1275824,1705,2218,1.006,34.51,0.23,34.51,0.22,0.56,34.51,0.23,0.58,34.52,0.23,0.58,,,
1275825,5906,5341,1.014,33.64,0.43,33.63,0.41,0.56,33.64,0.43,0.60,33.64,0.43,0.59,,,
1276206,9885,10367,1.027,36.88,0.15,36.90,0.15,0.53,36.89,0.15,0.54,36.84,0.15,0.53,,,
1276281,6719,7088,1.019,35.55,0.23,35.55,0.23,0.55,35.54,0.23,0.56,35.55,0.24,0.55,,,
1277136,11338,11867,1.031,36.30,0.13,36.33,0.13,0.37,36.31,0.13,0.39,36.27,0.13,0.40,,,
1277243,11734,11877,1.031,36.01,0.17,36.02,0.16,0.44,36.01,0.17,0.44,36.00,0.17,0.44,,,
1278060,7020,7398,1.020,35.44,0.15,35.43,0.15,0.53,35.43,0.15,0.53,35.44,0.16,0.53,,,
1278605,5072,5461,1.014,34.34,0.19,,,,,,,,,,34.34,0.19,0.64
1279442,9407,9934,1.026,35.58,0.19,35.58,0.18,0.51,35.57,0.19,0.51,35.58,0.19,0.51,,,
1279735,5691,6221,1.016,34.97,0.17,34.96,0.16,0.56,34.96,0.17,0.57,34.98,0.17,0.56,,,
1280225,6381,5798,1.015,35.62,0.14,35.64,0.14,0.54,35.62,0.14,0.55,35.62,0.14,0.55,,,
1280272,5107,5495,1.015,34.94,0.19,,,,,,,,,,34.94,0.19,0.62
1282104,5363,5865,1.016,34.69,0.18,34.71,0.18,0.56,34.69,0.18,0.58,34.68,0.18,0.57,,,
1284003,7506,7975,1.021,35.28,0.34,35.28,0.32,0.56,35.28,0.34,0.59,35.28,0.34,0.59,,,
1284806,14855,15368,1.040,37.17,0.15,37.16,0.15,0.35,37.16,0.15,0.39,37.18,0.15,0.40,,,
1287252,10567,10726,1.028,35.36,0.24,35.36,0.23,0.52,35.37,0.24,0.52,35.36,0.24,0.52,,,
1288290,8019,8258,1.022,35.85,0.14,35.86,0.14,0.45,35.85,0.14,0.45,35.85,0.14,0.44,,,
1288951,7817,7923,1.021,35.91,0.15,35.87,0.15,0.51,35.92,0.15,0.52,35.94,0.16,0.51,,,
1289906,8448,8700,1.023,34.65,0.18,34.66,0.18,0.56,34.65,0.18,0.60,34.65,0.18,0.59,,,
1291126,11597,11974,1.031,36.58,0.17,,,,,,,,,,36.58,0.17,0.48
1291488,7237,7571,1.020,35.68,0.12,35.68,0.12,0.35,35.68,0.12,0.39,35.68,0.12,0.40,,,
1291781,8361,8580,1.023,36.69,0.23,36.64,0.22,0.42,36.69,0.23,0.43,36.73,0.24,0.42,,,
1292036,2766,3187,1.008,33.55,0.20,33.56,0.20,0.56,33.54,0.20,0.60,33.55,0.20,0.59,,,
1295414,9373,9883,1.026,35.59,0.15,35.59,0.15,0.47,35.59,0.15,0.47,35.59,0.15,0.46,,,
1295846,3290,3783,1.010,33.22,0.35,33.22,0.34,0.56,33.22,0.35,0.60,33.21,0.36,0.59,,,
1296338,13017,12473,1.033,36.59,0.23,36.62,0.22,0.35,36.60,0.23,0.39,36.57,0.23,0.40,,,
1296339,11374,11791,1.031,36.62,0.16,36.62,0.15,0.41,36.62,0.16,0.42,36.62,0.16,0.41,,,
1296487,6069,6566,1.017,34.71,0.22,34.72,0.21,0.56,34.70,0.22,0.58,34.70,0.22,0.57,,,
1296650,12877,13397,1.035,36.64,0.15,36.65,0.15,0.35,36.64,0.15,0.39,36.65,0.15,0.40,,,
1299978,6284,6788,1.018,34.65,0.43,34.65,0.41,0.56,34.65,0.43,0.60,34.65,0.43,0.59,,,
1304980,1234,1580,1.004,32.66,0.54,32.67,0.52,0.56,32.67,0.54,0.60,32.65,0.55,0.59,,,
1306494,9073,9380,1.025,35.21,0.19,35.22,0.19,0.55,35.21,0.19,0.56,35.21,0.19,0.56,,,
1306856,6941,6354,1.017,34.70,0.54,34.70,0.52,0.56,34.71,0.54,0.60,34.69,0.55,0.59,,,
1307308,3540,3926,1.010,33.86,0.18,33.86,0.18,0.56,33.85,0.18,0.60,33.87,0.19,0.59,,,
1308068,10735,10940,1.029,35.09,0.31,35.10,0.30,0.51,35.09,0.31,0.52,35.08,0.31,0.51,,,
1309725,3478,3613,1.010,34.39,0.17,34.41,0.16,0.56,34.39,0.17,0.59,34.38,0.17,0.58,,,
1310343,9759,9840,1.026,35.81,0.17,,,,,,,,,,35.81,0.17,0.48
1310470,6644,6980,1.018,34.38,0.16,34.38,0.16,0.56,34.38,0.16,0.60,34.39,0.16,0.59,,,
1311034,12521,11938,1.031,36.13,0.18,36.13,0.18,0.35,36.13,0.18,0.39,36.12,0.19,0.40,,,
1312030,16111,16452,1.043,35.89,0.25,35.89,0.24,0.46,35.89,0.25,0.46,35.89,0.25,0.45,,,
1312326,6322,6841,1.018,34.66,0.19,34.66,0.18,0.56,34.65,0.19,0.59,34.67,0.19,0.58,,,
1313089,5515,6016,1.016,34.92,0.17,34.94,0.16,0.56,34.92,0.17,0.60,34.91,0.17,0.59,,,
1315049,12508,12674,1.033,36.62,0.13,36.61,0.13,0.43,36.61,0.13,0.44,36.64,0.13,0.43,,,
1315808,13399,13800,1.036,36.47,0.17,36.48,0.16,0.35,36.47,0.17,0.39,36.47,0.17,0.40,,,
1315823,6019,5684,1.015,35.79,0.43,35.80,0.41,0.55,35.80,0.43,0.56,35.78,0.43,0.55,,,
1318682,6735,7093,1.019,34.51,0.16,34.51,0.15,0.56,34.51,0.16,0.59,34.52,0.16,0.59,,,
1318722,17485,17952,1.047,37.94,0.34,37.87,0.33,0.39,37.91,0.34,0.39,38.03,0.35,0.40,,,
1321762,4772,5144,1.014,34.46,0.16,34.47,0.16,0.55,34.45,0.16,0.56,34.45,0.16,0.55,,,
1321831,7951,7359,1.019,35.39,0.39,35.39,0.38,0.52,35.40,0.39,0.52,35.38,0.40,0.52,,,
1322354,5414,4895,1.013,35.01,0.40,35.01,0.38,0.56,35.01,0.40,0.59,35.01,0.40,0.59,,,
1323063,1841,1982,1.005,32.44,0.23,32.45,0.22,0.56,32.43,0.23,0.60,32.44,0.23,0.59,,,
1323472,6901,7212,1.019,34.56,0.15,34.55,0.15,0.56,34.55,0.15,0.59,34.57,0.15,0.59,,,
1323757,6917,7265,1.019,34.92,0.18,34.92,0.18,0.54,34.91,0.18,0.55,34.92,0.18,0.54,,,
1324268,7089,7535,1.020,35.50,0.18,35.51,0.18,0.37,35.50,0.18,0.39,35.49,0.19,0.40,,,
1324774,9095,8514,1.022,35.21,0.13,35.22,0.13,0.52,35.21,0.13,0.52,35.20,0.14,0.51,,,
1327399,13553,14065,1.037,36.23,0.17,36.22,0.16,0.44,36.24,0.17,0.44,36.24,0.17,0.43,,,
1327562,3375,2789,1.007,33.49,0.16,33.51,0.16,0.56,33.48,0.16,0.60,33.48,0.16,0.59,,,
1328261,6746,7077,1.019,34.96,0.27,34.96,0.26,0.56,34.96,0.27,0.60,34.97,0.27,0.59,,,
1328284,5388,4885,1.013,35.11,0.27,35.11,0.26,0.51,35.11,0.27,0.51,35.10,0.27,0.50,,,
1330919,7383,7012,1.019,35.38,0.12,35.38,0.12,0.35,35.38,0.12,0.39,35.38,0.13,0.40,,,
1333641,5453,5763,1.015,33.08,0.19,33.09,0.18,0.56,33.08,0.19,0.60,33.08,0.19,0.59,,,
1333718,5798,6302,1.017,35.03,0.15,35.04,0.14,0.51,35.03,0.15,0.52,35.03,0.15,0.51,,,
1333972,6814,7133,1.019,35.84,0.19,35.84,0.18,0.52,35.84,0.19,0.53,35.85,0.19,0.52,,,
1334828,5603,6096,1.016,34.65,0.21,34.65,0.20,0.56,34.65,0.21,0.60,34.64,0.21,0.59,,,
1334899,11165,11677,1.031,35.69,0.29,35.69,0.28,0.55,35.69,0.29,0.56,35.70,0.29,0.55,,,
1335617,6904,7229,1.019,35.34,0.16,35.35,0.16,0.56,35.34,0.16,0.59,35.34,0.16,0.58,,,
1335660,12241,12741,1.033,36.44,0.19,36.42,0.19,0.46,36.44,0.19,0.46,36.47,0.19,0.45,,,
1335893,11250,11693,1.031,36.29,0.13,36.32,0.13,0.40,36.29,0.13,0.41,36.26,0.13,0.40,,,
1336594,16864,17244,1.045,36.24,0.20,36.19,0.19,0.44,36.24,0.20,0.45,36.29,0.20,0.44,,,
1338961,4159,4546,1.012,34.30,0.20,34.32,0.19,0.55,34.30,0.20,0.57,34.28,0.20,0.56,,,
1340936,8775,8418,1.022,35.24,0.25,,,,,,,,,,35.24,0.25,0.57
1343342,7239,7683,1.020,35.44,0.19,35.43,0.18,0.44,35.44,0.19,0.45,35.44,0.19,0.44,,,
1343641,8831,9064,1.024,36.02,0.19,36.01,0.18,0.48,36.02,0.19,0.48,36.02,0.19,0.47,,,
1344624,9870,10318,1.027,36.08,0.27,36.08,0.26,0.44,36.08,0.27,0.44,36.08,0.27,0.43,,,
1346079,10614,11044,1.029,36.63,0.27,36.59,0.26,0.55,36.65,0.27,0.56,36.67,0.28,0.56,,,
1349982,8247,8490,1.022,35.84,0.17,35.82,0.17,0.44,35.84,0.17,0.45,35.85,0.18,0.44,,,
1350104,6530,7035,1.019,34.94,0.27,34.92,0.26,0.56,34.94,0.27,0.57,34.95,0.28,0.57,,,
1351876,5622,5237,1.014,34.21,0.33,34.21,0.32,0.56,34.21,0.33,0.59,34.21,0.34,0.58,,,
1352141,7039,6467,1.017,34.97,0.14,34.98,0.14,0.54,34.97,0.14,0.55,34.98,0.14,0.55,,,
1352335,9752,10261,1.027,35.61,0.28,35.60,0.27,0.52,35.62,0.28,0.52,35.62,0.28,0.52,,,
1352430,2441,2949,1.008,33.94,0.17,33.95,0.17,0.56,33.93,0.17,0.60,33.94,0.17,0.59,,,
1353034,14121,14514,1.038,36.47,0.18,36.47,0.18,0.35,36.47,0.18,0.39,36.46,0.18,0.40,,,
1353487,13258,13629,1.036,35.84,0.17,35.86,0.17,0.51,35.84,0.17,0.51,35.82,0.18,0.51,,,
1353524,6514,7022,1.019,35.16,0.27,35.16,0.26,0.56,35.16,0.27,0.57,35.16,0.28,0.57,,,
1354636,13032,13468,1.035,37.43,0.18,37.35,0.18,0.35,37.44,0.18,0.39,37.48,0.18,0.40,,,
1355432,9552,9922,1.026,35.57,0.13,35.57,0.13,0.41,35.56,0.13,0.41,35.57,0.13,0.40,,,
1358004,6356,6801,1.018,35.89,0.17,35.88,0.16,0.51,35.90,0.17,0.52,35.90,0.17,0.51,36.14,0.17,0.61
1358024,8980,9218,1.024,35.35,0.15,35.36,0.15,0.54,35.34,0.15,0.55,35.34,0.15,0.55,,,
1360237,1748,1978,1.005,32.65,0.25,32.65,0.25,0.56,32.64,0.25,0.60,32.66,0.26,0.59,,,
1360262,13098,13602,1.036,36.90,0.19,36.89,0.18,0.35,36.89,0.19,0.39,36.90,0.19,0.40,,,
1362036,12566,12048,1.032,35.19,0.18,35.21,0.17,0.54,35.19,0.18,0.54,35.18,0.18,0.54,,,
1362231,7924,7328,1.019,34.21,0.51,34.23,0.49,0.55,34.22,0.51,0.57,34.17,0.52,0.56,,,
1363457,9780,10285,1.027,35.83,0.12,35.84,0.12,0.37,35.83,0.12,0.39,35.81,0.12,0.40,,,
1363799,9705,9699,1.026,37.27,0.16,37.25,0.15,0.35,37.27,0.16,0.39,37.29,0.16,0.40,,,
1364168,2938,3426,1.009,34.10,0.19,34.10,0.19,0.56,34.09,0.19,0.60,34.11,0.20,0.59,,,
1364366,8526,8743,1.023,35.00,0.14,35.00,0.14,0.53,35.00,0.14,0.54,34.99,0.15,0.54,,,
1365339,8530,8700,1.023,37.01,0.54,37.00,0.52,0.35,37.03,0.54,0.39,37.01,0.55,0.40,,,
1365712,5294,4867,1.013,33.12,0.82,33.14,0.79,0.56,33.15,0.82,0.60,33.07,0.84,0.59,,,
1366523,4842,5314,1.014,34.93,0.15,34.94,0.15,0.56,34.93,0.15,0.58,34.92,0.15,0.58,,,
1366557,5421,5905,1.016,34.86,0.19,34.87,0.19,0.50,34.85,0.19,0.50,34.85,0.19,0.49,,,
1368612,12366,11778,1.031,35.74,0.33,35.75,0.32,0.40,35.75,0.33,0.41,35.73,0.33,0.40,,,
1369352,6873,7238,1.019,33.62,0.16,33.63,0.16,0.56,33.61,0.16,0.60,33.61,0.17,0.59,,,
1370136,12404,11812,1.031,36.01,0.20,36.00,0.19,0.35,36.01,0.20,0.39,36.01,0.20,0.40,,,
1370549,8884,9099,1.024,34.74,0.16,34.76,0.15,0.56,34.73,0.16,0.60,34.72,0.16,0.59,,,
1370630,12429,11839,1.031,36.43,0.13,36.45,0.13,0.35,36.43,0.13,0.39,36.40,0.13,0.40,,,
1370908,7855,8097,1.021,35.40,0.16,35.41,0.15,0.54,35.40,0.16,0.55,35.40,0.16,0.54,,,
1372255,4630,4035,1.011,34.46,0.16,34.47,0.16,0.55,34.46,0.16,0.56,34.45,0.16,0.56,34.38,0.16,0.64
1372553,6808,7110,1.019,34.84,0.17,34.84,0.16,0.56,34.83,0.17,0.58,34.84,0.17,0.57,,,
1372790,14487,14183,1.037,37.29,0.20,,,,,,,,,,37.29,0.20,0.48
1372854,6321,6463,1.017,34.63,0.16,34.63,0.15,0.56,34.62,0.16,0.59,34.63,0.16,0.59,,,
1372878,14289,13824,1.036,34.78,0.34,34.80,0.32,0.50,34.79,0.34,0.50,34.76,0.34,0.49,,,
1373119,9563,9134,1.024,35.17,0.28,35.19,0.27,0.51,35.18,0.28,0.52,35.15,0.28,0.51,,,
1373441,14287,14787,1.039,36.72,0.15,36.69,0.15,0.42,36.75,0.15,0.43,36.72,0.15,0.42,,,
1373837,6793,6216,1.016,35.09,0.16,35.09,0.16,0.56,35.09,0.16,0.57,35.09,0.16,0.57,,,
1374536,7897,8396,1.022,35.03,0.16,35.03,0.15,0.54,35.02,0.16,0.55,35.03,0.16,0.54,,,
1374673,2431,2895,1.008,32.93,0.71,32.93,0.68,0.56,32.95,0.71,0.60,32.91,0.72,0.59,33.63,0.80,0.66
1375025,7158,7507,1.020,35.01,0.40,35.01,0.38,0.56,35.02,0.40,0.58,34.99,0.41,0.57,,,
1375281,7337,7730,1.020,35.45,0.15,35.46,0.14,0.55,35.45,0.15,0.56,35.45,0.15,0.55,,,
1375876,11972,11392,1.030,35.77,0.15,35.78,0.15,0.53,35.77,0.15,0.54,35.75,0.15,0.53,,,
1376799,12421,11827,1.031,36.31,0.19,36.31,0.19,0.35,36.31,0.19,0.39,36.30,0.20,0.40,,,
1378162,8885,9303,1.025,35.88,0.45,35.86,0.43,0.56,35.87,0.45,0.59,35.90,0.46,0.59,,,
1378322,12382,11793,1.031,35.33,0.19,35.34,0.18,0.52,35.33,0.19,0.53,35.33,0.19,0.52,,,
1378565,9293,9531,1.025,36.46,0.13,36.44,0.13,0.35,36.47,0.13,0.39,36.47,0.13,0.40,,,
1378672,6830,7184,1.019,34.59,0.30,34.58,0.29,0.52,34.59,0.30,0.53,34.59,0.31,0.52,,,
1380244,12088,11493,1.030,36.05,0.24,36.05,0.23,0.40,36.05,0.24,0.41,36.04,0.24,0.40,,,
1381516,8453,8725,1.023,35.09,0.39,35.08,0.37,0.56,35.09,0.39,0.58,35.09,0.39,0.58,,,
1381614,7904,8386,1.022,36.69,0.21,36.68,0.20,0.49,36.69,0.21,0.49,36.70,0.21,0.48,,,
1382204,2462,2920,1.008,33.27,0.76,33.28,0.73,0.56,33.30,0.76,0.60,33.24,0.78,0.59,33.90,0.86,0.66
1382288,7289,7712,1.020,35.55,0.13,35.56,0.13,0.50,35.55,0.13,0.50,35.52,0.13,0.49,,,
1382398,12353,12688,1.033,36.45,0.14,36.43,0.13,0.43,36.46,0.14,0.43,36.45,0.14,0.42,,,
1382940,6946,6558,1.017,34.37,0.42,,,,,,,,,,34.37,0.42,0.65
1385096,4753,4330,1.011,34.78,0.13,34.80,0.13,0.52,34.78,0.13,0.53,34.76,0.14,0.52,,,
1385563,12143,11552,1.030,35.69,0.32,35.69,0.31,0.35,35.70,0.32,0.39,35.69,0.33,0.40,,,
1386236,12712,12801,1.034,36.57,0.14,36.55,0.14,0.38,36.56,0.14,0.39,36.58,0.14,0.40,,,
1386969,12150,12200,1.032,35.60,0.31,35.59,0.29,0.44,35.60,0.31,0.44,35.61,0.31,0.44,,,
1388010,10297,10409,1.027,36.13,0.21,36.12,0.20,0.45,36.12,0.21,0.45,36.14,0.21,0.45,,,
1390585,13982,13528,1.035,36.41,0.21,36.41,0.20,0.39,36.42,0.21,0.40,36.42,0.21,0.40,,,
1391345,5452,4875,1.013,34.27,0.15,34.29,0.15,0.56,34.27,0.15,0.59,34.26,0.15,0.58,,,
1391373,3910,4022,1.011,33.32,0.31,33.31,0.29,0.56,33.32,0.31,0.60,33.33,0.31,0.59,,,
1392304,8118,7521,1.020,36.33,0.14,36.30,0.13,0.43,36.33,0.14,0.43,36.35,0.14,0.42,,,
1393329,5334,5358,1.014,35.10,0.20,,,,,,,,,,35.10,0.20,0.48
1393848,8095,7499,1.020,35.70,0.12,35.72,0.12,0.35,35.70,0.12,0.39,35.68,0.12,0.40,,,
1394635,6635,7024,1.019,35.12,0.57,35.12,0.55,0.56,35.12,0.57,0.60,35.11,0.58,0.59,,,
1394706,11089,11532,1.030,35.13,0.28,35.13,0.27,0.56,35.13,0.28,0.58,35.14,0.29,0.58,,,
1394711,12013,11498,1.030,36.79,0.18,36.82,0.17,0.35,36.79,0.18,0.39,36.77,0.18,0.40,,,
1395663,8466,7882,1.021,35.50,0.17,35.49,0.17,0.55,35.50,0.17,0.57,35.49,0.17,0.56,,,
1395674,2424,1817,1.005,33.52,0.21,33.52,0.20,0.56,33.51,0.21,0.60,33.52,0.21,0.59,,,
1396570,11098,10493,1.028,35.20,0.13,35.21,0.13,0.49,35.20,0.13,0.49,35.20,0.13,0.49,,,
1396787,6271,6729,1.018,35.14,0.19,35.17,0.18,0.50,35.14,0.19,0.51,35.12,0.19,0.50,,,
1396998,8523,8985,1.024,35.59,0.13,35.60,0.13,0.43,35.59,0.13,0.43,35.58,0.13,0.42,,,
1397433,7504,7972,1.021,35.65,0.16,35.65,0.15,0.54,35.65,0.16,0.55,35.65,0.16,0.54,,,
1400872,5808,6160,1.016,34.54,0.15,34.54,0.14,0.56,34.53,0.15,0.58,34.54,0.15,0.57,,,
1401797,14079,13482,1.035,36.60,0.20,36.60,0.20,0.35,36.59,0.20,0.39,36.61,0.20,0.40,,,
1401917,9171,8570,1.023,33.35,0.16,33.37,0.16,0.56,33.35,0.16,0.60,33.34,0.16,0.59,,,
1402435,8044,7454,1.020,35.10,0.13,35.10,0.13,0.46,35.10,0.13,0.46,35.10,0.13,0.45,,,
1403688,3805,3197,1.008,33.10,0.35,33.10,0.34,0.56,33.09,0.35,0.60,33.09,0.36,0.59,,,
1405267,8346,7768,1.020,35.18,0.12,35.19,0.12,0.35,35.18,0.12,0.39,35.17,0.12,0.40,,,
1406215,7758,7149,1.019,35.00,0.14,35.03,0.14,0.55,35.00,0.14,0.55,34.98,0.14,0.55,,,
1406396,17161,17455,1.046,36.96,0.16,36.94,0.16,0.35,36.97,0.16,0.39,36.97,0.16,0.40,,,
1407161,8176,7568,1.020,35.17,0.28,35.17,0.27,0.56,35.17,0.28,0.58,35.17,0.29,0.57,,,
1407580,13399,13541,1.035,36.49,0.20,36.50,0.20,0.35,36.49,0.20,0.39,36.49,0.21,0.40,,,
1408607,10413,10458,1.028,35.75,0.25,35.74,0.24,0.52,35.75,0.25,0.52,35.76,0.25,0.51,,,
1411171,10897,10360,1.027,36.11,0.13,36.12,0.12,0.41,36.11,0.13,0.41,36.10,0.13,0.40,,,
1413040,6075,6542,1.017,35.87,0.15,35.87,0.14,0.55,35.88,0.15,0.57,35.87,0.15,0.56,,,
1413658,6286,6668,1.018,35.21,0.62,35.20,0.59,0.56,35.21,0.62,0.60,35.23,0.63,0.59,,,
1419126,12029,11771,1.031,35.38,0.24,35.38,0.24,0.35,35.39,0.24,0.39,35.38,0.25,0.40,,,
1419591,6034,6124,1.016,34.26,0.26,34.25,0.25,0.56,34.25,0.26,0.60,34.27,0.26,0.59,,,
1419739,5871,6344,1.017,34.23,0.16,34.24,0.16,0.56,34.23,0.16,0.59,34.24,0.16,0.59,,,
1424190,12008,11423,1.030,36.27,0.16,36.28,0.16,0.36,36.28,0.16,0.39,36.26,0.16,0.40,,,
1424710,8393,7785,1.021,34.99,0.18,34.99,0.18,0.42,34.99,0.18,0.43,34.99,0.18,0.42,,,
1425516,10693,11066,1.029,35.68,0.14,35.68,0.14,0.47,35.68,0.14,0.47,35.67,0.14,0.46,,,
1425523,4654,4752,1.013,34.47,0.26,34.48,0.25,0.56,34.47,0.26,0.60,34.47,0.26,0.59,,,
1426610,4154,3553,1.009,35.04,0.29,35.06,0.27,0.50,35.04,0.29,0.50,35.02,0.29,0.49,,,
1426967,6424,6765,1.018,36.05,0.40,36.05,0.38,0.51,36.06,0.40,0.51,36.05,0.40,0.51,,,
1428201,8555,8780,1.023,35.21,0.16,35.21,0.16,0.56,35.21,0.16,0.59,35.22,0.16,0.59,,,
1428390,17058,17302,1.045,37.23,0.25,37.24,0.24,0.35,37.24,0.25,0.39,37.22,0.25,0.40,,,
1429164,5584,5802,1.015,35.25,0.25,35.25,0.24,0.55,35.25,0.25,0.56,35.26,0.26,0.56,,,
1429195,4931,4551,1.012,34.19,0.14,34.19,0.14,0.55,34.19,0.14,0.56,34.19,0.14,0.56,,,
1429272,4119,3516,1.009,34.15,0.16,34.15,0.16,0.56,34.14,0.16,0.60,34.15,0.16,0.59,,,
1429669,6443,6753,1.018,35.56,0.37,35.55,0.36,0.54,35.56,0.37,0.55,35.56,0.38,0.54,,,
1433135,9509,9094,1.024,34.33,0.21,34.33,0.21,0.56,34.32,0.21,0.60,34.33,0.22,0.59,,,
1434312,3845,3236,1.009,35.09,0.31,35.08,0.30,0.55,35.09,0.31,0.57,35.10,0.32,0.56,,,
1435898,11931,11325,1.030,36.01,0.26,36.02,0.25,0.44,36.03,0.26,0.44,36.00,0.26,0.44,,,
1436082,8678,8070,1.021,35.95,0.16,35.94,0.15,0.52,35.95,0.16,0.53,35.96,0.16,0.52,,,
1437522,13321,12852,1.034,36.43,0.23,36.44,0.22,0.39,36.42,0.23,0.40,36.42,0.23,0.40,,,
1439008,6914,6461,1.017,35.34,0.21,35.35,0.20,0.56,35.34,0.21,0.59,35.33,0.21,0.59,,,
1439152,7051,7499,1.020,35.84,0.40,35.84,0.38,0.56,35.86,0.40,0.59,35.82,0.40,0.59,,,
1441186,6980,7316,1.019,35.06,0.51,35.08,0.49,0.56,35.07,0.51,0.59,35.03,0.52,0.58,,,
1441868,1157,1630,1.004,32.70,0.26,32.70,0.25,0.56,32.69,0.26,0.60,32.71,0.26,0.59,,,
1442306,6417,6891,1.018,33.81,0.28,33.80,0.27,0.56,33.81,0.28,0.60,33.83,0.29,0.59,,,
1442607,8303,7694,1.020,35.64,0.31,35.61,0.30,0.43,35.64,0.31,0.43,35.67,0.32,0.42,,,
1442785,8270,8697,1.023,35.73,0.14,35.74,0.13,0.53,35.73,0.14,0.53,35.71,0.14,0.52,,,
1445127,7948,7339,1.019,34.71,0.30,34.72,0.29,0.55,34.71,0.30,0.56,34.69,0.31,0.55,,,
1445874,9325,9424,1.025,35.89,0.14,35.89,0.13,0.51,35.89,0.14,0.51,35.88,0.14,0.51,,,
1445975,13278,12675,1.033,36.13,0.13,36.13,0.12,0.35,36.13,0.13,0.39,36.12,0.13,0.40,,,
1446045,8349,7739,1.020,34.68,0.33,34.69,0.31,0.53,34.68,0.33,0.54,34.67,0.33,0.53,,,
1446614,6500,6030,1.016,35.17,0.19,35.17,0.19,0.54,35.17,0.19,0.54,35.17,0.19,0.54,,,
1447416,9092,8625,1.023,35.27,0.33,35.27,0.31,0.52,35.28,0.33,0.52,35.28,0.33,0.52,,,
1448629,6512,6041,1.016,34.42,0.22,34.43,0.21,0.56,34.42,0.22,0.58,34.43,0.22,0.57,,,
1449515,9909,9303,1.025,34.53,0.18,34.73,0.17,0.50,34.52,0.18,0.51,34.34,0.18,0.50,,,
1451574,8658,9028,1.024,36.33,0.14,36.36,0.14,0.38,36.33,0.14,0.39,36.32,0.14,0.40,,,
1452135,4918,4500,1.012,34.09,0.51,34.09,0.49,0.56,34.10,0.51,0.60,34.08,0.52,0.59,,,
1452792,8246,8606,1.023,36.44,0.20,36.41,0.20,0.47,36.44,0.20,0.47,36.48,0.20,0.47,,,
1453295,7365,7793,1.021,35.82,0.35,35.82,0.34,0.56,35.82,0.35,0.58,35.80,0.36,0.58,,,
1454402,4999,4437,1.012,34.65,0.20,34.67,0.20,0.56,34.65,0.20,0.59,34.64,0.20,0.59,,,
1454756,5582,5023,1.013,34.31,0.19,34.32,0.19,0.55,34.31,0.19,0.56,34.30,0.19,0.56,,,
1455410,5345,5540,1.015,34.76,0.25,34.75,0.24,0.51,34.76,0.25,0.52,34.77,0.25,0.51,,,
1456471,7622,8047,1.021,35.90,0.31,35.91,0.30,0.47,35.90,0.31,0.47,35.90,0.31,0.46,,,
1456707,9808,10276,1.027,36.08,0.15,36.09,0.15,0.37,36.09,0.15,0.39,36.07,0.16,0.40,,,
1458530,7716,7958,1.021,36.24,0.23,36.22,0.22,0.53,36.23,0.23,0.53,36.25,0.23,0.53,,,
1458689,5432,5628,1.015,34.62,0.22,34.62,0.21,0.56,34.61,0.22,0.59,34.62,0.22,0.59,,,
1460236,13505,13673,1.036,36.57,0.13,36.60,0.13,0.35,36.57,0.13,0.39,36.54,0.14,0.40,,,
1463626,10827,10215,1.027,35.69,0.13,35.70,0.13,0.35,35.70,0.13,0.39,35.68,0.13,0.40,,,
1463891,5405,4863,1.013,34.28,0.13,34.30,0.13,0.49,34.28,0.13,0.49,34.26,0.13,0.49,,,
1464674,12715,12109,1.032,35.89,0.15,35.90,0.15,0.39,35.89,0.15,0.40,35.88,0.15,0.40,,,
1464874,4702,4284,1.011,34.09,0.16,34.09,0.16,0.56,34.08,0.16,0.59,34.09,0.16,0.59,,,
1465421,6354,6506,1.017,34.98,0.15,34.99,0.15,0.56,34.98,0.15,0.58,34.97,0.15,0.58,,,
1465648,16904,16378,1.043,36.40,0.24,36.40,0.23,0.36,36.40,0.24,0.39,36.39,0.24,0.40,,,
1466596,11021,10414,1.027,34.83,0.21,34.84,0.21,0.54,34.83,0.21,0.55,34.82,0.21,0.55,,,
1467060,11743,11129,1.029,36.47,0.13,36.47,0.13,0.43,36.48,0.13,0.44,36.46,0.13,0.43,,,
1467553,6397,6837,1.018,34.48,0.18,34.48,0.17,0.56,34.48,0.18,0.57,34.47,0.18,0.57,,,
1468338,10149,9723,1.026,35.80,0.14,35.84,0.13,0.39,35.80,0.14,0.40,35.77,0.14,0.40,,,
1468497,5212,4602,1.012,33.71,0.18,33.71,0.18,0.56,33.70,0.18,0.60,33.71,0.19,0.59,,,
1469378,6378,6527,1.017,34.93,0.16,34.93,0.16,0.56,34.91,0.16,0.59,34.95,0.16,0.59,,,
1469562,10165,9912,1.026,35.59,0.34,,,,,,,,,,35.59,0.34,0.54
1470737,4996,4560,1.012,33.26,0.19,33.27,0.18,0.56,33.26,0.19,0.60,33.26,0.19,0.59,,,
1471076,8183,7597,1.020,36.22,0.31,36.18,0.30,0.52,36.23,0.31,0.52,36.26,0.32,0.51,,,
1471393,13420,13884,1.036,36.52,0.23,36.50,0.22,0.45,36.53,0.23,0.45,36.53,0.23,0.44,,,
1471871,7447,7544,1.020,35.22,0.16,35.23,0.16,0.56,35.21,0.16,0.58,35.22,0.16,0.57,,,
1472104,8836,9186,1.024,36.98,0.24,36.94,0.23,0.35,36.97,0.24,0.39,37.02,0.24,0.40,,,
1473528,8928,8603,1.023,34.70,0.37,,,,,,,,,,34.70,0.37,0.63
1473566,4101,4547,1.012,34.54,0.17,34.54,0.16,0.56,34.53,0.17,0.60,34.55,0.17,0.59,,,
1476181,12930,12516,1.033,36.74,0.18,36.72,0.18,0.35,36.75,0.18,0.39,36.74,0.18,0.40,,,
1476347,12890,12907,1.034,36.25,0.39,36.24,0.38,0.50,36.26,0.39,0.51,36.26,0.40,0.50,36.24,0.44,0.60
1478182,9834,10297,1.027,35.30,0.17,35.31,0.17,0.56,35.30,0.17,0.58,35.30,0.17,0.57,,,
1479252,12694,12196,1.032,36.34,0.32,36.34,0.31,0.39,36.35,0.32,0.39,36.33,0.33,0.40,,,
1479518,5153,5582,1.015,34.50,0.52,34.49,0.49,0.56,34.50,0.52,0.60,34.50,0.52,0.59,,,
1480186,1017,1470,1.004,33.01,0.20,33.01,0.20,0.56,33.00,0.20,0.60,33.02,0.20,0.59,,,
1481074,8780,8174,1.022,33.82,0.15,33.84,0.15,0.54,33.81,0.15,0.55,33.80,0.15,0.54,,,
1483652,3198,3641,1.010,34.13,0.16,34.13,0.16,0.56,34.12,0.16,0.60,34.13,0.17,0.59,,,
1484119,7987,7373,1.019,35.35,0.23,35.35,0.23,0.53,35.35,0.23,0.54,35.35,0.24,0.53,,,
1485129,10406,10839,1.028,36.26,0.13,36.26,0.13,0.35,36.26,0.13,0.39,36.27,0.13,0.40,,,
1485914,4768,5109,1.014,34.32,0.15,34.34,0.15,0.53,34.32,0.15,0.53,34.31,0.16,0.53,,,
1489368,6717,7143,1.019,35.63,0.43,35.61,0.41,0.56,35.63,0.43,0.60,35.65,0.43,0.59,,,
1490942,10881,10892,1.029,36.28,0.20,36.29,0.19,0.35,36.28,0.20,0.39,36.27,0.20,0.40,36.22,0.20,0.48
1491140,6293,6726,1.018,34.80,0.15,34.81,0.14,0.49,34.79,0.15,0.49,34.78,0.15,0.49,,,
1491236,4612,5063,1.013,34.76,0.21,34.75,0.20,0.56,34.76,0.21,0.59,34.78,0.21,0.59,,,
1491772,13239,12633,1.033,36.74,0.21,36.74,0.20,0.36,36.74,0.21,0.39,36.74,0.21,0.40,,,
1492056,10458,10428,1.027,35.98,0.21,36.04,0.20,0.51,35.97,0.21,0.51,35.94,0.21,0.51,,,
1492081,10791,11125,1.029,35.62,0.22,35.62,0.21,0.55,35.62,0.22,0.55,35.63,0.22,0.55,,,
1493757,8209,8666,1.023,35.58,0.16,35.58,0.15,0.54,35.59,0.16,0.55,35.58,0.16,0.54,,,
1493824,6491,6678,1.018,34.94,0.15,34.95,0.15,0.53,34.94,0.15,0.54,34.94,0.15,0.53,,,
1494279,6510,6818,1.018,35.08,0.37,35.07,0.35,0.56,35.08,0.37,0.59,35.08,0.37,0.58,,,
1495086,4484,4787,1.013,35.94,0.25,35.95,0.24,0.55,35.94,0.25,0.56,35.94,0.25,0.55,,,
1496977,7538,6932,1.018,35.08,0.13,35.08,0.13,0.49,35.08,0.13,0.49,35.08,0.13,0.49,,,
1498127,10695,10835,1.028,35.96,0.13,35.98,0.13,0.40,35.96,0.13,0.41,35.94,0.13,0.40,,,
1498361,7573,7840,1.021,34.41,0.15,34.41,0.15,0.52,34.41,0.15,0.53,34.40,0.15,0.52,,,
1498419,9651,9046,1.024,35.46,0.14,35.45,0.14,0.39,35.47,0.14,0.40,35.48,0.14,0.40,,,
1499930,12895,13315,1.035,36.76,0.15,36.77,0.15,0.35,36.75,0.15,0.39,36.75,0.15,0.40,,,
1500765,11657,11671,1.031,36.84,0.15,36.84,0.14,0.40,36.84,0.15,0.40,36.84,0.15,0.40,36.75,0.14,0.54
1505416,14996,15428,1.040,36.53,0.60,36.53,0.58,0.37,36.54,0.60,0.39,36.51,0.61,0.40,,,
1506675,4753,4749,1.013,35.58,0.15,35.60,0.15,0.53,35.56,0.15,0.54,35.57,0.16,0.54,,,
1506952,4793,5108,1.014,33.52,0.23,33.52,0.22,0.56,33.51,0.23,0.60,33.53,0.23,0.59,,,
1508418,9695,9385,1.025,35.99,0.29,,,,,,,,,,35.99,0.29,0.59
1509244,13075,13151,1.034,37.18,0.72,37.18,0.69,0.35,37.21,0.72,0.39,37.14,0.73,0.40,,,
1510007,4264,3662,1.010,34.01,0.21,34.01,0.21,0.56,34.01,0.21,0.60,34.02,0.22,0.59,,,
1510328,5680,6134,1.016,33.85,0.20,33.85,0.19,0.56,33.84,0.20,0.60,33.85,0.20,0.59,,,
1510638,13111,13220,1.035,36.20,0.22,36.20,0.21,0.35,36.19,0.22,0.39,36.22,0.22,0.40,,,
1511191,8902,8565,1.023,35.20,0.11,,,,,,,,,,35.20,0.11,0.55
1513048,6468,6784,1.018,35.43,0.14,35.44,0.14,0.51,35.44,0.14,0.51,35.42,0.14,0.50,,,
1515212,11198,11303,1.030,35.72,0.13,35.71,0.13,0.45,35.72,0.13,0.46,35.73,0.13,0.45,,,
1517139,13350,13469,1.035,37.17,0.40,37.16,0.38,0.45,37.19,0.40,0.46,37.16,0.41,0.45,,,
1520706,4650,4993,1.013,34.13,0.26,34.14,0.25,0.56,34.13,0.26,0.58,34.11,0.26,0.58,,,
1522943,8132,8446,1.022,35.85,0.34,35.87,0.33,0.53,35.84,0.34,0.54,35.83,0.35,0.53,,,
1524207,5196,4582,1.012,32.72,0.26,32.72,0.26,0.56,32.72,0.26,0.60,32.73,0.27,0.59,,,
1527085,7944,8389,1.022,35.70,0.16,35.70,0.16,0.50,35.70,0.16,0.51,35.70,0.16,0.50,,,
1527266,8514,8826,1.023,34.99,0.85,34.99,0.82,0.54,34.99,0.85,0.55,34.99,0.87,0.55,,,
1528614,2225,1652,1.004,32.27,0.19,32.27,0.19,0.56,32.27,0.19,0.60,32.29,0.20,0.59,,,
1528674,3249,3684,1.010,34.36,0.18,34.36,0.17,0.56,34.35,0.18,0.60,34.38,0.18,0.59,,,
1529332,9581,8965,1.024,35.47,0.24,35.47,0.23,0.47,35.47,0.24,0.47,35.47,0.24,0.46,,,
1531093,13751,13890,1.036,35.30,0.15,35.33,0.14,0.52,35.29,0.15,0.53,35.27,0.15,0.52,,,
1531099,6637,7064,1.019,34.70,0.25,34.71,0.25,0.56,34.70,0.25,0.57,34.69,0.26,0.57,34.56,0.27,0.64
1531907,6254,6416,1.017,35.97,0.13,35.95,0.13,0.49,35.97,0.13,0.49,35.99,0.13,0.48,,,
1533780,12890,12272,1.032,36.36,0.20,36.36,0.19,0.48,36.35,0.20,0.48,36.37,0.20,0.48,,,
1535230,4000,4435,1.012,33.93,0.19,33.93,0.19,0.56,33.93,0.19,0.60,33.93,0.19,0.59,,,
1541737,8106,8381,1.022,35.01,0.15,35.02,0.14,0.54,35.01,0.15,0.54,35.01,0.15,0.54,,,
1542387,8556,8883,1.023,35.65,0.72,35.66,0.69,0.51,35.68,0.72,0.51,35.61,0.74,0.51,,,
1543329,4154,4555,1.012,34.24,0.42,34.24,0.40,0.56,34.24,0.42,0.60,34.24,0.43,0.59,,,
1544125,3991,4367,1.012,34.36,0.15,34.38,0.14,0.56,34.35,0.15,0.57,34.35,0.15,0.57,,,
1546068,8050,8325,1.022,36.06,0.41,36.05,0.39,0.56,36.07,0.41,0.59,36.07,0.41,0.59,,,
1546699,5990,6418,1.017,35.26,0.24,35.25,0.23,0.56,35.25,0.24,0.57,35.27,0.24,0.56,35.24,0.26,0.64
1547513,3400,2778,1.007,33.55,0.17,33.56,0.16,0.56,33.55,0.17,0.60,33.55,0.17,0.59,,,
1549529,6468,6801,1.018,35.62,0.27,35.65,0.26,0.46,35.62,0.27,0.46,35.60,0.27,0.46,,,
1549571,10744,10315,1.027,36.27,0.17,36.28,0.16,0.36,36.27,0.17,0.39,36.27,0.17,0.40,,,
1551524,9474,9913,1.026,35.64,0.28,35.63,0.27,0.52,35.64,0.28,0.53,35.64,0.29,0.52,,,
1553095,6922,7211,1.019,33.72,0.95,33.72,0.91,0.56,33.71,0.95,0.60,33.72,0.96,0.59,,,
1555876,6482,6918,1.018,35.53,0.14,35.53,0.14,0.53,35.51,0.14,0.53,35.54,0.14,0.53,,,
1558448,9144,9301,1.024,35.71,0.49,35.70,0.47,0.51,35.72,0.49,0.51,35.70,0.50,0.50,,,
1562050,13231,12618,1.033,36.03,0.16,36.03,0.16,0.35,36.03,0.16,0.39,36.04,0.16,0.40,,,
1562676,8942,9380,1.025,35.96,0.15,35.97,0.14,0.35,35.96,0.15,0.39,35.95,0.15,0.40,,,
1562722,4937,5354,1.014,33.41,0.17,33.42,0.17,0.56,33.40,0.17,0.60,33.41,0.17,0.59,33.38,0.17,0.66
1565412,7475,7875,1.021,35.51,0.16,35.50,0.15,0.56,35.50,0.16,0.57,35.52,0.16,0.57,35.63,0.15,0.64
1565439,9787,10209,1.027,35.44,0.21,35.44,0.21,0.52,35.44,0.21,0.52,35.45,0.22,0.51,,,
1566044,8939,8318,1.022,33.70,0.20,33.70,0.19,0.56,33.69,0.20,0.60,33.71,0.20,0.59,,,
1567634,9958,9644,1.025,35.66,0.18,35.66,0.18,0.35,35.66,0.18,0.39,35.66,0.18,0.40,,,
1572727,6818,7133,1.019,35.22,0.16,35.23,0.15,0.55,35.22,0.16,0.56,35.21,0.16,0.56,,,
1572985,8317,8734,1.023,35.31,0.14,35.32,0.13,0.39,35.31,0.14,0.40,35.31,0.14,0.40,,,
1573168,8237,8632,1.023,35.51,1.32,35.51,1.26,0.45,35.51,1.32,0.46,35.51,1.34,0.45,,,
1573855,6783,6169,1.016,34.51,0.29,34.59,0.28,0.55,34.50,0.29,0.56,34.43,0.30,0.55,,,
1575844,5497,4921,1.013,33.75,0.27,33.75,0.26,0.56,33.75,0.27,0.60,33.76,0.27,0.59,,,
1577082,12508,12942,1.034,35.06,0.86,35.08,0.82,0.52,35.06,0.86,0.53,35.03,0.87,0.52,,,
1579866,5527,4953,1.013,33.88,0.17,33.89,0.16,0.56,33.87,0.17,0.60,33.86,0.17,0.59,,,
1580851,2175,2569,1.007,33.85,0.18,33.86,0.17,0.56,33.84,0.18,0.60,33.85,0.18,0.59,,,
1582727,7142,7443,1.020,35.41,0.25,35.41,0.25,0.55,35.41,0.25,0.56,35.40,0.26,0.56,,,
1583149,7919,8351,1.022,35.60,0.33,35.61,0.32,0.47,35.60,0.33,0.47,35.59,0.34,0.46,,,
1590644,9949,9326,1.025,35.18,0.16,35.19,0.16,0.55,35.17,0.16,0.56,35.18,0.16,0.55,,,
1592138,7978,8253,1.022,35.79,0.13,35.81,0.13,0.49,35.79,0.13,0.49,35.76,0.13,0.49,,,
1595534,9893,9394,1.025,35.71,0.13,35.72,0.13,0.35,35.71,0.13,0.39,35.69,0.14,0.40,,,
1598594,5252,5242,1.014,34.47,0.17,,,,,,,,,,34.47,0.17,0.48
1600590,12225,11603,1.030,36.33,0.16,36.33,0.16,0.38,36.33,0.16,0.39,36.34,0.16,0.40,,,
1602173,10750,10237,1.027,36.00,0.14,36.00,0.14,0.37,36.00,0.14,0.39,35.99,0.14,0.40,,,
1603547,11074,11179,1.029,36.08,0.24,36.06,0.23,0.43,36.06,0.24,0.43,36.11,0.24,0.42,,,
1604583,7925,7349,1.019,35.13,0.16,35.13,0.15,0.55,35.12,0.16,0.56,35.13,0.16,0.56,,,
1605910,6784,7179,1.019,35.06,0.17,35.07,0.16,0.56,35.06,0.17,0.58,35.05,0.17,0.58,34.94,0.17,0.65
1612390,9002,9304,1.025,36.19,0.59,36.19,0.57,0.43,36.22,0.59,0.43,36.18,0.60,0.42,,,
1613155,4079,4497,1.012,34.42,0.18,34.43,0.18,0.56,34.41,0.18,0.60,34.40,0.19,0.59,,,
1614069,1442,1761,1.005,34.73,0.23,34.73,0.22,0.56,34.71,0.23,0.60,34.73,0.23,0.59,,,
1615646,14151,13633,1.036,36.83,0.38,36.83,0.36,0.35,36.83,0.38,0.39,36.82,0.38,0.40,,,
1616133,6680,7018,1.019,35.10,0.13,35.11,0.13,0.47,35.10,0.13,0.47,35.08,0.13,0.46,,,
1617626,6928,7181,1.019,35.07,0.15,35.08,0.15,0.55,35.07,0.15,0.56,35.07,0.15,0.55,,,
1618163,10674,10377,1.027,35.82,0.13,35.82,0.13,0.35,35.82,0.13,0.39,35.83,0.13,0.40,,,
1620325,11273,11370,1.030,35.13,0.29,35.13,0.28,0.56,35.13,0.29,0.57,35.14,0.29,0.57,,,
1621290,5869,6292,1.017,34.79,0.14,34.80,0.14,0.54,34.79,0.14,0.54,34.79,0.14,0.54,,,
1624546,6577,6932,1.018,35.30,0.16,35.32,0.15,0.54,35.30,0.16,0.55,35.28,0.16,0.55,,,
1625354,3774,4184,1.011,34.70,0.15,34.72,0.15,0.56,34.70,0.15,0.58,34.69,0.16,0.58,,,
1626241,7786,7263,1.019,35.53,0.17,35.53,0.16,0.41,35.53,0.17,0.42,35.53,0.17,0.41,,,
1626466,7845,8263,1.022,33.90,0.33,33.90,0.31,0.56,33.90,0.33,0.60,33.91,0.33,0.59,,,
1627800,9199,9572,1.025,35.81,0.17,35.81,0.16,0.50,35.81,0.17,0.50,35.80,0.17,0.50,,,
1627904,7191,7575,1.020,35.05,0.16,35.06,0.16,0.45,35.05,0.16,0.45,35.03,0.17,0.44,35.14,0.16,0.56
1629210,9682,9830,1.026,35.85,0.13,35.86,0.12,0.40,35.86,0.13,0.40,35.84,0.13,0.40,,,
1629838,5432,5798,1.015,34.28,0.13,34.30,0.13,0.50,34.28,0.13,0.50,34.27,0.13,0.49,,,
1631975,11582,11651,1.031,36.23,0.17,36.23,0.16,0.36,36.24,0.17,0.39,36.23,0.17,0.40,,,
1632187,6258,6667,1.018,34.69,0.24,34.67,0.23,0.56,34.69,0.24,0.60,34.70,0.24,0.59,34.92,0.26,0.66
1633489,3541,3941,1.010,34.03,0.19,34.03,0.19,0.56,34.02,0.19,0.60,34.03,0.19,0.59,,,
1633497,8057,7434,1.020,34.37,0.14,34.38,0.14,0.45,34.37,0.14,0.45,34.35,0.14,0.44,,,
1633695,6223,5768,1.015,34.84,0.15,34.84,0.14,0.50,34.84,0.15,0.50,34.83,0.15,0.50,,,
1633897,7184,7394,1.020,35.40,0.21,35.40,0.20,0.55,35.39,0.21,0.55,35.40,0.21,0.55,,,
1634338,14640,15032,1.039,37.07,0.14,37.06,0.13,0.45,37.08,0.14,0.45,37.08,0.14,0.44,,,
1634503,6213,6623,1.017,34.31,0.24,34.31,0.23,0.56,34.30,0.24,0.60,34.32,0.24,0.59,34.17,0.26,0.66
1634527,6511,5889,1.016,34.90,0.21,34.91,0.20,0.45,34.90,0.21,0.45,34.88,0.21,0.44,,,
1634766,6376,6767,1.018,35.09,0.15,35.11,0.15,0.49,35.07,0.15,0.49,35.08,0.15,0.48,,,
1635828,11711,11098,1.029,35.61,0.13,35.61,0.13,0.35,35.60,0.13,0.39,35.60,0.14,0.40,,,
1636363,5461,5869,1.016,34.61,0.16,34.61,0.16,0.56,34.60,0.16,0.59,34.62,0.16,0.59,34.63,0.16,0.65
1636696,6200,6617,1.017,34.79,0.19,34.79,0.18,0.52,34.79,0.19,0.53,34.78,0.19,0.52,,,
1638595,2777,3071,1.008,34.47,0.17,34.49,0.17,0.56,34.46,0.17,0.60,34.46,0.17,0.59,,,
1640141,4182,4600,1.012,33.96,0.20,33.96,0.20,0.56,33.96,0.20,0.60,33.96,0.20,0.59,,,
1640560,12456,12842,1.034,36.56,0.23,36.54,0.22,0.42,36.55,0.23,0.43,36.60,0.24,0.42,,,
1645554,6581,6975,1.018,35.40,0.20,35.39,0.20,0.50,35.40,0.20,0.51,35.41,0.21,0.50,35.47,0.21,0.60
1646351,5693,6053,1.016,34.93,0.15,34.94,0.15,0.56,34.92,0.15,0.58,34.92,0.15,0.58,,,
1646525,16044,16213,1.042,35.39,1.31,35.42,1.25,0.51,35.39,1.31,0.52,35.36,1.33,0.51,,,
1647531,6713,7107,1.019,34.47,0.21,34.47,0.21,0.55,34.46,0.21,0.56,34.47,0.22,0.55,34.30,0.22,0.63
1647688,6289,6689,1.018,33.28,0.40,33.29,0.38,0.56,33.29,0.40,0.60,33.27,0.41,0.59,,,
1648312,2121,1502,1.004,32.73,0.19,32.74,0.18,0.56,32.73,0.19,0.60,32.74,0.19,0.59,,,
1648997,2862,3094,1.008,33.72,0.15,33.73,0.15,0.56,33.71,0.15,0.59,33.71,0.15,0.58,,,
1651298,3158,2677,1.007,32.83,0.20,32.83,0.19,0.56,32.82,0.20,0.60,32.83,0.20,0.59,,,
1651666,3355,3746,1.010,34.26,0.24,34.27,0.23,0.56,34.26,0.24,0.59,34.24,0.25,0.58,,,
1652054,6667,7038,1.019,34.87,0.13,34.88,0.13,0.51,34.87,0.13,0.51,34.86,0.13,0.51,34.73,0.12,0.60
1653235,10252,10641,1.028,35.80,0.18,35.81,0.18,0.56,35.80,0.18,0.57,35.81,0.18,0.57,,,
1654464,7234,7646,1.020,35.35,0.19,35.36,0.19,0.55,35.35,0.19,0.56,35.34,0.20,0.56,,,
1659928,8514,8734,1.023,35.61,0.13,35.62,0.13,0.39,35.62,0.13,0.40,35.61,0.13,0.40,,,
1660503,10917,10311,1.027,36.37,0.19,36.38,0.18,0.35,36.37,0.19,0.39,36.35,0.19,0.40,,,
1662109,6072,5495,1.015,34.79,0.42,34.80,0.40,0.51,34.80,0.42,0.52,34.77,0.42,0.51,34.78,0.46,0.61
1662132,11028,11379,1.030,35.61,0.29,35.63,0.28,0.48,35.61,0.29,0.48,35.57,0.30,0.47,,,
1662274,7610,7993,1.021,35.32,0.13,35.33,0.13,0.44,35.31,0.13,0.44,35.31,0.13,0.44,35.23,0.11,0.56
1663738,13628,13766,1.036,36.61,0.32,36.61,0.31,0.46,36.62,0.32,0.46,36.61,0.32,0.45,,,
1663992,13048,13210,1.035,35.85,0.27,35.84,0.26,0.47,35.85,0.27,0.48,35.86,0.27,0.47,,,
1665284,6354,6756,1.018,35.22,0.14,35.21,0.14,0.49,35.23,0.14,0.49,35.23,0.14,0.49,,,
1668268,6765,6172,1.016,34.28,0.17,34.29,0.17,0.56,34.27,0.17,0.57,34.27,0.18,0.57,,,
1668561,5673,5913,1.016,35.36,0.17,35.37,0.17,0.56,35.36,0.17,0.59,35.36,0.17,0.58,,,
1669035,7211,6861,1.018,34.97,0.13,,,,,,,,,,34.97,0.13,0.57
1669105,6586,6980,1.018,34.30,0.32,34.30,0.31,0.56,34.29,0.32,0.59,34.30,0.33,0.59,34.11,0.36,0.65
1669474,6636,7004,1.018,35.09,0.18,35.09,0.17,0.39,35.09,0.18,0.40,35.08,0.18,0.40,35.11,0.18,0.53
1670546,6614,6905,1.018,34.98,0.19,34.99,0.18,0.56,34.98,0.19,0.58,34.99,0.19,0.57,,,
1670646,10487,9997,1.026,36.58,0.12,36.62,0.12,0.35,36.59,0.12,0.39,36.55,0.12,0.40,,,
1670777,6335,6736,1.018,33.83,0.20,33.83,0.20,0.56,33.83,0.20,0.59,33.84,0.21,0.58,,,
1671627,6411,5787,1.015,34.43,0.14,34.44,0.14,0.51,34.43,0.14,0.52,34.41,0.14,0.51,,,
1671830,8169,8559,1.023,35.61,0.14,35.60,0.14,0.50,35.61,0.14,0.51,35.61,0.15,0.50,35.68,0.14,0.60
1672167,9899,10200,1.027,36.24,0.23,36.23,0.22,0.47,36.24,0.23,0.47,36.24,0.23,0.47,,,
1672479,12100,12417,1.033,35.95,0.25,35.96,0.24,0.50,35.96,0.25,0.50,35.94,0.25,0.50,,,
1672836,10698,10072,1.027,37.01,0.13,37.03,0.12,0.35,37.00,0.13,0.39,37.01,0.13,0.40,,,
1673166,6027,5444,1.014,34.64,0.15,34.65,0.15,0.51,34.64,0.15,0.51,34.63,0.15,0.50,34.47,0.14,0.60
1673342,5850,5269,1.014,34.14,0.25,34.14,0.24,0.56,34.14,0.25,0.58,34.14,0.25,0.58,33.84,0.27,0.65
1675468,4915,5168,1.014,34.90,0.41,34.88,0.40,0.56,34.89,0.41,0.60,34.93,0.42,0.59,,,
1676370,6541,6837,1.018,34.82,0.20,34.82,0.19,0.56,34.82,0.20,0.59,34.83,0.20,0.59,,,
1678641,9276,9393,1.025,35.60,0.13,35.60,0.13,0.49,35.59,0.13,0.49,35.60,0.13,0.48,,,
1679109,9678,9922,1.026,35.57,0.17,35.56,0.17,0.38,35.57,0.17,0.39,35.58,0.17,0.40,,,
1679718,14115,14242,1.037,36.28,0.12,36.29,0.12,0.35,36.28,0.12,0.39,36.27,0.12,0.40,,,
1680930,13345,13418,1.035,36.29,0.14,36.28,0.14,0.35,36.29,0.14,0.39,36.30,0.14,0.40,,,
1682291,7409,7792,1.021,35.64,0.24,35.65,0.23,0.56,35.63,0.24,0.58,35.64,0.24,0.58,,,
1682311,6953,7328,1.019,34.65,0.23,34.66,0.22,0.56,34.65,0.23,0.59,34.65,0.23,0.59,34.84,0.25,0.65
1683891,6379,6767,1.018,34.59,0.19,34.58,0.18,0.56,34.58,0.19,0.59,34.61,0.19,0.59,,,
1684911,5339,5469,1.014,35.04,0.26,35.03,0.25,0.56,35.02,0.26,0.60,35.05,0.27,0.59,,,
1686494,9491,9864,1.026,36.52,0.14,36.51,0.14,0.50,36.49,0.14,0.50,36.56,0.14,0.50,,,
1686533,6274,6671,1.018,34.64,0.15,34.65,0.14,0.54,34.64,0.15,0.55,34.64,0.15,0.55,,,
1689673,6555,6946,1.018,35.12,0.13,35.13,0.13,0.40,35.12,0.13,0.41,35.11,0.13,0.40,,,
1693174,4345,4424,1.012,34.30,0.17,34.31,0.17,0.56,34.29,0.17,0.60,34.30,0.17,0.59,,,
1694421,13283,12705,1.033,36.03,0.19,36.03,0.19,0.40,36.02,0.19,0.41,36.03,0.19,0.40,,,
1695996,3578,3899,1.010,34.01,0.18,34.01,0.18,0.56,34.00,0.18,0.60,34.02,0.18,0.59,,,
1696613,6677,7050,1.019,35.60,0.15,35.62,0.15,0.53,35.59,0.15,0.54,35.58,0.15,0.53,35.49,0.14,0.62
1697543,6895,7275,1.019,35.67,0.16,35.64,0.16,0.56,35.67,0.16,0.58,35.69,0.17,0.57,,,
1698592,14980,15243,1.040,36.85,0.13,36.88,0.13,0.35,36.83,0.13,0.39,36.86,0.13,0.40,,,
1699342,11540,11931,1.031,36.39,0.28,36.39,0.27,0.35,36.39,0.28,0.39,36.38,0.29,0.40,,,
1700636,6083,6229,1.016,35.03,0.15,35.03,0.15,0.54,35.03,0.15,0.54,35.03,0.15,0.54,,,
1701110,10206,9856,1.026,36.19,0.26,,,,,,,,,,36.19,0.26,0.56
1702096,6027,6418,1.017,35.21,0.15,35.22,0.15,0.56,35.20,0.15,0.58,35.20,0.15,0.58,,,
1702677,12979,13370,1.035,36.79,0.13,36.79,0.13,0.35,36.79,0.13,0.39,36.80,0.13,0.40,,,
1705975,5276,5373,1.014,34.87,0.32,34.88,0.31,0.52,34.87,0.32,0.53,34.86,0.33,0.52,,,
1706574,9910,9578,1.025,35.82,0.12,,,,,,,,,,35.82,0.12,0.48
1706637,6199,6587,1.017,35.17,0.18,35.16,0.18,0.56,35.17,0.18,0.57,35.18,0.19,0.57,,,
1707532,6019,5436,1.014,33.60,0.50,33.61,0.48,0.56,33.61,0.50,0.60,33.60,0.51,0.59,33.52,0.57,0.66
1708438,6697,7040,1.019,34.71,0.41,34.70,0.39,0.56,34.70,0.41,0.60,34.73,0.41,0.59,,,
1709891,8242,8464,1.022,35.95,0.18,35.95,0.17,0.53,35.94,0.18,0.54,35.95,0.18,0.53,,,
1710134,10008,10392,1.027,34.86,0.16,34.87,0.15,0.56,34.86,0.16,0.58,34.85,0.16,0.58,,,
1710844,8472,7849,1.021,35.49,0.22,35.50,0.21,0.46,35.50,0.22,0.46,35.49,0.22,0.45,,,
1712509,3561,3924,1.010,34.43,0.15,34.44,0.14,0.56,34.43,0.15,0.58,34.43,0.15,0.57,,,
1712782,6963,7336,1.019,36.09,0.18,36.10,0.17,0.47,36.09,0.18,0.47,36.08,0.18,0.46,,,
1712979,7551,7523,1.020,35.00,0.15,35.01,0.14,0.50,34.99,0.15,0.50,35.00,0.15,0.50,,,
1713203,12701,12081,1.032,36.68,0.38,36.68,0.36,0.35,36.69,0.38,0.39,36.67,0.38,0.40,,,
1713379,10428,10666,1.028,36.46,0.14,36.47,0.14,0.41,36.46,0.14,0.42,36.46,0.14,0.41,,,
1714044,13098,12468,1.033,36.31,0.20,36.34,0.19,0.35,36.31,0.20,0.39,36.30,0.20,0.40,,,
1714462,4922,5017,1.013,34.39,0.25,34.39,0.24,0.56,34.39,0.25,0.59,34.40,0.25,0.59,,,
1715761,4751,5130,1.014,35.60,0.16,35.62,0.16,0.55,35.60,0.16,0.56,35.58,0.16,0.56,,,
1717357,12370,11968,1.031,35.13,0.14,35.14,0.14,0.39,35.13,0.14,0.40,35.12,0.14,0.40,,,
1717815,3579,3940,1.010,33.97,0.19,33.99,0.19,0.56,33.97,0.19,0.59,33.96,0.19,0.59,,,
1718269,9917,10006,1.026,35.97,0.13,35.95,0.13,0.35,35.97,0.13,0.39,35.99,0.13,0.40,,,
1718798,6173,6545,1.017,34.94,0.19,34.94,0.18,0.56,34.94,0.19,0.57,34.94,0.19,0.56,,,
1720474,11533,11449,1.030,35.03,0.17,35.03,0.17,0.53,35.03,0.17,0.54,35.03,0.17,0.53,,,
1721388,6276,6559,1.017,35.20,0.17,35.21,0.17,0.54,35.20,0.17,0.54,35.20,0.18,0.54,35.16,0.17,0.63
1721876,10695,10297,1.027,35.89,0.18,35.90,0.18,0.50,35.89,0.18,0.51,35.88,0.18,0.50,,,
1722011,7036,7302,1.019,35.70,0.24,35.70,0.24,0.51,35.71,0.24,0.51,35.70,0.25,0.50,,,
1722508,11935,11836,1.031,36.22,0.20,36.25,0.20,0.39,36.23,0.20,0.40,36.19,0.21,0.40,,,
1722532,9138,9354,1.025,35.94,0.26,35.93,0.25,0.48,35.95,0.26,0.48,35.95,0.26,0.47,,,
1724183,6891,7161,1.019,34.66,0.25,34.65,0.25,0.56,34.66,0.25,0.59,34.67,0.26,0.58,34.77,0.27,0.65
1726421,6212,6583,1.017,34.86,0.17,34.86,0.17,0.55,34.86,0.17,0.56,34.87,0.17,0.56,,,
1726960,12581,12933,1.034,37.04,0.21,37.02,0.20,0.44,37.04,0.21,0.45,37.07,0.21,0.44,,,
1729964,1891,2191,1.006,33.09,0.52,33.09,0.50,0.56,33.09,0.52,0.60,33.09,0.53,0.59,,,
1730556,6875,6900,1.018,35.00,0.14,35.01,0.14,0.50,35.00,0.14,0.51,35.00,0.14,0.50,,,
1733796,9893,10252,1.027,36.15,0.13,36.15,0.13,0.49,36.15,0.13,0.49,36.16,0.13,0.48,,,
1735087,9343,9704,1.026,35.52,0.13,35.52,0.13,0.39,35.52,0.13,0.40,35.51,0.13,0.40,,,
1736432,3111,3476,1.009,34.96,0.25,34.95,0.24,0.55,34.95,0.25,0.56,34.97,0.25,0.55,,,
1738223,8318,7813,1.021,35.00,0.15,35.02,0.15,0.50,35.00,0.15,0.51,34.99,0.15,0.50,,,
1738851,9837,9927,1.026,34.79,0.31,34.78,0.30,0.56,34.79,0.31,0.60,34.80,0.32,0.59,,,
1738874,2814,3181,1.008,33.67,0.22,33.67,0.21,0.56,33.66,0.22,0.59,33.68,0.22,0.59,,,
1738903,11234,11148,1.029,35.37,0.13,35.40,0.13,0.45,35.37,0.13,0.45,35.35,0.13,0.44,,,
1739538,6093,6472,1.017,34.44,0.16,34.44,0.16,0.56,34.44,0.16,0.58,34.45,0.16,0.58,,,
1739846,1774,2129,1.006,33.91,0.18,33.92,0.18,0.56,33.90,0.18,0.60,33.92,0.18,0.59,,,
1740300,9601,9803,1.026,35.46,0.20,35.47,0.19,0.41,35.46,0.20,0.42,35.46,0.20,0.41,,,
1740490,4520,4669,1.012,33.14,0.25,33.14,0.24,0.56,33.14,0.25,0.60,33.16,0.25,0.59,,,
1742649,12771,12142,1.032,36.39,0.16,36.39,0.16,0.35,36.40,0.16,0.39,36.39,0.16,0.40,,,
1742752,8362,7857,1.021,35.71,0.16,35.72,0.15,0.51,35.71,0.16,0.52,35.69,0.16,0.51,,,
1744765,12769,12310,1.032,36.07,0.18,36.09,0.18,0.35,36.07,0.18,0.39,36.06,0.18,0.40,,,
1745706,2372,2693,1.007,32.97,0.25,32.97,0.24,0.56,32.96,0.25,0.60,32.98,0.25,0.59,,,
1746411,12081,12206,1.032,36.49,0.14,36.50,0.13,0.35,36.48,0.14,0.39,36.48,0.14,0.40,,,
1747031,6887,6943,1.018,34.45,0.37,34.45,0.36,0.56,34.45,0.37,0.59,34.45,0.38,0.59,,,
1748393,5638,5990,1.016,34.63,0.15,34.62,0.15,0.55,34.63,0.15,0.56,34.64,0.15,0.55,,,
1748738,13926,13904,1.036,36.53,0.14,36.56,0.14,0.35,36.52,0.14,0.39,36.52,0.14,0.40,,,
1749529,9879,9259,1.024,35.93,0.13,35.94,0.13,0.38,35.94,0.13,0.39,35.93,0.13,0.40,,,
1750220,6340,6717,1.018,36.12,0.39,36.11,0.37,0.55,36.13,0.39,0.56,36.13,0.39,0.56,,,
1750703,6590,6942,1.018,34.72,0.18,34.73,0.17,0.56,34.72,0.18,0.58,34.72,0.18,0.58,,,
1753152,7020,6403,1.017,34.53,0.39,34.53,0.37,0.56,34.53,0.39,0.58,34.53,0.39,0.57,,,
1753226,12379,11910,1.031,35.86,0.13,35.89,0.13,0.35,35.86,0.13,0.39,35.84,0.13,0.40,,,
1755085,9831,10018,1.026,35.84,0.14,35.85,0.14,0.55,35.83,0.14,0.57,35.84,0.14,0.56,,,
1758561,9541,8929,1.024,35.45,0.29,35.44,0.28,0.53,35.46,0.29,0.53,35.45,0.29,0.52,35.32,0.32,0.62
1759040,6425,6800,1.018,35.10,0.14,35.10,0.14,0.53,35.09,0.14,0.53,35.11,0.14,0.53,,,
1759841,7767,7138,1.019,33.19,0.65,33.19,0.62,0.56,33.21,0.65,0.60,33.17,0.66,0.59,,,
1763076,7549,6955,1.018,35.28,0.31,35.29,0.30,0.48,35.28,0.31,0.48,35.26,0.31,0.47,,,
1763509,7576,6996,1.018,36.04,0.38,36.04,0.36,0.43,36.04,0.38,0.44,36.04,0.38,0.43,,,
1763830,6520,6891,1.018,35.35,0.29,35.34,0.28,0.56,35.34,0.29,0.60,35.36,0.29,0.59,,,
1763946,8310,7692,1.020,34.36,0.32,34.38,0.31,0.55,34.36,0.32,0.56,34.34,0.32,0.55,,,
1764097,12696,13053,1.034,36.31,0.15,36.35,0.15,0.50,36.33,0.15,0.50,36.27,0.15,0.49,,,
1766890,7815,8106,1.021,35.46,0.15,35.43,0.15,0.56,35.44,0.15,0.59,35.50,0.16,0.59,35.75,0.15,0.65
1767894,8049,8285,1.022,35.23,0.13,35.22,0.13,0.43,35.23,0.13,0.43,35.24,0.13,0.42,,,
1768882,7155,6663,1.018,35.14,0.13,35.15,0.13,0.45,35.14,0.13,0.45,35.13,0.13,0.44,,,
1775717,12686,12057,1.032,36.78,0.41,36.75,0.39,0.35,36.79,0.41,0.39,36.79,0.41,0.40,,,
1776149,6339,6710,1.018,35.13,0.16,35.13,0.15,0.55,35.13,0.16,0.56,35.12,0.16,0.55,,,
1776183,11303,10892,1.029,36.38,0.16,36.37,0.16,0.35,36.38,0.16,0.39,36.39,0.16,0.40,,,
1776198,10300,10232,1.027,35.92,0.23,35.91,0.23,0.35,35.92,0.23,0.39,35.92,0.24,0.40,,,
1776406,6250,6619,1.017,33.11,0.25,33.11,0.25,0.56,33.10,0.25,0.60,33.11,0.26,0.59,,,
1776658,4469,4365,1.012,34.62,0.15,34.62,0.14,0.55,34.62,0.15,0.55,34.62,0.15,0.55,,,
1778403,8486,7882,1.021,35.24,0.27,35.26,0.26,0.47,35.23,0.27,0.47,35.21,0.27,0.46,34.70,0.29,0.58
1778906,6317,5965,1.016,35.25,0.32,,,,,,,,,,35.25,0.32,0.60
1779207,12583,12930,1.034,36.34,0.23,36.33,0.22,0.51,36.36,0.23,0.51,36.32,0.23,0.50,,,
1780986,14585,14926,1.039,36.13,0.14,36.15,0.14,0.53,36.14,0.14,0.53,36.12,0.14,0.53,,,
1781021,8421,7847,1.021,35.99,0.26,36.00,0.25,0.44,35.99,0.26,0.45,35.98,0.27,0.44,,,
1781344,6468,6837,1.018,35.13,0.13,35.14,0.13,0.43,35.13,0.13,0.44,35.13,0.13,0.43,,,
1782334,3778,4139,1.011,35.29,0.29,35.28,0.28,0.56,35.28,0.29,0.59,35.30,0.30,0.59,,,
1782560,6051,6310,1.017,35.22,0.16,35.22,0.16,0.56,35.21,0.16,0.57,35.22,0.16,0.56,,,
1783858,7793,8020,1.021,35.80,0.13,35.79,0.13,0.49,35.80,0.13,0.50,35.81,0.13,0.49,,,
1786767,7226,7243,1.019,35.24,0.15,35.25,0.15,0.51,35.24,0.15,0.51,35.24,0.15,0.50,,,
1787175,9435,9485,1.025,35.65,0.14,35.68,0.14,0.47,35.65,0.14,0.47,35.62,0.14,0.46,,,
1787183,4039,4392,1.012,34.55,0.18,34.54,0.17,0.56,34.54,0.18,0.60,34.57,0.18,0.59,,,
1787484,7420,7700,1.020,34.48,0.27,34.47,0.27,0.56,34.48,0.27,0.60,34.50,0.28,0.59,34.45,0.30,0.66
1789145,8040,7429,1.020,34.41,0.45,34.42,0.44,0.56,34.42,0.45,0.58,34.39,0.46,0.57,34.00,0.51,0.64
1789379,6440,6807,1.018,35.39,0.15,35.41,0.15,0.54,35.40,0.15,0.55,35.38,0.15,0.55,,,
1791908,5462,4895,1.013,34.62,0.46,34.63,0.44,0.56,34.63,0.46,0.60,34.61,0.46,0.59,,,
1792022,9887,9870,1.026,35.42,0.15,35.42,0.15,0.53,35.41,0.15,0.53,35.42,0.15,0.52,,,
1793779,5415,4851,1.013,34.01,0.14,34.01,0.14,0.55,34.00,0.14,0.57,34.00,0.14,0.56,,,
1794228,9993,10038,1.026,35.97,0.12,35.97,0.12,0.35,35.98,0.12,0.39,35.96,0.12,0.40,,,
1794380,9677,10043,1.026,36.44,0.13,36.44,0.13,0.52,36.44,0.13,0.52,36.43,0.14,0.52,,,
1794972,10692,10920,1.029,36.13,0.13,36.14,0.13,0.35,36.12,0.13,0.39,36.12,0.13,0.40,,,
1795044,10334,9972,1.026,36.21,0.23,,,,,,,,,,36.21,0.23,0.61
1795920,10981,10566,1.028,35.86,0.22,35.84,0.21,0.44,35.86,0.22,0.45,35.88,0.22,0.44,,,
1796013,7382,6756,1.018,34.64,0.31,34.66,0.30,0.56,34.64,0.31,0.58,34.62,0.31,0.57,,,
1797316,11155,11392,1.030,35.49,0.22,35.49,0.22,0.52,35.49,0.22,0.53,35.49,0.23,0.52,,,
1797544,10924,11149,1.029,36.23,0.12,36.23,0.12,0.35,36.23,0.12,0.39,36.24,0.12,0.40,,,
1798258,6321,6682,1.018,34.69,0.16,34.70,0.16,0.56,34.69,0.16,0.59,34.69,0.16,0.58,,,
1798333,7962,7351,1.019,33.69,0.25,33.70,0.24,0.56,33.69,0.25,0.58,33.68,0.26,0.58,,,
1799182,2087,2100,1.006,32.55,0.30,32.54,0.29,0.56,32.54,0.30,0.60,32.57,0.30,0.59,,,
1800162,11289,10802,1.028,35.89,0.17,35.90,0.17,0.35,35.89,0.17,0.39,35.88,0.17,0.40,,,
1800577,5506,5113,1.014,34.63,0.35,34.63,0.33,0.54,34.64,0.35,0.55,34.63,0.35,0.55,,,
1801205,9844,9271,1.024,36.61,0.41,36.62,0.39,0.49,36.63,0.41,0.49,36.58,0.42,0.48,,,
1801805,9853,9444,1.025,35.91,0.28,35.92,0.27,0.38,35.91,0.28,0.39,35.89,0.29,0.40,,,
1801925,11428,11791,1.031,35.94,0.12,35.95,0.12,0.35,35.93,0.12,0.39,35.94,0.12,0.40,,,
1802210,3955,3369,1.009,33.62,0.18,33.62,0.18,0.56,33.61,0.18,0.60,33.63,0.19,0.59,,,
1804303,9433,8817,1.023,35.37,0.37,35.37,0.36,0.54,35.37,0.37,0.55,35.36,0.38,0.55,35.15,0.41,0.63
1806071,10574,10012,1.026,35.33,0.14,35.34,0.14,0.44,35.32,0.14,0.44,35.33,0.14,0.43,,,
1806748,17676,17064,1.045,37.21,0.24,37.22,0.23,0.35,37.21,0.24,0.39,37.21,0.25,0.40,,,
1808609,4757,4144,1.011,32.59,0.33,32.58,0.32,0.56,32.59,0.33,0.60,32.60,0.34,0.59,,,
1809186,9466,8856,1.023,35.18,0.16,35.19,0.16,0.46,35.18,0.16,0.46,35.17,0.17,0.45,35.18,0.16,0.57
1809668,12101,11505,1.030,36.96,0.29,36.95,0.28,0.50,36.95,0.29,0.51,36.96,0.30,0.50,,,
1810033,5497,4892,1.013,34.64,0.25,34.65,0.24,0.56,34.64,0.25,0.57,34.63,0.25,0.57,,,
1810208,7773,7179,1.019,35.37,0.49,35.36,0.47,0.56,35.37,0.49,0.60,35.36,0.49,0.59,,,
1810526,8589,7981,1.021,35.80,0.23,,,,,,,,,,35.80,0.23,0.48
1811357,4057,4418,1.012,34.76,0.16,34.76,0.15,0.56,34.76,0.16,0.60,34.77,0.16,0.59,,,
1813242,3801,3177,1.008,32.04,0.85,32.03,0.82,0.56,32.03,0.85,0.60,32.05,0.87,0.59,,,
1814509,10149,10509,1.028,36.54,0.25,36.49,0.24,0.46,36.53,0.25,0.47,36.59,0.25,0.46,,,
1815965,10954,10484,1.028,35.77,0.15,35.77,0.15,0.51,35.77,0.15,0.52,35.76,0.16,0.51,,,
1819065,7364,7302,1.019,34.90,0.22,34.91,0.21,0.56,34.90,0.22,0.59,34.90,0.22,0.59,,,
1819988,6053,6374,1.017,35.37,0.19,35.37,0.19,0.55,35.37,0.19,0.57,35.38,0.20,0.56,,,
1821272,7785,7190,1.019,35.40,0.42,35.41,0.41,0.49,35.40,0.42,0.49,35.38,0.43,0.48,,,
1823041,7971,8284,1.022,35.58,0.14,35.59,0.14,0.41,35.58,0.14,0.41,35.57,0.14,0.40,,,
1823684,9207,8599,1.023,35.54,0.28,35.55,0.27,0.50,35.54,0.28,0.50,35.54,0.28,0.49,35.28,0.30,0.59
1825294,7653,7026,1.019,34.63,0.17,34.63,0.16,0.54,34.63,0.17,0.55,34.64,0.17,0.54,,,
1826770,8569,8901,1.023,35.90,0.37,35.92,0.35,0.50,35.93,0.37,0.50,35.86,0.37,0.50,,,
1829631,6359,6318,1.017,35.16,0.19,35.16,0.18,0.56,35.15,0.19,0.59,35.15,0.19,0.59,,,
1829752,3520,3841,1.010,34.13,0.21,34.14,0.20,0.56,34.12,0.21,0.60,34.12,0.21,0.59,,,
1830772,6163,6461,1.017,34.31,0.18,34.31,0.18,0.56,34.31,0.18,0.57,34.30,0.18,0.57,,,
1831130,9009,8397,1.022,34.93,0.39,34.93,0.38,0.55,34.94,0.39,0.56,34.92,0.40,0.55,34.76,0.44,0.63
1831385,6132,5507,1.015,34.07,0.18,34.07,0.18,0.53,34.07,0.18,0.53,34.08,0.18,0.53,,,
1831799,2183,2530,1.007,33.74,0.19,33.75,0.19,0.56,33.73,0.19,0.60,33.74,0.19,0.59,,,
1832344,5393,5554,1.015,35.23,0.46,35.22,0.45,0.55,35.24,0.46,0.57,35.23,0.47,0.56,,,
1833846,9357,9343,1.025,35.86,0.30,35.89,0.29,0.55,35.86,0.30,0.56,35.84,0.31,0.55,,,
1834191,6244,6598,1.017,35.00,0.16,35.01,0.16,0.55,34.99,0.16,0.56,35.00,0.17,0.56,,,
1834439,14647,14767,1.039,36.84,0.26,36.81,0.25,0.35,36.85,0.26,0.39,36.85,0.26,0.40,,,
1834820,4579,4846,1.013,34.71,0.17,34.71,0.17,0.56,34.70,0.17,0.59,34.71,0.17,0.59,,,
1835223,7806,8087,1.021,35.27,0.30,35.28,0.29,0.53,35.27,0.30,0.54,35.27,0.31,0.53,35.20,0.33,0.62
1835916,11635,11838,1.031,35.94,0.18,35.94,0.17,0.35,35.94,0.18,0.39,35.95,0.18,0.40,,,
1836659,12349,12487,1.033,36.19,0.15,36.19,0.15,0.35,36.18,0.15,0.39,36.18,0.15,0.40,,,
1836905,7142,6531,1.017,35.00,0.25,35.00,0.24,0.55,35.00,0.25,0.56,35.00,0.26,0.55,,,
1836988,7095,7383,1.019,34.76,0.15,34.77,0.14,0.56,34.76,0.15,0.58,34.75,0.15,0.57,34.86,0.14,0.65
1837824,7136,6511,1.017,35.45,0.15,35.43,0.15,0.51,35.44,0.15,0.52,35.46,0.16,0.51,,,
1837976,4532,4660,1.012,34.22,0.16,34.22,0.16,0.56,34.21,0.16,0.60,34.22,0.16,0.59,,,
1838642,7881,8096,1.021,35.89,0.15,35.90,0.14,0.56,35.88,0.15,0.57,35.87,0.15,0.57,,,
1838759,14615,14916,1.039,36.98,0.16,36.99,0.16,0.36,36.98,0.16,0.39,36.97,0.17,0.40,,,
1840001,3774,4085,1.011,34.30,0.24,34.31,0.23,0.56,34.30,0.24,0.59,34.29,0.25,0.58,,,
1842977,10441,10760,1.028,36.40,0.14,36.40,0.14,0.48,36.40,0.14,0.48,36.40,0.14,0.48,,,
1844733,5565,4953,1.013,34.06,0.15,34.08,0.15,0.56,34.06,0.15,0.57,34.05,0.15,0.56,,,
1845056,1169,1497,1.004,32.97,0.29,32.97,0.28,0.56,32.97,0.29,0.60,32.98,0.29,0.59,,,
1846998,6852,7191,1.019,34.86,0.13,34.88,0.13,0.47,34.86,0.13,0.47,34.85,0.13,0.46,,,
1849525,7198,6567,1.017,35.50,0.15,35.52,0.14,0.49,35.50,0.15,0.49,35.49,0.15,0.49,,,
1851613,9342,8714,1.023,35.81,0.23,35.81,0.22,0.51,35.80,0.23,0.51,35.81,0.23,0.51,,,
1853288,13404,13607,1.036,36.52,0.26,36.53,0.25,0.39,36.52,0.26,0.40,36.51,0.27,0.40,,,
1856187,8964,9297,1.024,36.34,0.18,36.33,0.17,0.41,36.35,0.18,0.41,36.35,0.18,0.40,,,
1856846,8304,7712,1.020,35.34,0.45,35.35,0.43,0.56,35.35,0.45,0.60,35.33,0.45,0.59,,,
1857314,10655,10103,1.027,35.07,0.24,35.08,0.24,0.55,35.07,0.24,0.56,35.06,0.25,0.56,,,
1859243,6372,6580,1.017,35.57,0.31,35.57,0.29,0.55,35.58,0.31,0.56,35.58,0.31,0.55,,,
1860497,6145,6458,1.017,34.17,0.15,34.19,0.15,0.56,34.17,0.15,0.58,34.15,0.15,0.58,,,
1862749,3779,3865,1.010,34.02,0.16,34.02,0.16,0.56,34.02,0.16,0.60,34.02,0.16,0.59,,,
1863351,8145,8437,1.022,35.33,0.16,35.34,0.15,0.55,35.32,0.16,0.57,35.32,0.16,0.56,,,
1866344,10538,10676,1.028,35.01,0.13,35.00,0.13,0.47,35.01,0.13,0.47,35.02,0.13,0.46,,,
1866678,4536,4820,1.013,34.25,0.19,34.25,0.19,0.56,34.25,0.19,0.60,34.25,0.19,0.59,,,
1867944,4478,4415,1.012,33.56,0.19,33.56,0.19,0.56,33.55,0.19,0.60,33.57,0.19,0.59,,,
1868107,6888,7110,1.019,35.24,0.18,35.28,0.18,0.54,35.23,0.18,0.55,35.22,0.18,0.55,,,
1869094,8772,8384,1.022,34.85,0.14,34.87,0.14,0.51,34.85,0.14,0.51,34.83,0.14,0.50,,,
1869192,8196,8483,1.022,35.71,0.43,35.72,0.42,0.53,35.72,0.43,0.54,35.70,0.44,0.53,,,
1871091,5564,4998,1.013,35.00,0.23,35.00,0.22,0.36,35.00,0.23,0.39,34.99,0.23,0.40,,,
1871606,7208,6662,1.018,35.54,0.23,35.55,0.22,0.50,35.55,0.23,0.50,35.53,0.23,0.49,,,
1874639,7062,6442,1.017,34.05,0.18,34.04,0.18,0.56,34.04,0.18,0.58,34.06,0.18,0.58,,,
1875149,7224,6651,1.018,35.67,0.16,35.65,0.16,0.42,35.67,0.16,0.42,35.68,0.16,0.41,,,
1875500,9151,8737,1.023,34.85,0.49,34.89,0.47,0.52,34.87,0.49,0.52,34.81,0.50,0.52,,,
1877049,5364,4746,1.013,34.38,0.18,34.38,0.17,0.56,34.37,0.18,0.60,34.39,0.18,0.59,,,
1879657,10607,10048,1.026,36.22,0.13,36.23,0.13,0.35,36.21,0.13,0.39,36.20,0.13,0.40,,,
1880431,16753,17076,1.045,37.61,0.23,37.61,0.22,0.35,37.63,0.23,0.39,37.60,0.23,0.40,,,
1885347,4586,4754,1.013,34.29,0.21,34.29,0.21,0.56,34.28,0.21,0.60,34.29,0.21,0.59,,,
1885372,10105,10443,1.027,35.82,0.13,35.82,0.13,0.35,35.82,0.13,0.39,35.81,0.14,0.40,,,
1897176,6668,6086,1.016,34.73,0.17,34.74,0.17,0.52,34.72,0.17,0.53,34.71,0.17,0.52,34.49,0.17,0.61
1897674,5007,5201,1.014,35.38,0.17,35.39,0.16,0.56,35.37,0.17,0.59,35.37,0.17,0.58,,,
1900773,3978,3349,1.009,33.31,0.14,33.33,0.14,0.55,33.31,0.14,0.56,33.30,0.14,0.55,,,
1902722,7789,7167,1.019,35.25,0.13,35.25,0.13,0.47,35.25,0.13,0.47,35.25,0.13,0.46,,,
1902752,6357,5785,1.015,34.88,0.13,34.89,0.13,0.43,34.88,0.13,0.44,34.87,0.13,0.43,,,
1903418,6940,6380,1.017,34.49,0.18,34.50,0.18,0.56,34.49,0.18,0.59,34.49,0.18,0.58,,,
1903452,7093,7398,1.020,34.48,0.28,34.47,0.27,0.56,34.47,0.28,0.60,34.49,0.28,0.59,,,
1904688,11148,10795,1.028,35.67,0.16,,,,,,,,,,35.67,0.16,0.58
1908403,10847,10283,1.027,37.11,0.25,37.07,0.25,0.42,37.13,0.25,0.42,37.12,0.26,0.41,,,
1912053,7424,6795,1.018,34.84,0.14,34.84,0.14,0.48,34.84,0.14,0.48,34.83,0.14,0.47,,,
1923117,6886,7110,1.019,35.03,0.15,35.04,0.15,0.50,35.03,0.15,0.50,35.02,0.15,0.50,35.13,0.15,0.60
1925149,6966,7265,1.019,34.89,0.16,34.88,0.16,0.56,34.88,0.16,0.58,34.91,0.16,0.58,,,
1925998,6950,7121,1.019,34.62,0.31,34.62,0.30,0.55,34.63,0.31,0.56,34.62,0.31,0.56,,,
1928708,6463,6787,1.018,35.00,0.14,35.01,0.14,0.48,35.00,0.14,0.48,34.99,0.14,0.48,,,
1930896,5687,5128,1.014,34.90,0.19,34.90,0.19,0.56,34.90,0.19,0.58,34.90,0.19,0.57,,,
1931880,10502,10084,1.027,35.15,0.22,35.17,0.22,0.55,35.15,0.22,0.56,35.13,0.23,0.55,,,
1939305,9605,9915,1.026,35.76,0.13,35.76,0.13,0.43,35.76,0.13,0.43,35.76,0.13,0.42,,,
1941866,12840,13151,1.034,36.76,0.12,36.79,0.12,0.35,36.77,0.12,0.39,36.73,0.12,0.40,,,
1946629,3308,3607,1.010,33.77,0.19,33.77,0.18,0.56,33.77,0.19,0.60,33.78,0.19,0.59,,,
1948571,4988,4573,1.012,32.94,0.34,32.94,0.33,0.56,32.93,0.34,0.60,32.94,0.34,0.59,32.60,0.37,0.66
1950028,10954,10468,1.028,36.05,0.13,36.09,0.13,0.38,36.04,0.13,0.39,36.01,0.13,0.40,,,
1960307,6266,6488,1.017,33.98,0.15,33.97,0.15,0.56,33.97,0.15,0.59,34.00,0.15,0.58,34.25,0.15,0.65
1960313,6600,6030,1.016,33.76,0.20,33.76,0.20,0.56,33.76,0.20,0.60,33.77,0.20,0.59,,,
1962194,6263,5715,1.015,34.16,0.24,34.18,0.23,0.53,34.16,0.24,0.53,34.13,0.24,0.52,,,
1964491,7015,6387,1.017,34.15,0.15,34.16,0.14,0.56,34.14,0.15,0.58,34.13,0.15,0.57,,,
1966406,7799,7297,1.019,35.95,0.17,35.97,0.17,0.53,35.95,0.17,0.53,35.94,0.18,0.53,,,
1973805,8816,8928,1.024,35.00,0.16,35.00,0.15,0.54,35.00,0.16,0.55,35.00,0.16,0.54,,,
1973976,9039,9278,1.024,35.02,0.29,35.01,0.28,0.56,35.02,0.29,0.59,35.03,0.29,0.59,34.93,0.32,0.65
1980194,5194,5399,1.014,34.45,0.24,34.44,0.23,0.56,34.44,0.24,0.59,34.46,0.24,0.59,,,
1987458,4147,3536,1.009,34.67,0.14,34.69,0.14,0.46,34.67,0.14,0.46,34.64,0.14,0.45,,,
1988121,11468,10986,1.029,35.77,0.23,35.78,0.22,0.38,35.77,0.23,0.39,35.76,0.23,0.40,,,
1990089,7468,7656,1.020,34.81,0.21,34.80,0.20,0.56,34.80,0.21,0.60,34.83,0.21,0.59,,,
1996875,10338,10540,1.028,35.64,0.17,35.66,0.17,0.46,35.64,0.17,0.46,35.63,0.18,0.45,,,
1999635,10429,9819,1.026,35.98,0.12,36.01,0.12,0.35,35.98,0.12,0.39,35.95,0.12,0.40,,,
1999660,7719,8002,1.021,35.02,0.12,35.02,0.12,0.35,35.02,0.12,0.39,35.01,0.12,0.40,,,
2005102,5240,4627,1.012,34.12,0.22,34.13,0.21,0.56,34.11,0.22,0.60,34.10,0.22,0.59,,,
2008020,8069,7441,1.020,36.03,0.18,36.03,0.18,0.51,36.03,0.18,0.51,36.02,0.18,0.50,,,
2012770,6199,6240,1.016,35.04,0.13,35.04,0.13,0.44,35.04,0.13,0.44,35.04,0.13,0.43,,,
2014914,7618,7004,1.018,35.34,0.44,,,,,,,,,,35.34,0.44,0.64
2026777,14389,14019,1.037,36.71,0.16,36.70,0.15,0.35,36.69,0.16,0.39,36.72,0.16,0.40,,,
2026905,2504,2799,1.007,32.87,0.18,32.88,0.18,0.56,32.86,0.18,0.60,32.88,0.19,0.59,,,
2027564,5477,5070,1.013,34.33,0.13,,,,,,,,,,34.33,0.13,0.63
2029316,5383,5003,1.013,34.54,0.18,34.57,0.18,0.54,34.54,0.18,0.54,34.53,0.18,0.54,34.34,0.18,0.62
2031794,11218,11525,1.030,36.55,0.23,36.58,0.23,0.43,36.55,0.23,0.43,36.52,0.24,0.42,,,
2033243,10806,10376,1.027,35.91,0.13,,,,,,,,,,35.91,0.13,0.55
2034776,10338,10632,1.028,35.20,0.17,35.19,0.16,0.55,35.19,0.17,0.56,35.21,0.17,0.56,,,
2035088,10227,9600,1.025,36.31,0.24,36.29,0.23,0.46,36.31,0.24,0.46,36.35,0.24,0.45,,,
2036114,1584,1888,1.005,33.48,0.29,33.48,0.28,0.56,33.48,0.29,0.60,33.49,0.29,0.59,,,
2036190,13318,13619,1.036,37.14,0.21,37.14,0.20,0.52,37.21,0.21,0.52,37.07,0.21,0.51,,,
2037244,6826,7088,1.019,34.60,0.16,34.62,0.15,0.56,34.60,0.16,0.59,34.60,0.16,0.58,,,
2039082,6182,6218,1.016,35.31,0.20,35.32,0.20,0.50,35.31,0.20,0.50,35.30,0.21,0.49,,,
2041387,6079,5455,1.014,34.61,0.27,34.60,0.26,0.43,34.61,0.27,0.43,34.61,0.27,0.42,,,
2041781,9730,9330,1.025,35.30,0.11,,,,,,,,,,35.30,0.11,0.51
2043261,14095,14365,1.038,37.06,0.13,37.12,0.13,0.38,37.07,0.13,0.39,37.00,0.13,0.40,,,
2043826,6514,6804,1.018,34.83,0.17,34.84,0.16,0.56,34.83,0.17,0.59,34.82,0.17,0.59,,,
2043902,4207,4442,1.012,33.76,0.24,33.76,0.23,0.56,33.75,0.24,0.60,33.76,0.24,0.59,,,
2044571,6338,6622,1.017,34.44,0.16,34.44,0.16,0.56,34.44,0.16,0.60,34.44,0.16,0.59,,,
2045810,11708,11262,1.030,36.33,0.31,,,,,,,,,,36.33,0.31,0.53
2047957,6661,6036,1.016,34.34,0.26,,,,,,,,,,34.34,0.26,0.63
2050148,5181,4651,1.012,34.44,0.26,34.43,0.25,0.56,34.43,0.26,0.60,34.44,0.26,0.59,34.62,0.28,0.66
2050781,6444,5883,1.016,33.77,0.30,33.76,0.29,0.56,33.76,0.30,0.60,33.78,0.31,0.59,,,
2053217,5982,6263,1.017,34.14,0.22,34.15,0.22,0.56,34.14,0.22,0.60,34.14,0.23,0.59,,,
2056688,6305,5680,1.015,34.11,0.20,34.13,0.19,0.55,34.11,0.20,0.56,34.09,0.20,0.55,33.93,0.21,0.63
2057095,7423,6798,1.018,35.10,0.25,,,,,,,,,,35.10,0.25,0.51
2057435,9160,9227,1.024,34.80,0.18,34.81,0.18,0.49,34.80,0.18,0.49,34.79,0.19,0.49,,,
2061156,10999,10550,1.028,35.67,0.30,,,,,,,,,,35.67,0.30,0.59
2062277,6664,6039,1.016,34.20,0.15,34.18,0.15,0.56,34.19,0.15,0.58,34.21,0.15,0.58,34.79,0.14,0.65
2064608,2455,2735,1.007,32.99,0.20,32.98,0.20,0.56,32.98,0.20,0.60,33.00,0.21,0.59,,,
2069008,9891,9473,1.025,35.03,0.11,,,,,,,,,,35.03,0.11,0.57
2069619,8293,8390,1.022,35.10,0.16,35.12,0.16,0.56,35.10,0.16,0.57,35.09,0.16,0.57,,,
2070661,13400,13015,1.034,36.03,0.14,,,,,,,,,,36.03,0.14,0.52
2071660,7295,7566,1.020,35.70,0.25,35.69,0.24,0.55,35.70,0.25,0.56,35.71,0.26,0.56,,,
2071747,5441,5062,1.013,35.02,0.22,,,,,,,,,,35.02,0.22,0.62
2071924,8467,7843,1.021,35.22,0.14,35.22,0.14,0.46,35.22,0.14,0.47,35.22,0.14,0.46,,,
2074388,6044,5427,1.014,34.26,0.14,,,,,,,,,,34.26,0.14,0.65
2074451,9379,8986,1.024,35.20,0.12,,,,,,,,,,35.20,0.12,0.58
2075680,4582,3959,1.010,32.91,0.26,,,,,,,,,,32.91,0.26,0.66
2090075,7515,7583,1.020,35.55,0.29,35.54,0.28,0.50,35.56,0.29,0.51,35.55,0.29,0.50,,,
2104051,6721,6803,1.018,34.10,0.36,34.09,0.34,0.56,34.10,0.36,0.57,34.11,0.36,0.57,,,
2111203,6503,5969,1.016,35.00,0.21,,,,,,,,,,35.00,0.21,0.48
2135066,6908,6962,1.018,34.16,0.39,34.17,0.37,0.56,34.17,0.39,0.59,34.14,0.39,0.58,,,
2142467,8297,8420,1.022,35.67,0.28,35.67,0.27,0.49,35.67,0.28,0.49,35.68,0.28,0.48,35.70,0.30,0.59
2144996,6935,6886,1.018,35.14,0.42,35.13,0.41,0.56,35.14,0.42,0.59,35.15,0.43,0.58,35.29,0.47,0.65
2164732,6530,6485,1.017,35.51,0.28,35.51,0.27,0.50,35.51,0.28,0.51,35.51,0.29,0.50,35.37,0.31,0.60
2167999,6069,5855,1.015,34.85,0.22,,,,,,,,,,34.85,0.22,0.48
2171051,5317,4930,1.013,33.46,0.50,,,,,,,,,,33.46,0.50,0.65
2183839,9006,9077,1.024,35.87,0.31,35.86,0.30,0.54,35.87,0.31,0.55,35.88,0.32,0.55,,,
2188844,5204,5171,1.014,35.27,0.31,35.27,0.30,0.51,35.27,0.31,0.52,35.26,0.32,0.51,35.28,0.34,0.61
2192965,6860,7062,1.019,35.62,0.27,35.60,0.26,0.49,35.62,0.27,0.50,35.64,0.28,0.49,,,
2194278,5969,5900,1.016,34.55,0.43,34.56,0.41,0.56,34.55,0.43,0.60,34.54,0.44,0.59,34.32,0.48,0.66
2202343,5336,5295,1.014,34.93,0.32,34.94,0.30,0.54,34.94,0.32,0.55,34.92,0.32,0.55,34.74,0.35,0.63
2205911,5654,5594,1.015,34.11,0.40,34.11,0.39,0.56,34.11,0.40,0.58,34.10,0.41,0.58,33.85,0.45,0.65
2207978,5702,5632,1.015,34.36,0.41,34.36,0.39,0.56,34.36,0.41,0.60,34.36,0.41,0.59,34.42,0.45,0.66
2231252,6411,6609,1.017,35.07,0.30,35.07,0.29,0.53,35.08,0.30,0.54,35.07,0.31,0.54,,,
2235514,5322,5267,1.014,33.81,0.51,33.82,0.49,0.56,33.82,0.51,0.60,33.79,0.52,0.59,33.76,0.58,0.66
2236462,9514,9613,1.025,36.21,0.21,36.24,0.21,0.35,36.21,0.21,0.39,36.19,0.22,0.40,,,
2271763,3412,3564,1.009,35.28,0.46,35.28,0.44,0.56,35.28,0.46,0.59,35.27,0.46,0.59,,,
2294259,7529,7683,1.020,35.16,0.41,35.16,0.39,0.56,35.16,0.41,0.59,35.16,0.42,0.59,,,
2296364,5503,4947,1.013,34.29,0.31,,,,,,,,,,34.29,0.31,0.58
2310855,7211,7100,1.019,35.03,0.42,35.02,0.40,0.56,35.04,0.42,0.58,35.03,0.42,0.58,,,
2312967,8490,8434,1.022,35.61,0.22,35.61,0.22,0.35,35.61,0.22,0.39,35.61,0.23,0.40,,,
2351948,6374,6243,1.016,34.35,0.20,,,,,,,,,,34.35,0.20,0.51
2362165,7054,7160,1.019,35.98,0.31,36.00,0.29,0.51,35.98,0.31,0.51,35.95,0.31,0.50,,,
2379571,8641,8493,1.022,35.80,0.31,35.81,0.30,0.51,35.80,0.31,0.51,35.79,0.31,0.50,,,
2388090,4423,4517,1.012,34.86,0.47,34.85,0.45,0.56,34.86,0.47,0.60,34.87,0.48,0.59,,,
2404995,4739,4775,1.013,34.58,0.35,34.58,0.34,0.55,34.58,0.35,0.57,34.57,0.36,0.56,,,
2405029,9763,9206,1.024,35.52,0.20,,,,,,,,,,35.52,0.20,0.48
2410161,9520,9012,1.024,35.79,0.22,,,,,,,,,,35.79,0.22,0.48
2412511,6136,5648,1.015,34.46,0.28,,,,,,,,,,34.46,0.28,0.53
2429286,4205,4088,1.011,35.19,0.44,35.20,0.43,0.56,35.20,0.44,0.59,35.16,0.45,0.59,35.50,0.50,0.65
2491615,5037,4589,1.012,34.28,0.23,,,,,,,,,,34.28,0.23,0.53
2510170,6224,6146,1.016,35.14,0.32,35.13,0.31,0.55,35.14,0.32,0.56,35.15,0.33,0.55,,,
2516657,7935,7886,1.021,36.10,0.31,36.11,0.30,0.53,36.10,0.31,0.54,36.10,0.32,0.53,,,
2527802,6042,5595,1.015,34.59,0.21,,,,,,,,,,34.59,0.21,0.48
2588034,7908,7412,1.020,35.47,0.26,35.47,0.25,0.35,35.47,0.26,0.39,35.46,0.26,0.40,35.48,0.28,0.48
2605267,6544,6422,1.017,34.91,0.38,34.91,0.36,0.55,34.91,0.38,0.56,34.90,0.38,0.56,,,
2607686,7441,7224,1.019,34.84,0.16,34.83,0.16,0.35,34.84,0.16,0.39,34.86,0.16,0.40,,,
2609142,7476,7329,1.019,35.66,0.31,35.63,0.30,0.52,35.66,0.31,0.53,35.70,0.31,0.52,,,
2648877,6857,6755,1.018,35.19,0.40,35.20,0.39,0.56,35.19,0.40,0.57,35.18,0.41,0.57,,,
2665101,8388,8319,1.022,35.72,0.41,35.72,0.39,0.54,35.73,0.41,0.55,35.72,0.42,0.55,,,
2681954,3729,3270,1.009,33.87,0.27,,,,,,,,,,33.87,0.27,0.57
2690708,7428,7312,1.019,35.20,0.33,35.20,0.32,0.54,35.20,0.33,0.55,35.21,0.34,0.55,35.25,0.37,0.63
2702271,8669,8572,1.023,35.25,0.28,35.23,0.27,0.49,35.25,0.28,0.49,35.26,0.28,0.48,,,
2717343,7428,7036,1.019,35.08,0.18,35.08,0.17,0.35,35.08,0.18,0.39,35.08,0.18,0.40,,,
2719024,5269,5042,1.013,34.24,0.25,,,,,,,,,,34.24,0.25,0.54
2737495,4294,3995,1.011,34.33,0.32,,,,,,,,,,34.33,0.32,0.54
2763301,4160,3745,1.010,33.56,0.25,33.56,0.25,0.49,33.56,0.25,0.49,33.55,0.26,0.48,,,
2766176,9908,9618,1.025,35.59,0.22,,,,,,,,,,35.59,0.22,0.48
2793659,10984,10581,1.028,36.50,0.19,36.50,0.18,0.35,36.50,0.19,0.39,36.51,0.19,0.40,,,
2806871,3982,4392,1.012,34.47,0.21,34.49,0.20,0.56,34.47,0.21,0.57,34.46,0.21,0.56,,,
2806903,3715,4112,1.011,33.97,0.28,33.96,0.27,0.56,33.97,0.28,0.60,33.99,0.28,0.59,,,
2806970,4448,4899,1.013,34.27,0.19,34.27,0.19,0.56,34.28,0.19,0.60,34.27,0.19,0.59,,,
2807052,5979,5489,1.015,34.78,0.20,34.79,0.19,0.53,34.78,0.20,0.53,34.77,0.20,0.53,,,
2807053,6931,6464,1.017,34.54,0.22,34.54,0.21,0.56,34.54,0.22,0.58,34.55,0.22,0.58,,,
2807206,4227,4333,1.011,33.92,0.18,33.92,0.17,0.56,33.91,0.18,0.60,33.94,0.18,0.59,,,
2816200,5134,4680,1.012,34.76,0.16,34.76,0.16,0.56,34.75,0.16,0.60,34.76,0.16,0.59,,,
2816236,6051,5474,1.014,34.39,0.20,34.40,0.19,0.35,34.39,0.20,0.39,34.37,0.20,0.40,,,
2816251,5778,5228,1.014,33.64,0.15,33.66,0.15,0.54,33.64,0.15,0.54,33.61,0.15,0.54,33.09,0.14,0.63
2816288,3810,3336,1.009,34.25,0.21,34.26,0.21,0.44,34.25,0.21,0.45,34.24,0.22,0.44,,,
2817313,6412,5883,1.016,34.49,0.18,34.49,0.18,0.52,34.49,0.18,0.52,34.49,0.19,0.51,,,
2817332,7682,7059,1.019,35.11,0.27,35.11,0.26,0.35,35.11,0.27,0.39,35.10,0.27,0.40,34.83,0.29,0.48
2817380,5098,4491,1.012,34.37,0.21,34.39,0.21,0.50,34.37,0.21,0.50,34.35,0.22,0.49,,,
2832069,6491,6799,1.018,35.30,0.19,35.33,0.18,0.56,35.29,0.19,0.57,35.28,0.19,0.57,,,
3088989,6994,7235,1.019,34.05,0.28,34.06,0.27,0.55,34.05,0.28,0.56,34.03,0.28,0.56,33.83,0.30,0.64
3089049,10893,10562,1.028,35.98,0.19,,,,,,,,,,35.98,0.19,0.54
3089114,4804,4184,1.011,33.48,0.26,33.49,0.25,0.56,33.48,0.26,0.59,33.47,0.26,0.59,,,
3089725,6740,6161,1.016,34.72,0.14,34.73,0.13,0.48,34.72,0.14,0.48,34.72,0.14,0.47,,,
3090367,6573,6931,1.018,35.64,0.25,35.63,0.24,0.55,35.64,0.25,0.55,35.64,0.25,0.55,,,
3090461,9661,9269,1.024,35.99,0.18,36.00,0.18,0.35,35.99,0.18,0.39,35.98,0.19,0.40,,,
3090945,8491,8128,1.021,33.90,0.23,,,,,,,,,,33.90,0.23,0.63
3091777,10322,9786,1.026,32.26,1.10,32.26,1.06,0.56,32.25,1.10,0.60,32.28,1.12,0.59,,,
3091794,3474,3093,1.008,35.84,0.23,35.83,0.22,0.40,35.84,0.23,0.41,35.85,0.23,0.40,,,
3096786,5997,6372,1.017,35.21,0.15,35.19,0.15,0.54,35.20,0.15,0.55,35.24,0.16,0.55,,,
3098035,7291,7018,1.019,34.69,0.60,34.69,0.57,0.56,34.70,0.60,0.60,34.67,0.61,0.59,,,
3098036,7347,7074,1.019,34.78,0.36,34.77,0.34,0.56,34.77,0.36,0.57,34.78,0.36,0.57,34.73,0.40,0.64
3098045,13332,13065,1.034,37.09,0.25,37.10,0.24,0.39,37.04,0.25,0.40,37.12,0.25,0.40,,,
3098052,13593,13330,1.035,37.13,0.19,37.11,0.18,0.35,37.13,0.19,0.39,37.15,0.19,0.40,,,
3098503,8628,8798,1.023,36.07,0.19,36.09,0.18,0.51,36.08,0.19,0.51,36.04,0.19,0.51,,,
3098518,6670,7011,1.019,35.36,0.23,35.37,0.22,0.54,35.36,0.23,0.55,35.34,0.23,0.54,,,
3098573,2389,2407,1.006,34.01,0.31,34.01,0.30,0.56,34.00,0.31,0.60,34.01,0.31,0.59,,,
3127569,16459,15924,1.042,37.05,0.18,37.06,0.18,0.35,37.05,0.18,0.39,37.05,0.18,0.40,,,
3127679,9676,9125,1.024,35.98,0.15,35.97,0.14,0.51,35.97,0.15,0.52,35.99,0.15,0.51,,,
3128241,4544,4028,1.011,34.94,0.23,34.95,0.22,0.56,34.93,0.23,0.60,34.93,0.23,0.59,,,
3167118,6718,7152,1.019,34.43,0.16,34.42,0.16,0.38,34.43,0.16,0.39,34.44,0.16,0.40,,,
3303911,4220,4582,1.012,33.46,0.18,33.45,0.18,0.56,33.45,0.18,0.60,33.48,0.19,0.59,,,
3375163,11517,10907,1.029,35.76,0.15,35.79,0.14,0.35,35.76,0.15,0.39,35.75,0.15,0.40,,,
3378337,6802,7000,1.018,34.77,0.24,34.77,0.24,0.56,34.77,0.24,0.60,34.78,0.25,0.59,,,
3397566,7241,7478,1.020,35.68,0.20,35.68,0.19,0.55,35.67,0.20,0.57,35.69,0.20,0.56,,,
3460719,5182,5674,1.015,33.52,0.45,33.53,0.43,0.56,33.53,0.45,0.60,33.50,0.45,0.59,,,
3461651,8972,9480,1.025,36.10,0.14,36.09,0.14,0.51,36.09,0.14,0.52,36.12,0.14,0.51,,,
3495293,9994,9945,1.026,35.74,0.13,35.73,0.13,0.42,35.75,0.13,0.43,35.75,0.13,0.42,,,
3530253,1474,1937,1.005,33.36,0.23,33.36,0.22,0.56,33.35,0.23,0.60,33.38,0.23,0.59,,,
3530542,8146,8409,1.022,35.51,0.23,35.52,0.22,0.56,35.50,0.23,0.59,35.51,0.23,0.58,,,
3532094,10098,10585,1.028,36.41,0.17,36.39,0.17,0.55,36.40,0.17,0.57,36.44,0.17,0.56,,,
3537941,9672,10169,1.027,35.68,0.39,35.68,0.37,0.56,35.70,0.39,0.58,35.66,0.39,0.58,,,
3548559,8924,9373,1.025,36.27,0.16,36.24,0.16,0.56,36.27,0.16,0.57,36.30,0.16,0.57,,,
3553673,8539,8911,1.023,35.23,0.72,35.25,0.69,0.56,35.26,0.72,0.60,35.18,0.74,0.59,,,
3558557,5222,5500,1.015,35.88,0.32,35.90,0.31,0.56,35.89,0.32,0.58,35.87,0.33,0.58,,,
3558725,5134,5400,1.014,34.05,0.18,34.05,0.18,0.56,34.05,0.18,0.60,34.06,0.18,0.59,,,
3568421,11826,11890,1.031,37.13,0.15,37.15,0.15,0.42,37.14,0.15,0.43,37.10,0.15,0.42,,,
3595320,11544,10989,1.029,36.24,0.20,36.24,0.20,0.35,36.24,0.20,0.39,36.24,0.21,0.40,,,
3612029,11275,10797,1.028,38.26,0.53,38.25,0.51,0.35,38.29,0.53,0.39,38.24,0.54,0.40,,,
3613184,9294,8796,1.023,36.31,0.29,36.29,0.28,0.35,36.31,0.29,0.39,36.32,0.29,0.40,,,
3614452,5122,4675,1.012,34.99,0.28,35.00,0.27,0.52,34.99,0.28,0.52,34.98,0.28,0.51,,,
3614979,7826,7328,1.019,35.27,0.15,35.27,0.15,0.53,35.26,0.15,0.53,35.26,0.16,0.52,,,
3617258,13051,12564,1.033,35.80,0.23,35.79,0.23,0.46,35.80,0.23,0.46,35.79,0.24,0.45,,,
3628256,7992,7568,1.020,34.90,0.31,34.90,0.30,0.52,34.90,0.31,0.52,34.90,0.32,0.51,,,
3632079,5232,4815,1.013,34.00,0.16,34.01,0.15,0.54,34.00,0.16,0.55,33.99,0.16,0.54,,,
3634554,7649,7236,1.019,35.12,0.13,35.13,0.13,0.39,35.12,0.13,0.40,35.10,0.13,0.40,,,
3634753,9877,9476,1.025,35.84,0.12,35.84,0.12,0.35,35.84,0.12,0.39,35.83,0.12,0.40,,,
3635175,9949,9548,1.025,35.74,0.14,35.74,0.14,0.35,35.74,0.14,0.39,35.73,0.15,0.40,,,
3636094,13586,13192,1.035,36.17,0.21,36.17,0.20,0.35,36.17,0.21,0.39,36.17,0.21,0.40,,,
3636991,7516,7133,1.019,34.61,0.15,,,,,,,,,,34.61,0.15,0.54
3637026,10848,10436,1.027,36.99,0.29,37.01,0.28,0.35,36.99,0.29,0.39,36.97,0.29,0.40,,,
3637571,10356,9965,1.026,38.60,0.19,38.54,0.18,0.35,38.61,0.19,0.39,38.64,0.19,0.40,,,
3638733,10207,9870,1.026,36.15,0.35,,,,,,,,,,36.15,0.35,0.50
3640762,5196,4799,1.013,34.83,0.12,,,,,,,,,,34.83,0.12,0.62
3641063,4214,3845,1.010,33.79,0.20,33.79,0.19,0.52,33.79,0.20,0.53,33.79,0.20,0.52,,,
3641201,3475,3152,1.008,30.21,1.91,,,,,,,,,,30.21,1.91,0.66
3644652,7747,7446,1.020,35.28,0.26,,,,,,,,,,35.28,0.26,0.54
3645638,6594,6254,1.017,33.52,0.15,33.53,0.14,0.56,33.52,0.15,0.57,33.52,0.15,0.57,,,
3645743,8106,7789,1.021,35.92,0.42,,,,,,,,,,35.92,0.42,0.54
3646720,7736,7458,1.020,34.88,0.18,34.89,0.17,0.41,34.89,0.18,0.42,34.87,0.18,0.41,34.56,0.18,0.54
3648277,6279,5954,1.016,33.23,0.14,33.23,0.13,0.46,33.23,0.14,0.46,33.24,0.14,0.45,,,
3650072,13907,13647,1.036,37.22,0.39,37.21,0.38,0.42,37.21,0.39,0.43,37.24,0.40,0.42,,,
3650221,12299,12044,1.032,35.69,0.13,35.70,0.12,0.35,35.69,0.13,0.39,35.68,0.13,0.40,,,
3725225,14877,15218,1.040,37.41,0.12,37.42,0.12,0.35,37.40,0.12,0.39,37.39,0.12,0.40,,,
3752756,14582,14923,1.039,36.74,0.20,36.73,0.20,0.35,36.74,0.20,0.39,36.75,0.20,0.40,,,
3763365,9161,9607,1.025,36.15,0.21,36.15,0.20,0.36,36.15,0.21,0.39,36.16,0.21,0.40,,,
3764259,6520,6957,1.018,34.68,0.13,34.68,0.13,0.48,34.68,0.13,0.48,34.67,0.13,0.47,,,
3765098,13353,13809,1.036,36.77,0.13,36.80,0.13,0.35,36.77,0.13,0.39,36.74,0.13,0.40,,,
3800752,2597,2951,1.008,33.78,0.17,33.79,0.16,0.56,33.78,0.17,0.60,33.78,0.17,0.59,,,
3813296,8075,8350,1.022,34.98,0.14,34.99,0.14,0.55,34.98,0.14,0.56,34.97,0.14,0.56,,,
3834782,15070,15161,1.040,36.78,0.34,36.76,0.33,0.35,36.79,0.34,0.39,36.78,0.34,0.40,,,
3843701,9155,9304,1.025,36.30,0.14,36.30,0.14,0.47,36.29,0.14,0.48,36.31,0.14,0.47,,,
3859893,11050,11049,1.029,35.95,0.13,35.96,0.13,0.49,35.96,0.13,0.49,35.95,0.13,0.48,,,
3951695,13455,12849,1.034,36.01,0.31,36.05,0.30,0.36,36.00,0.31,0.39,35.99,0.31,0.40,,,
3960875,4954,4326,1.011,33.20,0.18,33.22,0.17,0.56,33.20,0.18,0.60,33.19,0.18,0.59,,,
3961580,12601,11972,1.031,35.97,0.24,35.95,0.23,0.43,35.97,0.24,0.43,35.98,0.24,0.42,,,
3965132,12102,11522,1.030,36.35,0.36,36.35,0.34,0.40,36.36,0.36,0.41,36.35,0.36,0.40,,,
3969685,8098,7490,1.020,36.01,0.23,36.02,0.22,0.46,36.02,0.23,0.46,35.99,0.23,0.46,,,
3970122,13659,13029,1.034,36.22,0.24,36.22,0.23,0.47,36.23,0.24,0.47,36.22,0.24,0.47,,,
3975944,12544,11948,1.031,36.15,0.13,36.16,0.13,0.35,36.15,0.13,0.39,36.13,0.13,0.40,,,
3976900,11414,10817,1.028,36.08,0.14,36.12,0.14,0.48,36.07,0.14,0.48,36.05,0.14,0.47,,,
3977434,9953,9332,1.025,35.71,0.12,35.69,0.12,0.35,35.71,0.12,0.39,35.72,0.12,0.40,,,
3977968,11407,10788,1.028,35.40,0.18,35.41,0.18,0.48,35.39,0.18,0.48,35.41,0.18,0.47,,,
3979989,12408,11788,1.031,36.29,0.24,36.28,0.23,0.36,36.28,0.24,0.39,36.29,0.25,0.40,,,
3981108,9558,8937,1.024,35.59,0.25,35.59,0.24,0.39,35.60,0.25,0.40,35.59,0.25,0.40,,,
3982612,5775,5155,1.014,34.84,0.25,34.85,0.24,0.42,34.84,0.25,0.42,34.83,0.25,0.41,,,
3983813,5527,4910,1.013,33.79,0.20,33.80,0.19,0.56,33.79,0.20,0.59,33.79,0.20,0.58,,,
3985243,7263,6646,1.018,34.46,0.16,34.47,0.15,0.56,34.46,0.16,0.58,34.46,0.16,0.57,,,
3987653,9910,9347,1.025,36.52,0.13,36.52,0.13,0.35,36.52,0.13,0.39,36.52,0.13,0.40,,,
3988227,11873,11294,1.030,35.25,0.38,35.25,0.36,0.42,35.25,0.38,0.43,35.24,0.38,0.42,,,
3989642,6907,6303,1.017,35.38,0.22,35.39,0.21,0.42,35.38,0.22,0.43,35.37,0.22,0.42,,,
3991829,7703,7099,1.019,35.48,0.25,35.48,0.24,0.47,35.48,0.25,0.47,35.48,0.25,0.47,,,
3996169,7589,7859,1.021,36.29,0.18,36.27,0.17,0.55,36.31,0.18,0.56,36.30,0.18,0.55,,,
3996292,3997,4285,1.011,33.84,0.43,33.92,0.41,0.56,33.86,0.43,0.60,33.75,0.43,0.59,,,
3996526,1801,2089,1.006,34.36,0.19,34.36,0.19,0.56,34.35,0.19,0.60,34.38,0.19,0.59,,,
3996618,3582,3885,1.010,34.14,0.19,34.14,0.18,0.56,34.13,0.19,0.60,34.15,0.19,0.59,,,
3996879,2152,2420,1.006,33.98,0.19,33.99,0.19,0.56,33.97,0.19,0.60,33.97,0.19,0.59,,,
3997775,6833,7110,1.019,34.37,0.31,34.37,0.29,0.56,34.37,0.31,0.60,34.39,0.31,0.59,,,
3998175,6562,7046,1.019,35.76,0.19,35.78,0.18,0.55,35.75,0.19,0.57,35.76,0.19,0.56,,,
3998428,3615,4086,1.011,34.59,0.24,34.59,0.23,0.56,34.58,0.24,0.60,34.59,0.24,0.59,,,
3998656,5298,5790,1.015,35.46,0.16,35.45,0.15,0.56,35.46,0.16,0.59,35.46,0.16,0.59,,,
3999726,2852,3325,1.009,33.92,0.25,33.91,0.24,0.56,33.91,0.25,0.60,33.93,0.25,0.59,,,
4000181,2700,3187,1.008,34.19,0.25,34.19,0.24,0.56,34.18,0.25,0.60,34.19,0.25,0.59,,,
4000616,5975,6504,1.017,35.38,0.22,35.35,0.21,0.56,35.38,0.22,0.57,35.40,0.22,0.57,,,
4001653,2647,3102,1.008,32.65,0.21,32.66,0.21,0.56,32.64,0.21,0.60,32.65,0.21,0.59,,,
4001803,2084,2580,1.007,32.75,0.20,32.75,0.20,0.56,32.74,0.20,0.60,32.76,0.21,0.59,,,
4003158,7577,7941,1.021,36.62,0.38,36.57,0.37,0.56,36.61,0.38,0.58,36.69,0.39,0.57,,,
4003602,7373,7713,1.020,35.58,0.41,35.58,0.39,0.56,35.57,0.41,0.59,35.58,0.42,0.59,,,
4004146,6626,6149,1.016,35.17,0.15,35.19,0.15,0.56,35.17,0.15,0.59,35.16,0.15,0.58,,,
4004241,5149,5429,1.014,34.46,0.25,34.47,0.25,0.56,34.45,0.25,0.60,34.45,0.26,0.59,,,
4004242,3988,4100,1.011,34.97,0.17,34.96,0.17,0.56,34.96,0.17,0.60,34.99,0.18,0.59,,,
4005143,6476,6700,1.018,34.37,0.36,34.36,0.35,0.56,34.37,0.36,0.59,34.38,0.36,0.59,,,
4005728,7032,6567,1.017,35.29,0.24,35.28,0.23,0.56,35.28,0.24,0.58,35.30,0.24,0.57,,,
4006075,3835,3961,1.010,34.39,0.16,34.40,0.16,0.56,34.38,0.16,0.60,34.40,0.17,0.59,,,
4007659,5352,4919,1.013,34.52,0.16,34.53,0.16,0.56,34.52,0.16,0.59,34.52,0.17,0.58,,,
4009030,5559,4998,1.013,34.79,0.15,34.79,0.14,0.56,34.79,0.15,0.58,34.80,0.15,0.57,,,
4010135,3385,3899,1.010,33.77,0.20,33.65,0.20,0.56,33.72,0.20,0.60,33.94,0.21,0.59,,,
4011211,6290,6761,1.018,36.03,0.44,36.05,0.43,0.56,36.04,0.44,0.60,36.01,0.45,0.59,,,
4011235,6351,6812,1.018,35.31,0.46,35.28,0.44,0.56,35.30,0.46,0.60,35.33,0.47,0.59,,,
4011285,6390,6849,1.018,35.86,0.52,35.87,0.50,0.56,35.85,0.52,0.60,35.86,0.53,0.59,,,
4011690,5284,5740,1.015,34.71,0.24,34.71,0.23,0.56,34.70,0.24,0.60,34.71,0.24,0.59,,,
4012202,6499,6799,1.018,34.79,0.17,34.80,0.17,0.56,34.78,0.17,0.59,34.79,0.17,0.59,,,
4015645,6479,7021,1.019,35.68,0.52,35.64,0.50,0.56,35.69,0.52,0.60,35.70,0.53,0.59,,,
4015910,6281,6732,1.018,35.05,0.27,35.03,0.26,0.56,35.04,0.27,0.60,35.07,0.27,0.59,,,
4016071,6536,6937,1.018,37.41,0.30,37.33,0.29,0.49,37.39,0.30,0.49,37.50,0.31,0.48,,,
4016138,3902,4170,1.011,34.95,0.30,34.94,0.29,0.56,34.94,0.30,0.60,34.96,0.31,0.59,,,
4019692,3508,4042,1.011,33.76,0.18,33.75,0.17,0.56,33.75,0.18,0.60,33.79,0.18,0.59,,,
4082141,5297,5624,1.015,35.15,0.21,35.16,0.21,0.56,35.14,0.21,0.58,35.15,0.22,0.58,,,
4082558,13980,14309,1.037,37.32,0.25,37.32,0.25,0.38,37.34,0.25,0.39,37.31,0.26,0.40,,,
4084175,7491,7763,1.020,34.92,0.27,34.90,0.27,0.56,34.91,0.27,0.60,34.95,0.28,0.59,,,
4085954,5136,5452,1.014,34.61,0.29,34.65,0.28,0.56,34.60,0.29,0.60,34.58,0.29,0.59,,,
4086841,5299,5613,1.015,35.76,0.21,35.76,0.20,0.56,35.73,0.21,0.60,35.78,0.21,0.59,,,
4089458,10051,10396,1.027,37.03,0.31,37.00,0.30,0.53,37.04,0.31,0.54,37.05,0.32,0.53,,,
4090121,6557,6846,1.018,34.58,0.22,34.56,0.21,0.56,34.57,0.22,0.60,34.59,0.22,0.59,,,
4090171,8667,9000,1.024,36.77,0.48,36.79,0.46,0.56,36.75,0.48,0.58,36.78,0.49,0.58,,,
4090495,6564,6864,1.018,35.11,0.27,35.10,0.26,0.56,35.13,0.27,0.59,35.11,0.28,0.58,,,
4091248,5013,5309,1.014,35.05,0.18,35.02,0.17,0.56,35.04,0.18,0.60,35.07,0.18,0.59,,,
4092201,4345,4625,1.012,34.48,0.17,34.47,0.17,0.56,34.48,0.17,0.60,34.50,0.17,0.59,,,
4092783,4600,5106,1.014,34.30,0.17,34.30,0.16,0.56,34.30,0.17,0.60,34.31,0.17,0.59,,,
4095559,3496,4040,1.011,33.46,0.42,33.44,0.40,0.56,33.45,0.42,0.60,33.48,0.43,0.59,,,
4095912,2329,2669,1.007,34.31,0.23,34.32,0.23,0.56,34.29,0.23,0.60,34.31,0.24,0.59,,,
4096173,7869,8330,1.022,35.59,0.25,35.60,0.24,0.55,35.60,0.25,0.57,35.58,0.25,0.56,,,
4098621,11110,11560,1.030,36.78,0.15,36.75,0.14,0.52,36.74,0.15,0.53,36.86,0.15,0.52,,,
4099312,4866,5309,1.014,34.81,0.22,34.81,0.21,0.56,34.82,0.22,0.60,34.79,0.22,0.59,,,
4099641,9911,10203,1.027,37.08,0.28,37.06,0.27,0.45,37.05,0.28,0.45,37.14,0.28,0.44,,,
4101120,6390,6650,1.018,35.23,0.21,35.24,0.20,0.56,35.21,0.21,0.60,35.23,0.21,0.59,,,
4101522,6383,6814,1.018,36.40,0.61,36.42,0.58,0.56,36.41,0.61,0.57,36.38,0.62,0.57,,,
4103039,6267,6695,1.018,34.32,0.19,34.30,0.19,0.56,34.32,0.19,0.60,34.33,0.19,0.59,,,
4107015,10791,11158,1.029,34.83,0.39,34.83,0.37,0.56,34.83,0.39,0.60,34.83,0.39,0.59,,,
4108864,4853,5056,1.013,34.68,0.21,34.68,0.20,0.56,34.67,0.21,0.60,34.68,0.21,0.59,,,
4109044,7081,7259,1.019,35.43,0.19,35.44,0.19,0.56,35.43,0.19,0.58,35.42,0.19,0.57,,,
4117123,4270,4502,1.012,34.76,0.18,34.75,0.17,0.56,34.75,0.18,0.60,34.77,0.18,0.59,,,
4117578,1805,1992,1.005,33.26,0.22,33.26,0.21,0.56,33.26,0.22,0.60,33.27,0.22,0.59,,,
4119687,7686,7761,1.020,34.13,0.20,34.13,0.19,0.56,34.13,0.20,0.60,34.14,0.20,0.59,,,
4120126,8453,8408,1.022,34.78,0.18,34.78,0.18,0.56,34.77,0.18,0.58,34.79,0.18,0.58,,,
4121018,9865,9806,1.026,35.14,0.18,35.14,0.17,0.53,35.13,0.18,0.54,35.14,0.18,0.53,,,
4122830,11354,11262,1.030,34.63,0.39,34.61,0.37,0.56,34.62,0.39,0.60,34.64,0.40,0.59,,,
4125749,7528,7803,1.021,35.19,0.32,35.17,0.31,0.35,35.20,0.32,0.39,35.20,0.33,0.40,,,
4125890,6900,7312,1.019,34.46,0.51,34.46,0.48,0.52,34.48,0.51,0.53,34.45,0.51,0.52,,,
4126291,2375,2597,1.007,32.96,0.18,32.97,0.18,0.56,32.95,0.18,0.60,32.96,0.18,0.59,,,
4126669,5614,5132,1.014,33.65,0.19,33.64,0.18,0.56,33.66,0.19,0.60,33.66,0.19,0.59,34.05,0.19,0.66
4126675,3890,3302,1.009,33.42,0.33,33.42,0.31,0.56,33.41,0.33,0.60,33.42,0.33,0.59,33.57,0.36,0.66
4126677,7714,7109,1.019,34.86,0.22,34.84,0.22,0.56,34.86,0.22,0.60,34.88,0.23,0.59,,,
4126688,9227,9237,1.024,36.07,0.46,36.06,0.45,0.56,36.06,0.46,0.60,36.08,0.47,0.59,,,
4126700,9427,8870,1.023,35.71,0.24,35.70,0.23,0.38,35.70,0.24,0.39,35.72,0.25,0.40,,,
4126721,11946,11334,1.030,36.46,0.32,36.48,0.31,0.53,36.45,0.32,0.53,36.46,0.32,0.53,,,
4151216,16054,16389,1.043,35.32,0.20,35.36,0.19,0.56,35.30,0.20,0.60,35.30,0.20,0.59,,,
4160400,10248,10635,1.028,36.15,0.22,36.16,0.22,0.55,36.15,0.22,0.57,36.13,0.23,0.56,,,
4203980,6919,7212,1.019,35.12,0.19,35.12,0.18,0.56,35.12,0.19,0.60,35.13,0.19,0.59,,,
4214276,3711,4147,1.011,33.65,0.26,33.66,0.25,0.56,33.65,0.26,0.60,33.65,0.26,0.59,,,
4221641,4833,5252,1.014,34.34,0.16,34.35,0.15,0.56,34.33,0.16,0.60,34.33,0.16,0.59,,,
4249938,5875,6316,1.017,34.77,0.23,34.77,0.23,0.56,34.76,0.23,0.60,34.77,0.24,0.59,,,
4255571,9015,9374,1.025,35.48,0.17,35.49,0.17,0.56,35.45,0.17,0.60,35.52,0.17,0.59,,,
4258561,9077,9516,1.025,36.16,0.23,36.15,0.23,0.50,36.18,0.23,0.50,36.15,0.24,0.50,,,
4261994,1921,2237,1.006,34.48,0.18,34.47,0.18,0.56,34.47,0.18,0.60,34.52,0.18,0.59,,,
4263842,6825,7355,1.019,34.91,0.24,34.90,0.23,0.56,34.91,0.24,0.60,34.92,0.24,0.59,,,
4272480,1627,2119,1.006,33.93,0.21,33.93,0.20,0.56,33.92,0.21,0.60,33.94,0.21,0.59,,,
4273378,6166,6589,1.017,34.77,0.23,34.78,0.23,0.56,34.76,0.23,0.59,34.77,0.24,0.58,,,
4276917,7590,7974,1.021,35.57,0.14,35.60,0.14,0.55,35.57,0.14,0.57,35.55,0.15,0.56,,,
4278803,5113,5541,1.015,34.69,0.21,34.69,0.21,0.56,34.67,0.21,0.60,34.70,0.22,0.59,,,
4284101,11948,12246,1.032,35.48,0.18,35.49,0.18,0.56,35.48,0.18,0.60,35.49,0.19,0.59,,,
4305197,6702,7042,1.019,35.02,0.22,35.03,0.21,0.56,35.02,0.22,0.58,35.02,0.22,0.58,,,
4307923,3408,3722,1.010,33.91,0.26,33.92,0.25,0.56,33.90,0.26,0.60,33.92,0.26,0.59,,,
4313030,7616,7976,1.021,35.24,0.28,35.22,0.27,0.56,35.24,0.28,0.60,35.26,0.29,0.59,,,
4318323,5821,6288,1.017,35.21,0.33,35.20,0.32,0.55,35.21,0.33,0.57,35.21,0.33,0.56,,,
4319903,2077,2545,1.007,33.30,0.20,33.30,0.19,0.56,33.29,0.20,0.60,33.31,0.20,0.59,33.39,0.20,0.66
4341024,4210,4441,1.012,34.70,0.29,34.69,0.28,0.56,34.70,0.29,0.60,34.71,0.29,0.59,,,
4353581,7518,7808,1.021,35.08,0.20,35.07,0.19,0.56,35.08,0.20,0.59,35.09,0.20,0.58,35.28,0.20,0.65
4363239,6975,7241,1.019,35.33,0.17,35.34,0.16,0.56,35.31,0.17,0.58,35.34,0.17,0.57,35.30,0.16,0.65
4372314,6732,7093,1.019,35.06,0.51,35.06,0.49,0.56,35.07,0.51,0.60,35.07,0.51,0.59,,,
4374112,6996,7350,1.019,33.43,0.74,33.44,0.71,0.56,33.45,0.74,0.60,33.39,0.76,0.59,,,
4376804,6782,7082,1.019,34.75,0.14,34.76,0.14,0.55,34.75,0.14,0.56,34.75,0.15,0.55,,,
4381159,8868,9225,1.024,36.37,0.22,36.32,0.21,0.54,36.36,0.22,0.55,36.43,0.22,0.55,,,
4389006,7234,7551,1.020,36.54,0.31,36.52,0.30,0.51,36.54,0.31,0.52,36.56,0.32,0.51,,,
4392186,7162,7339,1.019,35.27,0.41,35.30,0.40,0.56,35.28,0.41,0.59,35.24,0.42,0.59,,,
4397628,6390,6691,1.018,34.55,0.16,34.54,0.16,0.56,34.54,0.16,0.60,34.56,0.16,0.59,,,
4398929,7050,7353,1.019,33.54,0.25,33.53,0.24,0.56,33.53,0.25,0.60,33.56,0.25,0.59,,,
4407628,12880,13110,1.034,36.52,0.14,36.47,0.14,0.41,36.53,0.14,0.42,36.55,0.15,0.41,,,
4421430,3985,4102,1.011,34.31,0.76,34.36,0.73,0.56,34.33,0.76,0.60,34.22,0.78,0.59,,,
4428549,10511,10611,1.028,36.36,0.13,36.35,0.13,0.49,36.36,0.13,0.49,36.37,0.13,0.48,,,
4439876,6456,6669,1.018,34.81,0.16,34.81,0.16,0.56,34.80,0.16,0.60,34.83,0.16,0.59,,,
4448183,6589,6738,1.018,36.35,0.23,36.34,0.22,0.51,36.35,0.23,0.51,36.36,0.23,0.50,,,
4467924,12070,12200,1.032,35.98,0.19,36.00,0.18,0.47,35.98,0.19,0.47,35.98,0.19,0.46,,,
4474867,2195,2283,1.006,33.68,0.25,33.68,0.25,0.56,33.67,0.25,0.60,33.67,0.26,0.59,,,
4478723,13891,13958,1.037,36.36,0.14,36.34,0.14,0.55,36.38,0.14,0.56,36.37,0.15,0.55,,,
4505619,11144,11018,1.029,36.65,0.21,36.62,0.20,0.55,36.66,0.21,0.56,36.65,0.21,0.55,,,
4533072,5913,6311,1.017,34.29,0.18,34.30,0.18,0.56,34.29,0.18,0.60,34.29,0.18,0.59,,,
4534523,2689,3173,1.008,33.80,0.28,33.80,0.27,0.56,33.79,0.28,0.60,33.80,0.28,0.59,,,
4540685,5436,5581,1.015,33.67,0.22,33.67,0.21,0.56,33.67,0.22,0.60,33.69,0.22,0.59,,,
4540760,1755,2024,1.005,32.73,0.16,32.74,0.16,0.56,32.72,0.16,0.60,32.73,0.16,0.59,,,
4544728,12169,12152,1.032,36.97,0.20,36.98,0.19,0.53,36.99,0.20,0.53,36.93,0.20,0.53,,,
4545608,9946,10140,1.027,35.16,0.25,35.17,0.24,0.55,35.16,0.25,0.55,35.17,0.25,0.55,,,
4546063,6298,6662,1.018,35.38,0.29,35.39,0.28,0.56,35.38,0.29,0.58,35.38,0.29,0.57,,,
4546473,4380,4602,1.012,33.96,0.19,33.96,0.19,0.56,33.96,0.19,0.60,33.95,0.19,0.59,,,
4546629,8565,8912,1.023,35.32,0.32,35.31,0.31,0.56,35.32,0.32,0.58,35.33,0.32,0.57,,,
4546911,6214,6603,1.017,34.61,0.16,34.60,0.16,0.56,34.60,0.16,0.58,34.61,0.16,0.57,,,
4547064,6995,7229,1.019,36.68,0.20,36.66,0.19,0.53,36.66,0.20,0.54,36.73,0.20,0.53,,,
4548052,7624,8043,1.021,35.18,0.25,35.16,0.24,0.55,35.18,0.25,0.56,35.21,0.25,0.56,,,
4548055,5122,5093,1.013,34.53,0.16,34.54,0.16,0.56,34.53,0.16,0.57,34.53,0.16,0.57,,,
4548641,4995,5427,1.014,35.60,0.29,35.61,0.28,0.56,35.59,0.29,0.60,35.59,0.29,0.59,,,
4550089,9711,9833,1.026,36.18,0.14,36.16,0.14,0.51,36.16,0.14,0.51,36.21,0.14,0.50,,,
4550909,10760,10862,1.029,36.16,0.25,36.15,0.24,0.54,36.16,0.25,0.55,36.17,0.25,0.55,,,
4552025,3559,3642,1.010,34.18,0.20,34.19,0.19,0.56,34.17,0.20,0.59,34.16,0.20,0.59,,,
4552658,4785,4830,1.013,34.99,0.17,34.99,0.16,0.56,34.99,0.17,0.59,34.99,0.17,0.58,,,
4555565,6481,6815,1.018,35.06,0.49,35.06,0.47,0.56,35.06,0.49,0.60,35.07,0.49,0.59,,,
4567836,5368,4789,1.013,35.01,0.17,35.02,0.17,0.56,35.00,0.17,0.59,35.02,0.17,0.58,,,
4572357,5871,6233,1.016,34.37,0.18,34.38,0.18,0.56,34.35,0.18,0.60,34.37,0.18,0.59,,,
4572526,4112,4500,1.012,34.26,0.23,34.30,0.23,0.56,34.26,0.23,0.60,34.22,0.24,0.59,,,
4572813,6191,6546,1.017,34.02,0.22,34.02,0.21,0.56,34.01,0.22,0.60,34.02,0.22,0.59,,,
4573902,8983,9118,1.024,35.57,0.38,35.57,0.36,0.56,35.57,0.38,0.60,35.58,0.38,0.59,,,
4576589,3216,3380,1.009,33.94,0.20,33.96,0.20,0.56,33.94,0.20,0.60,33.93,0.20,0.59,,,
4577792,1411,1809,1.005,32.74,0.19,32.75,0.19,0.56,32.73,0.19,0.60,32.75,0.20,0.59,,,
4666998,11453,11821,1.031,36.53,0.11,,,,,,,,,,36.53,0.11,0.54
4720565,1231,1503,1.004,33.56,0.29,33.56,0.28,0.56,33.55,0.29,0.60,33.58,0.29,0.59,,,
4720579,6422,6725,1.018,34.89,0.25,34.90,0.24,0.56,34.89,0.25,0.58,34.87,0.25,0.58,,,
4780957,5312,4702,1.012,35.37,0.19,35.36,0.19,0.56,35.37,0.19,0.60,35.39,0.19,0.59,,,
5056910,6387,6805,1.018,34.53,0.18,34.58,0.17,0.56,34.54,0.18,0.60,34.48,0.18,0.59,,,
5057047,14473,13940,1.037,35.41,0.37,35.42,0.35,0.56,35.42,0.37,0.58,35.40,0.37,0.57,,,
5057058,2673,2279,1.006,33.82,0.18,33.84,0.17,0.56,33.82,0.18,0.60,33.82,0.18,0.59,,,
5057078,12852,12353,1.032,35.18,0.31,35.22,0.30,0.56,35.18,0.31,0.60,35.15,0.32,0.59,,,
5057112,9325,8695,1.023,35.06,0.17,35.03,0.17,0.56,35.05,0.17,0.59,35.08,0.18,0.59,,,
5057334,5554,4993,1.013,34.38,0.16,34.40,0.16,0.56,34.37,0.16,0.60,34.38,0.16,0.59,,,
5057338,4933,4380,1.012,34.48,0.70,34.48,0.67,0.56,34.50,0.70,0.60,34.47,0.71,0.59,,,
5057339,7291,6738,1.018,36.06,0.22,36.07,0.21,0.53,36.05,0.22,0.53,36.05,0.22,0.52,,,
5057344,11174,10632,1.028,36.08,0.31,36.08,0.30,0.56,36.10,0.31,0.58,36.07,0.32,0.58,,,
5057356,3873,3406,1.009,32.56,1.10,32.56,1.05,0.56,32.55,1.10,0.60,32.57,1.12,0.59,,,
5057374,4656,4028,1.011,33.89,0.64,33.88,0.61,0.56,33.90,0.64,0.60,33.89,0.65,0.59,,,
5057381,4652,4023,1.011,34.44,0.82,34.47,0.79,0.56,34.47,0.82,0.60,34.39,0.84,0.59,,,
5057394,8250,7631,1.020,34.30,0.27,34.31,0.26,0.56,34.29,0.27,0.60,34.29,0.27,0.59,34.08,0.29,0.66
5057397,6059,5440,1.014,34.32,0.29,34.32,0.28,0.56,34.33,0.29,0.60,34.33,0.29,0.59,,,
5057405,13025,12410,1.033,36.28,0.33,36.29,0.32,0.50,36.28,0.33,0.50,36.28,0.34,0.49,,,
5057412,7519,6913,1.018,34.32,0.28,34.32,0.27,0.56,34.31,0.28,0.60,34.31,0.28,0.59,,,
5057489,6963,6335,1.017,35.01,0.16,35.02,0.16,0.55,35.01,0.16,0.56,35.01,0.17,0.56,,,
5057497,7208,6578,1.017,35.94,0.16,35.96,0.15,0.56,35.95,0.16,0.57,35.92,0.16,0.57,,,
5057498,9196,8567,1.023,36.48,0.23,36.43,0.22,0.47,36.49,0.23,0.47,36.52,0.24,0.46,,,
5057536,10843,10231,1.027,36.38,0.20,36.41,0.20,0.51,36.36,0.20,0.52,36.39,0.20,0.51,,,
5057540,9837,9228,1.024,34.95,0.30,34.93,0.29,0.56,34.92,0.30,0.60,34.99,0.30,0.59,,,
5057545,8090,7484,1.020,34.86,0.38,34.87,0.36,0.56,34.87,0.38,0.59,34.85,0.39,0.59,,,
5057558,3361,2731,1.007,33.67,0.24,33.69,0.23,0.56,33.66,0.24,0.60,33.66,0.24,0.59,,,
5057566,4938,4385,1.012,33.80,0.17,33.81,0.17,0.56,33.79,0.17,0.60,33.80,0.18,0.59,,,
5057600,10717,10727,1.028,37.85,0.14,37.80,0.14,0.45,37.85,0.14,0.45,37.91,0.14,0.45,,,
5057604,4253,3625,1.010,34.68,0.38,34.67,0.37,0.56,34.69,0.38,0.60,34.69,0.39,0.59,,,
5057605,5542,4914,1.013,34.93,0.37,34.91,0.36,0.56,34.93,0.37,0.60,34.95,0.38,0.59,,,
5057607,4782,4153,1.011,34.12,0.29,34.12,0.28,0.56,34.11,0.29,0.60,34.12,0.29,0.59,,,
5057609,6993,6364,1.017,35.17,0.17,35.16,0.17,0.56,35.17,0.17,0.59,35.19,0.18,0.58,,,
5057614,3187,3523,1.009,34.58,0.37,34.61,0.36,0.56,34.58,0.37,0.60,34.57,0.38,0.59,,,
5057632,6436,6616,1.017,34.81,0.16,34.82,0.16,0.56,34.79,0.16,0.58,34.81,0.17,0.57,,,
5057636,11147,10554,1.028,36.50,0.31,36.48,0.30,0.56,36.49,0.31,0.59,36.52,0.31,0.59,,,
5057659,6226,5644,1.015,35.07,0.48,35.10,0.46,0.56,35.08,0.48,0.60,35.02,0.49,0.59,,,
5057674,4707,4131,1.011,34.20,0.39,34.19,0.37,0.56,34.20,0.39,0.60,34.20,0.40,0.59,,,
5057679,3990,3417,1.009,34.72,0.35,34.68,0.34,0.56,34.71,0.35,0.60,34.76,0.36,0.59,,,
5057695,5313,4755,1.013,34.42,0.24,34.41,0.23,0.56,34.41,0.24,0.60,34.45,0.24,0.59,,,
5057700,10658,10101,1.027,35.85,0.30,35.86,0.29,0.55,35.84,0.30,0.56,35.85,0.31,0.55,,,
5057704,5335,4780,1.013,33.67,0.18,33.68,0.18,0.56,33.67,0.18,0.60,33.67,0.18,0.59,,,
5057716,7585,7035,1.019,37.25,0.52,37.24,0.50,0.49,37.29,0.52,0.49,37.23,0.53,0.49,,,
5057717,5450,4901,1.013,32.98,0.25,32.99,0.24,0.56,32.97,0.25,0.60,32.98,0.25,0.59,32.69,0.27,0.66
5057721,5035,4489,1.012,33.63,0.58,33.61,0.56,0.56,33.64,0.58,0.60,33.65,0.59,0.59,,,
5057740,4640,4207,1.011,34.25,0.18,34.30,0.18,0.56,34.23,0.18,0.60,34.23,0.19,0.59,,,
5058839,5879,5463,1.014,33.89,0.25,33.91,0.24,0.56,33.89,0.25,0.59,33.88,0.25,0.59,,,
5058854,9844,9445,1.025,36.76,0.14,36.83,0.14,0.55,36.76,0.14,0.56,36.69,0.15,0.55,,,
5058865,6221,5830,1.015,35.07,0.16,35.08,0.16,0.54,35.07,0.16,0.55,35.05,0.16,0.55,,,
5058878,5729,5345,1.014,33.99,0.18,33.98,0.18,0.56,33.98,0.18,0.60,34.00,0.18,0.59,,,
5058883,11182,10797,1.028,38.36,0.13,38.29,0.12,0.35,38.40,0.13,0.39,38.41,0.13,0.40,,,
5058953,9862,10239,1.027,36.50,0.23,36.50,0.23,0.46,36.49,0.23,0.46,36.52,0.24,0.45,,,
5058954,9942,10318,1.027,35.91,0.17,35.92,0.17,0.51,35.91,0.17,0.51,35.91,0.17,0.50,,,
5058957,3866,4257,1.011,33.94,0.27,33.94,0.26,0.56,33.94,0.27,0.60,33.94,0.28,0.59,,,
5058958,5074,5317,1.014,34.93,0.17,34.93,0.17,0.56,34.93,0.17,0.60,34.93,0.18,0.59,,,
5058970,2225,2604,1.007,34.49,0.20,34.50,0.19,0.56,34.48,0.20,0.60,34.48,0.20,0.59,,,
5058992,12772,13156,1.035,36.37,0.13,36.37,0.13,0.48,36.38,0.13,0.48,36.37,0.13,0.48,,,
5059058,4059,4538,1.012,35.06,0.29,35.05,0.28,0.56,35.05,0.29,0.60,35.08,0.30,0.59,,,
5059083,9848,10316,1.027,36.54,0.23,36.55,0.23,0.55,36.54,0.23,0.56,36.54,0.24,0.56,,,
5059090,10104,10565,1.028,36.11,0.15,36.05,0.15,0.56,36.11,0.15,0.59,36.16,0.15,0.58,,,
5059102,1096,1555,1.004,33.99,0.22,33.99,0.21,0.56,33.98,0.22,0.60,34.01,0.22,0.59,,,
5059129,9020,9379,1.025,34.73,0.21,34.70,0.21,0.56,34.72,0.21,0.60,34.77,0.22,0.59,,,
5059221,1794,2105,1.006,33.72,0.21,33.72,0.21,0.56,33.71,0.21,0.60,33.73,0.22,0.59,,,
5059226,6263,6548,1.017,35.46,0.18,35.48,0.18,0.56,35.47,0.18,0.57,35.43,0.19,0.57,35.41,0.19,0.64
5059237,6316,6722,1.018,35.40,0.24,35.42,0.23,0.56,35.39,0.24,0.57,35.38,0.24,0.56,,,
5059258,1125,1476,1.004,33.83,0.31,33.84,0.30,0.56,33.82,0.31,0.60,33.82,0.31,0.59,,,
5059264,8311,8532,1.022,35.54,0.40,35.51,0.39,0.56,35.52,0.40,0.60,35.59,0.41,0.59,,,
5059343,4309,4395,1.012,34.29,0.22,34.29,0.21,0.56,34.28,0.22,0.60,34.29,0.22,0.59,,,
5059362,6840,6888,1.018,35.39,0.18,35.38,0.17,0.56,35.38,0.18,0.60,35.40,0.18,0.59,,,
5059409,9938,9977,1.026,36.48,0.23,36.48,0.22,0.49,36.49,0.23,0.49,36.46,0.23,0.48,,,
5059446,9550,8939,1.024,34.71,0.16,34.74,0.16,0.56,34.69,0.16,0.60,34.69,0.16,0.59,,,
5059467,11170,10556,1.028,36.46,0.28,36.48,0.27,0.52,36.45,0.28,0.53,36.44,0.28,0.52,,,
5059471,7862,7246,1.019,35.24,0.15,35.25,0.15,0.56,35.24,0.15,0.57,35.22,0.15,0.56,,,
5059483,6256,5640,1.015,34.95,0.22,34.95,0.21,0.56,34.95,0.22,0.60,34.96,0.22,0.59,,,
5059495,8021,7394,1.020,35.04,0.14,35.03,0.14,0.55,35.03,0.14,0.56,35.04,0.14,0.56,,,
5059496,3959,3332,1.009,33.82,0.26,33.83,0.25,0.56,33.81,0.26,0.60,33.81,0.26,0.59,,,
5059533,7341,6717,1.018,35.12,0.17,35.13,0.17,0.56,35.11,0.17,0.60,35.13,0.17,0.59,,,
5059537,6736,6113,1.016,34.77,0.15,34.78,0.15,0.56,34.77,0.15,0.58,34.76,0.15,0.58,,,
5059540,4138,3528,1.009,33.95,0.19,33.95,0.19,0.56,33.93,0.19,0.60,33.96,0.19,0.59,,,
5059542,4725,4116,1.011,34.37,0.23,34.37,0.22,0.56,34.37,0.23,0.60,34.37,0.23,0.59,,,
5059547,6797,6176,1.016,34.85,0.15,34.87,0.15,0.56,34.83,0.15,0.59,34.83,0.15,0.59,,,
5059552,6356,5735,1.015,35.37,0.26,35.36,0.25,0.56,35.37,0.26,0.58,35.39,0.26,0.58,,,
5059559,5362,4742,1.013,34.35,0.30,34.34,0.29,0.56,34.34,0.30,0.60,34.36,0.31,0.59,,,
5059564,4795,4176,1.011,33.49,0.19,33.48,0.18,0.56,33.48,0.19,0.60,33.50,0.19,0.59,,,
5059569,7466,6846,1.018,35.13,0.20,35.15,0.19,0.56,35.13,0.20,0.59,35.12,0.20,0.58,,,
5059607,5606,4999,1.013,34.62,0.29,34.62,0.28,0.56,34.61,0.29,0.60,34.62,0.29,0.59,,,
5059608,5458,4850,1.013,34.32,0.15,34.34,0.15,0.56,34.31,0.15,0.59,34.31,0.15,0.58,,,
5059618,8903,8298,1.022,36.87,0.32,36.81,0.31,0.54,36.88,0.32,0.54,36.93,0.33,0.54,,,
5059631,5161,4744,1.013,34.85,0.22,34.85,0.21,0.56,34.84,0.22,0.60,34.84,0.22,0.59,,,
5059639,7210,6663,1.018,35.78,0.22,35.80,0.21,0.54,35.76,0.22,0.54,35.76,0.22,0.54,,,
5059643,7974,7372,1.019,35.41,0.16,35.40,0.16,0.54,35.42,0.16,0.55,35.42,0.17,0.54,,,
5059653,5136,4597,1.012,34.28,0.23,34.27,0.22,0.56,34.27,0.23,0.60,34.30,0.23,0.59,,,
5059664,8084,7612,1.020,35.51,0.21,35.53,0.21,0.54,35.50,0.21,0.55,35.50,0.22,0.55,,,
5059675,7682,7362,1.019,34.48,0.26,,,,,,,,,,34.48,0.26,0.60
5059684,10844,11214,1.029,35.00,0.39,35.00,0.37,0.56,35.01,0.39,0.59,34.99,0.39,0.59,,,
5059687,2881,3217,1.009,33.84,0.19,33.86,0.18,0.56,33.83,0.19,0.60,33.82,0.19,0.59,,,
5059711,4030,4353,1.012,34.73,0.29,34.74,0.28,0.56,34.73,0.29,0.60,34.73,0.30,0.59,,,
5059757,4277,3660,1.010,34.26,0.38,34.25,0.36,0.56,34.25,0.38,0.60,34.26,0.38,0.59,,,
5059849,14099,13569,1.036,37.88,0.26,37.84,0.25,0.52,37.92,0.26,0.53,37.88,0.27,0.52,,,
5059868,8686,8174,1.022,35.97,0.14,35.95,0.14,0.54,35.97,0.14,0.55,35.98,0.14,0.55,,,
5059881,8866,8369,1.022,34.08,1.06,34.10,1.01,0.56,34.07,1.06,0.60,34.07,1.08,0.59,,,
5059896,8497,8036,1.021,35.41,0.28,35.40,0.27,0.55,35.40,0.28,0.56,35.43,0.29,0.56,,,
5059907,3486,3015,1.008,33.24,0.20,33.24,0.19,0.56,33.23,0.20,0.60,33.25,0.20,0.59,,,
5059911,8101,7628,1.020,34.88,0.25,34.91,0.25,0.56,34.88,0.25,0.60,34.86,0.26,0.59,,,
5059914,10392,9922,1.026,35.77,0.32,35.84,0.31,0.56,35.76,0.32,0.59,35.70,0.33,0.58,,,
5059917,5420,4984,1.013,35.07,0.22,35.08,0.21,0.56,35.07,0.22,0.59,35.06,0.22,0.58,,,
5059937,5020,4581,1.012,34.82,0.23,34.85,0.22,0.56,34.81,0.23,0.58,34.80,0.23,0.58,,,
5059941,4941,4496,1.012,34.35,0.20,34.35,0.19,0.56,34.33,0.20,0.60,34.35,0.20,0.59,,,
5059985,6471,6638,1.018,34.32,0.22,34.32,0.21,0.56,34.31,0.22,0.60,34.32,0.22,0.59,,,
5059993,11719,12167,1.032,36.96,0.13,36.98,0.13,0.35,36.96,0.13,0.39,36.93,0.13,0.40,,,
5060003,1225,1679,1.004,32.84,0.61,32.86,0.59,0.56,32.86,0.61,0.60,32.81,0.62,0.59,,,
5060005,10471,10057,1.026,35.79,0.16,35.79,0.15,0.55,35.79,0.16,0.56,35.77,0.16,0.55,,,
5060017,5560,5189,1.014,34.66,0.20,34.70,0.19,0.56,34.65,0.20,0.60,34.64,0.20,0.59,,,
5060021,5806,5457,1.014,34.58,0.15,,,,,,,,,,34.58,0.15,0.65
5060047,8898,9192,1.024,34.81,0.16,34.82,0.16,0.56,34.80,0.16,0.59,34.80,0.16,0.59,,,
5060053,8198,8519,1.022,35.42,0.15,35.44,0.15,0.55,35.43,0.15,0.56,35.40,0.15,0.55,,,
5060066,4863,5221,1.014,34.16,0.14,,,,,,,,,,34.16,0.14,0.64
5060072,2829,3207,1.009,33.52,0.21,,,,,,,,,,33.52,0.21,0.66
5060073,4806,5166,1.014,33.88,0.17,33.92,0.17,0.56,33.88,0.17,0.59,33.84,0.17,0.59,,,
5060077,4568,4914,1.013,34.04,0.20,34.03,0.20,0.56,34.03,0.20,0.60,34.06,0.20,0.59,,,
5060092,2463,2879,1.008,34.31,0.28,34.30,0.27,0.56,34.31,0.28,0.60,34.33,0.29,0.59,,,
5060105,2314,2774,1.007,34.55,0.27,34.58,0.26,0.56,34.55,0.27,0.60,34.53,0.28,0.59,,,
5060107,8226,8650,1.023,36.04,0.29,36.02,0.27,0.55,36.03,0.29,0.57,36.07,0.29,0.56,,,
5060113,4739,5183,1.014,34.30,0.23,34.30,0.22,0.56,34.30,0.23,0.60,34.30,0.23,0.59,,,
5060119,8269,8694,1.023,34.89,0.18,34.90,0.17,0.56,34.89,0.18,0.60,34.89,0.18,0.59,,,
5060123,4848,5290,1.014,34.77,0.16,34.76,0.15,0.56,34.76,0.16,0.58,34.78,0.16,0.58,,,
5060137,7446,7899,1.021,35.30,0.26,35.30,0.25,0.56,35.29,0.26,0.60,35.31,0.26,0.59,,,
5060154,3671,4125,1.011,33.88,0.19,33.88,0.19,0.56,33.87,0.19,0.60,33.88,0.19,0.59,,,
5060159,6903,7363,1.019,35.49,0.16,35.47,0.16,0.56,35.49,0.16,0.58,35.50,0.16,0.57,,,
5060161,5823,6272,1.017,33.48,0.22,33.48,0.21,0.56,33.47,0.22,0.60,33.50,0.22,0.59,,,
5060175,7111,7573,1.020,34.34,0.40,34.32,0.38,0.56,34.34,0.40,0.60,34.36,0.40,0.59,,,
5060222,4575,4957,1.013,35.78,0.23,35.76,0.22,0.56,35.76,0.23,0.59,35.80,0.23,0.59,,,
5060249,5144,5632,1.015,34.83,0.21,34.84,0.20,0.56,34.83,0.21,0.60,34.83,0.21,0.59,,,
5060265,6664,7007,1.018,35.58,0.20,35.58,0.19,0.55,35.58,0.20,0.56,35.58,0.20,0.56,,,
5060295,6259,6681,1.018,35.41,0.30,35.40,0.29,0.56,35.42,0.30,0.60,35.42,0.31,0.59,,,
5060365,5949,6165,1.016,34.23,0.38,34.24,0.36,0.56,34.23,0.38,0.60,34.22,0.38,0.59,,,
5060393,3252,3262,1.009,33.73,0.18,33.73,0.18,0.56,33.72,0.18,0.60,33.73,0.18,0.59,,,
5060405,7342,7303,1.019,35.46,0.16,35.44,0.16,0.56,35.47,0.16,0.58,35.48,0.16,0.58,,,
5060425,4750,4122,1.011,34.74,0.26,34.75,0.25,0.56,34.73,0.26,0.59,34.74,0.26,0.59,,,
5064505,5911,6347,1.017,34.32,0.17,34.31,0.16,0.56,34.31,0.17,0.59,34.33,0.17,0.59,,,
5064943,2679,2984,1.008,34.26,0.20,34.25,0.20,0.56,34.25,0.20,0.60,34.27,0.20,0.59,,,
5064945,3380,3666,1.010,32.88,0.20,32.91,0.19,0.56,32.87,0.20,0.60,32.87,0.20,0.59,,,
5064974,4540,4939,1.013,35.36,0.42,35.34,0.41,0.56,35.36,0.42,0.60,35.39,0.43,0.59,,,
5065000,3802,4207,1.011,35.31,0.26,35.31,0.25,0.56,35.33,0.26,0.60,35.30,0.26,0.59,,,
45311,2537,2799,1.007,33.03,0.24,33.02,0.23,0.49,33.03,0.24,0.49,33.03,0.25,0.49,,,
5066368,1715,1094,1.003,32.17,0.12,32.16,0.12,0.35,32.18,0.12,0.39,32.18,0.12,0.40,,,
5072365,7376,7673,1.020,34.96,0.16,34.95,0.16,0.56,34.96,0.16,0.60,34.97,0.16,0.59,,,
5072537,10993,10704,1.028,37.24,0.24,37.20,0.23,0.49,37.25,0.24,0.49,37.26,0.24,0.48,,,
5075346,1084,1257,1.003,31.45,0.14,31.45,0.13,0.50,31.45,0.14,0.50,31.44,0.14,0.50,,,
5075710,6716,7165,1.019,36.10,0.63,36.09,0.60,0.56,36.11,0.63,0.59,36.09,0.64,0.59,,,
5075770,6509,6886,1.018,34.90,0.26,34.91,0.25,0.56,34.88,0.26,0.60,34.90,0.26,0.59,,,
5075773,8449,8674,1.023,35.99,0.28,35.99,0.27,0.47,35.99,0.28,0.48,35.99,0.29,0.47,,,
5075806,6491,6937,1.018,35.22,0.21,35.21,0.20,0.54,35.21,0.21,0.55,35.23,0.21,0.54,,,
5076007,6183,6607,1.017,33.98,0.18,33.97,0.18,0.56,33.97,0.18,0.60,33.98,0.18,0.59,,,
5076144,6770,7092,1.019,35.54,0.29,35.55,0.28,0.56,35.55,0.29,0.58,35.53,0.29,0.57,,,
5076801,7244,7662,1.020,34.02,0.32,34.05,0.31,0.56,34.02,0.32,0.60,34.00,0.32,0.59,33.72,0.35,0.66
5076895,5270,4649,1.012,35.57,0.37,35.56,0.36,0.50,35.57,0.37,0.50,35.56,0.38,0.50,,,
5076996,6619,7002,1.018,35.12,0.17,35.13,0.17,0.56,35.11,0.17,0.60,35.14,0.18,0.59,,,
5076998,6798,7144,1.019,34.43,0.48,34.43,0.46,0.56,34.44,0.48,0.60,34.42,0.49,0.59,,,
47027,988,1394,1.004,30.62,0.26,30.62,0.25,0.56,30.62,0.26,0.59,30.62,0.26,0.59,,,
5077313,1993,2263,1.006,32.70,0.27,32.71,0.26,0.56,32.70,0.27,0.60,32.70,0.28,0.59,,,
5091394,17774,17814,1.046,38.54,0.58,38.47,0.55,0.46,38.60,0.58,0.47,38.54,0.59,0.46,,,
5092901,8044,8445,1.022,35.04,0.17,35.04,0.16,0.49,35.04,0.17,0.50,35.04,0.17,0.49,,,
5807269,8629,8050,1.021,34.56,0.73,34.60,0.70,0.56,34.58,0.73,0.60,34.51,0.74,0.59,,,
5807283,3794,3200,1.008,34.89,0.54,34.89,0.52,0.56,34.90,0.54,0.60,34.87,0.55,0.59,,,
5807303,4684,4097,1.011,34.26,0.19,34.25,0.19,0.56,34.25,0.19,0.60,34.29,0.19,0.59,,,
5807307,6132,5539,1.015,34.58,0.21,34.58,0.21,0.56,34.58,0.21,0.60,34.59,0.22,0.59,,,
5807310,12909,12315,1.032,35.09,0.41,35.08,0.39,0.56,35.09,0.41,0.60,35.09,0.42,0.59,,,
5807322,2238,1640,1.004,32.46,0.21,32.40,0.20,0.56,32.44,0.21,0.60,32.54,0.21,0.59,,,
5807324,6742,6154,1.016,35.39,0.23,35.38,0.22,0.56,35.39,0.23,0.59,35.38,0.23,0.59,,,
5807330,2209,1615,1.004,33.59,0.28,33.60,0.27,0.56,33.59,0.28,0.60,33.60,0.28,0.59,,,
5807336,7669,7076,1.019,36.00,0.33,35.99,0.32,0.50,36.00,0.33,0.50,36.01,0.33,0.49,,,
5807354,8599,7973,1.021,35.85,0.23,35.84,0.23,0.53,35.85,0.23,0.53,35.85,0.24,0.52,,,
5807358,6408,5820,1.015,34.69,0.33,34.67,0.31,0.56,34.67,0.33,0.60,34.72,0.33,0.59,,,
5807362,6487,5898,1.016,33.99,0.31,33.98,0.29,0.56,33.98,0.31,0.60,34.01,0.31,0.59,,,
5807363,5089,4494,1.012,33.88,0.50,33.87,0.48,0.56,33.88,0.50,0.60,33.88,0.51,0.59,,,
5807366,6468,5842,1.015,35.05,0.25,35.05,0.24,0.54,35.05,0.25,0.55,35.06,0.25,0.55,,,
5807388,6457,5874,1.016,33.89,0.88,33.90,0.84,0.56,33.89,0.88,0.60,33.88,0.89,0.59,,,
5807393,3372,2785,1.007,33.48,0.34,33.48,0.33,0.56,33.47,0.34,0.60,33.49,0.35,0.59,33.48,0.38,0.66
5807411,9239,8619,1.023,35.17,0.16,35.19,0.16,0.56,35.17,0.16,0.58,35.17,0.16,0.58,,,
5807447,13776,13169,1.035,36.90,0.21,36.88,0.20,0.51,36.91,0.21,0.51,36.92,0.21,0.50,,,
5807466,12096,11532,1.030,33.24,1.10,33.23,1.05,0.56,33.23,1.10,0.60,33.26,1.12,0.59,,,
5807472,10264,9698,1.026,35.56,0.23,35.56,0.22,0.56,35.56,0.23,0.60,35.55,0.23,0.59,,,
5807477,10252,9694,1.026,33.63,6.51,33.62,6.23,0.56,33.62,6.51,0.60,33.64,6.62,0.59,,,
5807479,6421,5866,1.016,35.04,0.25,35.06,0.24,0.55,35.04,0.25,0.57,35.01,0.25,0.56,,,
5807489,6211,5656,1.015,35.31,0.22,35.30,0.21,0.55,35.30,0.22,0.56,35.32,0.22,0.56,,,
5807496,5867,5320,1.014,35.59,0.27,35.58,0.26,0.56,35.59,0.27,0.58,35.60,0.28,0.58,,,
5807536,8430,7926,1.021,36.39,0.94,36.38,0.90,0.52,36.39,0.94,0.52,36.41,0.95,0.52,,,
5807540,4493,3967,1.011,33.96,0.18,33.96,0.18,0.56,33.95,0.18,0.60,33.96,0.18,0.59,,,
5807544,11462,10946,1.029,34.99,0.40,35.00,0.38,0.56,35.00,0.40,0.60,34.99,0.41,0.59,,,
5807554,5423,4911,1.013,33.33,0.23,33.33,0.23,0.56,33.32,0.23,0.60,33.34,0.24,0.59,,,
5807561,7500,6954,1.018,34.66,0.17,34.68,0.17,0.56,34.66,0.17,0.57,34.64,0.17,0.57,,,
5807566,5397,4891,1.013,35.34,0.80,35.37,0.76,0.56,35.37,0.80,0.60,35.28,0.81,0.59,,,
5807576,5373,4870,1.013,33.25,3.62,33.24,3.46,0.56,33.23,3.62,0.60,33.28,3.68,0.59,,,
5807598,12087,11613,1.031,37.72,1.60,37.70,1.53,0.46,37.73,1.60,0.46,37.75,1.63,0.45,,,
5807608,2643,2176,1.006,32.84,0.26,32.85,0.25,0.56,32.84,0.26,0.60,32.84,0.26,0.59,,,
5807621,8079,7618,1.020,35.83,0.23,35.86,0.22,0.56,35.84,0.23,0.57,35.80,0.23,0.56,,,
5807648,4058,3633,1.010,33.73,0.32,33.73,0.31,0.56,33.72,0.32,0.60,33.74,0.33,0.59,,,
5807658,9598,9178,1.024,34.90,0.20,34.89,0.19,0.56,34.89,0.20,0.60,34.91,0.20,0.59,,,
5807676,7693,7311,1.019,35.74,0.22,35.77,0.21,0.56,35.74,0.22,0.57,35.72,0.22,0.57,,,
5807680,3603,3220,1.009,33.79,0.18,,,,,,,,,,33.79,0.18,0.66
5807684,7272,6903,1.018,34.31,0.46,34.31,0.44,0.56,34.32,0.46,0.60,34.31,0.47,0.59,,,
5807692,5717,5359,1.014,34.73,2.16,34.77,2.07,0.56,34.72,2.16,0.60,34.70,2.19,0.59,,,
5807710,6944,6554,1.017,35.38,0.37,35.37,0.36,0.54,35.39,0.37,0.55,35.36,0.38,0.54,,,
5807719,7259,6926,1.018,35.71,0.62,,,,,,,,,,35.71,0.62,0.65
5807783,13520,13816,1.036,36.12,0.68,36.16,0.65,0.42,36.10,0.68,0.42,36.09,0.69,0.41,,,
5807786,4791,4999,1.013,34.35,0.42,34.35,0.40,0.56,34.35,0.42,0.60,34.35,0.43,0.59,,,
5807791,6207,6434,1.017,35.35,0.56,35.36,0.54,0.55,35.36,0.56,0.56,35.33,0.57,0.56,,,
5807821,8087,8573,1.023,35.03,0.25,35.07,0.24,0.52,35.01,0.25,0.52,35.01,0.25,0.52,,,
5807905,4368,4790,1.013,34.25,0.19,34.27,0.18,0.56,34.24,0.19,0.60,34.25,0.19,0.59,,,
5807940,6409,6816,1.018,34.19,0.20,34.18,0.20,0.56,34.17,0.20,0.60,34.23,0.21,0.59,,,
5807966,6927,7351,1.019,35.23,0.17,35.22,0.16,0.56,35.23,0.17,0.57,35.24,0.17,0.57,35.32,0.16,0.64
5807967,8847,9171,1.024,33.47,1.01,33.50,0.97,0.56,33.47,1.01,0.60,33.45,1.03,0.59,,,
5807969,6646,6979,1.018,36.02,0.25,36.01,0.24,0.56,35.99,0.25,0.60,36.05,0.25,0.59,,,
5808041,6029,6257,1.017,34.79,0.29,34.77,0.28,0.56,34.78,0.29,0.60,34.82,0.29,0.59,35.06,0.31,0.66
5808075,6346,6595,1.017,35.14,0.28,35.13,0.27,0.56,35.12,0.28,0.60,35.16,0.29,0.59,,,
5808670,2661,2036,1.005,34.02,0.19,34.02,0.18,0.56,34.01,0.19,0.60,34.01,0.19,0.59,,,
5808685,3044,2421,1.006,33.77,0.21,33.78,0.20,0.56,33.76,0.21,0.60,33.77,0.21,0.59,,,
5808692,2890,2315,1.006,33.69,0.23,33.70,0.22,0.56,33.68,0.23,0.60,33.69,0.23,0.59,,,
5808707,2447,1844,1.005,33.38,0.30,33.38,0.29,0.56,33.37,0.30,0.60,33.37,0.30,0.59,,,
5808794,2844,3068,1.008,34.76,0.32,34.74,0.31,0.56,34.75,0.32,0.60,34.79,0.32,0.59,,,
5912271,2005,1415,1.004,31.49,0.19,31.49,0.18,0.56,31.49,0.19,0.60,31.49,0.19,0.59,,,
5950874,5858,6352,1.017,34.31,0.13,34.31,0.13,0.43,34.31,0.13,0.43,34.31,0.13,0.42,,,
5950879,4461,4912,1.013,33.96,0.29,33.95,0.28,0.48,33.97,0.29,0.48,33.97,0.30,0.47,,,
5951984,5194,5593,1.015,33.70,0.24,33.70,0.23,0.54,33.70,0.24,0.55,33.70,0.24,0.55,,,
5952558,5570,5801,1.015,34.40,0.13,34.39,0.13,0.35,34.40,0.13,0.39,34.40,0.13,0.40,,,
5952607,8285,8586,1.023,35.84,0.16,35.82,0.16,0.37,35.84,0.16,0.39,35.86,0.16,0.40,,,
5952663,4171,4637,1.012,33.60,0.17,33.61,0.17,0.56,33.60,0.17,0.60,33.60,0.17,0.59,,,
5952898,3439,3941,1.010,33.73,0.16,33.73,0.16,0.56,33.72,0.16,0.60,33.74,0.17,0.59,,,
5952956,10678,10806,1.028,36.02,0.14,36.06,0.14,0.35,36.02,0.14,0.39,35.98,0.14,0.40,,,
5953001,2272,2249,1.006,33.23,0.13,33.24,0.13,0.46,33.24,0.13,0.46,33.22,0.13,0.45,,,
6719321,3281,2732,1.007,32.03,0.28,31.99,0.27,0.56,32.02,0.28,0.60,32.08,0.29,0.59,,,
6724069,7417,6880,1.018,34.15,0.28,34.14,0.27,0.56,34.14,0.28,0.60,34.16,0.28,0.59,,,
6724508,5057,4687,1.012,33.34,0.28,33.35,0.27,0.56,33.34,0.28,0.59,33.34,0.29,0.58,33.28,0.31,0.65
