6dFGS,No,logAge,e_logAge,[Fe/H],e_[Fe/H],[a/Fe],e_[a/Fe],[Z/H],e_[Z/H],Q,_RA,_DE
g0000144-765225,1,0.650,0.088,-0.646,0.158,0.500,0.111,-0.175,0.063,5,0.0598333,-76.8736389
g0000222-013746,1,0.500,0.058,0.435,0.066,-0.090,0.040,0.350,0.047,7,0.0922917,-1.6294722
g0000235-065610,1,0.475,0.075,0.237,0.088,0.120,0.038,0.350,0.067,5,0.0978333,-6.9361944
g0000251-260240,1,0.775,0.108,0.027,0.125,0.210,0.064,0.225,0.072,6,0.1045417,-26.0445000
g0000356-014547,1,0.375,0.046,-0.070,0.073,0.180,0.046,0.100,0.045,5,0.1485000,-1.7631667
g0000358-403432,1,0.500,0.107,0.005,0.151,0.180,0.070,0.175,0.099,8,0.1489583,-40.5756111
g0000428-721715,1,1.175,0.021,-0.185,0.057,0.090,0.048,-0.100,0.030,4,0.1783333,-72.2874167
g0000459-815803,1,0.250,0.042,-0.170,0.131,0.180,0.082,0.000,0.067,6,0.1912917,-81.9674167
g0000523-355037,1,0.700,0.083,-0.471,0.113,0.500,0.073,0.000,0.054,8,0.2180417,-35.8436667
g0000532-355911,1,0.700,0.089,-0.295,0.113,0.340,0.077,0.025,0.055,5,0.2216250,-35.9863056
g0001010-434516,1,0.750,0.095,-0.095,0.116,0.180,0.067,0.075,0.062,3,0.2541250,-43.7543056
g0001011-435136,1,1.175,0.024,-0.458,0.068,0.300,0.055,-0.175,0.031,4,0.2544167,-43.8599167
g0001060-535931,1,0.725,0.084,0.199,0.068,0.240,0.028,0.425,0.048,3,0.2749167,-53.9918056
g0001330-072610,1,0.925,0.069,-0.045,0.069,0.180,0.041,0.125,0.039,2,0.3872917,-7.4361389
g0001341-361900,1,-0.125,0.037,0.199,0.112,0.240,0.051,0.425,0.071,6,0.3922500,-36.3167500
g0001361-144455,1,1.000,0.069,-0.051,0.070,0.240,0.035,0.175,0.052,1,0.4002083,-14.7486667
g0002177-434517,1,0.500,0.106,0.309,0.120,0.150,0.036,0.450,0.105,3,0.5738333,-43.7546667
g0002248-544560,1,0.725,0.091,0.243,0.088,0.060,0.039,0.300,0.063,9,0.6032083,-54.7665278
g0002441-435802,1,0.450,0.059,0.062,0.078,0.120,0.043,0.175,0.052,5,0.6837917,-43.9671667
g0002443-534455,1,0.925,0.065,0.096,0.060,0.270,0.034,0.350,0.039,5,0.6845000,-53.7485833
g0002547-354319,1,0.750,0.082,-0.245,0.117,0.340,0.074,0.075,0.060,6,0.7278750,-35.7220556
g0003055-540211,1,0.825,0.058,-0.296,0.062,0.500,0.041,0.175,0.033,6,0.7728750,-54.0364167
g0003112-544458,1,0.900,0.075,0.180,0.057,0.180,0.033,0.350,0.038,7,0.7964583,-54.7494444
g0003213-355622,1,0.375,0.078,-0.233,0.154,0.300,0.101,0.050,0.080,8,0.8388333,-35.9394722
g0003214-500450,1,0.675,0.074,0.071,0.073,0.270,0.038,0.325,0.046,5,0.8389583,-50.0805000
g0003468-551419,1,0.525,0.067,-0.033,0.095,0.300,0.051,0.250,0.055,9,0.9447917,-55.2386111
g0003487-433706,1,0.925,0.073,-0.166,0.081,0.150,0.048,-0.025,0.047,1,0.9529583,-43.6183056
g0003518-120609,1,0.225,0.035,0.104,0.133,0.420,0.053,0.500,0.123,10,0.9659583,-12.1025556
g0003572-614657,1,0.325,0.068,-0.224,0.125,0.530,0.059,0.275,0.084,6,0.9881250,-61.7824722
g0004060-513457,1,1.050,0.061,-0.596,0.089,0.500,0.060,-0.125,0.042,8,1.0251667,-51.5825000
g0004121-143125,1,0.450,0.062,0.075,0.092,0.000,0.061,0.075,0.059,0,1.0502917,-14.5236667
g0004284-525414,1,1.175,0.020,-0.379,0.047,0.270,0.036,-0.125,0.027,7,1.1183333,-52.9038611
g0004422-302901,1,0.525,0.040,0.105,0.054,0.180,0.030,0.275,0.033,2,1.1759583,-30.4836389
g0004582-600135,1,0.750,0.067,0.159,0.061,0.150,0.025,0.300,0.047,2,1.2425833,-60.0262500
g0005037-552033,1,0.925,0.075,-0.537,0.075,0.650,0.043,0.075,0.042,10,1.2654583,-55.3423611
g0005054-533307,1,0.775,0.078,-0.026,0.076,0.240,0.038,0.200,0.049,7,1.2723750,-53.5520000
g0005112-502053,1,0.700,0.059,-0.016,0.093,0.150,0.043,0.125,0.072,7,1.2968333,-50.3480833
g0005132-113009,1,0.825,0.075,-0.574,0.079,0.530,0.049,-0.075,0.040,4,1.3050833,-11.5025833
g0005279-503455,1,0.775,0.064,-0.104,0.061,0.270,0.039,0.150,0.043,7,1.3660417,-50.5819444
g0005596-531636,1,0.275,0.036,0.077,0.079,0.210,0.036,0.275,0.053,4,1.4982500,-53.2766111
g0006036-521308,1,1.150,0.004,-0.252,0.037,0.400,0.029,0.125,0.020,7,1.5148750,-52.2188056
g0006084-503850,1,1.150,0.000,-0.170,0.032,0.340,0.023,0.150,0.015,4,1.5351250,-50.6472500
g0006092-514045,1,0.700,0.044,-0.089,0.059,0.360,0.033,0.250,0.037,5,1.5383333,-51.6791667
g0006153-524641,1,0.750,0.063,0.002,0.069,0.210,0.035,0.200,0.043,4,1.5637083,-52.7780278
g0006163-590842,1,0.900,0.068,-0.116,0.058,0.150,0.036,0.025,0.037,2,1.5680417,-59.1448611
g0006285-034258,1,0.900,0.045,0.099,0.043,0.240,0.023,0.325,0.027,1,1.6185833,-3.7161389
g0006288-534938,1,0.850,0.074,-0.095,0.066,0.180,0.038,0.075,0.038,4,1.6199583,-53.8273056
g0006297-321849,1,0.600,0.066,0.165,0.081,0.090,0.042,0.250,0.055,2,1.6238750,-32.3136389
g0006317-122851,1,0.650,0.099,0.165,0.114,0.090,0.050,0.250,0.077,6,1.6321250,-12.4809444
g0006327-521041,1,0.325,0.050,0.175,0.102,0.000,0.063,0.175,0.058,4,1.6362917,-52.1780833
g0006379-531154,1,0.950,0.062,-0.426,0.081,0.320,0.051,-0.125,0.040,3,1.6580417,-53.1984167
g0006430-604346,1,0.475,0.066,0.015,0.079,0.090,0.039,0.100,0.053,7,1.6791667,-60.7295556
g0006484-510613,1,0.675,0.082,-0.220,0.080,0.340,0.044,0.100,0.055,6,1.7015000,-51.1034722
g0006527-502454,1,1.175,0.005,-0.204,0.038,0.270,0.030,0.050,0.022,5,1.7196250,-50.4151111
g0007303-610926,1,0.600,0.057,-0.101,0.070,0.240,0.040,0.125,0.043,2,1.8762083,-61.1570833
g0007325-533139,1,0.775,0.079,-0.033,0.075,0.380,0.040,0.325,0.048,6,1.8852083,-53.5275556
g0007446-015645,1,0.425,0.081,0.130,0.094,0.180,0.046,0.300,0.066,6,1.9359167,-1.9458611
g0007486-544630,1,0.600,0.053,0.109,0.066,0.150,0.036,0.250,0.040,5,1.9525417,-54.7748611
g0007527-484800,1,0.900,0.065,-0.076,0.064,0.240,0.037,0.150,0.039,4,1.9693750,-48.8000556
g0008249-051305,1,1.150,0.053,-0.791,0.078,0.680,0.054,-0.150,0.040,8,2.1037500,-5.2179167
g0008259-003631,1,0.625,0.118,-0.060,0.126,0.090,0.060,0.025,0.085,6,2.1077917,-0.6086944
g0008343-105658,1,0.800,0.104,-0.032,0.118,0.060,0.074,0.025,0.064,8,2.1428750,-10.9493611
g0008362-584804,1,1.100,0.011,-0.135,0.045,0.090,0.038,-0.050,0.023,7,2.1510000,-58.8011667
g0008466-565900,1,1.175,0.000,-0.104,0.038,0.270,0.027,0.150,0.022,3,2.1943333,-56.9833333
g0008566-534936,1,0.600,0.067,0.174,0.070,0.240,0.034,0.400,0.046,5,2.2356667,-53.8267222
g0009005-042230,1,0.600,0.070,-0.304,0.090,0.270,0.062,-0.050,0.045,6,2.2519167,-4.3751111
g0009021-794959,1,1.175,0.000,-0.077,0.039,0.400,0.031,0.300,0.019,9,2.2586250,-79.8330278
g0009264-350825,1,0.450,0.057,0.302,0.085,0.210,0.036,0.500,0.075,5,2.3597917,-35.1401944
g0010161-004350,1,1.175,0.005,-0.273,0.043,0.210,0.036,-0.075,0.024,5,2.5669583,-0.7305833
g0010163-365148,1,0.450,0.063,-0.057,0.103,0.060,0.063,0.000,0.054,3,2.5679583,-36.8632500
g0010185-570637,1,0.475,0.077,0.287,0.103,0.120,0.045,0.400,0.079,6,2.5770833,-57.1102222
g0010234-070504,1,0.650,0.049,-0.001,0.053,0.240,0.029,0.225,0.035,1,2.5975833,-7.0844444
g0010393-564813,1,1.025,0.041,-0.041,0.055,0.150,0.034,0.100,0.035,6,2.6635417,-56.8034722
g0010418-042755,1,0.975,0.053,-0.051,0.058,0.240,0.031,0.175,0.038,8,2.6743333,-4.4653333
g0010428-201929,1,0.525,0.099,0.192,0.135,0.300,0.052,0.475,0.103,5,2.6783333,-20.3246111
g0010499-510221,1,0.625,0.103,0.023,0.109,-0.210,0.085,-0.175,0.074,9,2.7080833,-51.0390278
g0011126-333443,1,0.625,0.047,0.059,0.053,0.150,0.029,0.200,0.037,1,2.8024583,-33.5785556
g0011269-032826,1,0.900,0.094,-0.095,0.085,0.180,0.045,0.075,0.057,2,2.8619583,-3.4737500
g0011436-183103,1,-0.100,0.047,0.704,0.091,-0.270,0.043,0.450,0.090,7,2.9317083,-18.5175556
g0011596-193123,1,0.700,0.072,-0.070,0.074,0.340,0.046,0.250,0.048,5,2.9983333,-19.5229722
g0012061-002455,1,0.575,0.065,0.146,0.059,0.270,0.027,0.400,0.045,6,3.0252500,-0.4151667
g0012116-105541,1,0.250,0.032,0.359,0.093,0.150,0.029,0.500,0.080,2,3.0484583,-10.9281389
g0012145-271124,2,0.125,0.030,-0.045,0.090,0.180,0.061,0.125,0.044,1,3.0604167,-27.1899167
g0012187-370444,1,0.275,0.064,-0.029,0.165,0.270,0.079,0.225,0.110,5,3.0780000,-37.0787500
g0012337-000255,1,0.800,0.092,-0.070,0.104,0.180,0.055,0.100,0.063,6,3.1404167,-0.0485000
g0012593-064623,1,1.175,0.061,-0.769,0.133,0.710,0.098,-0.100,0.053,7,3.2470833,-6.7731667
g0013036-054331,1,0.825,0.105,-0.045,0.102,0.340,0.047,0.275,0.066,2,3.2651250,-5.7253056
g0013154-492027,1,0.850,0.072,-0.233,0.069,0.300,0.042,0.050,0.040,4,3.3143333,-49.3408056
g0013197-373052,1,1.075,0.016,-0.101,0.044,0.320,0.031,0.200,0.028,4,3.3318750,-37.5145000
g0013208-095522,1,1.150,0.020,-0.414,0.048,0.360,0.040,-0.075,0.024,4,3.3365417,-9.9226944
g0013242-145025,1,0.650,0.087,0.105,0.093,0.180,0.046,0.275,0.063,5,3.3508750,-14.8403333
g0013291-064744,1,0.250,0.023,0.127,0.064,0.210,0.042,0.325,0.046,8,3.3712083,-6.7956389
g0013327-112207,1,0.675,0.065,0.055,0.085,0.180,0.044,0.225,0.057,5,3.3862083,-11.3687222
g0013340-413622,1,0.400,0.070,0.400,0.093,0.000,0.038,0.400,0.074,3,3.3917500,-41.6061389
g0013531-124645,1,0.425,0.079,0.071,0.091,0.270,0.038,0.325,0.068,3,3.4710417,-12.7792500
g0014186-065901,1,0.150,0.052,0.059,0.137,0.150,0.074,0.200,0.083,4,3.5772917,-6.9835556
g0014288-191819,1,0.500,0.053,0.047,0.087,0.030,0.051,0.075,0.050,8,3.6198750,-19.3053333
g0014368-585743,1,0.250,0.033,-0.158,0.088,0.460,0.047,0.275,0.053,8,3.6531667,-58.9618056
g0014428-601942,1,0.275,0.022,0.178,0.061,-0.030,0.039,0.150,0.033,2,3.6785000,-60.3284167
g0014446-072042,1,0.550,0.052,0.325,0.054,0.000,0.030,0.325,0.036,7,3.6857083,-7.3450833
g0015120-432824,1,0.575,0.083,0.243,0.088,0.060,0.041,0.300,0.065,3,3.8000833,-43.4732500
g0015165-571441,1,0.575,0.061,0.102,0.070,0.210,0.029,0.300,0.049,4,3.8185417,-57.2447500
g0015191-614441,1,0.700,0.062,-0.033,0.079,0.300,0.041,0.250,0.050,3,3.8294167,-61.7446111
g0015341-030338,1,0.550,0.069,-0.203,0.088,0.030,0.055,-0.175,0.048,9,3.8920000,-3.0606111
g0015440-330150,1,0.625,0.045,0.297,0.049,0.030,0.029,0.325,0.037,2,3.9332917,-33.0306389
g0015465-591341,1,0.925,0.048,-0.041,0.041,0.150,0.023,0.100,0.028,5,3.9437500,-59.2280833
g0015582-001813,1,1.150,0.010,-0.326,0.049,0.240,0.039,-0.100,0.021,2,3.9926667,-0.3035556
g0016197-112139,1,0.750,0.077,-0.351,0.080,0.240,0.049,-0.125,0.043,3,4.0822500,-11.3608056
g0016243-061919,1,0.650,0.058,0.143,0.076,0.060,0.040,0.200,0.047,3,4.1014167,-6.3219167
g0016425-772508,1,0.625,0.098,0.155,0.117,0.180,0.054,0.325,0.077,2,4.1772500,-77.4189444
g0016457-415843,1,0.850,0.091,-0.088,0.090,0.120,0.052,0.025,0.054,3,4.1902083,-41.9785000
g0016458-082350,1,0.700,0.090,-0.381,0.110,0.590,0.057,0.175,0.068,7,4.1906250,-8.3973056
g0017029-094047,1,0.900,0.073,-0.025,0.067,0.000,0.040,-0.025,0.044,1,4.2620417,-9.6797222
g0017036-433727,1,0.750,0.072,-0.066,0.078,0.150,0.045,0.075,0.049,2,4.2648750,-43.6242222
g0017054-132914,1,0.350,0.041,-0.085,0.074,0.090,0.044,0.000,0.046,1,4.2725833,-13.4871111
g0017063-043637,1,0.925,0.045,0.087,0.041,0.120,0.026,0.200,0.027,3,4.2762500,-4.6103056
g0017075-593940,1,0.950,0.051,-0.183,0.061,0.380,0.037,0.175,0.036,7,4.2811250,-59.6610556
g0017097-034249,1,0.925,0.084,0.274,0.068,0.240,0.028,0.500,0.051,5,4.2905000,-3.7136667
g0017267-093158,1,0.825,0.058,-0.063,0.055,0.120,0.033,0.050,0.035,2,4.3611667,-9.5326944
g0017348-042016,1,1.175,0.004,-0.314,0.036,0.360,0.031,0.025,0.017,3,4.3950417,-4.3378056
g0017537-083912,2,0.725,0.128,0.563,0.082,-0.120,0.036,0.450,0.071,6,4.4739167,-8.6534444
g0017594-091620,1,0.550,0.056,0.122,0.071,0.030,0.033,0.150,0.050,6,4.4973750,-9.2720833
g0018047-335229,1,0.600,0.070,0.259,0.062,0.150,0.031,0.400,0.045,1,4.5195833,-33.8746111
g0018390-151920,1,0.650,0.055,-0.004,0.070,0.270,0.040,0.250,0.045,5,4.6624167,-15.3223056
g0018390-542516,1,0.450,0.040,-0.226,0.070,0.320,0.045,0.075,0.038,6,4.6625833,-54.4211944
g0018452-222133,1,0.700,0.094,-0.379,0.101,0.270,0.064,-0.125,0.054,3,4.6883750,-22.3591111
g0018485-151450,1,0.200,0.037,0.221,0.133,0.270,0.038,0.475,0.132,2,4.7020417,-15.2471944
g0018507-082731,2,0.900,0.065,-0.058,0.068,0.300,0.035,0.225,0.041,1,4.7112083,-8.4586944
g0018525-374024,1,0.725,0.097,-0.004,0.115,0.270,0.057,0.250,0.072,1,4.7186667,-37.6733889
g0018550-031634,1,1.175,0.007,-0.451,0.036,0.320,0.033,-0.150,0.018,3,4.7293333,-3.2760833
g0019143-224644,1,0.450,0.058,-0.501,0.095,0.240,0.059,-0.275,0.054,5,4.8094583,-22.7789722
g0019239-212043,1,1.100,0.041,-0.210,0.078,0.090,0.066,-0.125,0.035,4,4.8494167,-21.3453056
g0019284-522137,1,0.425,0.060,0.205,0.094,0.180,0.047,0.375,0.063,9,4.8682917,-52.3602222
g0019365-614127,1,0.950,0.066,-0.150,0.080,0.000,0.056,-0.150,0.041,7,4.9019167,-61.6909167
g0019426-414840,1,-0.050,0.035,-0.106,0.110,0.590,0.068,0.450,0.055,7,4.9275833,-41.8110000
g0019475-511510,1,0.450,0.036,0.034,0.055,0.150,0.033,0.175,0.031,6,4.9477083,-51.2526667
g0020028-040306,1,0.375,0.091,0.397,0.102,0.030,0.029,0.425,0.090,9,5.0118333,-4.0517222
g0020112-032402,1,0.500,0.057,-0.171,0.068,0.420,0.038,0.225,0.047,4,5.0465833,-3.4005833
g0020128-494032,1,0.900,0.089,0.202,0.073,0.210,0.034,0.400,0.046,7,5.0532917,-49.6756667
g0020265-020643,1,1.175,0.000,-0.499,0.053,0.530,0.042,0.000,0.024,4,5.1104583,-2.1118889
g0020281-495632,1,0.200,0.030,0.300,0.077,0.000,0.032,0.300,0.061,5,5.1168750,-49.9422222
g0020403-735523,1,0.475,0.085,0.062,0.108,0.120,0.040,0.175,0.092,4,5.1680417,-73.9230833
g0020419-042559,1,0.925,0.070,-0.354,0.078,0.270,0.043,-0.100,0.044,3,5.1746667,-4.4330556
g0021347-040719,1,0.925,0.091,0.123,0.059,0.400,0.042,0.500,0.057,8,5.3946250,-4.1219722
g0021438-614240,1,0.700,0.087,-0.276,0.124,0.320,0.076,0.025,0.062,3,5.4323333,-61.7111389
g0021463-114411,1,1.175,0.000,0.175,0.045,0.000,0.040,0.175,0.023,6,5.4427500,-11.7364444
g0021512-013527,1,0.350,0.055,0.012,0.088,0.120,0.050,0.125,0.051,4,5.4632917,-1.5909167
g0022339-082911,1,0.625,0.064,-0.128,0.070,0.030,0.044,-0.100,0.041,4,5.6411667,-8.4863889
g0022354-062027,1,0.775,0.079,-0.170,0.099,0.340,0.058,0.150,0.053,9,5.6475000,-6.3408333
g0022509-424509,1,1.175,0.005,-0.599,0.050,0.530,0.041,-0.100,0.026,8,5.7120417,-42.7524167
g0022530-143204,1,0.700,0.078,-0.148,0.078,0.210,0.041,0.050,0.051,3,5.7206667,-14.5343611
g0022581-423205,1,0.175,0.055,0.253,0.132,-0.030,0.067,0.225,0.082,5,5.7422500,-42.5345833
g0023068-570047,1,1.050,0.025,-0.126,0.041,0.320,0.028,0.175,0.023,5,5.7781250,-57.0130000
g0023281-041454,1,0.950,0.083,-0.526,0.113,0.320,0.079,-0.225,0.053,3,5.8671667,-4.2483611
g0023500-030354,1,0.950,0.057,-0.163,0.056,0.120,0.038,-0.050,0.033,4,5.9582500,-3.0650556
g0023527-124104,1,0.375,0.091,0.130,0.139,0.340,0.048,0.450,0.117,7,5.9696250,-12.6845000
g0024003-080207,1,0.125,0.037,-0.038,0.113,0.120,0.060,0.075,0.066,4,6.0012083,-8.0351944
g0024204-141356,1,0.500,0.071,-0.002,0.085,0.480,0.033,0.450,0.065,4,6.0848750,-14.2322222
g0024246-024009,1,0.175,0.079,0.557,0.180,-0.060,0.062,0.500,0.165,5,6.1025000,-2.6691667
g0024253-141457,1,0.500,0.084,0.171,0.099,0.270,0.030,0.425,0.089,2,6.1052500,-14.2490556
g0024365-112948,1,0.250,0.032,-0.022,0.120,-0.030,0.071,-0.050,0.071,4,6.1520417,-11.4966944
g0024365-135723,1,0.575,0.056,0.209,0.058,0.150,0.033,0.350,0.038,0,6.1522083,-13.9563611
g0024438-050856,1,0.500,0.041,-0.091,0.058,0.150,0.030,0.050,0.040,1,6.1822917,-5.1487500
g0024471-204356,1,0.700,0.125,-0.050,0.129,0.000,0.083,-0.050,0.086,6,6.1963333,-20.7321111
g0024560-204353,1,0.675,0.081,-0.170,0.107,0.340,0.054,0.150,0.064,2,6.2332500,-20.7313056
g0024598-421233,1,0.250,0.040,-0.164,0.122,0.360,0.072,0.175,0.064,4,6.2491250,-42.2092778
g0025175-161010,1,1.025,0.046,0.028,0.065,-0.030,0.046,0.000,0.034,3,6.3229167,-16.1695278
g0025323-621608,1,0.750,0.068,-0.208,0.089,0.300,0.053,0.075,0.050,7,6.3845833,-62.2688889
g0025525-093943,1,1.075,0.015,-0.273,0.032,0.210,0.025,-0.075,0.017,2,6.4686667,-9.6618056
g0025549-032515,1,0.550,0.051,-0.633,0.073,0.300,0.045,-0.350,0.047,7,6.4785833,-3.4208333
g0026546-023003,1,0.625,0.046,0.097,0.049,0.030,0.028,0.125,0.034,3,6.7276667,-2.5008889
g0026582-014710,1,0.925,0.058,-0.050,0.049,0.000,0.050,-0.050,0.051,6,6.7425833,-1.7861667
g0027100-070213,1,0.925,0.102,-0.026,0.113,0.240,0.064,0.200,0.068,9,6.7916667,-7.0369444
g0027160-415617,1,0.375,0.059,0.102,0.086,0.210,0.047,0.300,0.060,6,6.8167083,-41.9379722
g0027301-013049,1,1.175,0.000,-0.220,0.030,0.180,0.026,-0.050,0.014,2,6.8753333,-1.5134722
g0027464-101547,1,0.950,0.055,-0.126,0.074,0.320,0.047,0.175,0.045,3,6.9432917,-10.2629167
g0028156-484003,1,0.950,0.070,-0.063,0.081,0.120,0.046,0.050,0.052,2,7.0648333,-48.6674167
g0028395-113827,1,0.700,0.064,-0.048,0.068,0.210,0.034,0.150,0.044,4,7.1646250,-11.6406944
g0028397-130037,1,0.400,0.057,0.202,0.071,0.210,0.030,0.400,0.057,2,7.1653750,-13.0101667
g0029006-081906,1,1.175,0.000,-0.170,0.039,0.180,0.028,0.000,0.023,4,7.2525833,-8.3184444
g0029417-513114,1,0.375,0.036,-0.008,0.050,0.460,0.025,0.425,0.037,5,7.4235417,-51.5206667
g0029494-011406,1,1.175,0.004,-0.508,0.061,0.460,0.052,-0.075,0.024,3,7.4556250,-1.2348889
g0029574-051738,1,0.600,0.074,-0.078,0.082,0.030,0.042,-0.050,0.054,2,7.4891250,-5.2938333
g0030054-601350,1,0.225,0.033,0.253,0.102,-0.030,0.065,0.225,0.072,6,7.5226667,-60.2304167
g0030294-430525,1,0.425,0.068,0.062,0.112,0.120,0.056,0.175,0.066,4,7.6223750,-43.0903056
g0030494-572826,1,1.175,0.029,-0.188,0.060,0.120,0.043,-0.075,0.033,8,7.7058333,-57.4738611
g0030582-092415,1,0.875,0.093,-1.004,0.113,0.800,0.080,-0.250,0.052,9,7.7424167,-9.4040556
g0031140-365114,1,0.550,0.054,0.112,0.067,0.120,0.038,0.225,0.043,1,7.8083333,-36.8538889
g0032068-130323,1,1.175,0.008,-0.426,0.068,0.240,0.055,-0.200,0.033,5,8.0282917,-13.0562778
g0032235-421024,1,0.275,0.036,0.140,0.074,0.090,0.047,0.225,0.045,4,8.0979167,-42.1734444
g0032292-422726,2,0.575,0.050,-0.054,0.066,0.270,0.033,0.200,0.043,5,8.1217500,-42.4573333
g0032398-025457,1,1.050,0.023,-0.166,0.048,0.150,0.036,-0.025,0.023,4,8.1657917,-2.9157222
g0032406-163759,1,0.550,0.092,-0.263,0.118,0.120,0.070,-0.150,0.062,3,8.1691250,-16.6331111
g0032490-421707,1,0.100,0.055,0.192,0.142,0.300,0.050,0.475,0.136,7,8.2039583,-42.2851389
g0032578-181245,1,0.625,0.096,0.368,0.107,0.060,0.046,0.425,0.076,4,8.2408333,-18.2125278
g0033315-520302,1,0.425,0.075,-0.097,0.129,-0.030,0.070,-0.125,0.072,4,8.3810833,-52.0505000
g0033369-524807,1,0.550,0.071,0.002,0.092,0.210,0.046,0.200,0.056,6,8.4037083,-52.8020278
g0034015-430849,2,0.350,0.056,-0.083,0.090,0.300,0.045,0.200,0.057,2,8.5062500,-43.1468056
g0034162-375314,1,1.125,0.030,-0.398,0.041,0.210,0.037,-0.200,0.025,4,8.5676667,-37.8870833
g0034195-123923,1,0.750,0.067,0.077,0.062,0.210,0.030,0.275,0.040,2,8.5810833,-12.6562500
g0034291-485622,1,0.575,0.110,0.062,0.157,0.120,0.087,0.175,0.094,3,8.6211667,-48.9393889
g0034315-135029,1,0.825,0.095,-0.153,0.110,0.030,0.071,-0.125,0.056,1,8.6312500,-13.8415000
g0034317-161221,1,0.350,0.052,-0.079,0.090,0.270,0.051,0.175,0.052,5,8.6320417,-16.2059167
g0034420-181203,1,0.525,0.069,0.037,0.079,0.120,0.044,0.150,0.063,6,8.6748750,-18.2007500
g0035112-435906,1,0.125,0.041,0.040,0.104,0.090,0.060,0.125,0.059,7,8.7967083,-43.9850000
g0035131-373329,1,0.700,0.059,0.162,0.061,0.120,0.032,0.275,0.040,1,8.8046667,-37.5580000
g0035132-604923,1,0.275,0.044,-0.302,0.118,0.480,0.082,0.150,0.050,8,8.8048333,-60.8229722
g0035176-023908,1,0.875,0.071,-0.048,0.062,0.210,0.032,0.150,0.040,0,8.8232917,-2.6523056
g0035185-440450,1,0.900,0.098,-0.764,0.141,0.440,0.096,-0.350,0.088,4,8.8272083,-44.0805000
g0035339-025055,1,0.300,0.034,0.184,0.068,0.150,0.032,0.325,0.048,4,8.8913750,-2.8487222
g0035407-091010,1,0.800,0.105,-0.126,0.115,0.240,0.057,0.100,0.067,2,8.9196667,-9.1695556
g0035479-454021,1,1.100,0.036,-0.426,0.066,0.320,0.046,-0.125,0.034,3,8.9496667,-45.6725278
g0035508-594138,1,0.725,0.060,-0.083,0.061,0.300,0.033,0.200,0.040,3,8.9618333,-59.6938333
g0035582-422946,2,0.900,0.072,-0.104,0.071,0.270,0.039,0.150,0.042,3,8.9926250,-42.4961667
g0036052-034014,1,0.550,0.077,0.168,0.106,0.060,0.056,0.225,0.076,4,9.0218333,-3.6705556
g0036126-121530,1,1.000,0.040,-0.123,0.049,0.210,0.030,0.075,0.030,2,9.0525000,-12.2584167
g0036293-004343,1,0.250,0.043,0.205,0.104,0.180,0.038,0.375,0.080,5,9.1218750,-0.7286111
g0036504-533612,1,1.175,0.042,-0.533,0.079,0.300,0.063,-0.250,0.038,6,9.2100417,-53.6034444
g0037215-195603,1,0.800,0.058,-0.041,0.049,0.150,0.026,0.100,0.034,2,9.3397083,-19.9342500
g0037253-014112,1,0.975,0.046,-0.214,0.074,0.360,0.050,0.125,0.038,8,9.3555833,-1.6866667
g0037424-141047,1,0.225,0.025,0.274,0.088,0.240,0.031,0.500,0.090,4,9.4264583,-14.1795833
g0037463-175058,1,0.325,0.036,0.152,0.056,0.210,0.021,0.350,0.047,1,9.4427917,-17.8494722
g0038034-144217,1,0.725,0.072,-0.183,0.088,0.300,0.049,0.100,0.049,3,9.5140417,-14.7046111
g0038162-170319,1,1.100,0.014,-0.028,0.052,0.030,0.047,0.000,0.023,3,9.5676250,-17.0551389
g0038378-520446,1,1.075,0.017,-0.407,0.061,0.060,0.052,-0.350,0.031,6,9.6574167,-52.0795278
g0038413-771817,1,0.600,0.087,-0.046,0.085,0.420,0.040,0.350,0.067,4,9.6720833,-77.3046389
g0038478-520159,1,1.175,0.017,-0.213,0.066,0.120,0.051,-0.100,0.038,6,9.6989583,-52.0331667
g0039016-160615,1,0.550,0.053,-0.088,0.064,0.120,0.034,0.025,0.041,3,9.7567500,-16.1042778
g0039068-084759,1,0.350,0.067,0.248,0.108,-0.210,0.052,0.050,0.073,3,9.7782917,-8.7996111
g0039125-004510,1,0.775,0.092,-0.108,0.097,0.380,0.054,0.250,0.058,3,9.8020417,-0.7526667
g0039141-530711,1,0.950,0.072,-0.123,0.081,0.210,0.043,0.075,0.053,6,9.8088750,-53.1196111
g0039338-022130,1,1.100,0.037,-0.388,0.063,0.120,0.060,-0.275,0.038,7,9.8909167,-2.3584444
g0039451-560356,1,1.100,0.013,-0.095,0.050,0.180,0.033,0.075,0.032,4,9.9380000,-56.0655000
g0039496-162134,1,0.825,0.082,0.034,0.069,0.150,0.036,0.175,0.046,2,9.9566250,-16.3593056
g0040042-561050,1,0.975,0.045,-0.158,0.059,0.300,0.038,0.125,0.033,3,10.0176667,-56.1805000
g0040148-152815,1,0.550,0.078,-0.088,0.118,0.120,0.074,0.025,0.061,7,10.0615417,-15.4707222
g0040345-013119,1,0.650,0.082,-0.446,0.123,0.420,0.078,-0.050,0.060,6,10.1437500,-1.5220278
g0040439-850228,1,1.150,0.026,-0.213,0.092,0.120,0.071,-0.100,0.037,8,10.1829167,-85.0411944
g0040598-601545,1,0.850,0.102,-0.270,0.104,0.340,0.062,0.050,0.062,3,10.2492500,-60.2626111
g0041004-555621,1,0.500,0.077,0.265,0.082,0.090,0.037,0.350,0.070,4,10.2515833,-55.9391944
g0041058-152541,1,0.250,0.062,0.368,0.124,0.060,0.050,0.425,0.100,4,10.2743333,-15.4280833
g0041065-370149,1,1.075,0.013,-0.041,0.046,0.150,0.034,0.100,0.025,4,10.2771250,-37.0301389
g0041221-095241,1,0.775,0.097,0.077,0.096,0.210,0.053,0.275,0.062,9,10.3421250,-9.8779444
g0041334-142148,1,0.375,0.057,-0.979,0.117,0.800,0.065,-0.225,0.070,5,10.3890833,-14.3632778
g0041398-421916,2,0.450,0.052,0.174,0.070,0.240,0.030,0.400,0.048,4,10.4159583,-42.3209722
g0041482-091703,1,0.975,0.063,0.127,0.061,0.210,0.035,0.325,0.038,4,10.4509583,-9.2841944
g0041485-014419,1,0.275,0.019,0.209,0.047,0.150,0.037,0.350,0.037,5,10.4519167,-1.7386944
g0041533-104958,1,0.275,0.044,0.067,0.109,0.300,0.052,0.350,0.081,6,10.4721250,-10.8327222
g0042046-420959,2,0.625,0.070,0.105,0.100,0.180,0.051,0.275,0.062,5,10.5189583,-42.1663056
g0042148-112817,1,1.075,0.022,-0.270,0.057,0.180,0.052,-0.100,0.029,5,10.5616667,-11.4714444
g0042166-503033,1,0.800,0.075,0.127,0.066,0.210,0.033,0.325,0.045,1,10.5690000,-50.5092778
g0042223-133625,1,-0.050,0.083,0.585,0.157,-0.090,0.049,0.500,0.150,9,10.5928333,-13.6070000
g0042362-015943,1,0.775,0.070,-0.013,0.071,0.120,0.038,0.100,0.046,4,10.6510000,-1.9952222
g0042364-115432,1,0.650,0.096,0.152,0.108,0.210,0.048,0.350,0.076,2,10.6515833,-11.9089444
g0042368-013144,1,0.725,0.061,0.149,0.044,0.240,0.021,0.375,0.035,3,10.6534583,-1.5287778
g0042442-085612,1,1.175,0.008,-0.232,0.059,0.060,0.051,-0.175,0.026,6,10.6842083,-8.9366111
g0042597-463020,1,0.650,0.124,0.307,0.134,-0.060,0.067,0.250,0.096,6,10.7485417,-46.5055000
g0043081-462154,1,0.350,0.095,0.073,0.151,0.400,0.042,0.450,0.128,9,10.7838750,-46.3651111
g0043083-110739,1,0.900,0.073,-0.283,0.078,0.380,0.044,0.075,0.047,4,10.7847500,-11.1276111
g0043241-111522,1,0.300,0.061,0.005,0.116,0.180,0.069,0.175,0.068,8,10.8504167,-11.2560278
g0043334-040704,1,0.800,0.080,-0.602,0.096,0.480,0.063,-0.150,0.043,3,10.8890000,-4.1178333
g0043554-452920,1,1.000,0.060,-0.606,0.095,0.590,0.067,-0.050,0.043,5,10.9807500,-45.4887778
g0043596-111821,1,0.725,0.097,-0.020,0.099,0.340,0.046,0.300,0.067,5,10.9981667,-11.3057222
g0043597-763527,1,0.300,0.043,0.099,0.077,0.240,0.033,0.325,0.056,4,10.9987500,-76.5908611
g0044230-025040,1,0.675,0.117,-0.085,0.132,0.090,0.078,0.000,0.075,7,11.0959583,-2.8445556
g0044238-684735,1,0.650,0.104,-0.066,0.136,0.150,0.082,0.075,0.079,4,11.0992083,-68.7931667
g0044281-475036,1,0.900,0.100,0.171,0.076,0.270,0.034,0.425,0.052,3,11.1171250,-47.8432778
g0044313-030101,1,0.325,0.046,0.320,0.068,-0.180,0.037,0.150,0.051,7,11.1303750,-3.0170278
g0044377-484941,1,0.625,0.091,0.325,0.103,0.000,0.049,0.325,0.066,5,11.1568750,-48.8281389
g0045114-171611,1,0.775,0.085,0.080,0.074,0.180,0.038,0.250,0.051,3,11.2975000,-17.2695833
g0045240-123210,1,0.700,0.076,0.059,0.092,0.150,0.048,0.200,0.059,4,11.3501667,-12.5361389
g0046149-070700,1,0.625,0.101,0.315,0.105,0.090,0.047,0.400,0.071,5,11.5620417,-7.1166944
g0046345-484317,1,0.675,0.102,0.037,0.140,0.120,0.077,0.150,0.088,6,11.6435833,-48.7214167
g0046368-141855,1,0.625,0.090,0.146,0.084,0.270,0.036,0.400,0.065,6,11.6533333,-14.3153611
g0046403-520638,1,0.450,0.073,0.012,0.115,0.120,0.063,0.125,0.066,4,11.6678750,-52.1106111
g0046489-063152,1,0.750,0.067,0.142,0.052,0.300,0.029,0.425,0.033,5,11.7038333,-6.5310000
g0047069-024353,1,0.500,0.067,0.030,0.073,0.180,0.034,0.200,0.050,4,11.7785417,-2.7312500
g0047464-095006,1,0.450,0.054,-0.003,0.083,0.030,0.045,0.025,0.048,4,11.9434167,-9.8350278
g0047475-123729,1,0.825,0.099,0.015,0.104,0.090,0.056,0.100,0.070,8,11.9480833,-12.6246111
g0047518-481354,1,0.700,0.105,0.015,0.117,0.090,0.062,0.100,0.076,3,11.9657500,-48.2316944
g0048051-013357,1,0.850,0.065,-0.138,0.052,0.120,0.026,-0.025,0.034,2,12.0212083,-1.5658333
g0048179-645426,1,0.775,0.083,-0.076,0.087,0.240,0.042,0.150,0.055,1,12.0746667,-64.9073056
g0048600-070540,1,0.775,0.105,-0.007,0.096,0.060,0.046,0.050,0.068,4,12.2498333,-7.0943056
g0049328-041251,1,0.850,0.081,-0.528,0.095,0.560,0.054,0.000,0.050,6,12.3865417,-4.2140556
g0049357-025425,1,0.500,0.095,0.548,0.137,-0.210,0.057,0.350,0.102,8,12.3988750,-2.9068333
g0049365-472503,1,1.175,0.047,-0.571,0.084,0.500,0.060,-0.100,0.044,5,12.4020417,-47.4173611
g0049472-613913,1,0.800,0.075,-0.227,0.085,0.400,0.044,0.150,0.051,2,12.4467917,-61.6536111
g0049599-035956,1,0.650,0.095,-0.869,0.137,0.710,0.088,-0.200,0.064,5,12.4995000,-3.9988056
g0050004-053918,1,0.925,0.098,-0.558,0.114,0.460,0.072,-0.125,0.057,7,12.5016667,-5.6549167
g0050009-144057,1,0.625,0.054,0.372,0.052,0.030,0.027,0.400,0.037,3,12.5037917,-14.6823889
g0050083-042259,1,0.775,0.146,0.048,0.110,0.480,0.041,0.500,0.093,9,12.5345000,-4.3831667
g0050087-040710,1,0.325,0.096,0.055,0.173,0.340,0.066,0.375,0.132,8,12.5361667,-4.1193889
g0050275-055131,1,1.000,0.030,-0.008,0.031,0.380,0.022,0.350,0.019,5,12.6146667,-5.8585000
g0050325-083906,1,0.975,0.051,-0.147,0.066,-0.030,0.051,-0.175,0.035,6,12.6355000,-8.6516389
g0050419-015437,1,1.175,0.000,-0.113,0.028,0.120,0.022,0.000,0.022,5,12.6744167,-1.9102500
g0050419-521312,1,1.125,0.026,-0.351,0.057,0.240,0.069,-0.125,0.068,7,12.6744167,-52.2199444
g0050485-065309,1,1.000,0.042,-0.038,0.045,0.120,0.028,0.075,0.030,2,12.7018750,-6.8856944
g0050527-552925,1,0.900,0.095,-0.163,0.092,0.120,0.055,-0.050,0.053,5,12.7196667,-55.4901944
g0050577-233329,1,0.125,0.052,0.391,0.106,-0.150,0.045,0.250,0.084,9,12.7404583,-23.5579444
g0051019-070325,1,0.850,0.052,-0.003,0.041,0.030,0.026,0.025,0.026,2,12.7577500,-7.0569444
g0051044-000804,1,0.575,0.096,0.043,0.116,0.060,0.063,0.100,0.075,5,12.7681250,-0.1345278
g0051092-460634,1,0.500,0.105,0.109,0.117,0.150,0.046,0.250,0.093,7,12.7885000,-46.1093889
g0051093-463757,1,0.425,0.064,-0.163,0.115,0.120,0.067,-0.050,0.062,3,12.7889167,-46.6324167
g0051173-083549,1,1.150,0.000,-0.201,0.031,0.320,0.028,0.100,0.015,2,12.8218750,-8.5968611
g0051314-430930,1,0.725,0.094,-0.070,0.111,0.340,0.053,0.250,0.072,4,12.8807917,-43.1582500
g0051538-030251,1,1.175,0.005,-0.066,0.050,0.150,0.044,0.075,0.027,8,12.9741667,-3.0475000
g0052099-071145,1,1.175,0.015,-0.166,0.061,0.150,0.048,-0.025,0.037,3,13.0414167,-7.1957778
g0052102-440617,1,0.200,0.050,0.275,0.142,0.000,0.057,0.275,0.114,4,13.0426667,-44.1047500
g0052217-032041,1,0.425,0.098,-0.362,0.139,0.650,0.076,0.250,0.088,9,13.0904583,-3.3446111
g0052236-015012,1,0.600,0.102,-0.420,0.143,0.340,0.094,-0.100,0.077,6,13.0983333,-1.8365278
g0052282-015845,1,1.175,0.016,-0.198,0.053,0.210,0.037,0.000,0.031,4,13.1175000,-1.9790556
g0052507-031349,1,0.925,0.095,0.168,0.095,0.060,0.058,0.225,0.058,6,13.2112917,-3.2303611
g0053145-033722,1,0.550,0.091,0.074,0.126,0.240,0.052,0.300,0.092,4,13.3103750,-3.6227222
g0053190-035633,1,0.650,0.075,0.103,0.079,-0.030,0.054,0.075,0.052,4,13.3290833,-3.9423889
g0053201-011753,1,0.625,0.070,-0.284,0.079,0.620,0.050,0.300,0.040,9,13.3338333,-1.2979167
g0053215-025122,1,1.000,0.058,0.090,0.063,0.090,0.033,0.175,0.044,4,13.3397500,-2.8560833
g0053294-004038,1,0.975,0.075,-0.335,0.106,0.090,0.078,-0.250,0.057,6,13.3725000,-0.6772222
g0053304-130646,1,0.825,0.092,-0.433,0.108,0.300,0.073,-0.150,0.049,2,13.3764583,-13.1127500
g0053364-291429,1,0.550,0.126,0.304,0.113,-0.270,0.048,0.050,0.094,7,13.4017500,-29.2412500
g0053414-015549,1,0.675,0.101,0.137,0.089,0.120,0.039,0.250,0.071,3,13.4222917,-1.9301667
g0053502-030822,1,0.975,0.058,-0.208,0.066,0.380,0.041,0.150,0.038,4,13.4589583,-3.1393333
g0054021-031726,1,0.475,0.080,-0.095,0.113,0.180,0.061,0.075,0.069,4,13.5087500,-3.2905556
g0054036-473156,1,1.075,0.024,-0.076,0.036,0.320,0.027,0.225,0.021,5,13.5150833,-47.5322500
g0054056-463660,1,0.825,0.067,0.259,0.058,0.150,0.031,0.400,0.034,6,13.5234583,-46.6166389
g0054060-060249,1,0.575,0.078,0.187,0.089,0.120,0.043,0.300,0.062,7,13.5249583,-6.0470278
g0054122-192751,1,0.700,0.082,-0.016,0.093,0.150,0.044,0.125,0.058,3,13.5510000,-19.4641667
g0054158-142812,1,0.450,0.069,0.282,0.094,-0.060,0.048,0.225,0.066,7,13.5656667,-14.4699444
g0054159-011422,1,0.700,0.077,0.084,0.077,0.150,0.040,0.225,0.051,2,13.5662917,-1.2393611
g0054184-615334,1,0.500,0.051,0.102,0.069,0.210,0.039,0.300,0.041,2,13.5767500,-61.8928611
g0054194-071613,1,0.250,0.059,-0.121,0.160,0.420,0.084,0.275,0.111,9,13.5809167,-7.2702778
g0054289-655122,1,0.825,0.102,0.149,0.091,0.240,0.045,0.375,0.058,5,13.6203333,-65.8560556
g0054304-155003,1,0.400,0.075,0.422,0.098,0.030,0.042,0.450,0.084,5,13.6264583,-15.8340833
g0054367-355106,1,0.175,0.030,0.249,0.103,0.240,0.031,0.475,0.103,3,13.6530417,-35.8517500
g0055140-111534,1,0.325,0.065,0.142,0.120,0.380,0.038,0.500,0.106,3,13.8083333,-11.2593056
g0055169-005504,1,0.475,0.087,0.313,0.096,-0.120,0.048,0.200,0.065,6,13.8202917,-0.9178889
g0055257-105702,1,0.575,0.098,0.147,0.124,0.030,0.062,0.175,0.089,8,13.8572083,-10.9506667
g0055290-091734,1,1.100,0.014,-0.176,0.058,0.240,0.054,0.050,0.038,8,13.8708333,-9.2928056
g0055314-101224,1,0.550,0.109,0.408,0.097,-0.300,0.037,0.125,0.090,7,13.8808750,-10.2067222
g0055357-601808,1,0.725,0.074,-0.070,0.090,0.180,0.051,0.100,0.052,4,13.8987500,-60.3021111
g0055368-634411,1,0.250,0.066,0.325,0.152,0.000,0.068,0.325,0.104,8,13.9031667,-63.7363056
g0055382-013447,1,0.625,0.116,0.205,0.111,0.180,0.051,0.375,0.078,6,13.9091667,-1.5796111
g0055427-101733,1,0.775,0.108,0.002,0.108,0.210,0.050,0.200,0.074,9,13.9279167,-10.2925000
g0055545-605135,1,0.550,0.075,-0.335,0.113,0.090,0.078,-0.250,0.051,3,13.9772083,-60.8596944
g0055545-742236,1,1.175,0.012,0.207,0.052,-0.060,0.044,0.150,0.026,4,13.9772500,-74.3766389
g0055588-754209,1,0.825,0.079,-0.076,0.077,0.240,0.045,0.150,0.052,7,13.9950833,-75.7024444
g0056065-135152,1,0.475,0.102,0.193,0.127,0.060,0.072,0.250,0.089,8,14.0271250,-13.8644167
g0056089-101038,1,1.075,0.025,-0.415,0.072,0.090,0.068,-0.330,0.029,8,14.0371667,-10.1772222
g0056128-135625,1,0.800,0.102,-0.032,0.106,0.060,0.061,0.025,0.064,9,14.0531250,-13.9403889
g0056144-095403,1,1.175,0.051,0.060,0.093,-0.090,0.063,-0.025,0.055,8,14.0597917,-9.9007778
g0056150-470352,1,0.925,0.044,0.052,0.042,0.210,0.022,0.250,0.032,4,14.0625000,-47.0643611
g0056159-524658,1,0.725,0.068,0.127,0.066,0.210,0.030,0.325,0.046,2,14.0663750,-52.7826944
g0056165-100032,1,0.600,0.086,0.034,0.117,0.150,0.064,0.175,0.078,4,14.0687917,-10.0089167
g0056235-005913,1,0.975,0.062,-0.073,0.073,0.210,0.047,0.125,0.047,4,14.0980833,-0.9869167
g0056326-014619,1,1.175,0.010,-0.533,0.046,0.380,0.039,-0.175,0.018,7,14.1357500,-1.7719444
g0056326-484059,1,0.650,0.071,-0.308,0.082,0.300,0.046,-0.025,0.044,8,14.1360000,-48.6831389
g0056389-024841,1,0.675,0.105,-0.083,0.117,0.460,0.055,0.350,0.080,3,14.1620833,-2.8113889
g0056408-523111,1,0.750,0.096,0.175,0.095,0.000,0.043,0.175,0.069,6,14.1701667,-52.5196111
g0056472-530551,1,0.900,0.064,0.071,0.052,0.270,0.025,0.325,0.036,1,14.1967083,-53.0973611
g0056527-101335,1,0.950,0.105,-0.033,0.098,0.380,0.054,0.325,0.062,6,14.2196667,-10.2265000
g0057071-022836,1,0.450,0.128,0.362,0.132,0.120,0.047,0.475,0.117,8,14.2794167,-2.4765833
g0057097-012249,1,1.175,0.023,-0.539,0.066,0.440,0.056,-0.125,0.032,2,14.2903750,-1.3802500
g0057100-434338,2,0.600,0.044,0.165,0.066,0.090,0.038,0.250,0.040,1,14.2917083,-43.7270833
g0057206-685115,1,0.700,0.061,-0.010,0.069,0.090,0.042,0.075,0.043,1,14.3360000,-68.8540556
g0057376-485410,1,0.225,0.016,0.359,0.060,0.150,0.027,0.500,0.057,3,14.4066250,-48.9026944
g0057464-091308,1,0.850,0.058,-0.129,0.051,0.270,0.030,0.125,0.030,2,14.4433750,-9.2189444
g0057465-003456,1,0.750,0.103,-0.091,0.110,0.150,0.053,0.050,0.073,4,14.4436667,-0.5823056
g0058001-832259,1,1.175,0.012,0.099,0.048,0.240,0.039,0.325,0.019,7,14.5004583,-83.3829722
g0058016-050416,1,0.600,0.067,-0.275,0.096,0.000,0.061,-0.275,0.049,4,14.5066667,-5.0712222
g0058032-463702,1,1.175,0.000,-0.154,0.028,0.270,0.021,0.100,0.017,1,14.5132500,-46.6172500
g0058050-164236,1,1.000,0.061,-0.085,0.082,0.090,0.058,0.000,0.041,7,14.5206667,-16.7098889
g0058109-081301,1,1.050,0.016,-0.213,0.032,0.120,0.029,-0.100,0.015,5,14.5455417,-8.2170000
g0058180-010856,1,0.800,0.136,0.209,0.127,0.150,0.062,0.350,0.087,8,14.5748750,-1.1488611
g0058198-152331,1,0.500,0.060,0.300,0.079,0.000,0.034,0.300,0.058,5,14.5824167,-15.3918889
g0058206-015613,1,0.575,0.077,0.112,0.098,0.120,0.049,0.225,0.070,4,14.5857083,-1.9368333
g0058218-060006,1,0.700,0.075,0.203,0.088,-0.030,0.048,0.175,0.057,3,14.5907917,-6.0016667
g0058247-014939,1,1.175,0.012,-0.483,0.061,0.380,0.048,-0.125,0.030,3,14.6028333,-1.8274722
g0058397-094024,1,0.800,0.132,-0.220,0.149,0.180,0.080,-0.050,0.083,6,14.6655417,-9.6732222
g0058407-162127,1,0.150,0.063,0.604,0.138,-0.270,0.046,0.350,0.127,9,14.6695417,-16.3575556
g0058438-764748,1,0.975,0.069,0.365,0.066,0.090,0.047,0.450,0.038,6,14.6823333,-76.7966111
g0058454-154339,1,0.825,0.093,0.190,0.094,0.090,0.046,0.275,0.061,4,14.6891667,-15.7275278
g0058468-004507,1,1.075,0.037,-0.133,0.058,0.300,0.036,0.150,0.037,4,14.6949167,-0.7518333
g0058532-084631,1,0.475,0.059,0.168,0.074,0.060,0.039,0.225,0.047,4,14.7214583,-8.7751944
g0058561-165208,1,0.925,0.075,-0.164,0.061,0.440,0.036,0.250,0.038,6,14.7337917,-16.8687500
g0059200-441940,2,0.700,0.100,-0.045,0.109,0.180,0.061,0.125,0.071,4,14.8334583,-44.3277222
g0059201-632934,1,0.675,0.089,-0.051,0.103,0.320,0.047,0.250,0.068,2,14.8337083,-63.4928333
g0059237-044812,1,0.475,0.076,0.080,0.094,0.180,0.052,0.250,0.060,4,14.8486667,-4.8031944
g0059262-044740,1,0.550,0.070,-0.128,0.073,0.030,0.046,-0.100,0.043,3,14.8590000,-4.7945000
g0059373-101957,1,0.850,0.073,-0.032,0.069,0.060,0.045,0.025,0.040,2,14.9055417,-10.3325000
g0059377-135316,1,1.175,0.008,-0.223,0.064,0.210,0.049,-0.025,0.036,4,14.9071250,-13.8876667
g0059466-402001,1,0.275,0.028,-0.245,0.085,0.340,0.055,0.075,0.039,10,14.9442500,-40.3335556
g0059538-141441,1,0.650,0.076,0.127,0.084,0.210,0.038,0.325,0.059,6,14.9741667,-14.2445833
g0059591-135943,1,0.425,0.082,0.092,0.111,0.380,0.033,0.450,0.104,5,14.9962083,-13.9953056
g0100041-110458,1,1.175,0.007,-0.257,0.059,0.060,0.051,-0.200,0.022,5,15.0172083,-11.0826389
g0100159-151758,1,1.175,0.000,0.027,0.044,0.210,0.040,0.225,0.017,4,15.0661667,-15.2993056
g0100212-151452,1,0.725,0.102,-0.345,0.117,0.340,0.066,-0.025,0.064,5,15.0881667,-15.2476944
g0100249-140856,1,0.725,0.107,-0.203,0.123,0.030,0.075,-0.175,0.065,7,15.1035417,-14.1488056
g0100269-151121,1,0.775,0.088,-0.176,0.098,0.240,0.057,0.050,0.057,4,15.1122500,-15.1890833
g0100387-401412,1,0.950,0.070,-0.324,0.091,0.530,0.055,0.175,0.048,8,15.1613333,-40.2367222
g0100410-424503,1,0.650,0.150,-0.104,0.154,0.270,0.067,0.150,0.104,3,15.1709583,-42.7509444
g0100470-150717,1,1.175,0.004,-0.248,0.047,0.210,0.039,-0.050,0.023,5,15.1957500,-15.1214167
g0100499-064621,1,0.450,0.059,0.171,0.071,0.270,0.023,0.425,0.059,3,15.2077500,-6.7725000
g0101062-043619,1,1.175,0.026,0.032,0.062,-0.060,0.050,-0.025,0.039,5,15.2759583,-4.6052222
g0101096-151502,1,0.350,0.054,0.322,0.074,0.030,0.035,0.350,0.061,2,15.2900833,-15.2505556
g0101161-190312,1,0.275,0.044,0.302,0.117,0.210,0.044,0.500,0.111,6,15.3169583,-19.0533333
g0101426-153404,1,0.650,0.067,0.259,0.062,0.150,0.029,0.400,0.044,3,15.4274167,-15.5677778
g0101539-203344,1,0.950,0.064,-0.151,0.071,0.240,0.040,0.075,0.047,4,15.4743750,-20.5621389
g0101541-373031,1,0.600,0.064,0.184,0.077,0.150,0.036,0.325,0.052,4,15.4752917,-37.5085278
g0101566-144324,1,0.950,0.075,-0.010,0.086,0.090,0.057,0.075,0.051,6,15.4859583,-14.7233333
g0101571-205404,1,0.200,0.054,0.422,0.140,0.030,0.063,0.450,0.139,5,15.4880833,-20.9011111
g0102097-511912,1,0.700,0.123,0.034,0.133,0.150,0.062,0.175,0.097,3,15.5403333,-51.3201111
g0102320-132613,1,0.800,0.125,0.470,0.109,-0.180,0.048,0.300,0.081,6,15.6333333,-13.4368333
g0103158-013256,1,1.075,0.023,-0.229,0.054,0.270,0.042,0.025,0.032,8,15.8156667,-1.5490000
g0103203-050748,1,0.450,0.110,0.245,0.140,-0.180,0.073,0.075,0.095,5,15.8343750,-5.1299167
g0103226-002742,1,0.775,0.159,-0.078,0.133,0.560,0.050,0.450,0.106,9,15.8441250,-0.4617778
g0103392-135651,1,0.400,0.070,0.262,0.093,0.120,0.043,0.375,0.068,4,15.9135000,-13.9475278
g0103410-134549,1,0.675,0.078,-0.045,0.092,0.180,0.049,0.125,0.057,3,15.9207500,-13.7636389
g0103478-085747,1,0.400,0.049,-0.221,0.075,0.420,0.044,0.175,0.042,3,15.9491667,-8.9630833
g0103537-492214,1,0.950,0.039,-0.377,0.045,0.400,0.030,0.000,0.026,4,15.9739167,-49.3706111
g0103552-512136,1,1.175,0.011,-0.464,0.071,0.360,0.057,-0.125,0.032,4,15.9798333,-51.3598889
g0104026-113832,1,0.575,0.092,0.312,0.104,0.120,0.046,0.425,0.078,4,16.0106667,-11.6421389
g0104136-003012,1,1.075,0.014,-0.377,0.064,0.480,0.047,0.075,0.030,8,16.0564583,-0.5033333
g0104170-150618,1,0.375,0.077,0.513,0.108,-0.120,0.045,0.400,0.085,8,16.0707500,-15.1049444
g0104249-463007,1,0.800,0.053,-0.133,0.049,0.300,0.030,0.150,0.029,5,16.1036250,-46.5020556
g0104335-001912,1,0.700,0.153,0.174,0.133,0.240,0.052,0.400,0.099,8,16.1396667,-0.3200000
g0104388-041530,1,0.550,0.087,-0.539,0.126,0.440,0.072,-0.125,0.070,5,16.1617083,-4.2581944
g0104409-004810,1,0.675,0.053,-0.199,0.060,0.530,0.031,0.300,0.038,5,16.1702500,-0.8026944
g0104507-151318,1,0.675,0.088,-0.001,0.112,0.240,0.060,0.225,0.068,6,16.2112917,-15.2215278
g0104599-460433,1,0.900,0.044,0.074,0.042,0.240,0.022,0.300,0.026,3,16.2495000,-46.0758333
g0105114-201802,1,0.400,0.090,-0.046,0.122,0.420,0.056,0.350,0.103,9,16.2976667,-20.3004722
g0105163-385739,1,0.900,0.082,0.036,0.067,0.360,0.030,0.375,0.046,4,16.3180000,-38.9608889
g0105189-112130,1,0.650,0.084,-0.226,0.119,0.320,0.067,0.075,0.068,8,16.3289167,-11.3581944
g0105414-133250,1,0.625,0.118,-0.050,0.135,0.000,0.078,-0.050,0.075,5,16.4222917,-13.5473333
g0105484-482354,1,0.375,0.101,0.097,0.180,0.030,0.095,0.125,0.128,4,16.4517917,-48.3983889
g0106027-735952,1,1.175,0.004,-0.166,0.048,0.150,0.040,-0.025,0.026,4,16.5110833,-73.9978889
g0106082-135334,1,1.125,0.038,-0.223,0.075,0.210,0.052,-0.025,0.038,7,16.5342917,-13.8928611
g0106158-163234,1,0.675,0.083,0.121,0.073,0.270,0.034,0.375,0.050,5,16.5658333,-16.5428333
g0106299-132224,1,0.525,0.088,0.203,0.105,-0.030,0.045,0.175,0.078,6,16.6244583,-13.3734167
g0106324-110727,1,0.850,0.112,-0.414,0.135,0.360,0.081,-0.075,0.069,5,16.6347917,-11.1241667
g0106479-203746,1,0.450,0.060,0.015,0.078,0.090,0.041,0.100,0.049,4,16.6994167,-20.6294167
g0106531-514746,1,0.975,0.103,0.203,0.120,-0.030,0.065,0.175,0.077,3,16.7213333,-51.7960000
g0106591-152955,1,0.425,0.061,-0.088,0.093,0.120,0.046,0.025,0.061,3,16.7462083,-15.4987222
g0107050-192229,1,0.475,0.091,0.046,0.121,0.270,0.061,0.300,0.082,4,16.7706250,-19.3748333
g0107069-372848,1,0.475,0.073,0.062,0.107,0.120,0.049,0.175,0.069,5,16.7785417,-37.4800000
g0107073-470319,1,1.150,0.004,-0.358,0.040,0.300,0.034,-0.075,0.018,1,16.7804583,-47.0553611
g0107074-514513,1,0.550,0.091,0.125,0.111,0.000,0.053,0.125,0.074,4,16.7809583,-51.7536667
g0107111-415460,1,0.850,0.069,-0.001,0.061,0.240,0.034,0.225,0.039,2,16.7963333,-41.9166111
g0107180-364007,1,0.600,0.086,-0.354,0.099,0.270,0.059,-0.100,0.053,3,16.8251250,-36.6685833
g0107189-004651,1,1.175,0.015,-0.202,0.054,0.400,0.041,0.175,0.027,5,16.8287083,-0.7808889
g0107206-163624,1,0.950,0.059,-0.066,0.069,0.150,0.038,0.075,0.044,5,16.8359167,-16.6066667
g0107220-132013,1,1.075,0.022,-0.446,0.085,0.500,0.065,0.025,0.033,7,16.8415833,-13.3368333
g0107304-451050,1,0.725,0.093,0.118,0.096,0.060,0.047,0.175,0.066,2,16.8764583,-45.1806667
g0107329-131617,1,0.025,0.046,0.200,0.092,0.000,0.045,0.200,0.066,4,16.8869583,-13.2713611
g0107418-025645,1,0.750,0.095,-0.023,0.104,0.210,0.048,0.175,0.071,4,16.9240833,-2.9456944
g0108030-433140,1,0.825,0.101,-0.001,0.103,0.240,0.050,0.225,0.073,7,17.0123750,-43.5278611
g0108131-133916,1,0.950,0.073,-0.639,0.117,0.440,0.088,-0.225,0.056,9,17.0547083,-13.6544444
g0108158-180004,1,0.875,0.090,-0.351,0.092,0.320,0.053,-0.050,0.052,4,17.0657917,-18.0009722
g0108306-145705,1,0.475,0.068,-0.127,0.106,0.400,0.048,0.250,0.069,6,17.1275833,-14.9513333
g0108356-170047,1,0.925,0.069,-0.176,0.059,0.320,0.035,0.125,0.037,3,17.1483333,-17.0130000
g0108398-152952,1,0.525,0.091,0.503,0.089,-0.030,0.047,0.475,0.073,8,17.1657917,-15.4977222
g0108401-155117,1,1.025,0.055,-0.474,0.080,0.530,0.054,0.025,0.041,8,17.1672083,-15.8546389
g0108497-155655,1,1.025,0.027,-0.126,0.045,0.240,0.026,0.100,0.028,5,17.2071250,-15.9485833
g0108525-003919,1,0.925,0.074,-0.045,0.071,0.180,0.047,0.125,0.047,7,17.2186667,-0.6552778
g0108584-823541,1,0.900,0.098,0.137,0.083,0.120,0.046,0.250,0.057,3,17.2431250,-82.5947778
g0109111-163502,1,0.500,0.084,0.175,0.113,0.000,0.055,0.175,0.075,5,17.2963750,-16.5839167
g0109223-014145,1,0.925,0.059,-0.427,0.058,0.400,0.037,-0.050,0.034,6,17.3427500,-1.6958611
g0109228-463943,1,0.925,0.046,-0.129,0.046,0.270,0.024,0.125,0.031,6,17.3450833,-46.6619167
g0109253-162149,1,1.050,0.025,-0.182,0.045,0.060,0.033,-0.125,0.021,4,17.3552083,-16.3636389
g0109332-354820,1,0.900,0.055,0.049,0.047,0.240,0.028,0.275,0.032,1,17.3884167,-35.8056111
g0109391-611960,1,1.175,0.021,-0.232,0.060,0.060,0.051,-0.175,0.027,7,17.4128333,-61.3332500
g0109397-455931,1,1.025,0.025,-0.433,0.035,0.380,0.028,-0.075,0.020,2,17.4153333,-45.9918889
g0109430-553622,1,0.125,0.065,0.110,0.208,-0.090,0.108,0.025,0.126,4,17.4289583,-55.6059722
g0110050-153352,1,0.675,0.091,0.262,0.093,0.120,0.044,0.375,0.060,4,17.5208750,-15.5644444
g0110066-154059,1,0.575,0.120,-0.032,0.146,0.060,0.073,0.025,0.086,7,17.5274167,-15.6830000
g0110286-613333,1,0.600,0.075,-0.051,0.096,0.240,0.051,0.175,0.063,3,17.6192917,-61.5591667
g0110341-523324,1,1.050,0.014,-0.095,0.043,0.340,0.033,0.225,0.021,2,17.6419583,-52.5565556
g0110379-120208,1,0.300,0.061,-0.321,0.132,0.420,0.081,0.075,0.065,5,17.6578750,-12.0355278
g0110414-153112,1,1.075,0.012,-0.339,0.045,0.360,0.031,0.000,0.025,5,17.6723333,-15.5200278
g0110417-154605,1,1.075,0.045,-0.277,0.056,0.480,0.033,0.175,0.038,5,17.6737500,-15.7680833
g0110544-185750,1,0.450,0.056,0.302,0.076,0.210,0.031,0.500,0.070,6,17.7267917,-18.9638611
g0110597-172853,1,0.925,0.095,-0.193,0.127,-0.060,0.089,-0.250,0.065,8,17.7489167,-17.4812778
g0111027-140259,1,0.550,0.117,0.485,0.151,-0.090,0.053,0.400,0.121,8,17.7612917,-14.0495833
g0111046-455844,1,0.550,0.048,-0.203,0.058,0.560,0.033,0.325,0.033,5,17.7692917,-45.9787778
g0111056-180854,1,1.125,0.000,-0.170,0.031,0.180,0.028,0.000,0.016,6,17.7731667,-18.1482500
g0111160-613033,1,0.425,0.073,-0.058,0.092,0.300,0.053,0.225,0.059,8,17.8165417,-61.5090833
g0111246-162740,1,0.400,0.090,0.043,0.108,0.060,0.067,0.100,0.059,8,17.8525417,-16.4609722
g0111323-140230,1,0.475,0.082,-0.101,0.119,0.240,0.070,0.125,0.061,7,17.8843750,-14.0417500
g0111363-151252,1,0.900,0.067,-0.201,0.071,0.320,0.042,0.100,0.041,2,17.9012083,-15.2145000
g0111391-154937,1,0.275,0.053,-0.101,0.135,0.240,0.074,0.125,0.076,6,17.9129583,-15.8270556
g0111424-300142,1,0.450,0.055,-0.104,0.085,0.270,0.048,0.150,0.048,4,17.9267500,-30.0282500
g0111443-153255,1,0.425,0.071,-0.176,0.132,0.240,0.075,0.050,0.070,6,17.9343750,-15.5485000
g0111485-312820,1,0.925,0.078,-0.251,0.094,0.320,0.056,0.050,0.055,2,17.9519167,-31.4720833
g0111489-123304,1,0.700,0.074,-0.383,0.087,0.460,0.064,0.050,0.043,6,17.9535833,-12.5511944
g0111525-454903,1,0.950,0.036,-0.251,0.042,0.320,0.029,0.050,0.029,1,17.9688750,-45.8173611
g0111533-142139,1,0.475,0.088,0.046,0.126,0.270,0.072,0.300,0.081,5,17.9719167,-14.3609167
g0112061-614143,1,0.800,0.086,-0.023,0.073,0.210,0.038,0.175,0.055,2,18.0253750,-61.6951667
g0112094-321433,1,0.900,0.066,-0.358,0.069,0.460,0.047,0.075,0.038,4,18.0392500,-32.2423611
g0112185-165909,1,0.800,0.077,-0.098,0.078,0.210,0.043,0.100,0.051,4,18.0769167,-16.9858333
g0112267-124632,1,0.400,0.061,0.138,0.107,-0.120,0.057,0.025,0.068,9,18.1111250,-12.7754722
g0112274-061106,1,1.075,0.059,-0.448,0.098,0.210,0.072,-0.250,0.045,4,18.1142500,-6.1848611
g0112378-460410,1,1.075,0.005,-0.183,0.035,0.300,0.029,0.100,0.016,4,18.1575833,-46.0693056
g0112422-172036,1,0.400,0.055,-0.095,0.093,0.180,0.051,0.075,0.061,4,18.1758750,-17.3433056
g0112431-053905,0,0.425,0.055,0.018,0.087,0.060,0.046,0.075,0.050,3,18.1795833,-5.6515000
g0112486-554328,1,1.000,0.083,0.035,0.089,-0.090,0.042,-0.050,0.063,6,18.2023750,-55.7245000
g0112502-161845,1,0.475,0.075,-0.326,0.121,0.240,0.081,-0.100,0.056,3,18.2090833,-16.3123611
g0112574-002042,1,0.600,0.040,-0.164,0.051,0.360,0.031,0.175,0.032,5,18.2393333,-0.3449444
g0112599-001509,1,1.075,0.014,-0.098,0.029,0.210,0.022,0.100,0.018,5,18.2497500,-0.2524444
g0113130-444539,1,0.800,0.073,-0.559,0.077,0.620,0.052,0.025,0.040,4,18.3043333,-44.7607500
g0113184-151954,1,1.075,0.005,0.055,0.041,0.180,0.032,0.225,0.022,2,18.3267500,-15.3317222
g0113362-014621,1,0.400,0.101,0.087,0.144,0.120,0.074,0.200,0.088,6,18.4008750,-1.7723611
g0113432-315035,1,1.025,0.029,-0.335,0.064,0.090,0.060,-0.250,0.026,5,18.4299167,-31.8431111
g0113455-055119,0,1.075,0.047,-0.304,0.074,0.270,0.049,-0.050,0.041,9,18.4395833,-5.8553056
g0113455-310348,1,0.700,0.053,-0.204,0.069,0.270,0.045,0.050,0.041,4,18.4397083,-31.0632778
g0113473-314450,1,0.850,0.065,-0.051,0.050,0.320,0.027,0.250,0.033,2,18.4469167,-31.7472222
g0113588-452447,1,0.825,0.099,-0.326,0.124,0.320,0.075,-0.025,0.066,9,18.4949583,-45.4131111
g0114066-124539,1,0.750,0.101,0.018,0.114,0.060,0.053,0.075,0.076,3,18.5275417,-12.7606944
g0114149-143941,1,0.550,0.102,-0.153,0.148,0.030,0.086,-0.125,0.078,4,18.5622500,-14.6612500
g0114228-163821,1,1.050,0.032,-0.370,0.050,0.340,0.038,-0.050,0.023,2,18.5947917,-16.6392778
g0114239-152218,1,0.325,0.072,0.123,0.143,-0.210,0.081,-0.075,0.103,6,18.5995417,-15.3715278
g0114386-010114,1,0.575,0.043,-0.349,0.060,0.530,0.034,0.150,0.034,5,18.6610000,-1.0205833
g0114582-073934,1,1.100,0.010,-0.213,0.044,0.120,0.035,-0.100,0.021,2,18.7424167,-7.6595556
g0115037-443341,1,0.775,0.094,-0.123,0.092,0.210,0.046,0.075,0.060,3,18.7654167,-44.5614722
g0115041-533859,1,1.025,0.050,0.059,0.059,0.150,0.041,0.200,0.039,2,18.7669167,-53.6497778
g0115069-135147,1,0.850,0.090,0.021,0.078,0.270,0.040,0.275,0.055,7,18.7787500,-13.8629444
g0115165-013734,1,0.700,0.044,-0.214,0.049,0.360,0.029,0.125,0.030,5,18.8188333,-1.6261944
g0115260-314521,1,1.150,0.023,-0.595,0.055,0.340,0.048,-0.275,0.024,5,18.8582500,-31.7558333
g0115281-444610,1,0.700,0.100,-0.176,0.119,0.240,0.066,0.050,0.067,3,18.8670000,-44.7693889
g0115369-063554,1,0.600,0.058,-0.098,0.073,0.210,0.044,0.100,0.050,4,18.9038333,-6.5983333
g0115430-143104,1,0.600,0.069,-0.038,0.095,0.120,0.057,0.075,0.058,4,18.9290000,-14.5178333
g0115516-313523,1,0.250,0.027,-0.023,0.082,0.210,0.051,0.175,0.045,3,18.9649583,-31.5896389
g0115523-012207,1,1.025,0.054,-0.266,0.060,0.150,0.046,-0.125,0.031,6,18.9678333,-1.3685278
g0115552-154651,1,0.525,0.070,0.002,0.102,0.210,0.055,0.200,0.061,8,18.9801667,-15.7809444
g0116105-174820,1,0.875,0.089,0.087,0.088,0.120,0.044,0.200,0.055,5,19.0437917,-17.8056667
g0116107-151032,1,0.950,0.056,-0.051,0.068,0.240,0.049,0.175,0.042,6,19.0444583,-15.1756389
g0116268-155411,1,1.175,0.018,-0.608,0.060,0.380,0.053,-0.250,0.024,6,19.1117917,-15.9030278
g0116304-075837,1,0.975,0.037,-0.126,0.048,0.240,0.029,0.100,0.027,4,19.1264583,-7.9769722
g0117035-441051,1,0.625,0.052,-0.051,0.072,0.240,0.041,0.175,0.047,6,19.2646250,-44.1806944
g0117049-501703,1,0.850,0.110,0.147,0.110,0.030,0.054,0.175,0.082,6,19.2702083,-50.2840833
g0117133-160600,1,0.325,0.049,0.588,0.085,-0.120,0.042,0.475,0.074,8,19.3053333,-16.1000833
g0117170-141636,1,1.175,0.004,-0.408,0.051,0.380,0.041,-0.050,0.027,1,19.3210000,-14.2766111
g0117238-160345,1,0.625,0.068,0.184,0.083,0.150,0.039,0.325,0.053,8,19.3492500,-16.0624167
g0118007-165544,1,0.575,0.072,-0.103,0.085,0.030,0.048,-0.075,0.052,4,19.5030833,-16.9288056
g0118028-013420,1,0.775,0.088,0.034,0.093,0.150,0.054,0.175,0.056,4,19.5117917,-1.5722500
g0118082-023404,1,1.000,0.055,-0.348,0.062,0.210,0.039,-0.150,0.037,8,19.5341667,-2.5676389
g0118108-135402,1,0.775,0.089,-0.063,0.117,0.120,0.066,0.050,0.066,3,19.5448750,-13.9005000
g0118130-010423,1,0.450,0.073,-0.597,0.104,0.740,0.068,0.100,0.072,10,19.5540833,-1.0730556
g0118530-003935,1,0.650,0.062,-0.252,0.097,0.400,0.057,0.125,0.060,10,19.7208750,-0.6598333
g0118536-010007,1,1.150,0.004,-0.177,0.039,0.400,0.027,0.200,0.020,9,19.7234583,-1.0020556
g0118545-004059,1,0.675,0.101,0.137,0.101,0.120,0.045,0.250,0.076,3,19.7270000,-0.6831667
g0119032-011401,1,0.650,0.082,0.002,0.100,0.210,0.051,0.200,0.063,3,19.7631250,-1.2336944
g0119070-011553,1,0.825,0.091,-0.204,0.097,0.270,0.054,0.050,0.058,9,19.7790000,-1.2647500
g0119115-135232,1,0.300,0.064,0.140,0.136,0.090,0.053,0.225,0.116,7,19.7977917,-13.8755833
g0119135-010840,1,0.900,0.080,0.124,0.074,0.240,0.038,0.350,0.046,10,19.8062083,-1.1444167
g0119195-163828,1,1.100,0.000,-0.095,0.029,0.180,0.026,0.075,0.018,2,19.8310417,-16.6410556
g0119333-174136,1,0.700,0.072,-0.064,0.079,0.360,0.039,0.275,0.052,7,19.8887083,-17.6932778
g0120016-000816,1,0.825,0.087,0.049,0.081,0.240,0.038,0.275,0.055,8,20.0067083,-0.1376389
g0120047-523125,1,0.600,0.121,0.102,0.138,0.210,0.057,0.300,0.101,3,20.0196667,-52.5234722
g0120049-134747,1,0.800,0.102,-0.201,0.104,0.240,0.065,0.025,0.056,5,20.0202500,-13.7963889
g0120124-045803,1,0.300,0.048,0.350,0.092,0.000,0.046,0.350,0.068,3,20.0517083,-4.9676111
g0120311-064736,1,0.575,0.070,-0.299,0.094,0.530,0.051,0.200,0.055,8,20.1294583,-6.7933333
g0120482-430458,1,0.475,0.077,0.034,0.112,0.150,0.058,0.175,0.073,4,20.2006667,-43.0828889
g0120582-143035,1,0.625,0.056,-0.133,0.074,0.300,0.041,0.150,0.043,3,20.2425833,-14.5096944
g0121125-091240,1,0.225,0.027,0.218,0.068,0.060,0.041,0.275,0.041,3,20.3020000,-9.2112222
g0121127-142416,1,0.950,0.070,-0.596,0.100,0.420,0.068,-0.200,0.047,7,20.3028333,-14.4043056
g0121135-362821,1,1.000,0.035,-0.282,0.053,0.060,0.043,-0.225,0.028,6,20.3060833,-36.4725833
g0121178-224802,2,1.175,0.036,-0.726,0.071,0.240,0.049,-0.500,0.051,7,20.3240000,-22.8006667
g0121515-071846,1,1.075,0.011,-0.470,0.048,0.340,0.043,-0.150,0.018,0,20.4645833,-7.3128333
g0122071-421633,1,0.425,0.055,0.115,0.090,0.090,0.052,0.200,0.059,3,20.5295833,-42.2757500
g0122092-095319,1,0.100,0.051,0.203,0.104,-0.030,0.069,0.175,0.070,10,20.5385000,-9.8885000
g0122238-005231,1,1.025,0.030,-0.251,0.048,0.240,0.035,-0.025,0.026,7,20.5990417,-0.8752222
g0122321-022436,1,0.975,0.056,-0.250,0.071,0.000,0.044,-0.250,0.041,4,20.6337917,-2.4098611
g0122354-003412,1,0.675,0.064,0.024,0.066,0.240,0.033,0.250,0.045,2,20.6475000,-0.5700833
g0122409-073731,1,0.300,0.056,0.065,0.108,0.090,0.065,0.150,0.059,6,20.6705000,-7.6253889
g0122469-012331,1,0.750,0.080,-0.247,0.088,-0.030,0.054,-0.275,0.055,6,20.6955000,-1.3920000
g0122526-423354,1,0.875,0.076,-0.113,0.063,0.120,0.038,0.000,0.037,1,20.7192083,-42.5649167
g0123069-344404,1,0.425,0.063,-0.101,0.100,0.240,0.048,0.125,0.063,4,20.7786250,-34.7343889
g0123118-202914,1,0.975,0.064,0.059,0.076,0.150,0.041,0.200,0.049,5,20.7992083,-20.4870833
g0123124-003828,1,0.950,0.052,0.077,0.051,0.210,0.029,0.275,0.031,5,20.8016667,-0.6411389
g0123158-090141,1,0.825,0.105,-0.576,0.157,0.240,0.088,-0.350,0.096,7,20.8159583,-9.0281389
g0123293-003157,1,1.175,0.022,-0.452,0.049,0.400,0.036,-0.075,0.028,6,20.8720000,-0.5325556
g0123407-014948,1,1.125,0.007,0.040,0.035,0.090,0.023,0.125,0.021,9,20.9196250,-1.8300278
g0123455-215554,1,0.175,0.053,0.184,0.143,0.150,0.060,0.325,0.105,7,20.9395833,-21.9316389
g0123492-164831,1,0.250,0.035,0.228,0.083,-0.030,0.052,0.200,0.054,8,20.9550000,-16.8085556
g0123512-274718,1,0.975,0.067,-0.163,0.061,0.120,0.042,-0.050,0.041,1,20.9632917,-27.7883889
g0124043-031536,1,0.875,0.134,-0.158,0.158,0.380,0.077,0.200,0.101,10,21.0180000,-3.2599722
g0124075-015137,1,0.375,0.063,0.024,0.080,0.240,0.037,0.250,0.057,5,21.0314167,-1.8601944
g0124195-014446,1,0.375,0.040,0.305,0.055,0.180,0.024,0.475,0.055,5,21.0812500,-1.7462222
g0124221-024314,1,0.975,0.095,-0.216,0.114,0.150,0.087,-0.075,0.064,10,21.0920417,-2.7206389
g0124286-013829,1,0.950,0.060,-0.138,0.053,0.120,0.031,-0.025,0.036,8,21.1193333,-1.6412500
g0124308-153216,1,0.475,0.040,0.184,0.053,0.150,0.032,0.325,0.032,4,21.1283750,-15.5378333
g0124311-092605,1,0.025,0.063,0.378,0.139,-0.030,0.057,0.350,0.126,8,21.1294167,-9.4348056
g0124409-213408,1,1.175,0.000,-0.321,0.046,0.420,0.035,0.075,0.022,7,21.1704583,-21.5688889
g0124446-380745,1,0.625,0.050,0.087,0.052,0.120,0.033,0.200,0.040,8,21.1859583,-38.1290833
g0125127-354859,1,0.425,0.071,-0.012,0.086,-0.120,0.048,-0.125,0.056,7,21.3028333,-35.8163611
g0125182-075206,1,0.500,0.055,0.024,0.061,0.320,0.033,0.325,0.043,5,21.3259583,-7.8683889
g0125324-381702,1,0.150,0.022,0.284,0.076,0.150,0.027,0.425,0.076,5,21.3849167,-38.2837500
g0125366-074424,1,0.525,0.064,-0.001,0.088,0.240,0.048,0.225,0.055,6,21.4024583,-7.7400000
g0125560-112830,1,0.900,0.083,-0.984,0.131,0.620,0.089,-0.400,0.101,8,21.4831250,-11.4750000
g0126056-502456,1,0.475,0.124,0.259,0.143,0.150,0.062,0.400,0.118,4,21.5233333,-50.4156667
g0126067-132512,1,0.725,0.113,0.312,0.092,0.120,0.042,0.425,0.065,6,21.5280833,-13.4200556
g0126214-073225,1,0.550,0.111,-0.238,0.166,0.120,0.099,-0.125,0.083,10,21.5891667,-7.5402222
g0126218-053158,1,0.325,0.047,0.140,0.083,0.090,0.048,0.225,0.052,5,21.5908333,-5.5326389
g0126252-013819,1,0.750,0.082,-0.238,0.089,0.120,0.057,-0.125,0.044,3,21.6047917,-1.6387222
g0126259-083351,1,0.475,0.050,-0.558,0.087,0.300,0.059,-0.275,0.039,6,21.6079167,-8.5641944
g0126261-200616,1,0.550,0.080,-0.087,0.122,-0.120,0.078,-0.200,0.057,4,21.6088750,-20.1044444
g0126262-372726,1,0.900,0.048,0.084,0.049,0.150,0.028,0.225,0.031,2,21.6092500,-37.4573333
g0126267-503511,1,1.175,0.026,-0.298,0.071,0.210,0.058,-0.100,0.038,3,21.6110417,-50.5864444
g0126313-201437,1,0.325,0.079,0.190,0.154,0.090,0.068,0.275,0.110,5,21.6304167,-20.2436111
g0126337-192652,1,1.175,0.024,-0.471,0.051,0.150,0.056,-0.330,0.036,7,21.6405417,-19.4478056
g0126448-033005,1,1.175,0.000,-0.176,0.031,0.240,0.025,0.050,0.017,6,21.6868333,-3.5014722
g0126517-225711,1,0.350,0.053,-0.001,0.078,0.240,0.045,0.225,0.045,3,21.7152083,-22.9530278
g0126561-072224,1,0.750,0.073,-0.254,0.086,0.270,0.048,0.000,0.047,4,21.7338333,-7.3733611
g0126571-131348,1,0.950,0.085,-0.173,0.081,0.210,0.048,0.025,0.049,9,21.7377083,-13.2300278
g0126582-373322,1,1.175,0.011,-0.387,0.069,0.060,0.069,-0.330,0.028,10,21.7422917,-37.5561944
g0127024-101555,1,0.625,0.073,0.259,0.068,0.150,0.033,0.400,0.046,2,21.7600417,-10.2652500
g0127067-030523,1,0.775,0.098,0.033,0.086,-0.300,0.053,-0.250,0.073,10,21.7777083,-3.0897222
g0127097-224329,1,0.925,0.070,0.021,0.060,0.270,0.030,0.275,0.042,3,21.7904167,-22.7246667
g0127099-202415,1,0.625,0.048,-0.308,0.086,0.380,0.054,0.050,0.042,3,21.7912917,-20.4041667
g0127136-214626,1,1.125,0.004,-0.195,0.032,0.180,0.028,-0.025,0.020,4,21.8065833,-21.7737500
g0127150-031809,1,0.775,0.108,-0.271,0.128,0.420,0.071,0.125,0.076,4,21.8123750,-3.3026111
g0127162-011619,1,0.950,0.070,-0.251,0.065,0.240,0.036,-0.025,0.040,2,21.8173750,-1.2720000
g0127162-015815,1,0.375,0.052,0.182,0.076,-0.060,0.043,0.125,0.055,4,21.8173750,-1.9708889
g0127192-440353,1,0.650,0.077,0.062,0.094,0.120,0.054,0.175,0.063,4,21.8299167,-44.0648056
g0127242-060835,1,0.350,0.042,-0.201,0.072,0.240,0.040,0.025,0.044,2,21.8509583,-6.1430833
g0127334-044059,1,0.525,0.067,0.102,0.086,0.210,0.037,0.300,0.060,6,21.8892500,-4.6829444
g0127344-043907,1,0.725,0.091,-0.039,0.096,0.360,0.049,0.300,0.066,8,21.8933750,-4.6520556
g0127354-024947,1,0.800,0.109,-0.041,0.116,0.150,0.073,0.100,0.077,10,21.8973750,-2.8297778
g0127360-045951,1,0.625,0.060,0.209,0.062,0.150,0.033,0.350,0.039,3,21.9001250,-4.9973611
g0127482-015246,1,1.025,0.010,-0.277,0.030,0.400,0.027,0.100,0.013,9,21.9508750,-1.8795278
g0127570-354304,1,0.625,0.049,-0.189,0.065,0.360,0.038,0.150,0.040,8,21.9875417,-35.7176944
g0128014-165126,1,0.650,0.055,-0.001,0.075,0.240,0.035,0.225,0.048,4,22.0059167,-16.8571111
g0128021-004418,1,0.850,0.063,0.060,0.056,-0.090,0.038,-0.025,0.033,5,22.0088750,-0.7383056
g0128042-052626,1,0.575,0.071,-0.114,0.097,0.360,0.054,0.225,0.057,8,22.0172917,-5.4405000
g0128102-011822,1,0.550,0.044,0.012,0.060,0.120,0.037,0.125,0.036,4,22.0424167,-1.3060278
g0128130-015456,1,0.650,0.092,-0.132,0.090,0.060,0.047,-0.075,0.057,5,22.0540000,-1.9155278
g0128374-000410,1,1.125,0.019,-0.558,0.061,0.300,0.053,-0.275,0.021,2,22.1560000,-0.0693333
g0128520-195758,1,0.500,0.067,0.090,0.103,0.090,0.052,0.175,0.065,5,22.2165417,-19.9661944
g0128586-005656,1,0.550,0.051,0.068,0.060,0.060,0.029,0.125,0.047,5,22.2442917,-0.9489167
g0128596-003343,1,0.525,0.046,0.322,0.057,0.030,0.026,0.350,0.043,4,22.2481667,-0.5619167
g0129016-433723,1,0.875,0.083,-0.220,0.072,0.180,0.041,-0.050,0.043,1,22.2567917,-43.6230278
g0129024-090829,1,0.850,0.080,-0.113,0.083,0.120,0.050,0.000,0.046,6,22.2600417,-9.1413889
g0129082-535241,1,0.325,0.068,-0.141,0.152,0.150,0.094,0.000,0.090,4,22.2841250,-53.8781389
g0129257-121143,1,0.275,0.059,0.215,0.129,0.090,0.077,0.300,0.099,8,22.3570417,-12.1953889
g0129268-103916,1,0.500,0.084,0.200,0.104,0.000,0.053,0.200,0.069,5,22.3618333,-10.6543056
g0129281-201926,1,0.400,0.060,0.282,0.097,-0.060,0.049,0.225,0.070,4,22.3670000,-20.3238611
g0129440-011429,1,1.000,0.038,-0.145,0.041,0.180,0.031,0.025,0.023,6,22.4331667,-1.2414722
g0129490-530335,1,0.675,0.148,0.082,0.151,-0.060,0.061,0.025,0.116,6,22.4541250,-53.0598056
g0129552-202629,1,0.725,0.062,-0.045,0.076,0.180,0.037,0.125,0.050,2,22.4799583,-20.4414167
g0130064-023923,1,0.875,0.062,0.110,0.061,-0.090,0.033,0.025,0.036,5,22.5266250,-2.6565000
g0130202-121433,1,0.225,0.058,0.182,0.160,-0.060,0.096,0.125,0.093,8,22.5840417,-12.2425833
g0130382-104549,1,0.150,0.051,0.221,0.176,0.270,0.060,0.475,0.148,5,22.6592083,-10.7634722
g0130426-162752,1,1.175,0.004,-0.283,0.038,0.300,0.030,0.000,0.022,6,22.6775833,-16.4643056
g0130517-224242,1,0.200,0.062,-0.033,0.195,0.300,0.059,0.250,0.160,7,22.7154583,-22.7116667
g0131084-511356,1,1.100,0.025,-0.389,0.057,0.440,0.042,0.025,0.036,3,22.7850000,-51.2321111
g0131136-112054,1,1.175,0.000,-0.013,0.051,0.120,0.040,0.100,0.025,6,22.8065000,-11.3482222
g0131140-265135,1,0.425,0.057,0.390,0.081,0.090,0.039,0.475,0.065,5,22.8083333,-26.8595833
g0131229-004027,1,0.550,0.054,0.150,0.077,0.000,0.038,0.150,0.048,3,22.8454583,-0.6741944
g0131281-512823,1,0.700,0.129,-0.345,0.153,0.180,0.091,-0.175,0.079,1,22.8669583,-51.4730000
g0131391-422159,1,0.675,0.043,0.102,0.054,0.210,0.031,0.300,0.034,1,22.9128333,-42.3662500
g0131421-005559,1,0.500,0.050,-0.173,0.066,0.210,0.039,0.025,0.038,1,22.9254583,-0.9329167
g0132019-414124,1,1.175,0.000,-0.283,0.036,0.380,0.028,0.075,0.018,4,23.0077500,-41.6899444
g0132205-075134,1,0.725,0.077,-0.279,0.089,0.270,0.068,-0.025,0.056,4,23.0853750,-7.8595556
g0132223-075224,1,0.975,0.068,-0.264,0.104,0.360,0.065,0.075,0.055,8,23.0929583,-7.8731944
g0132399-120234,1,0.475,0.070,0.102,0.066,0.210,0.030,0.300,0.047,6,23.1663333,-12.0427222
g0132434-120917,1,0.300,0.046,-0.126,0.094,0.320,0.060,0.175,0.049,2,23.1808750,-12.1546667
g0132523-443931,1,0.625,0.107,-0.043,0.117,-0.060,0.061,-0.100,0.070,4,23.2177917,-44.6584722
g0132538-121129,1,0.900,0.061,0.009,0.052,0.150,0.023,0.150,0.039,3,23.2240000,-12.1913056
g0132571-524308,1,0.975,0.054,-0.195,0.073,0.180,0.054,-0.025,0.036,3,23.2378333,-52.7188889
g0133168-362625,1,0.625,0.075,0.259,0.074,0.150,0.031,0.400,0.062,9,23.3201250,-36.4402500
g0133185-210010,1,0.800,0.092,-0.227,0.095,0.480,0.049,0.225,0.058,8,23.3268750,-21.0026667
g0133216-364527,1,1.175,0.000,-0.464,0.039,0.360,0.037,-0.125,0.026,9,23.3398333,-36.7574167
g0133351-363552,1,0.775,0.060,-0.060,0.059,0.090,0.031,0.025,0.038,6,23.3962083,-36.5976944
g0133394-021639,1,1.175,0.012,-0.252,0.055,0.400,0.043,0.125,0.029,5,23.4142083,-2.2775000
g0133427-433015,1,0.550,0.070,0.046,0.085,0.270,0.047,0.300,0.050,6,23.4279167,-43.5041111
g0133507-540222,1,0.725,0.107,0.172,0.106,0.030,0.048,0.200,0.080,2,23.4614167,-54.0394444
g0134080-010156,1,0.375,0.053,-0.116,0.086,0.150,0.059,0.025,0.053,4,23.5331667,-1.0322500
g0134454-005942,1,1.150,0.000,-0.164,0.062,0.360,0.050,0.175,0.027,6,23.6890417,-0.9948611
g0134576-242525,1,0.050,0.057,0.218,0.127,0.060,0.053,0.275,0.095,3,23.7401667,-24.4236111
g0135511-100011,1,0.625,0.052,0.012,0.062,0.120,0.033,0.125,0.043,1,23.9627917,-10.0029722
g0136013-075925,1,0.725,0.116,0.247,0.110,0.030,0.049,0.275,0.080,9,24.0054167,-7.9902222
g0136225-222913,1,0.600,0.099,-0.029,0.139,0.270,0.067,0.225,0.086,7,24.0935417,-22.4868056
g0136399-012345,1,0.975,0.065,-0.747,0.097,0.740,0.068,-0.050,0.043,9,24.1660417,-1.3956944
g0136406-135322,1,0.575,0.067,-0.026,0.093,0.240,0.050,0.200,0.053,6,24.1690417,-13.8894444
g0136481-134706,1,0.700,0.100,-0.124,0.107,0.530,0.056,0.375,0.065,7,24.2002500,-13.7850556
g0136538-140511,1,0.675,0.092,0.491,0.086,-0.150,0.038,0.350,0.063,5,24.2242500,-14.0862778
g0136556-050004,1,0.975,0.088,-0.095,0.104,0.180,0.064,0.075,0.059,3,24.2316250,-5.0011111
g0136570-135757,1,1.075,0.021,-0.189,0.049,0.360,0.044,0.150,0.029,6,24.2373750,-13.9657222
g0137081-150342,1,0.775,0.086,-0.154,0.097,0.270,0.056,0.100,0.056,3,24.2836250,-15.0615278
g0137086-092149,1,0.750,0.094,-0.098,0.102,0.210,0.054,0.100,0.061,4,24.2857917,-9.3635278
g0137157-090133,1,1.125,0.016,-0.082,0.063,0.060,0.042,-0.025,0.037,3,24.3152500,-9.0257222
g0137168-064522,1,1.175,0.018,0.093,0.065,0.060,0.047,0.150,0.033,4,24.3200833,-6.7560278
g0137212-133846,1,1.175,0.000,-0.581,0.059,0.590,0.049,-0.025,0.026,6,24.3382083,-13.6461111
g0137340-424026,1,0.625,0.059,-0.010,0.071,0.090,0.051,0.075,0.061,5,24.3914583,-42.6739444
g0137433-002910,1,0.350,0.075,-0.241,0.174,0.150,0.091,-0.100,0.104,5,24.4305417,-0.4861667
g0138398-174952,1,0.975,0.046,-0.089,0.053,0.360,0.030,0.250,0.034,3,24.6657917,-17.8311944
g0138499-415024,1,-0.050,0.039,0.017,0.104,0.300,0.052,0.300,0.064,8,24.7080000,-41.8398611
g0139125-212549,1,0.650,0.080,-0.070,0.113,0.180,0.062,0.100,0.064,5,24.8018750,-21.4303611
g0139140-141642,1,0.625,0.079,-0.004,0.095,0.270,0.045,0.250,0.062,4,24.8084583,-14.2782778
g0139216-045050,1,1.050,0.015,-0.204,0.043,0.270,0.033,0.050,0.025,4,24.8401667,-4.8473333
g0139222-060842,1,0.550,0.084,0.209,0.094,0.150,0.041,0.350,0.061,8,24.8423333,-6.1448889
g0139317-333524,1,0.850,0.081,-0.029,0.074,0.270,0.032,0.225,0.049,6,24.8820000,-33.5899444
g0139567-050427,1,0.675,0.100,-0.083,0.113,0.380,0.049,0.275,0.073,6,24.9860417,-5.0742500
g0140030-071211,1,0.450,0.089,-0.076,0.134,0.320,0.062,0.225,0.095,4,25.0126667,-7.2029167
g0140076-062542,1,0.700,0.070,-0.508,0.092,0.380,0.067,-0.150,0.045,7,25.0314583,-6.4284167
g0140334-044548,1,0.825,0.090,-0.020,0.088,0.180,0.043,0.150,0.055,2,25.1391250,-4.7632500
g0140536-101642,1,0.875,0.069,-0.075,0.063,0.000,0.036,-0.075,0.038,4,25.2234583,-10.2782222
g0140575-013529,1,1.100,0.017,-0.213,0.057,0.120,0.045,-0.100,0.030,4,25.2394583,-1.5914444
g0141028-141853,1,0.175,0.048,0.034,0.128,0.150,0.057,0.175,0.093,5,25.2616667,-14.3146667
g0141326-015204,1,1.025,0.065,-0.298,0.086,0.210,0.063,-0.100,0.046,3,25.3856250,-1.8678056
g0141423-073528,1,1.175,0.014,-0.091,0.043,0.150,0.033,0.050,0.023,8,25.4263333,-7.5912222
g0141526-045235,1,0.950,0.059,-0.076,0.070,0.240,0.039,0.150,0.041,2,25.4692917,-4.8762778
g0141528-045324,1,0.375,0.051,-0.477,0.120,0.400,0.069,-0.100,0.060,3,25.4697917,-4.8898611
g0142225-113617,1,1.000,0.091,-0.402,0.110,0.400,0.068,-0.025,0.059,9,25.5939167,-11.6046389
g0142254-044621,1,0.675,0.087,-0.070,0.095,0.340,0.045,0.250,0.062,5,25.6058333,-4.7724167
g0142283-073209,1,0.850,0.108,0.137,0.102,0.120,0.050,0.250,0.068,8,25.6177917,-7.5358889
g0142355-213212,1,0.500,0.071,-1.029,0.102,0.800,0.066,-0.275,0.061,8,25.6478333,-21.5367778
g0142456-045133,1,0.575,0.085,-0.154,0.125,0.270,0.066,0.100,0.073,4,25.6898333,-4.8590278
g0142529-405034,1,0.400,0.053,0.080,0.068,0.180,0.037,0.250,0.042,4,25.7204167,-40.8427500
g0143097-341431,1,0.600,0.038,0.009,0.047,0.150,0.025,0.150,0.033,3,25.7903333,-34.2418889
g0143428-040006,1,1.050,0.023,-0.220,0.047,0.180,0.036,-0.050,0.022,4,25.9282083,-4.0016944
g0144075-361127,1,0.550,0.050,0.080,0.062,0.180,0.036,0.250,0.039,5,26.0312917,-36.1908333
g0144287-403953,1,0.350,0.056,0.030,0.094,0.180,0.046,0.200,0.057,8,26.1197500,-40.6646111
g0144390-073712,1,0.950,0.066,-0.220,0.068,0.180,0.042,-0.050,0.037,2,26.1626667,-7.6199722
g0144567-225508,1,0.075,0.044,0.066,0.166,-0.150,0.071,-0.075,0.114,9,26.2361667,-22.9189444
g0145030-211715,2,0.175,0.045,-0.178,0.174,0.030,0.093,-0.150,0.121,10,26.2623750,-21.2875833
g0145125-083948,1,0.275,0.043,0.379,0.096,-0.270,0.054,0.125,0.066,7,26.3022083,-8.6634444
g0145442-030717,1,0.775,0.098,-0.148,0.114,0.210,0.071,0.050,0.060,4,26.4341250,-3.1213333
g0145444-065013,1,0.675,0.105,-0.163,0.120,0.120,0.072,-0.050,0.064,5,26.4347917,-6.8368056
g0145535-065609,1,0.525,0.082,0.362,0.098,0.120,0.035,0.475,0.077,5,26.4730417,-6.9356944
g0146293-124348,1,0.300,0.057,-0.383,0.124,0.460,0.072,0.050,0.066,6,26.6221667,-12.7300278
g0146296-131452,1,0.425,0.047,0.055,0.066,0.180,0.035,0.225,0.040,4,26.6231250,-13.2476944
g0146309-401504,1,0.375,0.067,0.247,0.105,0.030,0.061,0.275,0.063,4,26.6288333,-40.2511111
g0146410-093941,1,1.175,0.030,-0.451,0.061,0.320,0.044,-0.150,0.033,5,26.6709583,-9.6613611
g0147112-035129,1,1.000,0.067,-0.333,0.084,0.300,0.065,-0.050,0.038,4,26.7967500,-3.8579444
g0147162-151241,1,0.950,0.126,-0.008,0.092,0.460,0.042,0.425,0.076,4,26.8176667,-15.2115000
g0147183-140244,1,0.650,0.154,-0.097,0.180,-0.030,0.100,-0.125,0.102,6,26.8260417,-14.0454167
g0147238-542641,1,0.450,0.071,-0.063,0.113,0.120,0.060,0.050,0.071,5,26.8492500,-54.4447500
g0147454-215000,2,0.575,0.074,0.190,0.077,0.090,0.034,0.275,0.056,5,26.9390000,-21.8333889
g0147500-051427,1,0.550,0.119,-0.678,0.196,0.560,0.116,-0.150,0.095,4,26.9585000,-5.2406944
g0148378-060751,1,0.525,0.105,-0.216,0.145,0.150,0.078,-0.075,0.083,6,27.1574583,-6.1307778
g0148561-234753,1,0.275,0.034,0.124,0.081,0.240,0.032,0.350,0.067,3,27.2339167,-23.7981389
g0148574-344313,1,0.575,0.118,-0.283,0.147,0.380,0.079,0.075,0.085,7,27.2392917,-34.7202778
g0149046-145829,1,0.750,0.060,0.209,0.058,0.150,0.031,0.350,0.036,1,27.2691667,-14.9748333
g0149084-035416,1,1.175,0.000,-0.320,0.030,0.340,0.024,0.000,0.012,2,27.2850417,-3.9043889
g0149280-560312,1,0.925,0.064,-0.141,0.066,0.150,0.041,0.000,0.040,1,27.3664583,-56.0533889
g0149406-253954,1,0.675,0.076,0.301,0.082,-0.240,0.041,0.075,0.065,5,27.4190417,-25.6650833
g0149418-583750,1,0.575,0.080,-0.295,0.096,0.180,0.058,-0.125,0.059,4,27.4241250,-58.6305556
g0150004-062629,1,1.025,0.026,-0.251,0.044,0.240,0.038,-0.025,0.026,3,27.5015417,-6.4414167
g0150276-083123,1,1.050,0.017,-0.045,0.030,0.180,0.022,0.125,0.019,4,27.6150833,-8.5229722
g0150383-243923,1,0.825,0.072,0.009,0.070,0.150,0.035,0.150,0.047,2,27.6596667,-24.6563056
g0150385-084549,1,0.200,0.072,0.234,0.162,0.150,0.062,0.375,0.121,7,27.6603333,-8.7636667
g0150472-073048,1,1.025,0.085,-0.928,0.120,0.560,0.081,-0.400,0.066,5,27.6966250,-7.5134167
g0150526-360047,1,0.200,0.039,0.284,0.134,0.150,0.036,0.425,0.132,6,27.7189583,-36.0130556
g0151136-762539,1,1.050,0.052,-0.238,0.073,0.120,0.054,-0.125,0.035,1,27.8067917,-76.4275000
g0151192-040321,1,0.575,0.055,0.037,0.064,0.120,0.027,0.150,0.044,2,27.8299583,-4.0559444
g0151401-144727,1,0.525,0.096,0.022,0.120,0.030,0.066,0.050,0.072,6,27.9170000,-14.7908611
g0151552-241860,1,0.600,0.152,0.183,0.151,-0.300,0.043,-0.100,0.132,10,27.9797917,-24.3166389
g0152037-143904,1,0.700,0.122,0.212,0.115,0.120,0.053,0.325,0.083,6,28.0152917,-14.6510833
g0152276-180304,1,0.225,0.046,0.140,0.129,0.090,0.062,0.225,0.083,8,28.1150000,-18.0509722
g0152591-164009,1,1.125,0.034,-0.045,0.054,0.180,0.037,0.125,0.034,7,28.2460833,-16.6691111
g0153005-134419,2,0.825,0.060,0.142,0.037,0.300,0.022,0.425,0.026,6,28.2520417,-13.7386111
g0153033-184446,1,0.525,0.107,-0.381,0.174,0.590,0.079,0.175,0.113,4,28.2638750,-18.7459722
g0154070-045300,1,0.100,0.038,-0.039,0.104,0.360,0.045,0.300,0.082,4,28.5292083,-4.8833611
g0154077-564137,1,0.775,0.080,-0.216,0.073,0.150,0.042,-0.075,0.045,2,28.5321667,-56.6936667
g0154408-553946,1,0.875,0.072,0.093,0.066,0.060,0.032,0.150,0.043,4,28.6699167,-55.6627500
g0156218-042804,1,1.025,0.022,-0.191,0.032,0.150,0.027,-0.050,0.020,4,29.0908333,-4.4676389
g0157298-850553,1,0.500,0.076,-0.070,0.138,0.180,0.087,0.100,0.066,6,29.3742917,-85.0981667
g0157326-072556,1,0.650,0.092,0.262,0.088,0.120,0.050,0.375,0.058,7,29.3859167,-7.4323056
g0157373-064914,1,0.925,0.084,-0.108,0.066,0.380,0.036,0.250,0.043,5,29.4055000,-6.8205833
g0157404-574725,1,0.325,0.041,0.055,0.068,0.180,0.042,0.225,0.041,3,29.4182500,-57.7901667
g0159260-130340,1,0.750,0.127,-0.947,0.123,0.740,0.087,-0.250,0.059,8,29.8582917,-13.0610000
g0159494-554927,1,1.025,0.020,-0.201,0.039,0.240,0.034,0.025,0.019,4,29.9556667,-55.8241667
g0159535-054100,1,0.550,0.059,-0.504,0.084,0.270,0.056,-0.250,0.042,7,29.9730833,-5.6834167
g0159540-571302,1,0.450,0.045,-0.373,0.084,0.210,0.056,-0.175,0.038,4,29.9749167,-57.2172778
g0200060-013142,1,0.800,0.104,-0.026,0.101,0.320,0.050,0.275,0.067,4,30.0251667,-1.5283333
g0200449-013111,1,0.900,0.117,0.312,0.093,0.120,0.042,0.425,0.068,4,30.1870833,-1.5197778
g0200499-250136,1,0.925,0.048,-0.023,0.059,0.210,0.030,0.175,0.039,8,30.2077917,-25.0266944
g0201210-011812,1,1.075,0.014,-0.245,0.045,0.340,0.033,0.075,0.021,4,30.3374583,-1.3032222
g0201220-121731,2,0.600,0.077,-0.120,0.104,0.340,0.056,0.200,0.060,5,30.3417917,-12.2918056
g0201382-581607,1,1.000,0.067,-0.458,0.079,0.300,0.050,-0.175,0.042,7,30.4092917,-58.2686111
g0201399-070752,1,0.975,0.095,-0.040,0.090,-0.090,0.063,-0.125,0.056,9,30.4161250,-7.1311111
g0201502-011949,1,0.425,0.076,0.243,0.085,0.060,0.047,0.300,0.066,6,30.4592917,-1.3303889
g0201573-010752,1,1.150,0.021,-0.076,0.060,0.240,0.048,0.150,0.030,8,30.4885833,-1.1311667
g0201582-005952,1,0.900,0.074,-0.001,0.080,0.240,0.044,0.225,0.047,2,30.4925000,-0.9978056
g0202013-735658,1,0.700,0.161,-0.285,0.188,0.090,0.098,-0.200,0.107,4,30.5054583,-73.9493333
g0202138-692654,1,0.700,0.082,0.222,0.087,0.030,0.045,0.250,0.059,2,30.5573333,-69.4483056
g0202147-025042,1,0.350,0.051,0.087,0.080,0.120,0.046,0.200,0.045,4,30.5610417,-2.8449444
g0202233-070037,1,0.750,0.067,-0.308,0.086,0.460,0.058,0.125,0.045,6,30.5969167,-7.0102222
g0202502-060437,1,0.675,0.066,0.152,0.069,0.210,0.035,0.350,0.046,4,30.7092083,-6.0768056
g0203160-010225,1,1.175,0.008,-0.339,0.054,0.360,0.039,0.000,0.029,4,30.8167917,-1.0403056
g0203172-123817,1,0.050,0.028,-0.233,0.090,0.300,0.062,0.050,0.048,9,30.8217917,-12.6379722
g0203174-062212,1,1.175,0.013,-0.799,0.059,0.530,0.052,-0.300,0.026,6,30.8226667,-6.3700833
g0203275-161813,1,0.325,0.039,-0.126,0.080,0.240,0.053,0.100,0.039,4,30.8645833,-16.3034722
g0203378-170801,1,0.225,0.035,-0.151,0.102,0.320,0.059,0.150,0.052,4,30.9072917,-17.1335000
g0205250-003320,1,0.925,0.079,0.027,0.070,0.210,0.038,0.225,0.048,5,31.3540417,-0.5555000
g0206193-022123,1,0.675,0.113,0.078,0.112,-0.030,0.053,0.050,0.080,4,31.5803750,-2.3562778
g0206414-041643,1,0.325,0.046,0.293,0.081,0.060,0.035,0.350,0.063,9,31.6723750,-4.2785000
g0206476-182354,1,0.475,0.077,-0.204,0.134,0.270,0.077,0.050,0.072,6,31.6982083,-18.3984167
g0207014-135419,1,1.175,0.006,0.080,0.042,0.180,0.038,0.250,0.013,4,31.7557500,-13.9052500
g0207044-073525,1,0.775,0.072,0.262,0.062,0.120,0.032,0.375,0.040,5,31.7682083,-7.5903333
g0207294-350903,1,0.575,0.082,-0.370,0.103,0.340,0.061,-0.050,0.061,1,31.8726667,-35.1507222
g0207420-073744,1,0.425,0.062,0.588,0.092,-0.120,0.043,0.475,0.073,10,31.9247917,-7.6288611
g0207480-070132,1,0.650,0.056,0.024,0.069,0.240,0.038,0.250,0.046,6,31.9500000,-7.0256667
g0207565-072731,1,0.625,0.059,-0.058,0.074,0.300,0.035,0.225,0.050,6,31.9855833,-7.4585278
g0207569-055212,1,0.925,0.067,0.096,0.058,0.270,0.031,0.350,0.037,6,31.9869167,-5.8698611
g0208210-071829,1,0.775,0.072,-0.527,0.094,0.400,0.065,-0.150,0.040,5,32.0874167,-7.3081389
g0208295-030922,1,0.425,0.089,0.328,0.122,-0.030,0.062,0.300,0.085,5,32.1230000,-3.1561944
g0208513-151808,1,1.075,0.012,-0.258,0.046,0.300,0.043,0.025,0.023,8,32.2137083,-15.3022500
g0209078-072035,1,0.625,0.081,0.300,0.087,0.000,0.038,0.300,0.073,7,32.2823333,-7.3431111
g0209508-074545,1,0.525,0.047,0.293,0.055,0.060,0.028,0.350,0.039,3,32.4616667,-7.7624444
g0210249-220317,1,0.875,0.082,-0.210,0.080,0.090,0.046,-0.125,0.049,1,32.6037500,-22.0548056
g0210395-154848,1,0.650,0.139,0.393,0.098,0.060,0.045,0.450,0.076,7,32.6647083,-15.8133333
g0210411-750216,1,1.050,0.034,-0.679,0.056,0.800,0.040,0.075,0.029,10,32.6713750,-75.0376667
g0210421-003818,1,0.875,0.079,0.000,0.073,0.000,0.041,0.000,0.047,4,32.6754583,-0.6383611
g0210432-063447,1,1.025,0.039,-0.029,0.060,0.270,0.036,0.225,0.035,4,32.6799167,-6.5797778
g0210484-063813,1,1.025,0.031,-0.214,0.051,0.360,0.040,0.125,0.035,8,32.7018333,-6.6370556
g0210531-062626,1,0.775,0.065,-0.083,0.054,0.380,0.025,0.275,0.037,3,32.7213333,-6.4406111
g0210543-223142,1,0.575,0.079,-0.045,0.103,0.180,0.056,0.125,0.062,6,32.7264167,-22.5283889
g0211083-003917,1,0.600,0.065,-0.128,0.073,0.030,0.045,-0.100,0.040,5,32.7845833,-0.6547778
g0211137-012908,1,0.900,0.045,0.134,0.041,0.150,0.025,0.275,0.027,2,32.8068750,-1.4855556
g0211324-030121,1,0.950,0.057,-0.214,0.071,0.360,0.042,0.125,0.038,5,32.8849583,-3.0225278
g0211332-733406,1,0.800,0.109,-0.389,0.126,0.360,0.074,-0.050,0.069,5,32.8883333,-73.5684444
g0211337-731601,1,0.400,0.075,0.312,0.099,0.120,0.044,0.425,0.083,4,32.8905417,-73.2670000
g0211469-055455,1,0.650,0.092,-0.922,0.132,0.740,0.097,-0.225,0.055,9,32.9452083,-5.9153889
g0211594-152119,1,0.575,0.080,0.325,0.087,0.000,0.036,0.325,0.065,6,32.9975833,-15.3551944
g0212089-513601,1,1.050,0.035,-0.758,0.075,0.300,0.048,-0.475,0.048,6,33.0370000,-51.6001389
g0212147-023004,1,0.625,0.069,0.099,0.076,0.240,0.034,0.325,0.053,2,33.0612500,-2.5010556
g0212151-165524,1,1.150,0.000,-0.264,0.071,0.440,0.054,0.150,0.028,9,33.0627917,-16.9234444
g0212154-500435,1,0.825,0.101,-0.502,0.116,0.400,0.075,-0.125,0.055,4,33.0640417,-50.0764444
g0212204-020830,1,1.175,0.000,-0.251,0.038,0.320,0.029,0.050,0.019,2,33.0850417,-2.1415556
g0212376-055021,1,0.925,0.082,-0.308,0.085,0.300,0.050,-0.025,0.043,3,33.1565417,-5.8390833
g0212379-021727,1,1.175,0.008,-0.414,0.046,0.360,0.039,-0.075,0.020,5,33.1579167,-2.2907778
g0212379-053924,1,1.175,0.033,-0.698,0.096,0.210,0.078,-0.500,0.061,10,33.1579167,-5.6566111
g0212389-485732,1,0.950,0.079,-0.496,0.098,0.500,0.066,-0.025,0.047,8,33.1620833,-48.9588056
g0212537-564119,1,1.125,0.008,-0.539,0.050,0.360,0.045,-0.200,0.022,3,33.2236667,-56.6886667
g0213141-140027,1,0.875,0.086,-0.185,0.081,0.090,0.048,-0.100,0.048,6,33.3088750,-14.0075278
g0213223-022032,1,0.800,0.083,0.227,0.064,0.210,0.032,0.425,0.042,2,33.3430000,-2.3422778
g0213225-030521,1,0.850,0.064,-0.051,0.055,0.240,0.029,0.175,0.037,3,33.3436250,-3.0892778
g0213530-050548,1,0.925,0.063,0.230,0.056,0.180,0.033,0.400,0.032,5,33.4706667,-5.0967500
g0214060-124913,1,1.025,0.031,0.222,0.049,0.030,0.033,0.250,0.028,3,33.5248333,-12.8201389
g0214303-131548,1,1.050,0.026,-0.308,0.039,0.380,0.027,0.050,0.022,4,33.6263333,-13.2632778
g0214420-124140,1,1.075,0.006,0.022,0.051,0.030,0.042,0.050,0.021,6,33.6747917,-12.6945278
g0215046-204604,1,1.000,0.056,0.017,0.069,0.300,0.046,0.300,0.035,5,33.7692083,-20.7677222
g0215080-642040,1,0.950,0.081,-0.170,0.098,0.340,0.055,0.150,0.060,1,33.7831667,-64.3445000
g0215266-061601,1,0.150,0.042,0.334,0.150,0.150,0.055,0.475,0.138,6,33.8610000,-6.2668056
g0215375-595233,1,0.700,0.078,-0.016,0.088,0.150,0.057,0.125,0.057,3,33.9063333,-59.8759167
g0215517-185451,1,0.450,0.052,0.005,0.075,0.180,0.042,0.175,0.045,1,33.9652500,-18.9142778
g0216260-595627,1,1.125,0.004,-0.114,0.031,0.440,0.028,0.300,0.015,9,34.1082083,-59.9408611
g0216345-424847,1,1.050,0.041,-0.396,0.073,0.420,0.054,0.000,0.038,3,34.1437500,-42.8130000
g0216518-031134,1,0.525,0.061,0.315,0.072,0.090,0.033,0.400,0.054,3,34.2157917,-3.1928611
g0216583-173821,1,0.750,0.086,-0.314,0.108,0.440,0.065,0.100,0.053,4,34.2430000,-17.6391944
g0217271-595140,1,1.075,0.006,0.102,0.032,0.210,0.025,0.300,0.013,6,34.3629167,-59.8610556
g0217315-695412,1,1.050,0.029,0.130,0.043,0.180,0.031,0.300,0.026,3,34.3814167,-69.9034167
g0217563-041837,1,1.075,0.019,-0.379,0.047,0.270,0.039,-0.125,0.021,3,34.4844167,-4.3103333
g0218201-063128,1,0.625,0.082,0.040,0.102,0.090,0.050,0.125,0.067,5,34.5837917,-6.5243889
g0218303-075746,1,0.150,0.045,0.137,0.121,0.120,0.060,0.250,0.073,10,34.6260417,-7.9628056
g0218369-610342,1,0.375,0.087,0.276,0.144,-0.240,0.078,0.050,0.098,7,34.6537500,-61.0615278
g0218388-065412,1,0.650,0.045,-0.509,0.068,0.620,0.046,0.075,0.033,10,34.6617917,-6.9033333
g0219052-064727,1,0.900,0.056,0.262,0.043,0.120,0.030,0.375,0.024,7,34.7715833,-6.7909167
g0219318-225200,1,0.500,0.080,0.149,0.092,0.240,0.033,0.375,0.076,3,34.8823333,-22.8667500
g0219462-053919,1,0.375,0.067,0.422,0.089,0.030,0.029,0.450,0.076,4,34.9423750,-5.6552222
g0219518-043155,1,0.725,0.050,0.002,0.059,0.210,0.030,0.200,0.038,2,34.9657917,-4.5318333
g0220253-164455,1,0.650,0.047,-0.058,0.056,0.300,0.032,0.225,0.035,7,35.1055417,-16.7484722
g0220263-315816,1,0.950,0.058,-0.145,0.062,0.180,0.041,0.025,0.044,4,35.1097083,-31.9712222
g0220300-364356,1,0.925,0.073,-0.446,0.071,0.420,0.046,-0.050,0.037,3,35.1249167,-36.7321667
g0220367-182835,1,0.625,0.052,-0.314,0.078,0.440,0.044,0.100,0.047,4,35.1528333,-18.4763889
g0221008-204924,1,0.575,0.078,0.190,0.082,0.090,0.041,0.275,0.065,7,35.2533333,-20.8233333
g0221297-180320,1,0.850,0.100,0.293,0.099,0.060,0.052,0.350,0.064,9,35.3736250,-18.0555000
g0221472-100125,1,0.450,0.044,0.102,0.055,0.210,0.024,0.300,0.038,2,35.4467500,-10.0236944
g0222028-583629,1,0.725,0.077,-0.058,0.077,0.300,0.040,0.225,0.049,2,35.5116667,-58.6080278
g0222473-412216,1,1.025,0.020,-0.041,0.044,0.150,0.029,0.100,0.026,3,35.6971667,-41.3710833
g0223038-512123,1,0.625,0.096,0.257,0.105,-0.060,0.055,0.200,0.079,4,35.7657500,-51.3565000
g0223188-185023,1,0.575,0.066,0.096,0.072,0.270,0.031,0.350,0.051,5,35.8281250,-18.8396667
g0223214-213228,1,0.950,0.067,0.087,0.072,0.120,0.040,0.200,0.047,2,35.8390833,-21.5411944
g0223431-051004,1,1.025,0.031,-0.258,0.055,0.300,0.036,0.025,0.030,3,35.9297083,-5.1678611
g0223448-171243,1,0.800,0.081,-0.101,0.083,0.320,0.049,0.200,0.046,5,35.9367917,-17.2119167
g0223537-072109,1,0.675,0.044,-0.004,0.052,0.270,0.030,0.250,0.032,3,35.9735833,-7.3524167
g0224291-582602,1,0.725,0.071,-0.170,0.075,0.180,0.045,0.000,0.041,4,36.1210833,-58.4338889
g0224315-080040,1,0.475,0.051,-0.133,0.080,0.380,0.045,0.225,0.045,4,36.1310833,-8.0112222
g0225217-061305,1,0.100,0.069,0.448,0.129,-0.210,0.057,0.250,0.115,6,36.3403750,-6.2181389
g0225298-040042,1,0.675,0.100,0.280,0.088,0.180,0.035,0.450,0.063,6,36.3740833,-4.0115556
g0225314-592838,1,0.775,0.113,0.177,0.093,0.210,0.046,0.375,0.059,4,36.3807500,-59.4773056
g0225363-035541,1,0.475,0.084,0.375,0.115,0.000,0.050,0.375,0.082,7,36.4010417,-3.9281111
g0225365-160635,1,0.300,0.048,-0.048,0.104,0.210,0.065,0.150,0.054,5,36.4020417,-16.1095833
g0225380-853260,1,1.175,0.018,-0.251,0.060,0.240,0.049,-0.025,0.029,6,36.4081667,-85.5498889
g0225423-231744,1,0.450,0.117,0.134,0.173,0.150,0.062,0.275,0.141,6,36.4262917,-23.2956111
g0225469-054232,1,1.175,0.040,-0.377,0.069,0.400,0.046,0.000,0.040,10,36.4455417,-5.7087778
g0225541-052028,1,0.650,0.095,-0.508,0.145,0.380,0.098,-0.150,0.063,7,36.4754583,-5.3409722
g0226007-235739,1,0.575,0.102,0.149,0.098,0.240,0.039,0.375,0.082,5,36.5029583,-23.9607778
g0226155-060627,1,0.800,0.105,-0.689,0.151,0.440,0.081,-0.275,0.085,5,36.5644167,-6.1073611
g0226339-223835,1,1.075,0.040,-0.120,0.062,0.180,0.048,0.050,0.040,6,36.6413333,-22.6429444
g0226362-232502,1,1.075,0.023,0.024,0.044,0.240,0.033,0.250,0.027,6,36.6509583,-23.4170833
g0227023-191514,1,0.675,0.056,0.074,0.053,0.240,0.024,0.300,0.037,3,36.7594167,-19.2540000
g0227078-225954,1,0.550,0.077,-0.195,0.094,0.180,0.057,-0.025,0.053,4,36.7825000,-22.9983889
g0227132-183031,1,1.075,0.021,-0.276,0.037,0.240,0.030,-0.050,0.023,1,36.8047917,-18.5085000
g0227179-191122,1,0.575,0.061,0.174,0.062,0.240,0.029,0.400,0.042,6,36.8244167,-19.1893611
g0227465-233321,1,0.800,0.114,-0.445,0.124,0.340,0.073,-0.125,0.067,6,36.9439167,-23.5558333
g0228201-315252,1,0.800,0.054,0.118,0.049,0.060,0.026,0.175,0.034,2,37.0837917,-31.8810278
g0228372-024938,1,0.300,0.082,0.177,0.141,0.210,0.058,0.375,0.117,3,37.1548750,-2.8271389
g0228373-103221,1,0.550,0.045,-0.176,0.056,0.240,0.032,0.050,0.032,5,37.1555000,-10.5391667
g0228374-023919,1,0.900,0.096,0.230,0.082,0.180,0.041,0.400,0.053,7,37.1558750,-2.6551389
g0229068-053360,1,0.400,0.087,0.130,0.119,0.340,0.038,0.450,0.101,5,37.2784167,-5.5665833
g0229075-184510,2,0.925,0.089,-0.050,0.088,0.000,0.049,-0.050,0.053,3,37.2812917,-18.7527500
g0229091-544413,1,0.850,0.071,-0.088,0.064,0.120,0.043,0.025,0.039,2,37.2879167,-54.7369444
g0229097-104941,1,0.175,0.026,0.037,0.071,0.120,0.041,0.150,0.040,5,37.2903333,-10.8280556
g0229291-583246,1,0.575,0.096,-0.458,0.115,0.460,0.066,-0.025,0.067,5,37.3713333,-58.5459722
g0229318-424841,1,0.900,0.066,-0.026,0.061,0.320,0.025,0.275,0.043,5,37.3824167,-42.8113611
g0229345-575919,1,0.975,0.080,-0.358,0.088,0.300,0.059,-0.075,0.050,3,37.3936667,-57.9885000
g0229497-425744,1,0.650,0.088,-0.047,0.098,-0.030,0.046,-0.075,0.064,2,37.4569583,-42.9621111
g0230038-063941,1,0.700,0.105,-0.076,0.131,0.240,0.063,0.150,0.080,5,37.5156250,-6.6612778
g0230258-013828,1,1.175,0.106,-0.404,0.105,0.270,0.076,-0.150,0.056,8,37.6074583,-1.6411667
g0230279-430137,1,0.875,0.055,0.005,0.043,0.180,0.025,0.175,0.027,2,37.6162500,-43.0268611
g0230292-131824,1,0.900,0.081,-0.033,0.086,0.300,0.044,0.250,0.054,7,37.6217500,-13.3065556
g0230339-043729,1,0.650,0.103,0.155,0.090,0.340,0.030,0.475,0.079,7,37.6412083,-4.6247778
g0230428-025620,1,0.500,0.056,0.009,0.077,0.150,0.039,0.150,0.047,3,37.6784583,-2.9390000
g0230454-135852,1,1.175,0.018,-0.108,0.044,0.300,0.034,0.175,0.027,9,37.6889583,-13.9810000
g0230489-045134,1,0.850,0.089,-0.754,0.085,0.800,0.048,0.000,0.050,7,37.7037500,-4.8595556
g0231070-010619,1,1.150,0.034,-0.454,0.090,0.270,0.070,-0.200,0.038,4,37.7791667,-1.1051389
g0231132-591551,1,0.400,0.055,-0.045,0.081,0.340,0.048,0.275,0.045,4,37.8050417,-59.2641944
g0231147-174112,1,0.800,0.065,-0.352,0.068,0.480,0.045,0.100,0.036,5,37.8111250,-17.6866944
g0231262-173913,1,1.175,0.000,-0.170,0.046,0.340,0.031,0.150,0.023,10,37.8591667,-17.6536667
g0231379-504447,1,0.250,0.050,-0.032,0.133,0.060,0.088,0.025,0.098,7,37.9078750,-50.7462778
g0231388-443128,1,0.475,0.052,0.302,0.061,0.210,0.021,0.500,0.050,1,37.9116250,-44.5243056
g0231413-091801,1,0.900,0.067,-0.138,0.060,0.120,0.038,-0.025,0.035,2,37.9221667,-9.3003611
g0231494-053642,1,0.500,0.140,-0.110,0.149,0.090,0.078,-0.025,0.093,7,37.9559167,-5.6115278
g0232072-012143,1,0.750,0.059,-0.195,0.059,0.340,0.030,0.125,0.038,7,38.0297917,-1.3619722
g0232099-230758,1,1.100,0.015,-0.101,0.036,0.240,0.031,0.125,0.021,5,38.0411250,-23.1326667
g0232127-171301,1,1.175,0.000,-0.151,0.043,0.320,0.033,0.150,0.018,6,38.0530000,-17.2168333
g0232241-003307,1,1.175,0.014,-0.020,0.068,0.180,0.054,0.150,0.031,5,38.1002083,-0.5519722
g0232328-623505,1,0.825,0.095,0.068,0.102,0.060,0.046,0.125,0.070,2,38.1365000,-62.5846944
g0232435-105501,1,0.900,0.078,-0.266,0.086,0.150,0.058,-0.125,0.047,8,38.1813333,-10.9169167
g0232467-173528,1,0.600,0.072,0.097,0.082,0.030,0.044,0.125,0.055,7,38.1945833,-17.5912222
g0232479-075450,1,0.375,0.073,0.150,0.107,0.000,0.057,0.150,0.067,6,38.1995417,-7.9138889
g0232513-090629,1,0.525,0.100,-0.132,0.141,0.060,0.074,-0.075,0.084,7,38.2138750,-9.1079444
g0232558-000753,1,0.475,0.072,0.322,0.087,0.030,0.037,0.350,0.060,4,38.2325833,-0.1312778
g0233034-104536,1,0.675,0.049,-0.032,0.062,0.060,0.035,0.025,0.037,1,38.2642917,-10.7599722
g0233074-104017,1,0.200,0.042,0.358,0.082,-0.300,0.042,0.075,0.075,9,38.2809167,-10.6714722
g0233184-173645,2,0.700,0.057,-0.271,0.070,0.420,0.037,0.125,0.043,4,38.3265833,-17.6123889
g0233322-201056,2,0.700,0.055,0.109,0.062,0.150,0.032,0.250,0.041,3,38.3840833,-20.1822222
g0233461-163040,1,0.650,0.064,-0.113,0.076,0.120,0.045,0.000,0.048,4,38.4418750,-16.5111389
g0233554-254211,1,0.150,0.054,0.199,0.158,0.320,0.051,0.500,0.138,7,38.4808750,-25.7030278
g0234259-141618,1,0.600,0.042,-0.095,0.055,0.180,0.031,0.075,0.036,3,38.6078750,-14.2715556
g0234378-005847,1,0.250,0.061,0.300,0.126,0.000,0.057,0.300,0.083,4,38.6573750,-0.9798333
g0234415-011419,1,0.425,0.042,0.034,0.065,0.150,0.031,0.175,0.044,3,38.6727083,-1.2385000
g0235344-060350,1,0.700,0.077,0.125,0.094,0.000,0.050,0.125,0.059,4,38.8932083,-6.0638611
g0235446-133918,1,0.500,0.046,-0.238,0.066,0.120,0.046,-0.125,0.035,4,38.9357500,-13.6548611
g0236134-091835,1,0.400,0.049,0.090,0.082,0.090,0.047,0.175,0.047,6,39.0560000,-9.3096944
g0236310-532531,1,1.175,0.010,-0.489,0.063,0.360,0.057,-0.150,0.024,3,39.1290833,-53.4251389
g0236489-085927,1,0.250,0.028,0.447,0.095,0.030,0.036,0.475,0.084,8,39.2036667,-8.9907222
g0237240-115214,1,0.950,0.055,-0.220,0.063,0.340,0.038,0.100,0.035,6,39.3501667,-11.8706389
g0237314-605137,1,0.350,0.056,0.109,0.081,0.150,0.043,0.250,0.052,1,39.3808333,-60.8601667
g0237587-015039,1,0.250,0.029,0.105,0.072,0.180,0.038,0.275,0.043,5,39.4946250,-1.8441667
g0238104-093238,1,0.675,0.098,-0.089,0.112,0.360,0.055,0.250,0.070,5,39.5431667,-9.5439167
g0238116-011907,1,1.000,0.026,-0.210,0.040,0.090,0.034,-0.125,0.026,1,39.5481667,-1.3186944
g0238116-061314,1,0.300,0.057,0.218,0.106,0.060,0.048,0.275,0.073,4,39.5483750,-6.2206667
g0238154-035843,1,0.550,0.057,-0.013,0.074,0.120,0.034,0.100,0.050,3,39.5641667,-3.9786389
g0238251-271347,1,0.250,0.045,0.080,0.094,0.180,0.049,0.250,0.065,7,39.6044583,-27.2297222
g0238489-291118,1,0.375,0.052,-0.145,0.088,0.180,0.066,0.025,0.060,9,39.7039167,-29.1882222
g0238495-083313,1,1.175,0.006,-0.323,0.045,0.210,0.039,-0.125,0.021,0,39.7060417,-8.5535278
g0239058-065649,1,0.575,0.074,0.102,0.093,0.210,0.039,0.300,0.067,9,39.7740833,-6.9468333
g0239169-532726,1,1.075,0.103,-0.151,0.111,0.320,0.060,0.150,0.075,6,39.8204583,-53.4571111
g0239199-084951,1,0.975,0.067,0.059,0.063,0.150,0.037,0.200,0.042,3,39.8327083,-8.8308889
g0239292-195030,1,0.925,0.064,-0.671,0.094,0.420,0.064,-0.275,0.051,3,39.8716667,-19.8417222
g0239491-025344,1,0.475,0.061,0.209,0.076,0.150,0.033,0.350,0.059,3,39.9544583,-2.8954444
g0239546-013234,1,0.900,0.070,0.055,0.057,0.340,0.028,0.375,0.038,1,39.9775000,-1.5426944
g0240026-095113,1,1.025,0.067,-0.633,0.095,0.300,0.066,-0.350,0.050,8,40.0109583,-9.8536111
g0240037-125048,1,0.900,0.071,-0.226,0.067,0.320,0.036,0.075,0.040,2,40.0155000,-12.8465278
g0240044-225522,1,0.875,0.074,-0.329,0.076,0.270,0.049,-0.075,0.050,8,40.0185000,-22.9227500
g0240161-084637,1,0.375,0.046,0.128,0.080,-0.030,0.052,0.100,0.044,4,40.0670417,-8.7769722
g0240204-715007,1,0.850,0.113,0.055,0.114,0.180,0.061,0.225,0.075,1,40.0850833,-71.8353889
g0240205-122918,1,0.575,0.066,0.107,0.078,-0.060,0.038,0.050,0.056,2,40.0852917,-12.4883611
g0240252-052625,1,0.275,0.031,0.215,0.072,0.090,0.039,0.300,0.042,6,40.1050833,-5.4403889
g0240289-125238,1,1.075,0.007,-0.126,0.033,0.240,0.026,0.100,0.018,4,40.1202917,-12.8772222
g0240315-202222,1,0.500,0.058,0.222,0.071,0.030,0.034,0.250,0.049,4,40.1310417,-20.3726667
g0240459-170713,1,0.950,0.070,-0.129,0.064,0.270,0.035,0.125,0.045,2,40.1914167,-17.1201667
g0240472-132329,1,0.650,0.085,-0.295,0.104,0.180,0.055,-0.125,0.063,4,40.1966667,-13.3912778
g0241014-044951,1,0.700,0.080,0.034,0.098,0.150,0.051,0.175,0.066,8,40.2557917,-4.8309167
g0241045-132646,1,0.700,0.049,0.052,0.067,0.210,0.033,0.250,0.044,4,40.2686667,-13.4460833
g0241139-145728,1,0.825,0.086,0.084,0.079,0.150,0.032,0.225,0.055,5,40.3077083,-14.9577500
g0241166-185655,1,1.025,0.028,-0.258,0.048,0.300,0.032,0.025,0.028,1,40.3192500,-18.9484722
g0241178-095558,1,0.625,0.077,-0.254,0.085,0.270,0.046,0.000,0.056,4,40.3242500,-9.9326389
g0241224-180953,1,0.575,0.045,-0.095,0.061,0.180,0.038,0.075,0.037,4,40.3434583,-18.1648333
g0241239-623421,1,0.325,0.048,0.184,0.071,0.150,0.037,0.325,0.058,3,40.3496250,-62.5725556
g0241263-130742,1,1.125,0.014,-0.066,0.032,0.150,0.022,0.075,0.019,4,40.3594167,-13.1283333
g0241299-024620,1,0.825,0.070,0.084,0.073,0.150,0.036,0.225,0.045,5,40.3743750,-2.7721667
g0241369-124311,1,1.000,0.064,-0.554,0.106,0.270,0.074,-0.300,0.049,9,40.4037917,-12.7196667
g0241443-165817,1,1.175,0.018,-0.287,0.076,-0.120,0.072,-0.400,0.031,6,40.4343750,-16.9713611
g0241451-145054,1,0.800,0.073,-0.075,0.066,0.000,0.036,-0.075,0.039,5,40.4380417,-14.8482500
g0241508-005026,1,0.375,0.074,0.134,0.091,0.150,0.040,0.275,0.065,3,40.4617917,-0.8406667
g0241566-011921,1,0.775,0.077,-0.004,0.076,0.270,0.040,0.250,0.049,7,40.4859167,-1.3224722
g0241570-064732,1,0.700,0.070,0.162,0.079,0.120,0.039,0.275,0.053,3,40.4875000,-6.7923056
g0242014-150324,1,-0.125,0.038,-0.134,0.134,0.620,0.075,0.450,0.073,3,40.5057500,-15.0566389
g0242101-053407,1,0.500,0.078,0.220,0.094,-0.180,0.046,0.050,0.066,5,40.5419167,-5.5685556
g0242148-782325,1,0.325,0.108,0.359,0.164,0.150,0.062,0.500,0.146,4,40.5615000,-78.3903056
g0242230-030627,1,0.925,0.070,-0.099,0.055,0.530,0.029,0.400,0.038,7,40.5957083,-3.1075000
g0242334-092804,1,0.850,0.061,0.134,0.051,0.150,0.028,0.275,0.037,2,40.6392917,-9.4677778
g0242383-122516,1,0.900,0.055,-0.271,0.062,0.420,0.039,0.125,0.033,10,40.6595833,-12.4210833
g0242384-151260,1,0.550,0.073,-0.316,0.118,0.150,0.078,-0.175,0.053,3,40.6598333,-15.2166389
g0242385-033812,1,0.325,0.060,0.071,0.100,0.270,0.040,0.325,0.089,9,40.6604167,-3.6365833
g0242444-853213,1,0.450,0.115,0.475,0.144,0.000,0.058,0.475,0.115,9,40.6848333,-85.5368889
g0242456-192531,1,0.600,0.062,0.112,0.069,0.120,0.032,0.225,0.046,3,40.6899167,-19.4253889
g0242571-100259,1,0.575,0.071,-0.225,0.088,0.000,0.061,-0.225,0.042,2,40.7378750,-10.0497222
g0243139-080730,1,0.675,0.083,0.024,0.073,0.320,0.028,0.325,0.052,8,40.8080417,-8.1250556
g0243153-662538,1,0.850,0.081,0.090,0.066,0.090,0.031,0.175,0.050,6,40.8135833,-66.4272222
g0243163-151541,1,0.425,0.065,-0.033,0.084,0.300,0.038,0.250,0.055,10,40.8177083,-15.2613611
g0243220-034606,1,0.400,0.069,0.030,0.095,0.180,0.048,0.200,0.065,2,40.8418333,-3.7683611
g0243271-080633,1,0.550,0.056,0.115,0.069,0.090,0.036,0.200,0.052,3,40.8627500,-8.1092778
g0243291-010010,1,0.675,0.079,-0.652,0.109,0.480,0.079,-0.200,0.055,5,40.8710833,-1.0027778
g0243420-154220,1,1.050,0.011,-0.227,0.043,0.480,0.034,0.225,0.020,8,40.9250000,-15.7055000
g0243470-134901,1,1.000,0.051,-0.426,0.088,0.240,0.067,-0.200,0.035,4,40.9457500,-13.8168333
g0244079-752246,1,0.500,0.076,0.353,0.095,-0.030,0.047,0.325,0.070,7,41.0328750,-75.3793056
g0244080-092709,1,0.675,0.068,0.121,0.060,0.270,0.026,0.375,0.043,3,41.0334167,-9.4523611
g0244208-163921,1,0.550,0.074,0.060,0.082,-0.090,0.054,-0.025,0.046,3,41.0868333,-16.6557500
g0244226-094416,1,0.850,0.094,-0.288,0.102,0.120,0.071,-0.175,0.048,2,41.0942500,-9.7376667
g0244256-143739,1,1.175,0.007,-0.089,0.040,0.360,0.034,0.250,0.016,6,41.1065000,-14.6275556
g0244291-723202,1,0.250,0.042,-0.185,0.152,0.090,0.095,-0.100,0.077,4,41.1213750,-72.5338889
g0244315-143844,1,0.300,0.055,0.105,0.082,0.180,0.051,0.275,0.051,6,41.1312083,-14.6454722
g0244360-194034,1,1.000,0.055,-0.176,0.060,0.240,0.039,0.050,0.032,5,41.1498333,-19.6761111
g0244393-160425,1,0.525,0.048,0.103,0.066,-0.030,0.036,0.075,0.042,2,41.1636667,-16.0736389
g0244454-080951,1,0.525,0.085,-0.220,0.119,0.340,0.063,0.100,0.068,2,41.1893333,-8.1640556
g0244537-173933,1,0.725,0.061,0.046,0.064,0.270,0.035,0.300,0.041,1,41.2235417,-17.6591389
g0244585-011015,1,0.575,0.053,0.002,0.065,0.210,0.034,0.200,0.045,4,41.2438333,-1.1708056
g0245133-082054,1,0.625,0.074,0.002,0.100,0.210,0.057,0.200,0.059,3,41.3053333,-8.3483889
g0245138-004446,1,0.875,0.111,0.259,0.088,0.150,0.039,0.400,0.060,6,41.3073333,-0.7461389
g0245224-173159,1,0.500,0.085,0.347,0.093,0.030,0.035,0.375,0.070,8,41.3434583,-17.5331667
g0245253-204919,1,0.200,0.035,0.008,0.116,-0.300,0.055,-0.275,0.079,10,41.3555000,-20.8218056
g0245296-173232,1,0.475,0.057,0.174,0.064,0.240,0.023,0.400,0.055,3,41.3732083,-17.5422500
g0245361-174120,1,0.475,0.052,0.137,0.058,0.120,0.029,0.250,0.038,2,41.4002917,-17.6889444
g0245412-081050,1,0.700,0.072,-0.378,0.083,0.560,0.052,0.150,0.047,5,41.4217500,-8.1805278
g0245525-170230,1,0.500,0.054,-0.045,0.074,0.180,0.042,0.125,0.046,2,41.4687083,-17.0417222
g0245585-150451,1,0.900,0.087,0.037,0.079,0.120,0.040,0.150,0.057,7,41.4938333,-15.0809167
g0246051-032009,1,0.450,0.046,-0.216,0.077,0.150,0.046,-0.075,0.042,4,41.5211250,-3.3358889
g0246068-073804,1,0.275,0.060,-0.412,0.183,0.650,0.081,0.200,0.129,9,41.5283333,-7.6343333
g0246099-081846,1,0.500,0.055,0.132,0.079,-0.060,0.050,0.075,0.044,6,41.5411667,-8.3128333
g0246101-150423,1,0.775,0.067,0.205,0.049,0.180,0.025,0.375,0.031,3,41.5422083,-15.0731389
g0246245-014433,1,0.900,0.078,-0.303,0.076,0.560,0.041,0.225,0.044,7,41.6021250,-1.7425278
g0246303-261460,1,0.875,0.070,-0.128,0.065,0.030,0.047,-0.100,0.037,10,41.6262500,-26.2499444
g0246334-003915,1,0.900,0.067,0.077,0.071,0.210,0.038,0.275,0.048,4,41.6393333,-0.6542500
g0246335-245158,1,1.100,0.004,-0.251,0.029,0.240,0.023,-0.025,0.017,9,41.6397500,-24.8660833
g0246467-004344,1,0.250,0.040,0.046,0.110,0.270,0.061,0.300,0.064,3,41.6946250,-0.7287778
g0247023-835535,1,0.525,0.105,-0.054,0.133,0.270,0.065,0.200,0.087,5,41.7594583,-83.9264444
g0247068-025821,1,0.500,0.067,-0.151,0.086,0.240,0.047,0.075,0.051,6,41.7782083,-2.9725833
g0247081-415533,1,0.200,0.079,0.563,0.146,-0.120,0.047,0.450,0.131,5,41.7835417,-41.9258611
g0247170-002325,1,0.775,0.076,-0.258,0.099,0.380,0.059,0.100,0.055,6,41.8206667,-0.3903333
g0247199-144806,1,0.625,0.058,0.067,0.062,0.300,0.033,0.350,0.039,3,41.8328333,-14.8017778
g0247210-034950,1,1.075,0.038,-0.408,0.072,0.380,0.056,-0.050,0.038,2,41.8376250,-3.8305833
g0247278-001706,1,0.450,0.059,-0.163,0.083,0.120,0.044,-0.050,0.051,3,41.8659167,-0.2850833
g0247487-145336,1,1.175,0.008,-0.370,0.069,0.180,0.063,-0.200,0.025,3,41.9530000,-14.8934444
g0248076-221224,1,0.525,0.047,-0.421,0.065,0.500,0.039,0.050,0.036,6,42.0315833,-22.2065833
g0248141-293144,1,0.625,0.093,0.030,0.109,0.180,0.048,0.200,0.072,8,42.0585417,-29.5287778
g0248363-113722,1,0.550,0.087,-0.010,0.128,0.090,0.072,0.075,0.074,3,42.1513750,-11.6227500
g0248385-075704,1,1.000,0.042,0.112,0.060,0.120,0.037,0.225,0.036,10,42.1605417,-7.9510833
g0248485-195817,1,1.175,0.000,-0.576,0.048,0.320,0.047,-0.275,0.018,4,42.2020833,-19.9712500
g0248570-283233,1,0.725,0.079,0.065,0.077,0.090,0.037,0.150,0.058,3,42.2373750,-28.5424167
g0248573-304734,1,0.225,0.036,0.067,0.115,0.460,0.034,0.500,0.106,7,42.2388333,-30.7928889
g0248578-023006,1,0.675,0.053,-0.066,0.063,0.150,0.036,0.075,0.041,4,42.2407917,-2.5016667
g0249084-311723,1,0.800,0.054,-0.198,0.065,0.210,0.044,0.000,0.030,5,42.2851250,-31.2896944
g0249150-310306,1,0.875,0.081,-0.041,0.069,0.150,0.036,0.100,0.045,3,42.3123750,-31.0516111
g0249290-003402,1,0.600,0.086,-0.029,0.099,0.270,0.046,0.225,0.069,6,42.3708750,-0.5673056
g0249339-311122,1,0.700,0.068,0.080,0.055,0.340,0.025,0.400,0.037,5,42.3911250,-31.1893889
g0249407-003357,1,0.525,0.091,-0.975,0.126,0.770,0.067,-0.250,0.094,8,42.4195417,-0.5658889
g0249479-080331,1,0.275,0.067,0.533,0.133,-0.300,0.037,0.250,0.119,8,42.4495417,-8.0586111
g0249494-004736,1,0.700,0.118,-0.398,0.134,0.210,0.076,-0.200,0.094,7,42.4556250,-0.7934444
g0249559-311715,1,0.675,0.085,0.080,0.091,0.180,0.043,0.250,0.061,1,42.4827917,-31.2875000
g0250079-001601,1,0.600,0.076,-0.326,0.098,0.320,0.058,-0.025,0.052,2,42.5327500,-0.2670278
g0250161-052052,1,0.550,0.084,0.391,0.101,-0.150,0.042,0.250,0.079,8,42.5672083,-5.3476667
g0250163-344857,1,1.175,0.011,-0.249,0.035,0.530,0.027,0.250,0.014,7,42.5677917,-34.8157500
g0250290-160717,1,1.050,0.010,-0.283,0.051,0.300,0.041,0.000,0.024,5,42.6207083,-16.1214167
g0250318-312341,1,0.775,0.102,-0.257,0.097,0.060,0.064,-0.200,0.054,6,42.6323333,-31.3946389
g0250421-432308,1,1.050,0.037,-0.129,0.059,0.270,0.035,0.125,0.036,4,42.6754583,-43.3855278
g0250528-225823,1,0.600,0.094,0.393,0.089,0.060,0.039,0.450,0.088,7,42.7201250,-22.9730556
g0251025-094209,1,0.925,0.111,-0.138,0.110,0.120,0.069,-0.025,0.067,3,42.7602083,-9.7023889
g0251163-311939,1,1.050,0.021,0.000,0.053,0.000,0.046,0.000,0.023,7,42.8178333,-31.3275833
g0251204-680848,1,0.725,0.083,0.018,0.094,0.060,0.046,0.075,0.059,5,42.8351667,-68.1466667
g0251351-004402,1,0.625,0.074,-0.573,0.154,0.210,0.088,-0.375,0.092,10,42.8964167,-0.7337500
g0251416-071509,1,0.825,0.112,0.240,0.105,0.090,0.045,0.325,0.075,8,42.9232500,-7.2525556
g0251426-424503,1,0.400,0.053,0.193,0.068,0.060,0.035,0.250,0.045,6,42.9272917,-42.7506944
g0251538-095330,1,0.775,0.094,-0.696,0.138,0.420,0.070,-0.300,0.082,6,42.9742500,-9.8917500
g0251561-005011,1,0.550,0.064,0.105,0.070,0.180,0.031,0.275,0.047,1,42.9837917,-0.8362500
g0251590-692605,1,0.975,0.062,-0.276,0.082,0.240,0.050,-0.050,0.044,6,42.9957917,-69.4347500
g0252017-135208,1,0.375,0.046,0.012,0.074,0.120,0.045,0.125,0.043,4,43.0072500,-13.8689722
g0252132-064554,1,0.750,0.064,-0.151,0.061,0.240,0.039,0.075,0.038,5,43.0550417,-6.7648611
g0252186-011746,1,0.750,0.088,0.152,0.072,0.210,0.037,0.350,0.049,6,43.0774583,-1.2961944
g0252213-575653,1,1.000,0.047,-0.088,0.053,0.120,0.035,0.025,0.033,2,43.0888750,-57.9480833
g0252371-211433,1,0.700,0.066,0.090,0.084,0.090,0.043,0.175,0.054,3,43.1545833,-21.2426111
g0252518-011629,1,0.900,0.056,0.021,0.050,0.270,0.029,0.275,0.034,2,43.2158750,-1.2746667
g0252558-141422,1,0.925,0.074,0.059,0.073,0.150,0.039,0.200,0.047,7,43.2322917,-14.2395556
g0253359-584040,2,1.125,0.010,-0.427,0.063,0.480,0.048,0.025,0.027,7,43.3996250,-58.6778056
g0254134-730812,1,0.850,0.076,-0.095,0.069,0.180,0.042,0.075,0.040,4,43.5560000,-73.1366667
g0254150-082848,1,0.450,0.073,0.276,0.094,-0.240,0.048,0.050,0.066,3,43.5626667,-8.4800556
g0254215-135646,1,1.075,0.010,-0.120,0.036,0.180,0.028,0.050,0.018,3,43.5896250,-13.9461111
g0254259-223013,1,1.175,0.011,-0.479,0.071,0.270,0.063,-0.225,0.026,9,43.6078333,-22.5035000
g0254320-013107,1,1.100,0.025,-0.573,0.079,0.210,0.085,-0.375,0.040,8,43.6332917,-1.5186111
g0254391-101126,1,0.725,0.100,0.282,0.108,-0.060,0.050,0.225,0.071,9,43.6629167,-10.1905278
g0254415-302538,1,0.850,0.075,0.052,0.064,0.210,0.030,0.250,0.044,6,43.6727500,-30.4271667
g0254453-513019,1,0.350,0.048,-0.001,0.069,0.240,0.035,0.225,0.046,3,43.6886250,-51.5052500
g0254464-132724,1,1.125,0.008,-0.583,0.051,0.300,0.047,-0.300,0.017,4,43.6933750,-13.4567222
g0254498-304043,1,0.750,0.071,0.024,0.073,0.240,0.032,0.250,0.049,5,43.7075000,-30.6786389
g0254530-153909,1,1.150,0.000,-0.333,0.049,0.380,0.037,0.025,0.021,6,43.7207917,-15.6525556
g0255035-142431,1,0.700,0.068,0.027,0.079,0.210,0.042,0.225,0.049,5,43.7645833,-14.4086944
g0255066-000945,1,0.700,0.123,-0.251,0.135,0.240,0.073,-0.025,0.079,9,43.7775000,-0.1624722
g0255067-103340,1,0.550,0.088,0.157,0.098,-0.060,0.056,0.100,0.067,5,43.7779583,-10.5610833
g0255068-104513,1,0.425,0.086,0.105,0.104,0.180,0.050,0.275,0.076,3,43.7784583,-10.7535556
g0255161-295001,1,0.825,0.078,-0.404,0.085,0.270,0.058,-0.150,0.038,5,43.8171250,-29.8334722
g0255257-230250,1,0.900,0.115,0.100,0.101,0.000,0.053,0.100,0.072,7,43.8570000,-23.0472222
g0255265-140400,1,0.850,0.073,0.030,0.075,0.180,0.040,0.200,0.046,4,43.8605000,-14.0667778
g0255363-100824,1,0.275,0.030,0.222,0.071,0.030,0.039,0.250,0.041,4,43.9011250,-10.1400278
g0255404-272523,1,0.800,0.050,0.002,0.036,0.210,0.021,0.200,0.028,3,43.9184583,-27.4231389
g0255411-102923,1,0.450,0.075,0.027,0.097,0.210,0.051,0.225,0.059,5,43.9211667,-10.4897222
g0255568-140651,1,0.525,0.096,0.491,0.107,-0.150,0.045,0.350,0.083,7,43.9867917,-14.1141944
g0255584-453357,1,1.050,0.008,-0.151,0.040,0.240,0.035,0.075,0.018,3,43.9933750,-45.5657778
g0256114-145723,1,1.175,0.008,-0.521,0.049,0.500,0.042,-0.050,0.027,8,44.0472917,-14.9563333
g0256317-135450,1,0.950,0.086,-0.506,0.096,0.590,0.062,0.050,0.056,9,44.1322500,-13.9138056
g0256343-134758,1,0.925,0.067,-0.229,0.072,0.270,0.047,0.025,0.041,5,44.1430833,-13.7995556
g0256343-150331,1,0.375,0.051,-0.201,0.096,0.320,0.056,0.100,0.054,6,44.1427500,-15.0587222
g0256447-420719,1,0.650,0.072,0.180,0.089,0.180,0.046,0.350,0.055,7,44.1861667,-42.1218056
g0257003-220329,1,0.900,0.098,-0.476,0.113,0.320,0.074,-0.175,0.054,6,44.2510833,-22.0580278
g0257054-420159,1,1.175,0.046,-1.059,0.083,0.620,0.060,-0.475,0.042,8,44.2724167,-42.0330556
g0257239-001834,1,0.425,0.073,-0.414,0.137,0.360,0.080,-0.075,0.069,5,44.3493750,-0.3094444
g0257390-102836,1,0.250,0.032,0.247,0.071,0.030,0.032,0.275,0.050,2,44.4124167,-10.4767222
g0257463-390625,1,0.400,0.096,0.325,0.083,0.000,0.046,0.325,0.065,4,44.4427500,-39.1068333
g0258178-044907,1,0.725,0.076,0.209,0.064,0.150,0.037,0.350,0.045,2,44.5740000,-4.8185000
g0258294-045816,1,1.150,0.005,-0.379,0.050,0.270,0.044,-0.125,0.022,5,44.6226667,-4.9710000
g0258507-103718,1,0.425,0.099,0.221,0.133,0.270,0.043,0.475,0.123,7,44.7110833,-10.6216389
g0258553-064328,1,0.550,0.072,-0.008,0.084,0.300,0.049,0.275,0.051,4,44.7305000,-6.7244167
g0258579-103931,1,0.900,0.093,-0.433,0.111,0.300,0.069,-0.150,0.060,2,44.7412917,-10.6586389
g0259039-142507,1,1.175,0.018,-0.128,0.057,0.030,0.045,-0.100,0.027,7,44.7661250,-14.4185278
g0259136-411121,1,0.975,0.057,-0.226,0.068,0.320,0.048,0.075,0.040,4,44.8064583,-41.1892222
g0259172-780249,1,0.800,0.123,-0.241,0.152,0.150,0.100,-0.100,0.073,5,44.8217917,-78.0470278
g0259447-731450,1,1.000,0.047,-0.229,0.059,0.270,0.046,0.025,0.031,1,44.9360417,-73.2472778
g0259461-782718,1,1.175,0.014,-0.383,0.057,0.300,0.050,-0.100,0.027,6,44.9421667,-78.4548611
g0259481-783926,1,1.075,0.036,-0.157,0.067,0.060,0.054,-0.100,0.035,4,44.9502500,-78.6571111
g0300049-120755,1,0.475,0.067,0.228,0.087,-0.030,0.048,0.200,0.063,7,45.0205417,-12.1319167
g0300266-105359,1,0.950,0.044,-0.474,0.063,0.530,0.038,0.025,0.035,5,45.1107083,-10.8998333
g0300422-105248,1,0.725,0.068,0.052,0.080,0.210,0.039,0.250,0.051,5,45.1758333,-10.8798889
g0300571-482948,1,0.975,0.063,0.009,0.068,0.150,0.040,0.150,0.046,4,45.2379583,-48.4966944
g0300593-102235,1,0.950,0.064,-0.073,0.072,0.210,0.046,0.125,0.044,6,45.2471667,-10.3764444
g0301054-385519,1,0.375,0.080,-0.238,0.160,0.120,0.099,-0.125,0.082,5,45.2726250,-38.9220000
g0301120-105359,1,0.675,0.065,0.265,0.066,0.090,0.034,0.350,0.044,5,45.2999167,-10.8997778
g0301151-282804,1,0.825,0.112,-0.426,0.135,0.240,0.084,-0.200,0.069,9,45.3129583,-28.4677500
g0301255-735249,1,0.925,0.080,0.080,0.072,0.180,0.046,0.250,0.053,9,45.3562917,-73.8802222
g0301355-095447,1,1.175,0.000,-0.064,0.032,0.360,0.027,0.275,0.013,7,45.3980000,-9.9129167
g0301428-150308,1,1.175,0.012,-0.298,0.047,0.210,0.036,-0.100,0.022,7,45.4281667,-15.0523333
g0301510-150147,1,0.625,0.063,0.024,0.079,0.240,0.043,0.250,0.051,5,45.4626667,-15.0298056
g0301545-531633,1,0.375,0.073,-0.258,0.132,0.380,0.077,0.100,0.071,6,45.4770417,-53.2758889
g0302025-395932,1,0.900,0.064,-0.073,0.058,0.210,0.029,0.125,0.042,2,45.5102500,-39.9921111
g0302276-110256,1,0.700,0.062,0.187,0.055,0.120,0.026,0.300,0.043,7,45.6148750,-11.0489722
g0302384-603220,1,0.800,0.104,0.315,0.087,0.090,0.042,0.400,0.056,5,45.6600417,-60.5388333
g0302491-011436,1,0.150,0.038,-0.349,0.123,0.530,0.080,0.150,0.058,10,45.7044167,-1.2433611
g0303094-231156,1,1.150,0.013,-0.120,0.050,0.180,0.039,0.050,0.028,1,45.7891250,-23.1989167
g0303221-105052,1,0.825,0.080,0.046,0.074,0.270,0.037,0.300,0.050,6,45.8421250,-10.8478611
g0303309-154107,1,1.000,0.044,-0.076,0.058,0.240,0.033,0.150,0.038,6,45.8785417,-15.6852778
g0303346-154044,1,0.875,0.075,-0.113,0.071,0.120,0.041,0.000,0.045,3,45.8942917,-15.6788333
g0303442-104816,1,0.675,0.104,-0.077,0.111,0.400,0.049,0.300,0.074,7,45.9341667,-10.8044167
g0303525-520704,1,0.700,0.088,0.009,0.112,0.150,0.058,0.150,0.066,5,45.9685417,-52.1177500
g0303545-115931,1,1.125,0.000,-0.076,0.026,0.240,0.020,0.150,0.017,2,45.9770000,-11.9918056
g0303565-005829,1,0.450,0.104,0.368,0.146,0.060,0.058,0.425,0.115,8,45.9855000,-0.9748333
g0304190-105021,1,0.800,0.100,-0.163,0.106,0.120,0.064,-0.050,0.058,5,46.0793333,-10.8392222
g0304328-004053,1,1.175,0.043,-0.664,0.087,0.440,0.073,-0.250,0.039,9,46.1366250,-0.6813611
g0304359-133034,1,0.850,0.135,0.092,0.096,0.300,0.056,0.375,0.068,6,46.1495833,-13.5094167
g0304399-133318,1,0.475,0.089,-0.008,0.110,0.300,0.058,0.275,0.066,6,46.1661250,-13.5549167
g0304492-280245,1,0.700,0.109,-0.439,0.160,0.360,0.097,-0.100,0.082,4,46.2048333,-28.0458056
g0304578-401510,1,0.400,0.079,0.400,0.114,0.000,0.036,0.400,0.099,7,46.2407917,-40.2528056
g0305022-781005,1,1.075,0.042,-0.476,0.071,0.320,0.052,-0.175,0.031,4,46.2590000,-78.1679722
g0305118-413403,1,0.675,0.092,-0.208,0.116,0.300,0.062,0.075,0.070,5,46.2992083,-41.5676111
g0305141-142252,1,1.075,0.025,-0.033,0.037,0.300,0.026,0.250,0.024,10,46.3087500,-14.3810556
g0305198-005815,1,0.350,0.091,0.167,0.129,0.300,0.047,0.450,0.117,5,46.3325000,-0.9706944
g0305254-555713,1,1.025,0.088,0.125,0.089,0.000,0.051,0.125,0.059,7,46.3557917,-55.9535000
g0305361-433027,1,0.225,0.020,-0.549,0.105,0.530,0.074,-0.050,0.048,6,46.4002500,-43.5073611
g0305484-093245,1,0.975,0.039,-0.095,0.051,0.180,0.035,0.075,0.029,6,46.4517500,-9.5457500
g0306047-055323,1,0.850,0.101,0.149,0.078,0.240,0.043,0.375,0.047,4,46.5195417,-5.8896389
g0306050-544546,1,0.325,0.058,-0.078,0.128,0.030,0.071,-0.050,0.075,4,46.5207083,-54.7626944
g0306060-390211,1,0.425,0.047,0.230,0.061,0.180,0.025,0.400,0.052,2,46.5250833,-39.0363889
g0306073-083540,1,0.775,0.111,0.107,0.121,-0.060,0.066,0.050,0.081,6,46.5304583,-8.5944167
g0306118-011060,1,0.800,0.094,-0.104,0.091,0.270,0.051,0.150,0.055,6,46.5493333,-1.1832222
g0306131-852414,1,0.350,0.077,-0.148,0.155,0.210,0.093,0.050,0.078,7,46.5545417,-85.4038333
g0306265-093012,1,1.075,0.007,-0.408,0.054,0.460,0.041,0.025,0.022,8,46.6104583,-9.5033889
g0306378-725817,1,0.425,0.069,0.047,0.122,0.030,0.060,0.075,0.078,4,46.6576250,-72.9713611
g0306385-003036,1,0.600,0.083,0.284,0.077,0.150,0.039,0.425,0.055,5,46.6602500,-0.5099722
g0306395-372429,1,0.775,0.114,0.099,0.116,0.240,0.055,0.325,0.076,4,46.6644167,-37.4079722
g0306473-094804,1,0.300,0.054,0.153,0.109,-0.030,0.063,0.125,0.064,6,46.6971250,-9.8010556
g0306489-095602,1,1.050,0.034,-0.478,0.058,0.560,0.043,0.050,0.029,8,46.7035833,-9.9338611
g0306524-004740,1,0.650,0.047,-0.007,0.062,0.060,0.035,0.050,0.040,9,46.7183750,-0.7944444
g0306559-093239,1,1.075,0.014,-0.174,0.033,0.530,0.026,0.325,0.018,9,46.7330833,-9.5440833
g0307001-734718,1,0.825,0.079,-0.198,0.072,0.210,0.045,0.000,0.041,2,46.7505833,-73.7883889
g0307153-021526,1,0.250,0.134,0.445,0.149,-0.180,0.156,0.275,0.141,9,46.8135417,-2.2571944
g0307233-102415,1,0.925,0.060,0.099,0.051,0.320,0.032,0.400,0.032,9,46.8471667,-10.4042778
g0307349-435240,1,0.300,0.061,0.357,0.102,-0.060,0.054,0.300,0.063,8,46.8952917,-43.8778611
g0307359-511239,1,0.250,0.030,-0.279,0.119,0.270,0.078,-0.025,0.065,8,46.8996667,-51.2107778
g0307472-770201,1,1.000,0.056,-0.251,0.062,0.240,0.051,-0.025,0.044,5,46.9467917,-77.0336667
g0308000-531947,1,0.800,0.091,-0.020,0.106,0.180,0.055,0.150,0.065,6,47.0000417,-53.3297222
g0308040-125254,1,1.125,0.044,0.034,0.070,0.150,0.048,0.175,0.035,5,47.0164583,-12.8816389
g0308055-005843,1,1.150,0.015,-0.501,0.063,0.320,0.055,-0.200,0.025,5,47.0227917,-0.9784722
g0308102-151709,1,0.375,0.074,0.322,0.105,0.030,0.035,0.350,0.083,7,47.0425000,-15.2859167
g0308117-225522,1,0.400,0.047,-0.279,0.091,0.270,0.056,-0.025,0.050,6,47.0489167,-22.9228611
g0308118-040856,1,0.900,0.104,-0.364,0.101,0.440,0.070,0.050,0.057,8,47.0490000,-4.1487500
g0308155-041534,1,0.950,0.061,-0.066,0.062,0.150,0.042,0.075,0.038,3,47.0647083,-4.2594722
g0308214-514621,1,0.250,0.049,-0.058,0.118,0.300,0.073,0.225,0.060,5,47.0890417,-51.7724722
g0308243-080528,1,0.775,0.118,0.038,0.116,-0.120,0.067,-0.075,0.073,4,47.1014167,-8.0910833
g0308288-233653,1,0.825,0.075,-0.070,0.067,0.340,0.035,0.250,0.046,4,47.1200000,-23.6146944
g0308472-040606,1,0.875,0.068,-0.032,0.066,0.060,0.032,0.025,0.045,3,47.1967500,-4.1015556
g0309134-192636,1,0.625,0.115,0.397,0.125,0.030,0.048,0.425,0.097,10,47.3059167,-19.4433056
g0309143-400313,1,0.725,0.065,0.237,0.053,0.120,0.027,0.350,0.037,2,47.3097083,-40.0535833
g0309334-094901,1,1.100,0.006,-0.182,0.030,0.060,0.030,-0.125,0.011,1,47.3890417,-9.8169722
g0309398-540904,1,0.675,0.083,0.115,0.094,0.090,0.051,0.200,0.058,5,47.4157917,-54.1511944
g0310027-133427,1,0.850,0.074,-0.304,0.074,0.270,0.047,-0.050,0.037,5,47.5112917,-13.5740556
g0310248-023736,1,0.675,0.110,-0.107,0.114,0.060,0.061,-0.050,0.072,4,47.6031250,-2.6267500
g0310309-113314,1,0.850,0.098,0.117,0.071,0.300,0.037,0.400,0.044,6,47.6286250,-11.5537778
g0310348-814623,1,1.100,0.016,-0.381,0.064,0.590,0.044,0.175,0.032,3,47.6450000,-81.7729722
g0310493-002126,1,0.500,0.099,-0.097,0.132,-0.030,0.081,-0.125,0.077,8,47.7055833,-0.3571389
g0310524-091248,1,0.500,0.086,-0.182,0.126,0.060,0.077,-0.125,0.069,8,47.7182500,-9.2133611
g0311023-022540,1,0.250,0.046,0.234,0.148,0.150,0.052,0.375,0.126,7,47.7597083,-2.4277500
g0311025-130634,1,0.500,0.048,0.097,0.069,0.030,0.040,0.125,0.040,3,47.7605417,-13.1095556
g0311027-021328,1,0.600,0.091,0.048,0.120,0.400,0.045,0.425,0.114,9,47.7612500,-2.2243333
g0311030-770006,1,0.925,0.097,-0.501,0.124,0.320,0.076,-0.200,0.071,6,47.7622917,-77.0017222
g0311116-121225,1,0.750,0.102,-0.271,0.116,0.500,0.062,0.200,0.073,9,47.7982500,-12.2069722
g0311264-531236,1,0.675,0.086,0.187,0.086,0.120,0.041,0.300,0.061,6,47.8599167,-53.2099444
g0311338-103635,1,0.950,0.046,-0.063,0.056,0.120,0.035,0.050,0.032,4,47.8907500,-10.6096944
g0311351-164212,1,1.050,0.039,-0.108,0.052,0.300,0.031,0.175,0.035,4,47.8961667,-16.7034444
g0311501-380134,1,1.100,0.011,-0.163,0.054,0.120,0.050,-0.050,0.023,5,47.9585417,-38.0261667
g0311538-121004,1,0.450,0.083,0.510,0.110,-0.090,0.046,0.425,0.077,8,47.9741250,-12.1676389
g0311541-000008,1,0.900,0.098,-0.182,0.105,0.060,0.072,-0.125,0.055,5,47.9755833,-0.0021667
g0312032-380401,1,0.150,0.041,0.393,0.138,0.060,0.046,0.450,0.125,6,48.0131250,-38.0668611
g0312056-423313,1,0.525,0.056,0.090,0.074,0.090,0.037,0.175,0.047,2,48.0231250,-42.5536944
g0312080-250755,1,1.025,0.026,-0.101,0.032,0.320,0.027,0.200,0.021,8,48.0335000,-25.1318056
g0312183-243714,1,0.675,0.074,0.192,0.061,0.300,0.027,0.475,0.042,2,48.0762500,-24.6204444
g0312201-001040,1,0.050,0.034,0.084,0.071,0.150,0.039,0.225,0.046,5,48.0837500,-0.1776389
g0312274-502055,1,0.925,0.079,-0.558,0.097,0.460,0.064,-0.125,0.044,5,48.1142917,-50.3485833
g0312299-094326,1,1.000,0.049,-0.245,0.063,0.180,0.044,-0.075,0.032,5,48.1244583,-9.7238889
g0312396-451357,1,0.450,0.082,-0.514,0.162,0.360,0.096,-0.175,0.079,6,48.1650417,-45.2326111
g0312409-114123,1,1.100,0.019,-0.263,0.041,0.120,0.038,-0.150,0.022,4,48.1702083,-11.6898333
g0312424-170651,1,0.525,0.059,-0.054,0.073,0.270,0.038,0.200,0.045,2,48.1764583,-17.1142222
g0312457-001959,1,1.050,0.016,-0.351,0.045,0.240,0.040,-0.125,0.022,3,48.1905000,-0.3330833
g0312458-721417,1,0.250,0.050,0.415,0.141,0.090,0.046,0.500,0.128,4,48.1909167,-72.2381667
g0313243-081245,1,0.525,0.070,-0.057,0.078,0.060,0.041,0.000,0.049,2,48.3510417,-8.2124167
g0313452-001429,1,0.275,0.040,-0.004,0.087,0.270,0.050,0.250,0.048,5,48.4383750,-0.2415000
g0313457-394348,1,0.425,0.068,-0.276,0.133,0.240,0.076,-0.050,0.076,8,48.4403750,-39.7300000
g0314015-764227,1,0.775,0.171,0.322,0.176,0.030,0.063,0.350,0.138,7,48.5063333,-76.7075833
g0314126-391118,1,0.725,0.082,0.118,0.092,0.060,0.040,0.175,0.063,5,48.5525833,-39.1883611
g0314217-092612,1,0.800,0.080,-0.401,0.093,0.320,0.056,-0.100,0.048,5,48.5903333,-9.4366389
g0314245-104515,1,0.450,0.045,0.087,0.065,0.120,0.035,0.200,0.040,5,48.6020000,-10.7540556
g0314247-015454,1,1.150,0.006,-0.533,0.049,0.380,0.043,-0.175,0.019,3,48.6028333,-1.9148889
g0315071-023359,1,1.075,0.037,-0.300,0.080,0.000,0.069,-0.300,0.037,8,48.7794167,-2.5663056
g0315071-130931,1,0.525,0.078,0.027,0.107,0.210,0.062,0.225,0.069,9,48.7795417,-13.1585000
g0315097-071510,1,0.250,0.040,0.200,0.117,0.000,0.070,0.200,0.065,4,48.7905000,-7.2526389
g0315280-392437,1,0.350,0.057,-0.229,0.118,0.270,0.064,0.025,0.067,8,48.8665417,-39.4101667
g0315587-154120,1,0.875,0.077,-0.063,0.083,0.120,0.046,0.050,0.054,4,48.9944167,-15.6888333
g0316058-020450,1,1.025,0.037,-0.146,0.059,0.420,0.036,0.250,0.042,7,49.0242500,-2.0806389
g0316076-520851,1,0.550,0.087,0.062,0.119,0.120,0.052,0.175,0.084,4,49.0317083,-52.1475000
g0316228-234837,1,0.425,0.078,0.055,0.109,0.180,0.057,0.225,0.070,2,49.0950833,-23.8101944
g0317044-155311,1,1.075,0.062,-0.329,0.068,0.270,0.045,-0.075,0.040,7,49.2682917,-15.8862500
g0317186-555217,1,0.200,0.062,0.249,0.161,0.240,0.062,0.475,0.140,7,49.3276250,-55.8712778
g0317272-164808,1,0.800,0.066,-0.133,0.065,0.300,0.033,0.150,0.046,6,49.3635000,-16.8022778
g0317305-521037,1,0.525,0.100,-0.182,0.141,0.060,0.097,-0.125,0.096,8,49.3770417,-52.1769167
g0317359-101851,1,1.100,0.004,-0.183,0.040,0.300,0.036,0.100,0.022,4,49.3997500,-10.3141111
g0317485-073701,1,0.725,0.071,-0.014,0.071,0.360,0.035,0.325,0.051,10,49.4521667,-7.6168611
g0317492-545314,1,0.475,0.067,0.047,0.112,0.030,0.063,0.075,0.069,6,49.4548333,-54.8871667
g0317511-555131,1,0.350,0.040,0.022,0.068,0.030,0.044,0.050,0.041,3,49.4627083,-55.8584722
g0318044-240959,1,1.150,0.000,-0.083,0.036,0.300,0.028,0.200,0.022,5,49.5181250,-24.1662778
g0318108-764530,1,0.850,0.089,0.483,0.083,-0.300,0.037,0.200,0.071,9,49.5451250,-76.7584444
g0318328-412644,1,-0.075,0.043,0.557,0.105,-0.060,0.055,0.500,0.076,8,49.6367500,-41.4455278
g0318402-584060,1,0.100,0.036,0.025,0.124,0.000,0.082,0.025,0.069,5,49.6674167,-58.6833056
g0318476-384550,1,0.325,0.063,-0.073,0.129,0.210,0.079,0.125,0.086,7,49.6983333,-38.7638056
g0319103-534813,1,0.850,0.092,0.062,0.088,0.120,0.040,0.175,0.061,3,49.7928750,-53.8035833
g0319115-082451,1,1.000,0.087,-0.335,0.105,0.090,0.070,-0.250,0.057,10,49.7979583,-8.4141944
g0319135-534608,1,0.950,0.100,0.093,0.112,0.060,0.071,0.150,0.070,8,49.8060833,-53.7689444
g0319213-535900,1,1.175,0.004,-0.120,0.066,0.180,0.053,0.050,0.032,7,49.8389167,-53.9833889
g0320054-491349,1,0.775,0.090,-0.233,0.075,0.300,0.042,0.050,0.050,5,50.0226667,-49.2301944
g0320098-792437,1,1.000,0.056,-0.176,0.062,0.240,0.037,0.050,0.038,2,50.0408333,-79.4101389
g0320152-105147,1,1.175,0.007,-0.496,0.043,0.420,0.034,-0.100,0.021,3,50.0631667,-10.8630556
g0320321-240946,1,0.525,0.081,0.250,0.106,0.000,0.044,0.250,0.074,9,50.1335417,-24.1628611
g0320386-142518,1,-0.100,0.027,0.165,0.066,0.090,0.030,0.250,0.047,7,50.1608750,-14.4217778
g0320420-233151,1,0.850,0.089,-0.029,0.080,0.270,0.043,0.225,0.050,4,50.1751250,-23.5308611
g0321128-043503,1,0.875,0.078,-0.047,0.063,-0.030,0.034,-0.075,0.040,3,50.3032917,-4.5840278
g0321355-164320,1,0.750,0.089,0.092,0.068,0.300,0.028,0.375,0.050,6,50.3977083,-16.7221944
g0321581-230324,1,0.700,0.067,0.307,0.087,-0.060,0.047,0.250,0.053,10,50.4920417,-23.0565556
g0322024-072827,1,0.425,0.097,0.278,0.122,-0.030,0.058,0.250,0.089,9,50.5101667,-7.4741389
g0322115-171705,1,0.500,0.080,-0.101,0.116,0.240,0.065,0.125,0.068,5,50.5478333,-17.2847222
g0322158-253127,1,0.325,0.060,0.277,0.094,0.210,0.033,0.475,0.099,8,50.5658333,-25.5240556
g0322242-182307,1,0.925,0.075,0.027,0.069,0.210,0.035,0.225,0.044,8,50.6007083,-18.3852778
g0322391-395657,1,0.625,0.083,0.357,0.090,-0.060,0.043,0.300,0.064,2,50.6630000,-39.9490833
g0323014-423612,1,0.850,0.119,-0.085,0.123,0.090,0.063,0.000,0.087,9,50.7557500,-42.6032500
g0323121-393128,1,1.150,0.011,-0.414,0.046,0.360,0.044,-0.075,0.024,6,50.8003333,-39.5244167
g0323179-572744,1,0.525,0.061,0.030,0.084,0.180,0.046,0.200,0.050,7,50.8245000,-57.4621111
g0323302-154625,1,0.200,0.041,0.077,0.126,0.210,0.051,0.275,0.097,3,50.8757917,-15.7735000
g0323458-232810,1,1.175,0.000,-0.289,0.043,0.360,0.032,0.050,0.024,6,50.9406250,-23.4694444
g0323519-401246,1,0.825,0.096,-0.160,0.100,0.090,0.061,-0.075,0.053,6,50.9662917,-40.2128889
g0323565-213140,1,0.900,0.056,-0.007,0.045,0.060,0.026,0.050,0.032,3,50.9852500,-21.5277222
g0324014-392900,1,0.525,0.058,0.162,0.081,0.120,0.042,0.275,0.051,4,51.0059583,-39.4834167
g0324148-495756,1,0.550,0.041,-0.123,0.053,0.210,0.037,0.075,0.030,2,51.0617500,-49.9655833
g0324259-044908,1,0.650,0.094,-0.241,0.101,0.150,0.055,-0.100,0.061,5,51.1078750,-4.8188611
g0324336-495808,1,1.125,0.015,-0.179,0.047,0.270,0.038,0.075,0.027,2,51.1401250,-49.9688889
g0325017-054445,1,0.550,0.058,0.172,0.079,0.030,0.037,0.200,0.053,3,51.2570417,-5.7458889
g0325143-691004,1,0.875,0.129,0.501,0.108,-0.240,0.056,0.275,0.081,10,51.3094583,-69.1676389
g0325246-394701,1,0.475,0.064,0.234,0.075,0.150,0.037,0.375,0.056,7,51.3525417,-39.7836111
g0325259-511602,1,0.250,0.031,0.240,0.080,0.090,0.036,0.325,0.066,4,51.3577083,-51.2671944
g0325317-055625,1,0.950,0.081,-0.621,0.115,0.500,0.083,-0.150,0.053,9,51.3821250,-5.9403611
g0326026-173529,1,1.175,0.000,-0.351,0.041,0.320,0.031,-0.050,0.021,7,51.5107917,-17.5915000
g0326153-041904,1,0.850,0.085,-0.576,0.132,0.320,0.082,-0.275,0.066,9,51.5637917,-4.3176389
g0326266-635704,1,1.000,0.079,-0.449,0.090,0.530,0.051,0.050,0.057,3,51.6110000,-63.9510000
g0326409-232946,1,0.750,0.074,0.059,0.077,0.150,0.040,0.200,0.051,4,51.6704583,-23.4961667
g0326502-042201,1,1.125,0.004,-0.414,0.041,0.360,0.036,-0.075,0.018,4,51.7090000,-4.3668056
g0326533-725608,1,0.425,0.075,-0.291,0.157,0.150,0.089,-0.150,0.079,6,51.7220417,-72.9355278
g0326554-414113,1,0.125,0.038,-0.158,0.114,0.380,0.071,0.200,0.053,7,51.7306667,-41.6868611
g0326575-363601,1,0.925,0.066,-0.079,0.059,0.270,0.032,0.175,0.039,8,51.7394167,-36.6002222
g0327292-213337,1,0.375,0.038,0.193,0.047,0.060,0.026,0.250,0.032,9,51.8715833,-21.5601667
g0327437-350149,1,0.750,0.093,0.109,0.086,0.150,0.036,0.250,0.066,4,51.9318750,-35.0302778
g0328035-044906,1,0.400,0.066,-0.376,0.137,0.240,0.089,-0.150,0.067,4,52.0146250,-4.8182500
g0328204-141233,1,0.125,0.036,0.118,0.091,0.060,0.054,0.175,0.055,2,52.0850417,-14.2092500
g0328277-232020,1,0.725,0.088,-0.026,0.111,0.240,0.058,0.200,0.065,3,52.1155000,-23.3388056
g0328305-162549,1,0.500,0.076,0.034,0.097,0.150,0.047,0.175,0.061,5,52.1270833,-16.4303611
g0328503-134808,1,0.775,0.072,0.027,0.070,0.210,0.034,0.225,0.048,6,52.2097083,-13.8021389
g0328507-232838,1,0.650,0.036,-0.120,0.054,0.180,0.037,0.050,0.035,2,52.2111667,-23.4773333
g0329032-710153,1,1.050,0.038,0.007,0.059,-0.060,0.048,-0.050,0.036,5,52.2632083,-71.0315000
g0329304-144820,1,0.375,0.061,0.109,0.088,0.150,0.048,0.250,0.057,4,52.3764583,-14.8055833
g0329323-401235,1,0.975,0.053,-0.045,0.061,0.180,0.043,0.125,0.034,8,52.3847500,-40.2097500
g0329374-035005,1,0.775,0.106,-0.406,0.129,0.590,0.070,0.150,0.071,3,52.4059583,-3.8347500
g0329446-222357,2,0.900,0.076,-0.333,0.084,0.380,0.051,0.025,0.048,6,52.4357500,-22.3990556
g0329558-284604,1,0.475,0.062,0.137,0.066,0.120,0.034,0.250,0.054,4,52.4822917,-28.7677500
g0329561-395927,1,0.850,0.121,0.262,0.091,0.120,0.043,0.375,0.064,6,52.4838333,-39.9909167
g0330110-134831,1,0.775,0.090,0.137,0.087,0.120,0.047,0.250,0.061,5,52.5458333,-13.8085833
g0330114-133123,1,0.925,0.092,-0.145,0.090,0.340,0.042,0.175,0.059,4,52.5472917,-13.5230000
g0330328-502019,1,0.700,0.071,-0.310,0.096,0.090,0.066,-0.225,0.045,6,52.6367500,-50.3385278
g0330370-143423,1,0.700,0.080,-0.054,0.092,0.270,0.043,0.200,0.060,3,52.6543333,-14.5730556
g0330454-045060,1,0.625,0.046,0.112,0.056,0.120,0.041,0.225,0.035,7,52.6890833,-4.8498611
g0330477-734703,1,0.600,0.075,-0.270,0.096,0.340,0.058,0.050,0.051,3,52.6987083,-73.7842778
g0331051-393207,1,0.825,0.070,-0.029,0.063,0.270,0.032,0.225,0.043,4,52.7713333,-39.5353056
g0332030-204908,1,0.250,0.018,0.193,0.042,0.060,0.026,0.250,0.026,3,53.0124167,-20.8189444
g0332098-145012,1,0.475,0.050,-0.013,0.079,0.120,0.045,0.100,0.049,3,53.0406250,-14.8366944
g0332114-545715,1,0.325,0.065,0.247,0.108,0.030,0.052,0.275,0.070,5,53.0472917,-54.9540556
g0332205-293915,1,0.625,0.072,-0.095,0.101,0.340,0.057,0.225,0.056,6,53.0855833,-29.6542778
g0332537-350824,1,0.175,0.052,0.215,0.139,0.090,0.052,0.300,0.118,5,53.2236250,-35.1401111
g0333116-551901,1,0.850,0.096,0.235,0.086,-0.090,0.048,0.150,0.060,5,53.2983750,-55.3168056
g0333235-045955,1,0.550,0.059,0.063,0.057,-0.120,0.037,-0.050,0.043,6,53.3479167,-4.9986944
g0333358-134429,1,0.725,0.095,0.080,0.097,0.180,0.044,0.250,0.064,2,53.3991667,-13.7412778
g0333374-224745,1,0.550,0.091,-0.001,0.116,0.240,0.049,0.225,0.082,7,53.4058750,-22.7958333
g0333425-155243,1,0.475,0.082,0.000,0.121,0.000,0.071,0.000,0.068,4,53.4271250,-15.8785000
g0334101-752735,1,0.400,0.110,-0.110,0.198,0.090,0.121,-0.025,0.101,3,53.5420417,-75.4598333
g0334133-371737,1,0.925,0.071,0.067,0.058,0.300,0.032,0.350,0.035,7,53.5554583,-37.2935278
g0334168-304357,1,0.575,0.072,-0.154,0.099,0.270,0.048,0.100,0.061,6,53.5700000,-30.7325278
g0334321-044839,1,0.275,0.177,0.074,0.115,0.240,0.044,0.300,0.105,9,53.6336667,-4.8107222
g0334530-551304,1,0.975,0.083,-0.753,0.119,0.560,0.075,-0.225,0.060,7,53.7210000,-55.2177222
g0335058-154945,2,0.800,0.073,0.087,0.077,0.120,0.041,0.200,0.048,6,53.7743333,-15.8291667
g0335073-712747,1,0.800,0.087,-0.809,0.119,0.620,0.083,-0.225,0.049,6,53.7805000,-71.4631111
g0335166-351335,1,0.725,0.033,0.021,0.041,0.270,0.025,0.275,0.024,4,53.8191250,-35.2262500
g0335243-674612,1,1.150,0.008,-0.377,0.069,0.400,0.052,0.000,0.029,4,53.8513333,-67.7698889
g0335501-844450,1,0.525,0.089,-0.148,0.118,0.210,0.068,0.050,0.070,5,53.9588750,-84.7473056
g0335522-750912,1,0.675,0.128,0.270,0.133,-0.180,0.092,0.100,0.095,7,53.9673333,-75.1532778
g0335580-742534,1,0.625,0.101,0.438,0.102,-0.120,0.048,0.325,0.079,4,53.9916667,-74.4261944
g0336074-520151,1,0.675,0.052,0.040,0.069,0.090,0.035,0.125,0.048,4,54.0310000,-52.0308333
g0336168-404342,1,0.550,0.068,0.037,0.083,0.120,0.042,0.150,0.054,4,54.0701250,-40.7283889
g0336241-253948,1,0.850,0.110,-0.289,0.121,0.360,0.066,0.050,0.069,10,54.1002083,-25.6632500
g0336535-255208,1,0.875,0.104,-0.216,0.108,0.150,0.073,-0.075,0.063,8,54.2227083,-25.8688611
g0336548-073729,1,0.550,0.141,0.190,0.175,0.090,0.079,0.275,0.170,7,54.2285000,-7.6246944
g0337117-354446,1,0.700,0.035,-0.035,0.050,0.090,0.030,0.050,0.032,2,54.2989167,-35.7461111
g0337131-525036,1,0.925,0.063,-0.160,0.060,0.090,0.036,-0.075,0.035,2,54.3045833,-52.8433056
g0337334-063114,1,1.175,0.000,-0.013,0.038,0.120,0.025,0.100,0.021,7,54.3890833,-6.5204722
g0337392-182022,2,0.525,0.048,0.197,0.053,0.030,0.031,0.225,0.044,8,54.4135000,-18.3394722
g0338237-400403,1,0.575,0.094,-0.248,0.099,0.210,0.054,-0.050,0.059,5,54.5987500,-40.0676111
g0338260-632131,1,0.650,0.059,-0.154,0.073,0.270,0.036,0.100,0.046,6,54.6081667,-63.3587222
g0338295-575834,1,1.175,0.023,0.036,0.047,0.440,0.042,0.450,0.029,10,54.6227083,-57.9759722
g0338513-164853,1,0.975,0.063,-0.314,0.085,0.360,0.061,0.025,0.040,5,54.7138750,-16.8148056
g0338519-353539,1,0.650,0.044,0.099,0.041,0.320,0.028,0.400,0.026,6,54.7162917,-35.5941944
g0338528-180134,1,0.725,0.067,-0.570,0.099,0.340,0.073,-0.250,0.038,3,54.7200417,-18.0260000
g0338530-182115,1,1.175,0.004,-0.408,0.031,0.300,0.027,-0.125,0.017,2,54.7207083,-18.3540833
g0338573-164328,1,0.800,0.085,0.052,0.087,0.210,0.046,0.250,0.054,2,54.7389167,-16.7243889
g0339030-175141,1,1.100,0.006,0.024,0.037,0.240,0.027,0.250,0.020,3,54.7626667,-17.8612778
g0339120-164214,1,0.750,0.105,-0.089,0.109,0.360,0.057,0.250,0.073,4,54.7997917,-16.7037500
g0339193-180036,1,0.150,0.035,0.305,0.101,0.180,0.035,0.475,0.109,4,54.8302917,-18.0099444
g0339452-403552,1,0.925,0.080,0.235,0.082,-0.090,0.048,0.150,0.051,9,54.9381250,-40.5976389
g0340092-551057,1,0.275,0.088,0.147,0.130,0.030,0.100,0.175,0.135,10,55.0382917,-55.1823889
g0340116-153639,2,0.850,0.064,-0.033,0.057,0.300,0.029,0.250,0.039,4,55.0482083,-15.6106944
g0340138-745552,1,0.825,0.124,0.057,0.133,-0.060,0.084,0.000,0.088,7,55.0573333,-74.9310278
g0340196-220940,1,0.950,0.051,-0.133,0.056,0.300,0.029,0.150,0.038,5,55.0818333,-22.1610278
g0340241-732203,1,0.950,0.087,0.112,0.081,0.120,0.047,0.225,0.059,4,55.1003750,-73.3675278
g0340303-854012,1,1.125,0.034,-0.226,0.064,0.320,0.049,0.075,0.036,7,55.1263750,-85.6699167
g0341272-050058,1,1.175,0.023,-0.763,0.079,0.460,0.073,-0.330,0.034,7,55.3632083,-5.0159722
g0341454-280728,1,1.075,0.039,-0.170,0.071,0.340,0.045,0.150,0.039,7,55.4392083,-28.1243056
g0341580-380114,1,0.350,0.049,0.034,0.086,0.150,0.049,0.175,0.051,3,55.4917083,-38.0204167
g0342010-171732,1,0.875,0.063,-0.098,0.063,0.210,0.034,0.100,0.039,4,55.5043333,-17.2921389
g0342033-173116,1,0.600,0.064,0.092,0.067,0.300,0.034,0.375,0.043,4,55.5139167,-17.5210833
g0342036-564732,1,0.450,0.086,-0.033,0.100,0.300,0.052,0.250,0.073,8,55.5151667,-56.7921389
g0342194-352334,1,0.800,0.058,-0.213,0.057,0.120,0.060,-0.100,0.057,9,55.5809583,-35.3926389
g0342228-254126,1,1.175,0.061,-0.183,0.073,0.380,0.050,0.175,0.041,8,55.5950000,-25.6905556
g0342363-245533,1,0.400,0.076,0.218,0.113,0.060,0.047,0.275,0.082,2,55.6513333,-24.9259167
g0342480-175456,1,0.900,0.118,0.247,0.105,0.030,0.051,0.275,0.074,6,55.7000833,-17.9156111
g0343037-551610,1,1.150,0.007,-0.558,0.063,0.300,0.058,-0.275,0.034,6,55.7654583,-55.2693333
g0345217-743854,1,0.875,0.091,-0.038,0.078,0.120,0.044,0.075,0.049,5,56.3403333,-74.6484167
g0345408-132548,1,0.725,0.064,-0.148,0.082,0.210,0.050,0.050,0.042,1,56.4201250,-13.4300556
g0345431-040530,1,1.100,0.004,-0.446,0.037,0.500,0.030,0.025,0.017,8,56.4296667,-4.0915833
g0345442-183306,1,0.950,0.062,-0.276,0.067,0.240,0.043,-0.050,0.039,5,56.4339583,-18.5516667
g0345472-090107,1,0.775,0.072,0.080,0.061,0.180,0.031,0.250,0.044,2,56.4465417,-9.0187222
g0346072-040409,1,0.800,0.064,-0.547,0.072,0.740,0.044,0.150,0.037,10,56.5298333,-4.0691944
g0346129-094057,1,0.650,0.053,-0.045,0.076,0.180,0.041,0.125,0.049,2,56.5536250,-9.6826111
g0346138-214135,1,0.300,0.030,-0.403,0.066,0.560,0.048,0.125,0.030,8,56.5574167,-21.6930556
g0346321-131548,1,1.150,0.013,-0.295,0.047,0.180,0.038,-0.125,0.022,1,56.6338333,-13.2632778
g0346482-295621,1,0.775,0.096,-0.154,0.100,0.270,0.054,0.100,0.059,5,56.7008333,-29.9392778
g0346510-565810,1,0.750,0.090,-0.033,0.092,0.300,0.044,0.250,0.057,2,56.7122917,-56.9694167
g0347014-342626,1,1.125,0.007,-0.054,0.043,0.270,0.038,0.200,0.030,10,56.7558333,-34.4406667
g0347436-192002,1,0.250,0.043,0.062,0.114,0.120,0.066,0.175,0.059,4,56.9317083,-19.3339722
g0347483-720137,1,1.175,0.039,-0.448,0.059,0.210,0.046,-0.250,0.033,4,56.9511667,-72.0268333
g0347489-200233,1,0.850,0.071,-0.088,0.072,0.120,0.040,0.025,0.041,4,56.9537500,-20.0424722
g0348285-184508,1,1.175,0.024,-0.812,0.056,0.650,0.043,-0.200,0.023,4,57.1185833,-18.7523056
g0348528-552535,1,0.750,0.078,-0.045,0.092,0.180,0.047,0.125,0.059,4,57.2200000,-55.4263611
g0349013-182712,1,0.975,0.071,0.111,0.067,0.360,0.041,0.450,0.047,10,57.2555833,-18.4533889
g0349107-560649,1,1.100,0.018,-0.226,0.070,0.240,0.053,0.000,0.029,7,57.2945000,-56.1135000
g0349244-084817,1,0.850,0.098,0.027,0.099,0.210,0.055,0.225,0.065,6,57.3515417,-8.8046667
g0349416-544204,1,1.050,0.024,-0.208,0.054,0.300,0.037,0.075,0.029,3,57.4232083,-54.7011111
g0349508-033741,1,1.175,0.016,-0.589,0.056,0.440,0.041,-0.175,0.029,8,57.4618333,-3.6279444
g0350131-780457,1,0.850,0.108,0.015,0.120,0.090,0.064,0.100,0.074,5,57.5545000,-78.0824167
g0350519-550623,1,0.575,0.104,0.315,0.109,0.090,0.044,0.400,0.097,5,57.7160833,-55.1062778
g0350572-082622,1,0.700,0.103,-0.276,0.119,0.240,0.068,-0.050,0.062,10,57.7384583,-8.4394167
g0351030-200821,1,1.050,0.014,-0.145,0.046,0.180,0.038,0.025,0.020,6,57.7623750,-20.1391944
g0351186-403506,1,0.300,0.051,0.266,0.091,-0.150,0.052,0.125,0.057,6,57.8275833,-40.5849722
g0351207-181834,1,0.625,0.049,0.140,0.054,0.090,0.028,0.225,0.037,7,57.8361667,-18.3094167
g0352164-320723,1,0.725,0.063,-0.023,0.074,0.210,0.039,0.175,0.049,3,58.0683333,-32.1230833
g0352186-545659,1,0.675,0.090,0.121,0.084,0.270,0.043,0.375,0.056,5,58.0774167,-54.9496111
g0352187-703110,1,1.025,0.024,-0.329,0.046,0.270,0.035,-0.075,0.026,2,58.0780417,-70.5194444
g0352235-135118,1,0.725,0.123,-0.245,0.141,0.180,0.086,-0.075,0.077,5,58.0980417,-13.8549167
g0352453-544854,1,1.125,0.011,-0.339,0.046,0.360,0.031,0.000,0.024,3,58.1886250,-54.8150000
g0353194-043913,1,0.050,0.059,-0.202,0.169,0.400,0.107,0.175,0.081,9,58.3309583,-4.6537222
g0353498-080815,1,1.175,0.006,-0.564,0.061,0.360,0.053,-0.225,0.021,8,58.4574583,-8.1375278
g0353565-070422,1,0.775,0.080,-0.358,0.091,0.460,0.055,0.075,0.049,6,58.4855833,-7.0728889
g0354069-022233,1,0.600,0.076,0.322,0.078,0.030,0.044,0.350,0.053,5,58.5287083,-2.3756944
g0354231-221500,1,0.675,0.064,0.018,0.080,0.060,0.048,0.075,0.052,4,58.5963750,-22.2501111
g0354328-270455,1,0.325,0.044,0.077,0.084,0.210,0.041,0.275,0.055,3,58.6365417,-27.0818333
g0354333-025505,1,0.775,0.087,0.209,0.064,0.150,0.030,0.350,0.045,5,58.6386250,-2.9179167
g0354351-715944,1,0.750,0.089,-0.173,0.096,0.210,0.052,0.025,0.056,4,58.6461667,-71.9955556
g0355245-545442,1,0.900,0.106,-0.358,0.104,0.300,0.064,-0.075,0.060,1,58.8518750,-54.9116667
g0356128-554901,1,0.850,0.078,0.027,0.083,0.210,0.040,0.225,0.054,3,59.0532500,-55.8170000
g0356247-714923,1,1.025,0.031,-0.079,0.036,0.270,0.038,0.175,0.033,10,59.1027917,-71.8231111
g0356422-183709,1,1.025,0.033,-0.110,0.054,0.090,0.040,-0.025,0.031,6,59.1756667,-18.6191944
g0357160-611347,1,0.600,0.060,-0.195,0.070,0.180,0.044,-0.025,0.040,4,59.3167083,-61.2296111
g0357402-635614,1,0.450,0.068,0.098,0.080,0.400,0.033,0.475,0.068,6,59.4173333,-63.9370833
g0357442-022225,1,0.575,0.100,0.403,0.116,-0.030,0.057,0.375,0.085,3,59.4340833,-2.3736111
g0357494-715648,1,0.525,0.087,0.077,0.105,0.210,0.046,0.275,0.075,8,59.4559583,-71.9465278
g0358111-543811,1,1.175,0.007,-0.354,0.044,0.270,0.036,-0.100,0.023,7,59.5462083,-54.6363889
g0358210-701155,1,0.650,0.125,0.009,0.181,0.150,0.076,0.150,0.120,5,59.5875833,-70.1986944
g0358237-734209,1,1.175,0.017,-0.260,0.048,0.090,0.051,-0.175,0.025,8,59.5987500,-73.7023889
g0358307-613227,1,0.825,0.057,0.117,0.045,0.300,0.025,0.400,0.026,4,59.6277083,-61.5409444
g0358315-810347,1,0.725,0.073,-0.107,0.082,0.060,0.047,-0.050,0.047,4,59.6313333,-81.0630000
g0358587-590343,1,0.450,0.060,0.030,0.090,0.180,0.053,0.200,0.055,4,59.7446667,-59.0618889
g0359023-604030,1,0.625,0.071,0.177,0.072,0.210,0.034,0.375,0.047,3,59.7593750,-60.6748889
g0359158-544344,1,0.525,0.059,0.155,0.070,0.180,0.040,0.325,0.049,3,59.8157917,-54.7289167
g0359257-004020,1,0.825,0.097,-0.151,0.097,0.320,0.050,0.150,0.062,3,59.8569583,-0.6722500
g0400016-605129,1,0.200,0.023,-0.126,0.068,0.320,0.054,0.175,0.040,6,60.0065833,-60.8580278
g0400069-734226,1,1.175,0.000,-0.301,0.046,0.240,0.032,-0.075,0.024,4,60.0287083,-73.7073056
g0400280-204654,1,0.450,0.059,-0.028,0.090,0.030,0.054,0.000,0.054,6,60.1165833,-20.7816944
g0400425-204714,1,0.625,0.081,0.187,0.081,0.120,0.043,0.300,0.056,9,60.1770417,-20.7873056
g0400476-645839,1,-0.100,0.047,0.400,0.116,0.000,0.052,0.400,0.090,6,60.1981250,-64.9774444
g0401012-611321,1,0.350,0.049,0.215,0.065,0.090,0.031,0.300,0.046,2,60.2548750,-61.2223889
g0401066-160639,1,1.175,0.016,-0.495,0.052,0.340,0.039,-0.175,0.023,5,60.2776250,-16.1108611
g0401550-640611,1,0.975,0.057,-0.376,0.063,0.320,0.045,-0.075,0.034,8,60.4793333,-64.1029722
g0402218-705749,1,0.425,0.110,0.278,0.145,-0.030,0.078,0.250,0.100,6,60.5908750,-70.9636389
g0402259-642248,1,0.475,0.055,-0.101,0.083,0.320,0.049,0.200,0.048,5,60.6079583,-64.3800833
g0402265-193313,1,0.350,0.060,0.438,0.097,-0.120,0.046,0.325,0.068,9,60.6102500,-19.5535000
g0402498-605022,1,1.025,0.054,-0.143,0.074,-0.060,0.055,-0.200,0.037,5,60.7075833,-60.8395278
g0402559-690800,1,1.175,0.012,-0.389,0.072,0.360,0.054,-0.050,0.033,4,60.7330000,-69.1333611
g0402570-090127,1,0.775,0.092,-0.013,0.099,0.120,0.048,0.100,0.067,5,60.7372917,-9.0241667
g0403036-093053,1,0.550,0.101,0.260,0.110,-0.090,0.052,0.175,0.085,6,60.7650000,-9.5147222
g0403132-092255,1,0.775,0.084,0.290,0.068,0.090,0.034,0.375,0.045,3,60.8050833,-9.3819444
g0403156-202303,1,0.750,0.077,-0.016,0.085,0.150,0.042,0.125,0.051,4,60.8150000,-20.3841944
g0403165-630645,1,0.600,0.092,0.010,0.098,-0.090,0.050,-0.075,0.064,6,60.8189167,-63.1125556
g0403257-215317,1,0.875,0.079,-0.108,0.066,0.380,0.031,0.250,0.044,4,60.8571667,-21.8880833
g0403293-175900,1,0.600,0.062,0.140,0.062,0.090,0.031,0.225,0.045,3,60.8721667,-17.9833611
g0403350-690228,1,0.875,0.096,-0.028,0.102,0.030,0.062,0.000,0.061,6,60.8959167,-69.0412222
g0403354-013134,1,0.975,0.099,-0.577,0.143,0.400,0.092,-0.200,0.072,4,60.8974583,-1.5259722
g0403376-110422,1,0.500,0.065,0.268,0.074,0.060,0.033,0.325,0.056,7,60.9066250,-11.0726667
g0403387-543720,1,0.900,0.064,0.046,0.060,0.270,0.038,0.300,0.038,8,60.9113750,-54.6222778
g0404079-034907,1,0.400,0.072,0.036,0.110,0.440,0.039,0.450,0.105,2,61.0327917,-3.8184722
g0404136-002535,1,0.625,0.092,-0.083,0.114,0.300,0.063,0.200,0.076,4,61.0566250,-0.4264722
g0404205-095541,1,0.575,0.105,-0.113,0.123,0.120,0.080,0.000,0.067,6,61.0853750,-9.9280278
g0404255-204757,2,1.175,0.004,-0.477,0.050,0.400,0.043,-0.100,0.020,8,61.1061250,-20.7990556
g0404297-175416,1,0.975,0.045,-0.032,0.044,0.060,0.031,0.025,0.028,3,61.1237500,-17.9045000
g0405561-182202,1,0.525,0.090,-0.047,0.128,-0.030,0.068,-0.075,0.073,7,61.4838750,-18.3672500
g0406078-620321,1,1.100,0.016,-0.273,0.034,0.210,0.027,-0.075,0.017,5,61.5324583,-62.0556944
g0406365-041005,1,0.875,0.110,-0.769,0.117,0.710,0.078,-0.100,0.056,5,61.6518750,-4.1680278
g0406371-701039,1,0.300,0.112,-0.001,0.210,0.320,0.064,0.300,0.174,6,61.6544583,-70.1773611
g0406457-124421,1,0.400,0.057,-0.038,0.096,0.120,0.052,0.075,0.058,3,61.6902083,-12.7391389
g0406470-244317,1,0.300,0.096,-0.027,0.186,0.400,0.085,0.350,0.127,8,61.6957500,-24.7212778
g0407111-555959,1,0.525,0.075,-0.258,0.118,0.300,0.070,0.025,0.070,3,61.7964167,-55.9995833
g0407119-101347,1,0.375,0.064,0.387,0.098,0.120,0.042,0.500,0.079,4,61.7994167,-10.2297222
g0407133-052614,1,0.325,0.047,-0.010,0.104,0.090,0.067,0.075,0.056,0,61.8052083,-5.4371111
g0407225-604329,1,0.800,0.094,-0.032,0.085,0.060,0.043,0.025,0.055,8,61.8438750,-60.7246944
g0407328-022558,1,1.075,0.007,-0.048,0.040,0.210,0.035,0.150,0.018,4,61.8865833,-2.4327500
g0408202-540305,1,0.825,0.117,0.071,0.101,0.270,0.040,0.325,0.072,3,62.0842500,-54.0514167
g0408388-550014,1,0.450,0.089,0.305,0.126,0.180,0.051,0.475,0.092,5,62.1617500,-55.0039167
g0409026-590633,1,0.700,0.061,-0.201,0.073,0.320,0.040,0.100,0.047,6,62.2609167,-59.1091389
g0409117-752840,1,0.575,0.150,-0.043,0.195,-0.060,0.103,-0.100,0.114,6,62.2986250,-75.4777500
g0409119-012837,1,0.525,0.051,0.077,0.073,0.210,0.042,0.275,0.043,5,62.2997083,-1.4768056
g0409139-012818,1,1.075,0.010,-0.301,0.046,0.240,0.038,-0.075,0.018,4,62.3080833,-1.4715556
g0409240-214960,2,0.025,0.036,-0.791,0.247,0.680,0.156,-0.150,0.120,10,62.3501667,-21.8332778
g0409247-550531,1,0.250,0.036,0.159,0.092,0.150,0.043,0.300,0.061,3,62.3530417,-55.0919722
g0409518-560706,1,0.675,0.043,0.230,0.040,0.180,0.023,0.400,0.026,2,62.4660000,-56.1184444
g0409548-084157,2,1.075,0.024,-0.404,0.056,0.270,0.046,-0.150,0.023,4,62.4782500,-8.6991111
g0409556-101609,1,1.075,0.030,0.130,0.043,0.180,0.028,0.300,0.025,6,62.4814583,-10.2690833
g0410190-245724,2,0.850,0.108,-0.198,0.110,0.210,0.071,0.000,0.056,7,62.5789583,-24.9566667
g0410239-695758,1,0.600,0.084,0.193,0.089,0.060,0.038,0.250,0.066,3,62.5996667,-69.9659722
g0410323-691804,1,0.600,0.136,0.022,0.166,0.030,0.085,0.050,0.102,8,62.6347500,-69.3011111
g0410324-544104,1,1.025,0.051,0.130,0.061,0.180,0.033,0.300,0.037,7,62.6349583,-54.6843333
g0410499-093745,1,0.800,0.102,0.275,0.094,0.000,0.046,0.275,0.062,3,62.7079167,-9.6292222
g0410577-664401,1,0.850,0.092,-0.141,0.084,0.150,0.053,0.000,0.047,2,62.7402083,-66.7335833
g0411044-772626,1,1.175,0.011,-0.376,0.093,0.240,0.076,-0.150,0.032,7,62.7683333,-77.4405833
g0411071-145211,1,0.475,0.048,-0.020,0.071,0.180,0.040,0.150,0.041,6,62.7795000,-14.8697778
g0411460-382714,1,0.725,0.142,-0.415,0.200,0.090,0.104,-0.330,0.116,6,62.9416667,-38.4539167
g0411523-535009,1,1.150,0.005,-0.314,0.056,0.440,0.050,0.100,0.031,8,62.9677917,-53.8357778
g0412170-131216,1,1.000,0.029,-0.352,0.043,0.480,0.031,0.100,0.024,7,63.0708750,-13.2044444
g0412343-541310,1,0.825,0.095,0.043,0.084,0.060,0.043,0.100,0.059,4,63.1429583,-54.2195556
g0412432-574416,1,0.550,0.043,0.234,0.041,0.150,0.023,0.375,0.031,3,63.1800000,-57.7378889
g0413023-532941,1,0.450,0.081,-0.079,0.118,0.270,0.064,0.175,0.073,3,63.2595833,-53.4947778
g0413355-390521,1,1.100,0.009,-0.216,0.057,0.150,0.046,-0.075,0.023,5,63.3977083,-39.0891667
g0413370-681357,1,0.425,0.141,0.438,0.171,-0.120,0.064,0.325,0.136,10,63.4041667,-68.2324167
g0413382-692337,1,0.350,0.059,0.005,0.117,0.180,0.069,0.175,0.061,5,63.4093333,-69.3935278
g0414015-132324,1,0.500,0.057,0.042,0.060,0.300,0.032,0.325,0.042,10,63.5061250,-13.3899167
g0414046-084309,1,1.075,0.020,0.185,0.042,-0.090,0.034,0.100,0.032,8,63.5192500,-8.7191389
g0414074-130923,1,0.950,0.067,-0.091,0.082,0.150,0.049,0.050,0.046,5,63.5309583,-13.1565000
g0414079-381642,1,1.100,0.032,0.170,0.068,-0.180,0.050,0.000,0.036,9,63.5330833,-38.2783333
g0414174-751208,1,0.500,0.073,0.178,0.092,-0.030,0.046,0.150,0.061,3,63.5726250,-75.2022500
g0414360-131029,1,0.800,0.079,-0.026,0.072,0.320,0.038,0.275,0.046,3,63.6500000,-13.1747778
g0414365-530622,1,0.725,0.088,-0.045,0.106,0.180,0.059,0.125,0.064,5,63.6521667,-53.1059722
g0414561-131130,1,1.175,0.000,-0.289,0.036,0.360,0.027,0.050,0.019,8,63.7336250,-13.1916667
g0415043-080257,1,0.525,0.068,-0.554,0.092,0.270,0.056,-0.300,0.054,1,63.7680833,-8.0492222
g0415074-130744,1,0.675,0.065,0.121,0.054,0.270,0.027,0.375,0.037,5,63.7809583,-13.1288611
g0415135-142110,1,1.150,0.008,-0.649,0.057,0.530,0.048,-0.150,0.018,5,63.8064167,-14.3526667
g0415206-070351,1,0.975,0.053,0.034,0.055,0.150,0.029,0.175,0.039,4,63.8359167,-7.0642222
g0415248-380141,1,0.950,0.078,0.297,0.068,0.030,0.036,0.325,0.047,5,63.8534583,-38.0280000
g0415286-151701,1,0.225,0.036,0.034,0.094,0.150,0.055,0.175,0.054,3,63.8690833,-15.2835278
g0415303-244148,1,0.725,0.077,0.175,0.092,0.000,0.048,0.175,0.062,8,63.8764167,-24.6966111
g0415396-143856,1,0.475,0.057,-0.379,0.089,0.270,0.059,-0.125,0.049,4,63.9150417,-14.6487778
g0415413-675229,1,0.850,0.172,0.165,0.184,0.090,0.074,0.250,0.136,7,63.9219167,-67.8747778
g0416034-533037,1,1.175,0.010,-0.633,0.074,0.380,0.059,-0.275,0.030,4,64.0139583,-53.5102500
g0416079-233245,1,1.025,0.061,-0.113,0.066,0.120,0.046,0.000,0.041,8,64.0329167,-23.5457500
g0416090-613111,1,0.800,0.111,-0.708,0.188,0.380,0.107,-0.350,0.124,9,64.0375833,-61.5198333
g0416129-023636,1,1.125,0.015,-0.085,0.052,0.090,0.042,0.000,0.027,6,64.0535833,-2.6098889
g0416166-535842,1,0.525,0.113,0.029,0.131,0.420,0.047,0.425,0.105,3,64.0691667,-53.9782500
g0416184-391924,1,0.450,0.117,0.237,0.134,0.120,0.057,0.350,0.103,8,64.0765000,-39.3233056
g0416263-792606,1,1.100,0.035,-0.433,0.067,0.300,0.053,-0.150,0.032,7,64.1095000,-79.4348611
g0416382-122355,1,0.875,0.074,-0.924,0.122,0.530,0.064,-0.425,0.079,10,64.1589583,-12.3985556
g0416424-121200,1,0.600,0.035,0.180,0.036,0.180,0.023,0.350,0.024,6,64.1768333,-12.2000556
g0416470-513326,1,0.700,0.100,-0.004,0.110,0.270,0.054,0.250,0.072,2,64.1960000,-51.5573333
g0416581-120902,1,0.600,0.083,0.097,0.103,0.030,0.046,0.125,0.073,8,64.2418750,-12.1506111
g0416596-122205,1,0.450,0.066,0.053,0.095,-0.030,0.055,0.025,0.061,5,64.2482500,-12.3680278
g0417154-700126,2,0.700,0.053,-0.020,0.077,0.180,0.044,0.150,0.047,1,64.3143333,-70.0237778
g0417160-040759,1,0.675,0.120,0.205,0.104,0.180,0.045,0.375,0.074,3,64.3166250,-4.1329167
g0417218-040701,1,1.150,0.000,-0.356,0.065,0.590,0.048,0.200,0.028,8,64.3406667,-4.1168611
g0417242-371655,1,0.775,0.083,-0.221,0.083,0.420,0.043,0.175,0.055,9,64.3510000,-37.2818889
g0417280-502600,1,1.175,0.016,-0.035,0.053,0.090,0.044,0.050,0.030,2,64.3666667,-50.4333333
g0417281-081032,1,0.300,0.060,0.068,0.126,0.060,0.074,0.125,0.073,4,64.3670833,-8.1755556
g0417321-131028,1,1.100,0.041,-0.189,0.060,0.440,0.036,0.225,0.034,5,64.3837917,-13.1745000
g0417345-525307,1,0.475,0.107,-0.204,0.154,0.270,0.088,0.050,0.085,3,64.3937500,-52.8852778
g0417356-255627,1,1.175,0.000,0.024,0.036,0.240,0.029,0.250,0.016,3,64.3982500,-25.9408611
g0417364-104323,1,0.900,0.089,0.018,0.079,0.060,0.047,0.075,0.059,5,64.4017917,-10.7229167
g0417457-370832,1,0.850,0.116,-0.132,0.111,0.060,0.065,-0.075,0.067,6,64.4402917,-37.1422778
g0417522-634031,1,0.725,0.057,0.230,0.045,0.180,0.025,0.400,0.027,4,64.4674167,-63.6752500
g0417534-563659,1,0.850,0.071,-0.095,0.079,0.180,0.046,0.075,0.043,4,64.4723333,-56.6162500
g0418125-541406,1,0.850,0.116,-0.070,0.105,0.180,0.052,0.100,0.072,2,64.5520000,-54.2350556
g0418513-412510,1,1.075,0.026,-0.154,0.054,0.270,0.038,0.100,0.031,3,64.7137917,-41.4193056
g0418522-372743,1,1.125,0.019,-0.329,0.052,0.270,0.043,-0.075,0.026,5,64.7172917,-37.4620278
g0418541-141146,1,1.000,0.026,-0.063,0.033,0.120,0.024,0.050,0.022,3,64.7253333,-14.1960000
g0418568-114720,1,0.475,0.070,0.350,0.079,0.000,0.038,0.350,0.060,5,64.7365417,-11.7888333
g0418571-632921,1,0.225,0.036,-0.008,0.078,0.300,0.033,0.275,0.062,7,64.7377083,-63.4891111
g0418576-014131,1,0.450,0.077,0.274,0.094,0.240,0.038,0.500,0.087,7,64.7399583,-1.6920278
g0418586-371232,1,0.175,0.053,0.152,0.161,0.210,0.068,0.350,0.125,9,64.7441667,-37.2089722
g0419165-140611,1,0.550,0.067,0.196,0.063,0.270,0.027,0.450,0.049,2,64.8189167,-14.1031389
g0419244-673329,1,0.500,0.134,0.113,0.151,-0.120,0.072,0.000,0.100,7,64.8515000,-67.5581389
g0419248-080258,1,0.775,0.098,-0.360,0.128,0.090,0.086,-0.275,0.071,2,64.8533333,-8.0493333
g0419278-264355,1,0.850,0.082,-0.107,0.082,0.060,0.045,-0.050,0.047,7,64.8657083,-26.7318611
g0419441-001526,1,0.550,0.089,0.180,0.113,0.180,0.056,0.350,0.083,9,64.9337500,-0.2572778
g0419477-005450,1,0.600,0.084,-0.091,0.099,0.150,0.055,0.050,0.059,3,64.9485833,-0.9139167
g0419513-734005,1,1.175,0.031,-0.320,0.059,0.180,0.042,-0.150,0.031,6,64.9636667,-73.6680278
g0420024-371629,1,0.625,0.091,0.115,0.124,0.090,0.061,0.200,0.078,8,65.0100000,-37.2747778
g0420031-510945,1,0.725,0.082,-0.126,0.100,0.320,0.061,0.175,0.057,6,65.0129167,-51.1623889
g0420177-004134,1,0.950,0.059,0.132,0.059,-0.060,0.037,0.075,0.042,2,65.0736667,-0.6927222
g0420258-145947,1,0.725,0.087,-0.145,0.107,0.180,0.060,0.025,0.061,9,65.1072917,-14.9963333
g0420259-533211,1,1.175,0.013,-0.539,0.069,0.440,0.058,-0.125,0.027,4,65.1078333,-53.5362500
g0420290-062507,1,0.825,0.087,-0.048,0.084,0.210,0.054,0.150,0.054,7,65.1208750,-6.4186111
g0420398-064402,1,1.075,0.008,-0.098,0.040,0.210,0.035,0.100,0.022,3,65.1660000,-6.7338333
g0420410-144652,1,0.750,0.060,0.074,0.058,0.240,0.032,0.300,0.038,10,65.1707917,-14.7810556
g0420443-181042,1,0.700,0.094,-0.085,0.090,0.090,0.050,0.000,0.057,7,65.1845000,-18.1782778
g0420579-054645,1,0.850,0.102,-0.364,0.114,0.360,0.091,-0.025,0.058,9,65.2411667,-5.7791667
g0421002-035914,1,0.925,0.060,-0.229,0.068,0.270,0.046,0.025,0.039,3,65.2507917,-3.9871944
g0421093-064503,1,0.825,0.084,-0.213,0.089,0.120,0.060,-0.100,0.047,4,65.2885833,-6.7508889
g0421135-245840,1,0.425,0.083,0.099,0.115,0.240,0.037,0.325,0.091,7,65.3062500,-24.9777222
g0421172-095645,1,0.600,0.075,0.337,0.061,0.120,0.025,0.450,0.047,3,65.3217500,-9.9458611
g0421210-063840,1,0.825,0.098,0.155,0.079,0.180,0.034,0.325,0.057,3,65.3375000,-6.6444167
g0421225-051007,1,1.175,0.004,-0.029,0.042,0.270,0.037,0.225,0.017,7,65.3436667,-5.1685278
g0421252-020850,1,0.750,0.085,-0.101,0.103,0.240,0.061,0.125,0.055,5,65.3547917,-2.1472222
g0421379-573157,1,0.225,0.030,-0.327,0.105,0.480,0.073,0.125,0.044,7,65.4078750,-57.5324722
g0421476-154520,1,1.175,0.000,-0.333,0.046,0.380,0.035,0.025,0.020,7,65.4484583,-15.7555000
g0421480-021058,1,0.800,0.098,-0.048,0.081,0.210,0.041,0.150,0.059,1,65.4501250,-2.1826944
g0421524-040843,1,1.075,0.017,-0.229,0.045,0.270,0.033,0.025,0.025,5,65.4683750,-4.1453056
g0422021-034019,1,0.550,0.084,0.400,0.083,0.000,0.042,0.400,0.064,7,65.5089167,-3.6718889
g0422195-375336,1,0.575,0.059,0.140,0.066,0.090,0.036,0.225,0.044,2,65.5811667,-37.8932778
g0422284-073050,1,0.350,0.059,-0.158,0.114,0.300,0.072,0.125,0.059,9,65.6182500,-7.5139444
g0422294-050129,1,1.075,0.012,0.147,0.034,0.030,0.027,0.175,0.022,7,65.6225833,-5.0246944
g0422427-123654,1,1.000,0.058,-0.082,0.056,0.060,0.035,-0.025,0.035,2,65.6780000,-12.6151111
g0422538-113820,1,0.700,0.107,0.007,0.118,-0.060,0.074,-0.050,0.062,10,65.7241250,-11.6389167
g0423011-155045,1,1.175,0.000,-0.073,0.032,0.210,0.025,0.125,0.019,5,65.7545417,-15.8456944
g0423020-030741,1,1.100,0.071,0.215,0.075,0.090,0.056,0.300,0.047,10,65.7582083,-3.1279167
g0423100-071253,1,0.425,0.061,-0.035,0.123,0.090,0.069,0.050,0.068,6,65.7917083,-7.2148333
g0423236-050859,1,0.800,0.121,0.142,0.082,0.380,0.033,0.500,0.066,6,65.8482917,-5.1496944
g0423245-072215,1,0.500,0.039,0.134,0.051,0.150,0.026,0.275,0.034,4,65.8518750,-7.3709444
g0423282-114724,1,0.725,0.107,0.146,0.097,0.270,0.040,0.400,0.068,10,65.8676667,-11.7900278
g0423298-154555,1,0.575,0.069,-0.116,0.085,0.150,0.046,0.025,0.055,2,65.8739583,-15.7653333
g0423386-742157,1,0.350,0.088,-0.058,0.154,0.300,0.071,0.225,0.099,7,65.9107917,-74.3659444
g0423430-733132,1,0.450,0.077,-0.238,0.126,0.120,0.071,-0.125,0.070,4,65.9289583,-73.5256389
g0424186-274344,1,1.175,0.011,0.090,0.050,0.090,0.041,0.175,0.025,7,66.0774167,-27.7288611
g0424299-102940,1,0.575,0.083,0.062,0.091,0.120,0.044,0.175,0.063,4,66.1244167,-10.4943333
g0424305-135052,1,0.725,0.084,-0.388,0.107,0.120,0.074,-0.275,0.056,6,66.1269583,-13.8478611
g0424432-122117,1,0.575,0.097,0.037,0.106,0.120,0.048,0.150,0.074,7,66.1799167,-12.3546389
g0425011-095421,1,0.550,0.060,0.011,0.058,0.440,0.031,0.425,0.045,6,66.2547083,-9.9059444
g0425191-144311,1,1.100,0.026,-1.129,0.080,0.800,0.062,-0.375,0.037,5,66.3296667,-14.7197500
g0425221-071837,1,0.975,0.060,-0.104,0.070,0.270,0.044,0.150,0.040,10,66.3420000,-7.3103333
g0425307-104137,1,0.825,0.086,0.140,0.074,0.090,0.044,0.225,0.050,9,66.3779167,-10.6935556
g0425321-093328,1,0.700,0.078,-0.016,0.095,0.150,0.049,0.125,0.058,3,66.3835833,-9.5578611
g0425470-083158,1,1.175,0.011,-0.891,0.060,0.680,0.052,-0.250,0.022,9,66.4457083,-8.5327222
g0425507-103740,1,0.350,0.054,-0.023,0.080,0.210,0.045,0.175,0.052,5,66.4613750,-10.6277778
g0425567-102440,1,0.800,0.142,0.375,0.104,0.000,0.050,0.375,0.079,7,66.4863333,-10.4110833
g0425569-083740,1,1.175,0.013,0.105,0.038,0.180,0.035,0.275,0.015,4,66.4869583,-8.6278889
g0426065-082335,1,0.300,0.058,-0.195,0.139,0.340,0.085,0.125,0.067,9,66.5271667,-8.3931111
g0426138-103324,1,1.100,0.025,-0.051,0.055,0.240,0.037,0.175,0.031,5,66.5574167,-10.5567778
g0426165-371409,1,1.150,0.015,0.329,0.053,-0.270,0.033,0.075,0.036,8,66.5685417,-37.2357778
g0426177-125747,1,1.125,0.117,-0.248,0.082,0.210,0.050,-0.050,0.078,8,66.5738333,-12.9630278
g0426188-033716,1,0.725,0.043,-0.108,0.054,0.300,0.031,0.175,0.032,2,66.5784167,-3.6210833
g0426206-100554,1,0.975,0.051,-0.045,0.051,0.180,0.032,0.125,0.030,2,66.5856250,-10.0984444
g0426214-115103,1,0.675,0.060,-0.377,0.093,0.480,0.053,0.075,0.050,8,66.5891250,-11.8508889
g0426260-125126,1,0.525,0.078,-0.070,0.105,0.180,0.058,0.100,0.063,4,66.6084583,-12.8571944
g0426331-320953,1,0.450,0.069,0.090,0.091,0.090,0.043,0.175,0.060,6,66.6380417,-32.1646389
g0426332-081926,1,0.775,0.083,0.165,0.084,0.090,0.040,0.250,0.058,4,66.6383750,-8.3240000
g0426380-103257,1,0.700,0.063,-0.252,0.089,0.400,0.055,0.125,0.047,5,66.6583750,-10.5492778
g0426461-115827,1,0.900,0.109,-0.379,0.106,0.270,0.059,-0.125,0.059,3,66.6922500,-11.9741944
g0426513-101152,1,0.675,0.075,-0.166,0.081,0.150,0.041,-0.025,0.050,4,66.7136250,-10.1976667
g0426521-131425,1,0.675,0.070,0.105,0.069,0.180,0.030,0.275,0.047,5,66.7172500,-13.2401667
g0426548-115909,1,0.950,0.079,-0.248,0.084,0.210,0.045,-0.050,0.051,4,66.7281250,-11.9856944
g0426572-404717,1,0.675,0.104,0.416,0.106,-0.150,0.047,0.275,0.079,7,66.7384167,-40.7880000
g0426592-115804,1,1.100,0.008,-0.552,0.050,0.400,0.045,-0.175,0.019,5,66.7464583,-11.9676944
g0426597-035009,1,0.675,0.089,0.009,0.112,0.150,0.052,0.150,0.084,5,66.7486250,-3.8358056
g0427022-100113,1,1.025,0.047,0.102,0.065,0.210,0.045,0.300,0.035,5,66.7592500,-10.0202222
g0427048-060954,1,0.650,0.060,-0.088,0.073,0.120,0.043,0.025,0.041,5,66.7701667,-6.1649167
g0427113-060714,1,0.425,0.052,-0.038,0.088,0.120,0.045,0.075,0.054,3,66.7971250,-6.1205000
g0427181-101905,1,0.500,0.070,0.012,0.089,0.120,0.045,0.125,0.057,4,66.8255833,-10.3180833
g0427186-101823,1,0.450,0.073,0.085,0.105,-0.090,0.058,0.000,0.066,9,66.8275000,-10.3063056
g0427200-101934,1,1.150,0.030,-0.471,0.070,0.420,0.057,-0.075,0.030,5,66.8331667,-10.3261944
g0427328-120937,1,0.825,0.069,0.149,0.047,0.320,0.024,0.450,0.034,4,66.8868333,-12.1602222
g0427349-123915,1,1.150,0.016,-0.370,0.056,0.180,0.044,-0.200,0.026,6,66.8955417,-12.6541111
g0427390-064811,1,0.850,0.099,0.042,0.083,0.300,0.035,0.325,0.069,10,66.9123750,-6.8030000
g0427398-054701,1,1.100,0.010,-0.229,0.048,0.270,0.038,0.025,0.018,3,66.9159167,-5.7837222
g0427403-123538,1,0.850,0.062,-0.045,0.062,0.180,0.036,0.125,0.038,4,66.9180000,-12.5937778
g0427448-120202,1,0.650,0.042,0.027,0.050,0.210,0.027,0.225,0.031,2,66.9367917,-12.0338056
g0427487-581144,1,0.750,0.080,-0.264,0.080,0.360,0.048,0.075,0.042,2,66.9527083,-58.1956111
g0427509-184157,1,1.050,0.017,-0.458,0.047,0.460,0.033,-0.025,0.023,10,66.9622083,-18.6991944
g0428011-404912,1,0.700,0.138,-0.389,0.186,0.440,0.116,0.025,0.104,9,67.0045833,-40.8199444
g0428104-113435,1,0.275,0.023,-0.045,0.061,0.180,0.042,0.125,0.033,3,67.0434583,-11.5764722
g0428164-120917,1,0.350,0.063,-0.020,0.105,0.180,0.058,0.150,0.061,8,67.0683333,-12.1545833
g0428212-125329,1,0.300,0.047,0.109,0.081,0.150,0.043,0.250,0.055,4,67.0882917,-12.8912778
g0428235-061753,1,0.525,0.054,0.212,0.067,0.120,0.034,0.325,0.044,3,67.0977917,-6.2979722
g0428242-061728,1,0.750,0.133,0.009,0.162,0.150,0.077,0.150,0.102,7,67.1007917,-6.2912222
g0428243-320040,1,0.750,0.088,-0.752,0.151,0.480,0.092,-0.300,0.078,6,67.1010417,-32.0111389
g0428312-030930,1,1.175,0.007,-0.302,0.083,0.400,0.059,0.075,0.038,5,67.1299167,-3.1583889
g0428438-062608,1,0.725,0.108,-0.108,0.123,0.300,0.058,0.175,0.079,6,67.1823750,-6.4355833
g0428455-281941,1,0.550,0.083,0.234,0.094,0.150,0.039,0.375,0.071,3,67.1897083,-28.3281111
g0428469-120940,1,1.175,0.008,-0.483,0.041,0.380,0.037,-0.125,0.017,3,67.1955000,-12.1610000
g0428504-091638,1,0.825,0.089,-0.223,0.090,0.210,0.055,-0.025,0.053,4,67.2099167,-9.2773056
g0428537-091829,1,1.050,0.017,-0.133,0.038,0.380,0.030,0.225,0.020,4,67.2236667,-9.3081667
g0428574-015143,1,1.125,0.012,0.068,0.070,0.060,0.054,0.125,0.027,5,67.2392917,-1.8618333
g0428597-121329,1,0.900,0.059,-0.076,0.052,0.240,0.031,0.150,0.033,1,67.2489167,-12.2247500
g0429137-180722,1,1.050,0.012,-0.531,0.045,0.590,0.037,0.025,0.020,10,67.3070417,-18.1226944
g0429241-731936,1,0.900,0.084,-0.104,0.096,0.270,0.066,0.150,0.058,7,67.3505417,-73.3265278
g0429253-733512,1,0.975,0.100,0.055,0.083,0.340,0.039,0.375,0.055,8,67.3554583,-73.5866111
g0429272-111607,1,0.300,0.032,0.030,0.060,0.180,0.034,0.200,0.036,4,67.3635000,-11.2686667
g0429488-131722,1,0.150,0.045,0.137,0.110,0.120,0.050,0.250,0.083,6,67.4534583,-13.2894722
g0429541-131840,1,0.525,0.088,0.146,0.080,0.270,0.026,0.400,0.070,3,67.4755000,-13.3111111
g0429575-733723,1,1.025,0.051,0.125,0.053,0.000,0.038,0.125,0.036,3,67.4896667,-73.6230833
g0429596-122428,1,0.650,0.087,-0.564,0.136,0.360,0.083,-0.225,0.064,7,67.4983750,-12.4077778
g0430011-064147,1,0.625,0.084,0.086,0.087,0.360,0.037,0.425,0.075,10,67.5044167,-6.6965000
g0430184-133144,1,0.500,0.099,0.130,0.127,0.180,0.054,0.300,0.089,6,67.5767500,-13.5288889
g0430227-120325,1,0.350,0.051,0.067,0.082,0.300,0.047,0.350,0.051,3,67.5945417,-12.0568611
g0430320-115759,1,0.275,0.055,0.059,0.139,0.150,0.085,0.200,0.068,9,67.6334583,-11.9663056
g0430414-114832,1,0.250,0.038,0.067,0.103,0.300,0.044,0.350,0.085,5,67.6723333,-11.8087778
g0430516-054754,1,0.725,0.034,-0.116,0.050,0.150,0.030,0.025,0.029,8,67.7150833,-5.7982778
g0430523-132142,1,0.275,0.048,0.159,0.090,0.150,0.042,0.300,0.061,5,67.7177917,-13.3616389
g0430523-161823,1,0.750,0.061,-0.378,0.069,0.560,0.043,0.150,0.036,9,67.7180833,-16.3063611
g0430567-101445,1,0.800,0.068,0.180,0.066,0.180,0.033,0.350,0.040,6,67.7362083,-10.2459444
g0431031-125826,1,0.500,0.053,-0.048,0.073,0.210,0.037,0.150,0.049,5,67.7630833,-12.9739722
g0431056-121031,1,0.525,0.090,-0.258,0.128,0.460,0.070,0.175,0.068,8,67.7734583,-12.1753611
g0431130-292536,1,0.575,0.070,0.125,0.090,0.000,0.050,0.125,0.052,6,67.8043333,-29.4266944
g0431136-710325,1,0.350,0.069,-0.251,0.127,0.320,0.071,0.050,0.074,3,67.8066667,-71.0569444
g0431158-045703,1,0.600,0.057,0.080,0.070,0.180,0.042,0.250,0.047,2,67.8159167,-4.9508889
g0431165-122718,1,0.950,0.054,-0.016,0.054,0.150,0.030,0.125,0.038,3,67.8189167,-12.4550833
g0431237-130413,1,0.250,0.037,-0.433,0.155,0.380,0.104,-0.075,0.075,8,67.8488333,-13.0703889
g0431316-122655,1,0.400,0.069,-0.223,0.123,0.210,0.072,-0.025,0.064,3,67.8816250,-12.4487222
g0431331-122747,1,1.175,0.000,-0.271,0.037,0.500,0.026,0.200,0.018,8,67.8877500,-12.4630833
g0431429-571031,1,0.075,0.036,0.122,0.085,0.030,0.048,0.150,0.051,5,67.9287500,-57.1751944
g0431445-124057,1,0.525,0.089,-0.148,0.109,0.210,0.057,0.050,0.064,5,67.9352083,-12.6826111
g0431460-100712,1,0.450,0.069,0.228,0.081,-0.030,0.045,0.200,0.058,4,67.9417500,-10.1199167
g0431477-762806,1,0.750,0.079,0.187,0.078,0.120,0.039,0.300,0.054,2,67.9487083,-76.4682500
g0431580-124907,1,1.025,0.026,-0.226,0.044,0.320,0.034,0.075,0.022,3,67.9914583,-12.8185833
g0431586-052211,1,1.025,0.021,-0.048,0.031,0.210,0.026,0.150,0.019,3,67.9941667,-5.3696944
g0432017-422732,1,1.075,0.010,-0.345,0.046,0.340,0.038,-0.025,0.019,2,68.0070000,-42.4589167
g0432240-124648,1,0.525,0.092,0.318,0.108,0.060,0.045,0.375,0.078,10,68.0998333,-12.7800278
g0432272-131558,1,0.900,0.065,-0.076,0.060,0.240,0.031,0.150,0.043,3,68.1133333,-13.2660833
g0432292-132336,1,0.575,0.086,0.023,0.083,0.400,0.034,0.400,0.062,5,68.1215417,-13.3933333
g0432345-112056,1,0.475,0.107,0.226,0.125,-0.240,0.060,0.000,0.087,7,68.1437500,-11.3488611
g0432374-115426,1,0.700,0.094,-0.183,0.115,0.460,0.054,0.250,0.070,5,68.1559583,-11.9073056
g0432448-131126,1,1.175,0.008,-0.653,0.061,0.560,0.050,-0.125,0.024,6,68.1865417,-13.1905556
g0432451-042221,1,1.025,0.029,0.062,0.038,0.120,0.023,0.175,0.025,4,68.1879167,-4.3723889
g0432485-122319,1,0.325,0.040,0.077,0.062,0.210,0.033,0.275,0.041,6,68.2020833,-12.3886944
g0432497-060131,1,0.800,0.048,-0.038,0.046,0.120,0.025,0.075,0.031,3,68.2070417,-6.0253056
g0432545-125853,1,0.525,0.066,-0.239,0.093,0.360,0.052,0.100,0.054,3,68.2269583,-12.9812500
g0433060-041751,1,1.100,0.016,-0.583,0.066,0.300,0.058,-0.300,0.025,3,68.2748333,-4.2974444
g0433074-073131,1,0.950,0.059,-0.308,0.064,0.300,0.038,-0.025,0.036,3,68.2807500,-7.5253611
g0433337-122907,1,0.425,0.072,0.059,0.095,0.150,0.051,0.200,0.065,4,68.3903333,-12.4852500
g0433364-125802,1,0.950,0.055,0.084,0.061,0.150,0.039,0.225,0.039,9,68.4016667,-12.9672778
g0433387-123204,1,0.650,0.110,-0.150,0.135,0.000,0.082,-0.150,0.066,4,68.4113750,-12.5344722
g0433387-130312,1,0.725,0.080,0.210,0.118,-0.090,0.059,0.125,0.073,7,68.4113750,-13.0533611
g0433429-093953,1,0.850,0.106,0.034,0.091,0.150,0.056,0.175,0.063,8,68.4285417,-9.6648056
g0433482-114105,1,1.125,0.031,-0.216,0.068,0.150,0.045,-0.075,0.036,9,68.4506667,-11.6846111
g0433521-114215,1,0.350,0.054,0.052,0.062,0.210,0.038,0.250,0.038,7,68.4670833,-11.7042778
g0433569-104334,1,0.525,0.074,0.255,0.092,0.180,0.049,0.425,0.068,5,68.4870833,-10.7260278
g0434038-132748,1,1.150,0.017,-0.674,0.063,0.530,0.051,-0.175,0.023,4,68.5160000,-13.4633056
g0434197-124758,1,0.275,0.050,-0.178,0.129,0.560,0.042,0.350,0.107,8,68.5821667,-12.7994167
g0434477-102327,1,0.250,0.031,0.092,0.107,0.380,0.035,0.450,0.108,5,68.6987500,-10.3908333
g0434488-110754,1,0.900,0.082,-0.245,0.086,0.180,0.054,-0.075,0.045,5,68.7034583,-11.1316111
g0434494-134847,1,0.250,0.042,0.225,0.108,0.000,0.051,0.225,0.078,7,68.7058750,-13.8130278
g0434539-101056,1,0.075,0.063,-0.046,0.172,0.420,0.079,0.350,0.129,10,68.7245833,-10.1821111
g0434579-101141,1,0.425,0.048,0.137,0.060,0.120,0.037,0.250,0.048,8,68.7412500,-10.1946667
g0435030-125351,1,0.700,0.080,-0.258,0.094,0.300,0.049,0.025,0.060,2,68.7624583,-12.8976111
g0435057-132815,1,0.500,0.084,0.084,0.118,0.150,0.065,0.225,0.068,8,68.7735833,-13.4706944
g0435070-132340,1,1.025,0.038,0.062,0.061,0.120,0.040,0.175,0.034,7,68.7790000,-13.3943056
g0435111-131440,1,0.600,0.098,0.212,0.118,0.120,0.044,0.325,0.083,2,68.7961667,-13.2443611
g0435174-014352,1,0.500,0.082,-0.038,0.113,0.120,0.059,0.075,0.065,4,68.8223750,-1.7312222
g0435266-115133,1,0.325,0.072,0.400,0.123,0.000,0.048,0.400,0.099,6,68.8607917,-11.8590833
g0435279-313001,1,0.375,0.073,0.315,0.098,0.090,0.043,0.400,0.078,4,68.8662083,-31.5002778
g0435378-023411,1,0.750,0.086,-0.035,0.100,0.090,0.056,0.050,0.057,7,68.9076667,-2.5696389
g0435417-065344,1,0.500,0.052,-0.123,0.080,0.210,0.051,0.075,0.044,7,68.9237500,-6.8954722
g0435441-104535,1,1.075,0.011,0.118,0.036,0.060,0.024,0.175,0.023,5,68.9338750,-10.7597778
g0435556-021852,1,1.175,0.019,-0.229,0.058,0.270,0.046,0.025,0.030,3,68.9814583,-2.3145000
g0436251-045914,1,1.125,0.011,-0.223,0.041,0.210,0.033,-0.025,0.017,5,69.1044583,-4.9872778
g0436303-025159,1,0.850,0.102,-0.151,0.097,0.240,0.055,0.075,0.059,5,69.1260833,-2.8663889
g0436307-112257,1,1.025,0.040,-0.495,0.072,0.340,0.053,-0.175,0.032,6,69.1280833,-11.3825278
g0436403-021726,1,1.075,0.020,-0.364,0.068,0.360,0.054,-0.025,0.030,4,69.1679167,-2.2904444
g0436483-131530,1,0.700,0.094,-0.126,0.098,0.320,0.049,0.175,0.062,6,69.2012083,-13.2583056
g0437005-110128,1,0.550,0.066,-0.113,0.086,0.120,0.057,0.000,0.049,5,69.2521250,-11.0243333
g0437031-400033,1,0.725,0.046,-0.333,0.066,0.380,0.044,0.025,0.034,8,69.2629167,-40.0091667
g0437038-101151,1,0.925,0.058,-0.016,0.048,0.150,0.026,0.125,0.036,2,69.2659583,-10.1975556
g0437055-060508,1,1.075,0.019,-0.583,0.057,0.460,0.052,-0.150,0.020,4,69.2730833,-6.0856111
g0437069-113425,1,0.650,0.080,-0.057,0.096,0.060,0.054,0.000,0.063,5,69.2786667,-11.5735000
g0437076-021817,1,0.975,0.050,0.105,0.055,0.180,0.035,0.275,0.034,4,69.2815833,-2.3046389
g0437188-104147,1,0.825,0.094,-0.245,0.094,0.180,0.061,-0.075,0.050,3,69.3281250,-10.6962500
g0437353-132609,1,0.725,0.100,0.205,0.079,0.180,0.039,0.375,0.055,2,69.3972500,-13.4359167
g0437363-044254,1,0.625,0.060,0.110,0.061,-0.090,0.037,0.025,0.045,5,69.4011667,-4.7148611
g0437433-114756,1,0.300,0.061,0.100,0.138,0.000,0.079,0.100,0.078,10,69.4302917,-11.7988889
g0437532-021146,1,0.850,0.093,-0.176,0.105,0.320,0.056,0.125,0.066,5,69.4717917,-2.1960556
g0437547-425854,1,0.675,0.081,0.174,0.071,0.320,0.023,0.475,0.059,2,69.4780833,-42.9816667
g0437562-114051,1,0.700,0.097,0.230,0.089,0.180,0.044,0.400,0.058,3,69.4841667,-11.6808611
g0438042-020257,1,0.775,0.091,-0.020,0.091,0.180,0.053,0.150,0.058,4,69.5175000,-2.0490833
g0438124-691717,1,0.825,0.091,0.024,0.084,0.240,0.048,0.250,0.056,8,69.5517083,-69.2881389
g0438141-320941,1,0.925,0.078,-0.509,0.107,0.620,0.067,0.075,0.055,8,69.5588750,-32.1612500
g0438225-110717,1,1.075,0.028,-0.333,0.053,0.380,0.043,0.025,0.025,5,69.5936250,-11.1214167
g0438580-133653,1,0.425,0.051,-0.245,0.096,0.340,0.057,0.075,0.052,5,69.7417917,-13.6146667
g0439145-742700,1,0.400,0.063,-0.408,0.115,0.300,0.064,-0.125,0.068,2,69.8102917,-74.4500000
g0439315-070551,1,0.425,0.059,0.312,0.074,0.120,0.030,0.425,0.057,5,69.8811667,-7.0974167
g0439589-103920,1,0.100,0.053,0.309,0.146,0.150,0.052,0.450,0.131,5,69.9953333,-10.6556667
g0440238-384250,1,0.375,0.078,-0.170,0.146,0.180,0.085,0.000,0.075,7,70.0993333,-38.7138889
g0440437-364105,1,1.075,0.017,-0.183,0.053,0.380,0.043,0.175,0.030,6,70.1821667,-36.6846111
g0440448-294049,1,0.525,0.070,0.087,0.080,0.120,0.049,0.200,0.057,3,70.1865833,-29.6802222
g0440508-121650,1,0.925,0.062,-0.076,0.059,0.320,0.032,0.225,0.040,9,70.2117083,-12.2805833
g0441032-070347,1,-0.200,0.025,0.171,0.084,0.270,0.040,0.425,0.055,5,70.2632917,-7.0631111
g0441350-123554,1,0.575,0.094,0.240,0.103,0.090,0.040,0.325,0.083,3,70.3958333,-12.5982500
g0441354-294701,1,1.100,0.030,-0.026,0.050,0.240,0.034,0.200,0.028,4,70.3974583,-29.7836389
g0441422-365559,1,1.000,0.023,0.090,0.050,0.090,0.038,0.175,0.025,5,70.4258750,-36.9330000
g0442175-680152,1,0.525,0.072,-0.489,0.126,0.360,0.075,-0.150,0.066,5,70.5728333,-68.0311667
g0442224-441039,1,0.550,0.080,-0.083,0.094,0.300,0.049,0.200,0.058,5,70.5935000,-44.1775000
g0442226-154712,1,0.775,0.058,-0.245,0.072,0.340,0.046,0.075,0.042,9,70.5940833,-15.7867222
g0442237-123753,1,1.175,0.009,-0.483,0.065,0.380,0.048,-0.125,0.028,6,70.5986667,-12.6313056
g0442333-324755,1,0.225,0.044,-0.176,0.124,0.320,0.085,0.125,0.059,7,70.6385833,-32.7985833
g0442427-365115,1,0.125,0.064,-0.102,0.144,0.480,0.057,0.350,0.114,8,70.6777917,-36.8541944
g0442488-393741,2,0.925,0.075,0.054,0.055,0.420,0.029,0.450,0.040,8,70.7035000,-39.6280833
g0443020-091860,1,0.600,0.064,-0.108,0.059,0.460,0.031,0.325,0.041,10,70.7582500,-9.3165278
g0443129-154210,1,0.800,0.065,-0.139,0.066,0.440,0.033,0.275,0.041,9,70.8038750,-15.7028889
g0443147-443452,1,0.700,0.080,-0.270,0.097,0.180,0.059,-0.100,0.052,4,70.8110833,-44.5810556
g0443232-321739,1,1.075,0.031,-0.221,0.061,0.420,0.043,0.175,0.030,7,70.8468333,-32.2942500
g0443533-155700,1,1.050,0.028,-0.606,0.081,0.590,0.065,-0.050,0.031,10,70.9719583,-15.9501111
g0444225-154926,1,1.075,0.028,-0.058,0.044,0.380,0.032,0.300,0.024,9,71.0939167,-15.8239167
g0444374-155524,1,1.050,0.030,-0.302,0.047,0.480,0.030,0.150,0.027,9,71.1559583,-15.9232500
g0445029-274623,1,0.425,0.054,0.147,0.082,0.030,0.054,0.175,0.047,3,71.2618750,-27.7729722
g0445044-160850,1,1.100,0.015,-0.354,0.055,0.270,0.054,-0.100,0.030,8,71.2682917,-16.1473333
g0445051-442240,1,0.525,0.097,0.215,0.099,0.090,0.047,0.300,0.081,7,71.2710833,-44.3778333
g0445131-150652,1,0.575,0.068,0.117,0.067,0.300,0.030,0.400,0.049,4,71.3046667,-15.1144167
g0445137-155315,1,0.625,0.096,0.230,0.093,0.180,0.037,0.400,0.071,5,71.3070833,-15.8875833
g0445360-160606,1,1.125,0.015,-0.552,0.061,0.480,0.052,-0.100,0.024,10,71.3998750,-16.1016111
g0445382-150558,1,0.725,0.164,-0.076,0.159,0.240,0.090,0.150,0.097,8,71.4092917,-15.0993889
g0445421-393258,1,0.400,0.167,0.130,0.231,0.180,0.098,0.300,0.169,10,71.4255833,-39.5495278
g0445495-213937,2,0.800,0.133,-0.489,0.160,0.360,0.097,-0.150,0.080,4,71.4561250,-21.6602222
g0445534-050812,1,0.575,0.049,0.015,0.047,0.090,0.035,0.100,0.035,5,71.4724583,-5.1367222
g0446047-222153,1,0.600,0.098,-0.070,0.126,0.180,0.071,0.100,0.072,3,71.5196250,-22.3646944
g0446210-434856,1,1.125,0.028,0.215,0.058,0.090,0.045,0.300,0.039,6,71.5872917,-43.8154167
g0446281-164142,1,0.950,0.071,-0.308,0.071,0.460,0.044,0.125,0.043,4,71.6169583,-16.6948889
g0446409-162922,1,0.350,0.059,-0.402,0.154,0.480,0.104,0.050,0.069,8,71.6703333,-16.4894167
g0446527-391503,1,1.100,0.069,-0.354,0.103,0.270,0.074,-0.100,0.050,5,71.7195000,-39.2507500
g0446548-131410,1,0.600,0.101,-0.804,0.123,0.800,0.077,-0.050,0.083,7,71.7284583,-13.2361944
g0446566-145136,1,0.850,0.091,-0.114,0.085,0.360,0.048,0.225,0.052,5,71.7359167,-14.8600000
g0446567-055857,1,1.175,0.004,-0.126,0.052,0.240,0.034,0.100,0.030,4,71.7362500,-5.9826111
g0446582-162822,1,0.375,0.080,0.102,0.121,0.210,0.059,0.300,0.076,3,71.7422917,-16.4726944
g0447090-162043,1,0.625,0.064,-0.484,0.100,0.620,0.068,0.100,0.055,7,71.7874583,-16.3453333
g0447171-170545,1,0.700,0.103,-0.596,0.161,0.420,0.110,-0.200,0.065,6,71.8212917,-17.0957222
g0448047-142605,1,-0.050,0.058,0.277,0.163,0.210,0.078,0.475,0.103,6,72.0194167,-14.4348056
g0448056-133953,1,0.475,0.068,0.190,0.079,0.090,0.045,0.275,0.054,5,72.0232917,-13.6646389
g0448211-062925,1,0.975,0.072,-0.352,0.079,0.480,0.053,0.100,0.044,8,72.0880000,-6.4903611
g0448212-051508,1,1.175,0.019,-0.439,0.050,0.360,0.041,-0.100,0.028,4,72.0885000,-5.2521389
g0448360-124626,1,0.725,0.068,0.005,0.082,0.340,0.046,0.325,0.047,3,72.1497917,-12.7737500
g0448477-142244,1,0.775,0.080,0.099,0.070,0.240,0.033,0.325,0.049,3,72.1989167,-14.3788056
g0448490-370924,1,0.900,0.126,-0.483,0.095,0.460,0.062,-0.050,0.063,8,72.2039583,-37.1567500
g0448542-265053,1,0.700,0.103,0.187,0.112,0.120,0.053,0.300,0.078,6,72.2257083,-26.8479722
g0449013-064935,1,0.650,0.153,0.105,0.146,0.180,0.063,0.275,0.125,8,72.2553333,-6.8263889
g0449256-180204,1,1.175,0.020,-0.464,0.089,0.360,0.072,-0.125,0.030,9,72.3567917,-18.0345556
g0449401-172918,1,0.575,0.094,-0.148,0.111,0.210,0.052,0.050,0.076,6,72.4170417,-17.4883611
g0449426-024538,1,1.000,0.039,-0.103,0.051,0.030,0.040,-0.075,0.026,6,72.4275833,-2.7605000
g0449436-055356,1,0.250,0.056,0.272,0.123,0.030,0.057,0.300,0.087,5,72.4317500,-5.8988333
g0449446-422549,1,0.550,0.101,-0.154,0.124,0.270,0.073,0.100,0.075,5,72.4356250,-42.4303333
g0449456-131758,1,0.425,0.115,0.030,0.167,0.340,0.065,0.350,0.136,5,72.4401667,-13.2993889
g0450105-550736,1,1.125,0.066,-0.321,0.106,0.420,0.102,0.075,0.095,9,72.5437500,-55.1267778
g0450298-613237,1,0.950,0.069,-0.213,0.070,0.120,0.046,-0.100,0.041,4,72.6242500,-61.5435556
g0450337-053845,1,0.650,0.108,0.018,0.126,0.060,0.076,0.075,0.081,6,72.6402083,-5.6458333
g0450492-163856,1,0.300,0.080,0.115,0.155,0.090,0.086,0.200,0.092,5,72.7051667,-16.6489722
g0450528-305826,1,0.400,0.148,0.203,0.177,-0.030,0.069,0.175,0.125,9,72.7199167,-30.9739722
g0451206-173012,1,1.000,0.040,0.030,0.057,0.180,0.034,0.200,0.033,5,72.8357917,-17.5033889
g0451248-184747,1,1.175,0.106,-0.083,0.133,0.300,0.073,0.200,0.098,9,72.8535000,-18.7962500
g0452123-172430,1,0.650,0.103,0.212,0.102,0.120,0.049,0.325,0.071,6,73.0511250,-17.4082222
g0452198-030621,1,1.000,0.050,-0.201,0.065,0.320,0.042,0.100,0.036,7,73.0824583,-3.1058056
g0452205-193149,1,0.725,0.145,0.218,0.158,0.060,0.067,0.275,0.106,4,73.0855000,-19.5302778
g0452252-033356,1,1.175,0.010,-0.375,0.057,0.000,0.054,-0.375,0.026,9,73.1049167,-3.5655278
g0452312-030622,1,0.950,0.056,-0.079,0.060,0.270,0.034,0.175,0.036,6,73.1298333,-3.1060833
g0452457-554133,1,0.850,0.185,0.284,0.182,0.150,0.101,0.425,0.130,7,73.1903750,-55.6925556
g0452496-434652,1,0.600,0.084,0.093,0.101,0.060,0.051,0.150,0.068,3,73.2066250,-43.7811944
g0452547-152047,1,0.850,0.088,-0.153,0.080,0.030,0.057,-0.125,0.048,2,73.2277500,-15.3464722
g0453045-452448,1,1.100,0.059,-0.314,0.098,0.440,0.066,0.100,0.058,3,73.2687083,-45.4133611
g0453123-132941,1,0.225,0.042,0.343,0.136,0.060,0.052,0.400,0.121,4,73.3010833,-13.4946389
g0453343-175522,1,0.525,0.122,-0.295,0.173,0.340,0.106,0.025,0.106,8,73.3927917,-17.9228333
g0453372-175531,1,0.900,0.104,0.021,0.092,0.270,0.043,0.275,0.063,6,73.4048333,-17.9253333
g0453447-035510,1,0.700,0.092,-0.145,0.100,0.180,0.061,0.025,0.056,5,73.4360833,-3.9195000
g0453486-322624,1,0.675,0.074,-0.179,0.089,0.270,0.047,0.075,0.066,6,73.4523333,-32.4399722
g0453553-182044,1,0.775,0.089,-0.101,0.103,0.240,0.051,0.125,0.066,5,73.4804583,-18.3455000
g0453580-185641,1,1.000,0.071,-0.039,0.074,0.360,0.050,0.300,0.047,6,73.4914583,-18.9447778
g0454137-435226,1,-0.025,0.052,0.230,0.114,0.180,0.048,0.400,0.101,7,73.5571667,-43.8738611
g0454225-535357,1,0.450,0.116,-0.120,0.195,0.340,0.083,0.200,0.138,4,73.5936667,-53.8991389
g0454247-175656,1,0.825,0.097,-0.246,0.089,0.420,0.049,0.150,0.054,7,73.6029583,-17.9489444
g0454347-185712,1,0.750,0.127,-0.114,0.128,0.440,0.067,0.300,0.088,7,73.6445833,-18.9534444
g0454360-012213,1,1.000,0.103,-0.088,0.080,0.120,0.059,0.025,0.062,9,73.6501667,-1.3703333
g0454368-175909,1,0.650,0.131,0.028,0.136,-0.030,0.078,0.000,0.091,6,73.6531667,-17.9858333
g0454429-172709,1,0.500,0.071,0.152,0.084,0.210,0.042,0.350,0.059,1,73.6786667,-17.4524722
g0454434-172718,1,0.775,0.092,-0.173,0.094,0.210,0.060,0.025,0.058,6,73.6807083,-17.4550000
g0454523-180656,1,0.425,0.113,0.105,0.166,0.340,0.048,0.425,0.147,9,73.7177500,-18.1155556
g0455232-182314,1,0.575,0.076,0.177,0.084,0.210,0.045,0.375,0.057,3,73.8466250,-18.3871667
g0455303-314837,1,0.950,0.115,-0.370,0.102,0.340,0.062,-0.050,0.061,9,73.8763750,-31.8101667
g0455311-203609,1,1.150,0.000,-0.327,0.050,0.400,0.038,0.050,0.029,5,73.8794167,-20.6023889
g0455342-201844,1,0.600,0.089,-0.164,0.119,0.360,0.066,0.175,0.073,8,73.8923333,-20.3121944
g0455442-424334,1,0.725,0.099,-0.051,0.118,0.240,0.060,0.175,0.070,4,73.9342917,-42.7260000
g0455444-191429,1,0.850,0.108,0.005,0.104,0.180,0.053,0.175,0.071,6,73.9349167,-19.2413611
g0455501-205202,1,0.925,0.065,-0.079,0.057,0.270,0.036,0.175,0.037,4,73.9587917,-20.8671111
g0456008-540929,1,0.250,0.105,0.472,0.184,0.030,0.067,0.500,0.154,4,74.0031250,-54.1580000
g0456101-191734,1,0.350,0.083,-0.026,0.124,0.320,0.055,0.275,0.088,9,74.0420833,-19.2927500
g0456111-405603,1,1.125,0.044,-0.028,0.081,0.030,0.057,0.000,0.051,6,74.0461250,-40.9342778
g0456163-202352,1,1.000,0.085,-0.321,0.098,0.420,0.057,0.075,0.058,5,74.0677500,-20.3977222
g0456185-195840,1,1.150,0.015,-0.446,0.057,0.420,0.045,-0.050,0.028,5,74.0769167,-19.9777222
g0456243-630639,1,0.400,0.067,-0.307,0.104,0.060,0.069,-0.250,0.063,7,74.1010417,-63.1107778
g0456318-152616,1,0.650,0.130,-0.233,0.146,0.300,0.073,0.050,0.091,7,74.1324583,-15.4376944
g0456328-200919,1,0.100,0.045,0.300,0.098,0.000,0.040,0.300,0.079,5,74.1365000,-20.1551944
g0456370-222552,2,0.850,0.113,-0.241,0.110,0.150,0.072,-0.100,0.060,5,74.1541667,-22.4309722
g0456536-181444,1,0.675,0.124,0.196,0.090,0.270,0.035,0.450,0.072,5,74.2235000,-18.2454444
g0457045-181709,1,1.050,0.031,-0.189,0.061,0.440,0.042,0.225,0.031,5,74.2686667,-18.2858333
g0457072-543257,1,0.775,0.116,-0.204,0.124,0.270,0.072,0.050,0.071,4,74.2801667,-54.5492778
g0457115-423705,1,0.650,0.143,-0.003,0.158,0.030,0.076,0.025,0.103,6,74.2977083,-42.6181389
g0457171-151720,1,0.700,0.059,0.287,0.053,0.120,0.035,0.400,0.031,1,74.3211250,-15.2890000
g0457209-111448,1,0.450,0.115,0.277,0.131,0.210,0.043,0.475,0.115,9,74.3372083,-11.2465556
g0457230-221302,1,0.700,0.116,0.002,0.122,0.210,0.059,0.200,0.078,3,74.3459167,-22.2172222
g0457305-200225,1,0.800,0.076,-0.126,0.086,0.240,0.056,0.100,0.056,6,74.3771250,-20.0402500
g0457327-010722,1,1.175,0.024,-0.354,0.052,0.270,0.045,-0.100,0.032,4,74.3863333,-1.1228056
g0457445-151358,1,0.600,0.061,0.030,0.070,0.180,0.039,0.200,0.049,1,74.4355417,-15.2327778
g0457499-381960,1,0.450,0.212,0.021,0.271,0.270,0.115,0.275,0.223,10,74.4579167,-38.3331944
g0458126-050933,1,0.450,0.070,-0.051,0.090,0.240,0.049,0.175,0.057,4,74.5522917,-5.1591667
g0458333-003312,1,0.975,0.042,-0.045,0.066,0.340,0.043,0.275,0.040,4,74.6386667,-0.5532222
g0458471-213410,1,0.575,0.074,-0.145,0.089,0.180,0.054,0.025,0.055,5,74.6960833,-21.5694167
g0458473-214344,1,0.950,0.089,-0.254,0.098,0.270,0.079,0.000,0.073,10,74.6970417,-21.7287778
g0458546-002920,1,0.800,0.106,0.180,0.087,0.180,0.038,0.350,0.066,4,74.7275417,-0.4889167
g0459138-264127,1,1.150,0.026,-0.423,0.099,0.210,0.083,-0.225,0.037,8,74.8076667,-26.6907778
g0459292-160135,1,0.600,0.072,-0.208,0.097,0.380,0.056,0.150,0.055,6,74.8715000,-16.0262500
g0459319-154925,1,1.025,0.029,0.005,0.046,0.180,0.036,0.175,0.025,6,74.8828333,-15.8236667
g0459333-181217,1,0.525,0.086,0.209,0.106,0.150,0.048,0.350,0.076,3,74.8888750,-18.2048056
g0459344-574206,1,0.450,0.086,-0.283,0.133,0.460,0.086,0.150,0.080,5,74.8932917,-57.7016389
g0459346-001538,1,1.175,0.004,-0.245,0.056,0.340,0.046,0.075,0.027,4,74.8942917,-0.2604167
g0459371-234849,1,0.375,0.138,0.538,0.175,-0.120,0.076,0.425,0.146,7,74.9047500,-23.8134722
g0459530-120212,1,0.950,0.046,0.080,0.050,0.180,0.033,0.250,0.030,3,74.9709167,-12.0366944
g0459591-172735,1,0.850,0.086,-0.066,0.090,0.150,0.050,0.075,0.055,2,74.9964167,-17.4598056
g0500058-172900,1,0.225,0.063,-0.049,0.134,-0.240,0.063,-0.275,0.102,3,75.0239583,-17.4833889
g0500096-232054,1,0.375,0.095,0.313,0.164,-0.120,0.078,0.200,0.111,5,75.0400000,-23.3482778
g0500097-222709,1,0.550,0.027,0.184,0.096,0.150,0.074,0.325,0.042,10,75.0402917,-22.4525833
g0500146-221116,1,0.475,0.129,-0.153,0.224,0.030,0.135,-0.125,0.113,9,75.0608750,-22.1876944
g0500186-181911,1,0.900,0.125,0.018,0.127,0.060,0.068,0.075,0.081,6,75.0775833,-18.3195833
g0500247-211407,1,1.000,0.061,-0.327,0.095,0.400,0.073,0.050,0.045,8,75.1030833,-21.2351944
g0500254-211431,1,0.650,0.119,0.262,0.126,0.120,0.055,0.375,0.087,6,75.1057500,-21.2420556
g0500286-025124,1,0.300,0.107,0.034,0.209,0.150,0.108,0.175,0.146,10,75.1192083,-2.8566111
g0500297-221435,1,1.050,0.172,-0.374,0.212,0.530,0.080,0.125,0.151,10,75.1239167,-22.2430278
g0500359-573855,1,0.925,0.110,-0.020,0.132,0.180,0.075,0.150,0.082,3,75.1495833,-57.6484722
g0500539-202405,1,0.875,0.104,0.018,0.104,0.060,0.057,0.075,0.073,7,75.2244167,-20.4012500
g0500553-132520,1,0.275,0.023,0.093,0.069,0.060,0.041,0.150,0.038,2,75.2304583,-13.4222500
g0500584-082405,1,0.650,0.110,0.407,0.120,-0.060,0.063,0.350,0.085,4,75.2433750,-8.4013611
g0500591-222801,1,0.575,0.073,-0.929,0.087,0.800,0.057,-0.175,0.049,8,75.2461250,-22.4670000
g0501024-181716,1,0.850,0.105,0.115,0.097,0.090,0.048,0.200,0.068,5,75.2601250,-18.2876389
g0501076-215136,1,1.075,0.033,-0.016,0.069,0.150,0.054,0.125,0.039,10,75.2817917,-21.8598611
g0501079-234428,1,0.900,0.085,-0.076,0.086,0.240,0.045,0.150,0.058,4,75.2830000,-23.7409722
g0501097-224858,1,0.175,0.032,-0.071,0.095,0.420,0.038,0.325,0.085,5,75.2905833,-22.8160278
g0501185-223952,1,-0.050,0.055,0.285,0.132,-0.090,0.084,0.200,0.096,10,75.3270417,-22.6643611
g0501200-163904,1,0.600,0.070,-0.076,0.084,0.240,0.050,0.150,0.060,6,75.3331250,-16.6511944
g0501294-191740,1,0.700,0.076,-0.007,0.107,0.060,0.064,0.050,0.063,5,75.3725417,-19.2945278
g0501302-230651,1,0.225,0.032,-0.164,0.087,0.360,0.070,0.175,0.053,6,75.3759167,-23.1141111
g0501308-443941,1,0.350,0.106,0.138,0.176,-0.120,0.091,0.025,0.111,10,75.3784167,-44.6613611
g0501353-234447,1,0.725,0.115,-0.041,0.113,0.150,0.057,0.100,0.072,2,75.3971250,-23.7462778
g0501361-225606,1,1.175,0.017,-0.416,0.084,0.150,0.076,-0.275,0.033,3,75.4005417,-22.9350833
g0501382-224317,1,0.550,0.127,0.683,0.130,-0.300,0.044,0.400,0.121,9,75.4092917,-22.7215000
g0501398-091553,1,1.050,0.030,-0.251,0.065,0.320,0.040,0.050,0.037,5,75.4158333,-9.2646667
g0501427-150947,1,1.025,0.029,-0.608,0.060,0.460,0.052,-0.175,0.037,7,75.4277500,-15.1631389
g0501452-152656,1,1.125,0.041,0.060,0.070,-0.090,0.054,-0.025,0.043,10,75.4384167,-15.4487500
g0501454-152550,1,0.325,0.086,-0.101,0.202,0.320,0.081,0.200,0.159,6,75.4390417,-15.4306667
g0501487-121424,1,0.700,0.077,-0.064,0.107,0.360,0.055,0.275,0.066,6,75.4529583,-12.2400833
g0501499-250410,1,0.825,0.095,-0.145,0.087,0.340,0.044,0.175,0.054,1,75.4580000,-25.0694167
g0501548-031746,1,0.725,0.092,0.071,0.079,0.270,0.048,0.325,0.049,7,75.4784583,-3.2962222
g0501556-164855,1,0.850,0.126,-0.208,0.124,0.460,0.065,0.225,0.080,10,75.4816667,-16.8151944
g0501560-215441,1,0.750,0.137,-0.339,0.147,0.360,0.087,0.000,0.100,10,75.4832917,-21.9112500
g0501597-445249,1,1.150,0.039,-0.416,0.084,0.150,0.076,-0.275,0.036,9,75.4988333,-44.8802778
g0502007-210813,1,1.125,0.004,-0.570,0.042,0.340,0.036,-0.250,0.019,2,75.5029167,-21.1369722
g0502026-534848,1,0.725,0.145,-0.004,0.141,0.270,0.074,0.250,0.095,3,75.5107500,-53.8132778
g0502048-172827,1,1.175,0.005,-0.558,0.057,0.300,0.051,-0.275,0.023,3,75.5200417,-17.4742500
g0502150-245046,1,0.425,0.094,0.270,0.140,-0.180,0.074,0.100,0.091,3,75.5624583,-24.8462222
g0502177-302717,1,0.475,0.087,0.077,0.114,0.210,0.054,0.275,0.078,6,75.5739167,-30.4546667
g0502281-122546,1,1.100,0.038,-0.216,0.066,0.150,0.057,-0.075,0.031,5,75.6171667,-12.4293056
g0502283-114401,1,0.525,0.098,-0.129,0.129,0.270,0.074,0.125,0.072,5,75.6178333,-11.7334722
g0502294-121814,1,0.750,0.130,0.127,0.132,0.210,0.055,0.325,0.092,5,75.6225833,-12.3040000
g0502325-221509,1,0.250,0.071,0.403,0.176,-0.030,0.056,0.375,0.160,7,75.6353333,-22.2526111
g0502369-444514,1,0.425,0.122,-0.014,0.193,0.440,0.069,0.400,0.148,7,75.6537083,-44.7539167
g0502374-205522,1,0.250,0.051,0.018,0.148,0.060,0.093,0.075,0.081,6,75.6557917,-20.9228333
g0502451-253213,1,0.550,0.123,0.028,0.130,-0.030,0.070,0.000,0.084,5,75.6879583,-25.5368056
g0502542-202159,1,0.925,0.066,-0.001,0.061,0.240,0.034,0.225,0.040,1,75.7260000,-20.3663889
g0503027-240941,1,0.825,0.091,-0.731,0.151,0.590,0.109,-0.175,0.060,8,75.7612917,-24.1615000
g0503101-240002,1,0.175,0.065,0.155,0.159,0.180,0.067,0.325,0.124,6,75.7922500,-24.0006667
g0503102-201621,1,0.325,0.070,0.067,0.130,0.380,0.039,0.425,0.115,8,75.7924167,-20.2724444
g0503132-224959,1,0.250,0.022,0.337,0.072,0.120,0.028,0.450,0.061,3,75.8048750,-22.8331111
g0503135-212010,1,0.625,0.151,0.224,0.149,0.240,0.050,0.450,0.117,4,75.8061250,-21.3361667
g0503224-211332,1,0.700,0.104,-0.227,0.136,0.400,0.075,0.150,0.080,4,75.8434583,-21.2254722
g0503234-201841,1,0.750,0.094,-0.101,0.100,0.240,0.055,0.125,0.058,5,75.8475417,-20.3114167
g0503263-200236,1,0.675,0.056,0.084,0.074,0.150,0.043,0.225,0.046,1,75.8596250,-20.0432222
g0503506-233060,1,0.300,0.043,-0.331,0.118,0.590,0.081,0.225,0.052,9,75.9609167,-23.5166389
g0503512-162600,1,1.025,0.090,0.450,0.089,0.000,0.054,0.450,0.057,7,75.9634583,-16.4334167
g0503578-240032,1,0.850,0.104,-0.151,0.110,0.320,0.063,0.150,0.065,8,75.9910000,-24.0088056
g0504067-572659,1,0.450,0.090,0.268,0.115,0.060,0.045,0.325,0.087,2,76.0277083,-57.4498056
g0504074-234512,1,0.250,0.056,-0.669,0.155,0.710,0.090,0.000,0.086,8,76.0307083,-23.7534167
g0504224-190225,1,1.175,0.025,-0.357,0.058,0.060,0.066,-0.300,0.041,10,76.0932083,-19.0402500
g0504229-433753,1,0.350,0.123,0.268,0.216,0.060,0.099,0.325,0.153,8,76.0955833,-43.6312778
g0504324-250850,1,0.725,0.104,0.177,0.088,0.210,0.038,0.375,0.066,4,76.1347917,-25.1472778
g0504443-203329,1,1.025,0.062,-0.308,0.079,0.300,0.070,-0.025,0.046,6,76.1844167,-20.5579444
g0504446-251040,1,0.375,0.084,0.117,0.130,0.380,0.045,0.475,0.118,7,76.1856667,-25.1776944
g0504456-205556,1,0.800,0.111,0.237,0.100,0.120,0.051,0.350,0.068,7,76.1900833,-20.9322778
g0504503-371311,1,0.775,0.095,0.297,0.097,0.030,0.048,0.325,0.061,9,76.2093750,-37.2198056
g0504539-380631,1,0.825,0.111,-0.213,0.117,0.120,0.067,-0.100,0.069,5,76.2246667,-38.1085833
g0504580-811839,1,0.900,0.109,-0.263,0.109,0.120,0.061,-0.150,0.064,5,76.2417917,-81.3106944
g0504600-251233,1,0.150,0.062,-0.021,0.177,0.420,0.067,0.375,0.134,5,76.2497917,-25.2091944
g0505044-154543,1,1.125,0.029,-0.506,0.084,0.590,0.060,0.050,0.035,7,76.2682917,-15.7619167
g0505179-242124,1,0.350,0.066,-0.126,0.141,0.240,0.083,0.100,0.076,4,76.3246250,-24.3567222
g0505180-090850,1,0.525,0.070,0.368,0.072,0.060,0.034,0.425,0.052,7,76.3251250,-9.1472500
g0505364-241953,1,0.925,0.090,-0.276,0.083,0.320,0.050,0.025,0.051,3,76.4015417,-24.3314722
g0505399-234449,1,0.825,0.089,-0.079,0.082,0.270,0.043,0.175,0.055,3,76.4161250,-23.7469444
g0505492-283519,1,0.700,0.084,-0.027,0.079,0.400,0.036,0.350,0.056,5,76.4550833,-28.5887222
g0505531-283660,1,1.175,0.035,-0.107,0.064,0.060,0.051,-0.050,0.041,4,76.4713750,-28.6165278
g0505570-242626,1,0.425,0.092,0.024,0.126,0.320,0.057,0.325,0.092,7,76.4876250,-24.4406667
g0506097-450250,1,0.475,0.067,0.140,0.075,0.090,0.046,0.225,0.050,4,76.5402917,-45.0471111
g0506166-211115,1,0.575,0.079,-0.151,0.101,0.320,0.056,0.150,0.060,6,76.5689583,-21.1875556
g0506333-173509,1,1.125,0.000,-0.151,0.037,0.240,0.027,0.075,0.023,2,76.6385833,-17.5858333
g0506387-165959,1,0.650,0.071,0.130,0.082,0.180,0.042,0.300,0.052,4,76.6610833,-16.9996944
g0506457-175029,1,0.425,0.056,-0.048,0.086,0.210,0.052,0.150,0.051,8,76.6902500,-17.8414167
g0506478-280901,1,0.475,0.105,0.302,0.103,0.210,0.042,0.500,0.101,7,76.6991250,-28.1503889
g0506482-213308,1,0.250,0.059,0.200,0.145,0.000,0.075,0.200,0.091,6,76.7009583,-21.5521389
g0506510-202043,1,0.700,0.085,0.243,0.077,0.060,0.035,0.300,0.060,5,76.7122917,-20.3451944
g0506573-730454,1,0.825,0.133,-0.301,0.155,0.320,0.097,0.000,0.086,2,76.7386667,-73.0817500
g0507055-342740,1,0.800,0.167,0.350,0.135,0.000,0.073,0.350,0.094,10,76.7728750,-34.4610278
g0507080-195406,1,1.000,0.068,0.025,0.074,0.000,0.050,0.025,0.041,6,76.7833750,-19.9015556
g0507088-164054,1,1.075,0.021,-0.201,0.056,0.240,0.042,0.025,0.030,9,76.7865417,-16.6816111
g0507107-585433,1,1.125,0.053,-0.185,0.086,0.090,0.063,-0.100,0.045,3,76.7943750,-58.9090278
g0507353-230401,1,0.800,0.073,0.002,0.056,0.210,0.030,0.200,0.041,3,76.8968750,-23.0669722
g0507371-195138,1,0.800,0.103,0.012,0.099,0.120,0.055,0.125,0.062,7,76.9047500,-19.8606389
g0507395-193254,1,0.800,0.116,-0.039,0.078,0.440,0.033,0.375,0.062,4,76.9146250,-19.5484167
g0507396-201631,1,0.650,0.107,0.328,0.105,-0.030,0.045,0.300,0.082,8,76.9147917,-20.2752222
g0507408-280447,1,0.250,0.094,-0.227,0.161,0.400,0.091,0.150,0.104,6,76.9198750,-28.0796111
g0507446-075809,1,0.300,0.048,0.088,0.102,-0.120,0.058,-0.025,0.058,6,76.9359167,-7.9692778
g0507577-710707,1,1.175,0.080,-0.975,0.138,0.770,0.101,-0.250,0.071,6,76.9902500,-71.1187222
g0507597-220840,1,1.150,0.015,-0.101,0.048,0.240,0.038,0.125,0.025,6,76.9987500,-22.1443889
g0508057-201105,1,0.975,0.061,-0.470,0.076,0.340,0.055,-0.150,0.042,4,77.0237500,-20.1846389
g0508088-220732,1,0.675,0.069,-0.070,0.079,0.180,0.041,0.100,0.053,5,77.0366667,-22.1255278
g0508183-194960,1,0.400,0.074,0.118,0.121,0.060,0.054,0.175,0.076,5,77.0761667,-19.8333056
g0508401-153644,1,0.225,0.065,0.011,0.195,0.440,0.070,0.425,0.164,7,77.1668750,-15.6123056
g0508412-181227,1,0.725,0.102,-0.364,0.110,0.440,0.058,0.050,0.064,8,77.1718333,-18.2075000
g0508427-291634,1,0.900,0.107,-0.373,0.128,0.210,0.086,-0.175,0.063,8,77.1780833,-29.2759722
g0508489-200732,1,0.450,0.076,-0.426,0.138,0.320,0.085,-0.125,0.075,5,77.2035417,-20.1256111
g0508494-224824,1,0.175,0.049,0.197,0.118,0.030,0.051,0.225,0.092,2,77.2056667,-22.8067222
g0508515-182809,1,1.100,0.040,-0.063,0.087,0.120,0.044,0.050,0.058,10,77.2146250,-18.4692222
g0508529-291505,1,0.200,0.035,0.203,0.076,-0.030,0.045,0.175,0.050,3,77.2204583,-29.2512500
g0509022-201520,1,1.075,0.019,-0.170,0.043,0.180,0.031,0.000,0.026,2,77.2592917,-20.2555556
g0509201-181155,1,0.675,0.134,0.185,0.157,-0.090,0.085,0.100,0.095,5,77.3336250,-18.1985278
g0509255-334729,1,1.175,0.029,-0.166,0.067,0.150,0.051,-0.025,0.042,8,77.3562083,-33.7913056
g0509329-202255,1,0.475,0.086,0.052,0.114,0.210,0.063,0.250,0.067,6,77.3870000,-20.3820556
g0509561-002847,1,0.975,0.064,-0.141,0.090,0.150,0.066,0.000,0.052,4,77.4835417,-0.4798333
g0510068-243733,1,0.750,0.132,-0.201,0.140,0.240,0.072,0.025,0.082,7,77.5284167,-24.6258333
g0510080-004913,1,0.800,0.128,-0.098,0.112,0.210,0.068,0.100,0.073,4,77.5333750,-0.8202500
g0510092-005647,1,1.150,0.026,-0.273,0.084,0.210,0.068,-0.075,0.044,3,77.5385000,-0.9463611
g0510125-163433,1,0.800,0.131,0.222,0.123,0.030,0.053,0.250,0.090,5,77.5522500,-16.5758333
g0510161-181906,1,0.950,0.091,0.482,0.064,-0.060,0.035,0.425,0.044,5,77.5670000,-18.3183333
g0510181-181807,1,0.625,0.166,0.332,0.148,-0.060,0.067,0.275,0.113,7,77.5753750,-18.3018889
g0510341-192708,1,0.475,0.059,0.012,0.086,0.120,0.048,0.125,0.054,6,77.6420417,-19.4522778
g0511004-084005,1,0.800,0.109,0.243,0.107,0.060,0.053,0.300,0.068,3,77.7518333,-8.6680833
g0511011-162041,1,0.825,0.102,-0.154,0.093,0.270,0.046,0.100,0.060,6,77.7546250,-16.3447222
g0511048-131731,1,0.925,0.100,0.002,0.097,0.210,0.049,0.200,0.066,10,77.7700417,-13.2918611
g0511086-190835,1,1.175,0.033,-0.942,0.120,0.650,0.096,-0.330,0.041,8,77.7859583,-19.1430556
g0511096-294859,1,0.800,0.099,-0.204,0.114,0.270,0.072,0.050,0.064,2,77.7900833,-29.8162778
g0511263-165321,1,0.600,0.074,-0.026,0.089,0.240,0.047,0.200,0.054,3,77.8597500,-16.8892500
g0511312-003510,1,0.850,0.074,0.005,0.071,0.180,0.050,0.175,0.041,4,77.8799167,-0.5860000
g0511338-150126,1,0.350,0.120,0.448,0.183,-0.210,0.075,0.250,0.153,10,77.8907500,-15.0239444
g0511421-191045,1,0.725,0.094,-0.070,0.109,0.180,0.061,0.100,0.063,8,77.9252500,-19.1791944
g0511430-272445,1,1.175,0.025,-0.649,0.097,0.530,0.079,-0.150,0.036,5,77.9290833,-27.4124444
g0511465-170542,1,1.175,0.013,-0.058,0.045,0.300,0.038,0.225,0.029,6,77.9437083,-17.0949444
g0511465-175011,1,0.150,0.046,-0.073,0.150,0.210,0.092,0.125,0.075,4,77.9438750,-17.8363889
g0511517-561349,1,1.175,0.047,-0.097,0.099,-0.030,0.089,-0.125,0.045,3,77.9655833,-56.2302222
g0511527-270823,1,0.600,0.071,0.155,0.102,0.180,0.052,0.325,0.063,4,77.9695000,-27.1395833
g0512063-192025,1,1.175,0.296,-0.251,0.201,0.240,0.097,-0.025,0.196,9,78.0261667,-19.3402500
g0512080-265956,1,0.550,0.083,0.012,0.108,0.120,0.060,0.125,0.067,8,78.0335000,-26.9990000
g0512133-160957,1,0.450,0.091,0.368,0.112,0.060,0.047,0.425,0.087,10,78.0553750,-16.1658889
g0512259-100409,1,0.500,0.093,-0.007,0.107,0.060,0.059,0.050,0.068,3,78.1078750,-10.0690556
g0512270-191419,1,1.000,0.085,-0.026,0.088,0.320,0.056,0.275,0.056,7,78.1124583,-19.2385278
g0512289-075357,1,0.800,0.118,-0.489,0.162,0.440,0.105,-0.075,0.076,6,78.1202500,-7.8990278
g0512311-722937,1,0.350,0.120,-0.251,0.242,0.320,0.124,0.050,0.152,4,78.1296250,-72.4935833
g0512343-181742,1,0.975,0.060,-0.289,0.086,0.440,0.048,0.125,0.052,9,78.1428333,-18.2949167
g0512444-232713,1,1.025,0.040,-0.083,0.051,0.300,0.030,0.200,0.036,7,78.1849167,-23.4535833
g0512473-021349,1,0.975,0.063,-0.041,0.078,0.150,0.054,0.100,0.044,1,78.1971250,-2.2303333
g0512503-240755,2,0.250,0.029,-0.183,0.105,0.300,0.073,0.100,0.046,6,78.2093750,-24.1320556
g0512534-232645,1,1.025,0.034,-0.148,0.060,0.210,0.047,0.050,0.036,5,78.2225833,-23.4457778
g0512556-532413,1,1.175,0.049,-0.684,0.119,0.620,0.087,-0.100,0.051,5,78.2316250,-53.4036944
g0512576-191716,1,0.675,0.098,0.315,0.099,0.090,0.050,0.400,0.068,4,78.2397917,-19.2878333
g0513022-531957,1,1.175,0.026,-0.308,0.088,0.300,0.064,-0.025,0.054,8,78.2590000,-53.3325833
g0513087-193805,1,0.250,0.053,0.309,0.122,0.150,0.043,0.450,0.106,9,78.2860833,-19.6346667
g0513184-221333,1,0.150,0.065,0.360,0.160,-0.090,0.061,0.275,0.131,7,78.3266667,-22.2257500
g0513353-173855,1,0.950,0.078,-0.151,0.076,0.320,0.049,0.150,0.043,3,78.3971667,-17.6486111
g0513391-281008,1,0.775,0.113,0.105,0.104,0.180,0.050,0.275,0.067,3,78.4127500,-28.1687778
g0513399-073828,1,0.575,0.104,-0.035,0.114,0.090,0.061,0.050,0.085,7,78.4160833,-7.6410278
g0513555-083501,1,0.075,0.062,0.616,0.148,-0.150,0.071,0.475,0.139,9,78.4814167,-8.5835000
g0514063-171051,1,0.375,0.060,0.030,0.099,0.180,0.059,0.200,0.059,6,78.5262083,-17.1809444
g0514099-480253,1,0.225,0.062,-0.179,0.190,0.270,0.125,0.075,0.089,4,78.5411667,-48.0479167
g0514102-060853,1,0.700,0.126,-0.478,0.162,0.030,0.091,-0.450,0.127,5,78.5425417,-6.1480000
g0514195-234227,1,0.425,0.086,0.037,0.118,0.120,0.061,0.150,0.083,2,78.5812917,-23.7075278
g0514316-475924,1,1.050,0.027,-0.252,0.078,0.400,0.057,0.125,0.035,9,78.6318333,-47.9900833
g0514360-452758,1,0.750,0.134,0.100,0.147,0.000,0.078,0.100,0.092,4,78.6501250,-45.4661111
g0514364-234826,1,0.250,0.059,0.002,0.139,0.210,0.068,0.200,0.092,6,78.6518333,-23.8073056
g0514388-234434,1,0.200,0.068,0.350,0.170,0.000,0.062,0.350,0.139,7,78.6617917,-23.7426389
g0514427-104635,1,0.450,0.098,0.200,0.124,0.000,0.061,0.200,0.083,3,78.6780417,-10.7763056
g0514431-611125,1,0.900,0.107,0.068,0.115,0.060,0.066,0.125,0.081,6,78.6797500,-61.1903333
g0514535-033008,1,0.700,0.145,0.082,0.143,-0.060,0.078,0.025,0.096,3,78.7228333,-3.5021667
g0515012-460857,1,0.400,0.151,-0.324,0.157,0.530,0.090,0.175,0.083,10,78.7547917,-46.1491944
g0515138-223301,1,0.675,0.056,0.096,0.052,0.270,0.035,0.350,0.034,5,78.8076250,-22.5502778
g0515146-042407,1,1.175,0.017,-0.321,0.072,0.500,0.054,0.150,0.034,9,78.8109167,-4.4020278
g0515158-280504,1,0.375,0.061,-0.020,0.103,0.180,0.056,0.150,0.067,2,78.8158333,-28.0843611
g0515296-184243,1,1.125,0.031,0.187,0.048,0.120,0.041,0.300,0.030,9,78.8732917,-18.7120000
g0515324-620003,1,1.175,0.004,-0.173,0.040,0.210,0.029,0.025,0.024,3,78.8848333,-62.0007222
g0515327-442622,1,0.300,0.061,-0.091,0.130,0.150,0.069,0.050,0.076,2,78.8863750,-44.4394167
g0515342-032207,1,1.125,0.038,-0.201,0.065,0.240,0.046,0.025,0.041,3,78.8922917,-3.3686111
g0515393-563703,1,0.850,0.133,0.021,0.152,0.270,0.077,0.275,0.095,4,78.9136667,-56.6174167
g0515416-481926,1,1.100,0.033,-0.316,0.070,0.150,0.069,-0.175,0.056,10,78.9232500,-48.3239167
g0515531-224423,1,0.550,0.063,-0.091,0.073,0.150,0.045,0.050,0.045,2,78.9712917,-22.7396667
g0516091-540617,1,0.450,0.056,-0.035,0.077,0.090,0.043,0.050,0.054,2,79.0378750,-54.1046667
g0516100-734029,1,0.700,0.148,-0.022,0.141,-0.030,0.072,-0.050,0.090,2,79.0417500,-73.6747778
g0516115-203556,1,0.775,0.151,-0.345,0.200,0.180,0.123,-0.175,0.098,9,79.0478750,-20.5990000
g0516203-231444,1,0.950,0.051,-0.151,0.061,0.240,0.041,0.075,0.040,3,79.0844167,-23.2454167
g0516206-212959,1,0.600,0.127,-0.439,0.176,0.440,0.117,-0.025,0.108,9,79.0856250,-21.4997500
g0516332-414307,1,0.925,0.119,-0.395,0.149,0.340,0.090,-0.075,0.081,6,79.1384167,-41.7186389
g0516522-164720,1,1.075,0.069,0.218,0.082,0.060,0.052,0.275,0.045,8,79.2174583,-16.7889722
g0517002-164524,1,1.000,0.079,0.087,0.093,0.120,0.048,0.200,0.059,4,79.2508750,-16.7567222
g0517079-540401,1,0.825,0.111,-0.270,0.109,0.180,0.057,-0.100,0.067,3,79.2829583,-54.0670278
g0517084-182625,1,0.450,0.118,0.112,0.147,0.120,0.080,0.225,0.102,8,79.2851250,-18.4401667
g0517126-115501,1,0.675,0.148,-0.233,0.195,0.300,0.120,0.050,0.112,8,79.3023750,-11.9170556
g0517262-623635,1,0.400,0.095,0.078,0.158,-0.030,0.080,0.050,0.095,7,79.3590833,-62.6095833
g0517281-461248,1,0.975,0.138,0.237,0.145,0.120,0.076,0.350,0.099,7,79.3672083,-46.2133611
g0517578-122645,1,1.000,0.044,-0.669,0.088,0.360,0.088,-0.330,0.043,7,79.4910000,-12.4457778
g0517599-335444,1,0.800,0.096,-0.245,0.098,0.180,0.066,-0.075,0.055,2,79.4996667,-33.9121944
g0518136-723450,1,0.700,0.149,-0.403,0.218,0.560,0.123,0.125,0.118,5,79.5567917,-72.5805556
g0518157-245517,1,0.550,0.060,-0.045,0.082,0.180,0.044,0.125,0.052,4,79.5654583,-24.9213889
g0518166-153247,1,1.175,0.000,-0.308,0.057,0.380,0.047,0.050,0.031,8,79.5690417,-15.5463333
g0518187-211940,1,0.550,0.109,-0.116,0.127,0.150,0.070,0.025,0.081,4,79.5779167,-21.3276944
g0518259-173135,1,1.050,0.028,-0.126,0.057,0.240,0.045,0.100,0.026,8,79.6078750,-17.5262778
g0518311-133201,1,0.250,0.065,0.213,0.176,-0.120,0.108,0.100,0.103,5,79.6297083,-13.5336667
g0518450-363804,1,0.875,0.132,0.199,0.103,0.240,0.042,0.425,0.073,7,79.6876667,-36.6343611
g0518486-183931,1,0.575,0.122,0.334,0.132,0.150,0.052,0.475,0.107,6,79.7022917,-18.6585000
g0519010-162929,1,0.525,0.113,0.142,0.121,0.300,0.048,0.425,0.094,5,79.7540833,-16.4914444
g0519033-260121,1,0.425,0.084,-0.201,0.137,0.240,0.086,0.025,0.080,4,79.7636250,-26.0225556
g0519087-430930,1,0.375,0.091,0.174,0.127,0.240,0.041,0.400,0.114,4,79.7861250,-43.1584444
g0519141-105922,1,0.600,0.133,-0.233,0.175,0.300,0.095,0.050,0.098,10,79.8089167,-10.9893611
g0519182-290124,1,0.325,0.071,0.159,0.094,0.150,0.045,0.300,0.062,4,79.8256667,-29.0233889
g0519184-414102,1,0.675,0.121,-0.145,0.157,0.340,0.084,0.175,0.098,4,79.8264583,-41.6838611
g0519229-244247,1,0.900,0.139,0.057,0.128,-0.060,0.073,0.000,0.077,5,79.8454583,-24.7131667
g0519255-435835,1,0.625,0.114,-0.349,0.145,0.530,0.087,0.150,0.077,5,79.8561250,-43.9762778
g0519263-284215,1,0.675,0.100,-0.151,0.121,0.320,0.060,0.150,0.071,4,79.8597083,-28.7042500
g0519266-245812,1,1.050,0.041,-0.608,0.075,0.460,0.060,-0.175,0.031,4,79.8608333,-24.9698889
g0519278-232116,1,1.000,0.056,-0.395,0.089,0.180,0.067,-0.225,0.043,2,79.8660000,-23.3545000
g0519386-614421,1,0.975,0.070,-0.245,0.091,0.180,0.063,-0.075,0.045,9,79.9108750,-61.7392222
g0519449-250352,1,0.500,0.096,0.011,0.105,0.440,0.034,0.425,0.090,3,79.9369583,-25.0643333
g0519558-303831,1,1.150,0.044,-0.470,0.099,0.340,0.081,-0.150,0.035,9,79.9826667,-30.6419167
g0519562-251033,1,0.650,0.070,0.068,0.090,0.060,0.054,0.125,0.055,6,79.9843333,-25.1759167
g0520006-535613,1,0.725,0.114,0.002,0.135,0.210,0.070,0.200,0.084,2,80.0024583,-53.9370000
g0520040-251959,1,0.650,0.094,0.002,0.115,0.210,0.064,0.200,0.072,5,80.0167083,-25.3330833
g0520065-225047,1,0.550,0.085,0.397,0.107,0.030,0.044,0.425,0.078,4,80.0271667,-22.8462778
g0520087-213807,1,0.350,0.082,0.043,0.163,0.060,0.085,0.100,0.091,7,80.0363333,-21.6352222
g0520134-291102,1,0.175,0.036,0.162,0.096,0.120,0.038,0.275,0.075,3,80.0560000,-29.1840000
g0520135-255358,1,1.050,0.041,-0.204,0.062,0.270,0.050,0.050,0.037,4,80.0562917,-25.8995556
g0520152-254248,1,0.700,0.126,-0.078,0.145,0.030,0.076,-0.050,0.086,8,80.0634583,-25.7133889
g0520160-245003,1,0.375,0.070,0.005,0.111,0.180,0.058,0.175,0.067,3,80.0665833,-24.8340556
g0520253-251353,1,0.975,0.059,-0.108,0.068,0.300,0.039,0.175,0.038,4,80.1055417,-25.2313333
g0520312-201555,1,0.325,0.065,0.090,0.121,0.090,0.070,0.175,0.068,5,80.1299167,-20.2653333
g0520376-455952,1,0.975,0.093,-0.291,0.115,0.150,0.071,-0.150,0.063,9,80.1566250,-45.9977500
g0520437-414618,1,0.750,0.152,0.065,0.171,0.090,0.072,0.150,0.121,3,80.1818750,-41.7716944
g0520465-174655,1,0.500,0.138,0.184,0.187,0.150,0.066,0.325,0.147,7,80.1939167,-17.7819722
g0520514-251035,1,0.700,0.082,-0.145,0.098,0.180,0.054,0.025,0.060,3,80.2140417,-25.1763611
g0520539-612405,1,0.625,0.075,0.228,0.090,-0.030,0.047,0.200,0.061,4,80.2244583,-61.4012500
g0520581-221858,1,1.000,0.051,-0.198,0.068,0.210,0.041,0.000,0.040,4,80.2420000,-22.3160833
g0520596-191243,1,1.175,0.068,-0.557,0.115,0.060,0.084,-0.500,0.059,6,80.2483333,-19.2119444
g0521032-165804,1,1.125,0.127,-0.173,0.137,0.210,0.064,0.025,0.086,10,80.2635000,-16.9678333
g0521080-521352,1,0.400,0.078,0.134,0.134,0.150,0.066,0.275,0.084,4,80.2831667,-52.2311667
g0521277-144935,1,1.175,0.061,-0.358,0.090,0.460,0.062,0.075,0.054,10,80.3654167,-14.8262778
g0521285-212433,1,0.650,0.063,0.024,0.071,0.240,0.037,0.250,0.048,6,80.3687500,-21.4090278
g0521311-212342,1,0.525,0.076,-0.258,0.095,0.300,0.054,0.025,0.058,5,80.3797083,-21.3949444
g0521492-171246,1,0.675,0.117,0.059,0.131,0.150,0.062,0.200,0.089,4,80.4549583,-17.2127222
g0522159-151104,1,1.175,0.044,0.080,0.077,0.180,0.055,0.250,0.036,8,80.5663333,-15.1843611
g0522219-060647,1,0.400,0.089,-0.001,0.128,0.240,0.064,0.225,0.079,4,80.5913750,-6.1129167
g0522253-223933,1,0.350,0.047,0.097,0.081,0.030,0.043,0.125,0.055,2,80.6052917,-22.6592500
g0522268-561811,1,0.650,0.142,-0.364,0.171,0.440,0.100,0.050,0.097,1,80.6116667,-56.3029444
g0522302-150453,1,0.850,0.098,0.075,0.111,0.000,0.061,0.075,0.067,4,80.6256250,-15.0813611
g0522303-170218,1,0.600,0.105,-0.138,0.118,0.120,0.072,-0.025,0.064,3,80.6260833,-17.0382778
g0522323-035627,1,1.175,0.062,-1.055,0.155,0.770,0.116,-0.330,0.067,10,80.6347500,-3.9408056
g0522475-145531,1,0.650,0.128,-1.179,0.204,0.800,0.115,-0.425,0.127,9,80.6977083,-14.9251389
g0522484-154334,1,0.675,0.113,0.413,0.117,-0.120,0.061,0.300,0.080,5,80.7015417,-15.7261111
g0522590-265309,1,0.600,0.057,0.074,0.079,0.240,0.038,0.300,0.051,4,80.7460000,-26.8858889
g0523116-453403,1,0.275,0.065,-0.121,0.140,0.500,0.048,0.350,0.121,8,80.7984583,-45.5675278
g0523202-053846,1,0.525,0.132,-0.408,0.224,0.380,0.141,-0.050,0.107,5,80.8339583,-5.6461111
g0523309-261046,1,0.375,0.071,0.128,0.124,-0.030,0.082,0.100,0.066,5,80.8786250,-26.1794167
g0523332-215658,1,0.425,0.073,0.030,0.102,0.180,0.052,0.200,0.062,2,80.8882917,-21.9495278
g0523380-125923,1,1.050,0.026,0.055,0.072,0.180,0.055,0.225,0.035,7,80.9081667,-12.9897222
g0523381-460941,1,0.675,0.122,0.132,0.142,-0.060,0.090,0.075,0.087,10,80.9085417,-46.1613056
g0523434-010703,1,1.025,0.100,-0.101,0.099,0.320,0.066,0.200,0.059,3,80.9308750,-1.1174444
g0523446-285824,1,0.625,0.097,0.059,0.110,0.150,0.049,0.200,0.079,6,80.9359167,-28.9733611
g0523511-244220,1,0.275,0.071,0.118,0.181,0.060,0.095,0.175,0.111,4,80.9627500,-24.7055833
g0524011-281423,1,0.550,0.106,0.065,0.129,0.090,0.071,0.150,0.081,4,81.0045833,-28.2398056
g0524037-244229,1,0.750,0.127,0.049,0.121,0.240,0.053,0.275,0.088,6,81.0154583,-24.7081667
g0524114-094934,1,0.800,0.144,0.011,0.118,0.440,0.055,0.425,0.078,4,81.0473333,-9.8261667
g0524129-094647,1,0.750,0.113,-0.279,0.119,0.270,0.070,-0.025,0.068,6,81.0538333,-9.7798333
g0524222-475728,1,0.475,0.083,-0.195,0.127,0.340,0.075,0.125,0.070,6,81.0923750,-47.9576667
g0524281-270058,1,0.775,0.111,0.193,0.112,0.060,0.058,0.250,0.073,6,81.1171667,-27.0160556
g0524331-280427,1,0.950,0.090,-0.298,0.097,0.210,0.063,-0.100,0.057,3,81.1377500,-28.0742500
g0524350-105325,1,0.375,0.093,0.135,0.143,-0.090,0.072,0.050,0.094,6,81.1457083,-10.8903056
g0524457-110015,1,0.475,0.098,-0.409,0.146,0.620,0.081,0.175,0.080,8,81.1903333,-11.0042500
g0524495-400132,1,0.175,0.055,0.451,0.146,-0.240,0.062,0.225,0.122,10,81.2061667,-40.0254167
g0524504-482716,1,1.175,0.004,-0.151,0.051,0.240,0.038,0.075,0.025,7,81.2100000,-48.4545556
g0525060-483512,1,0.575,0.232,0.080,0.280,0.180,0.115,0.250,0.201,6,81.2749583,-48.5867222
g0525084-332614,1,0.475,0.111,0.287,0.146,0.120,0.054,0.400,0.123,3,81.2848750,-33.4372222
g0525113-314149,1,1.050,0.035,-0.371,0.062,0.420,0.044,0.025,0.033,6,81.2969583,-31.6969167
g0525278-592253,1,1.175,0.016,0.022,0.091,0.030,0.063,0.050,0.046,7,81.3657083,-59.3812778
g0525347-314352,1,0.225,0.053,-0.324,0.150,0.530,0.085,0.175,0.097,8,81.3944167,-31.7311111
g0525353-313605,1,1.050,0.024,-0.220,0.065,0.340,0.049,0.100,0.032,6,81.3970000,-31.6014722
g0525376-110056,1,0.500,0.124,0.065,0.173,0.090,0.068,0.150,0.131,6,81.4067083,-11.0155278
g0525379-640706,1,0.700,0.110,0.180,0.120,0.180,0.059,0.350,0.079,7,81.4079583,-64.1183056
g0525417-314937,1,1.075,0.064,-0.228,0.083,0.030,0.063,-0.200,0.047,6,81.4236250,-31.8268333
g0525443-332728,1,1.050,0.041,-0.420,0.067,0.340,0.065,-0.100,0.044,9,81.4344167,-33.4578611
g0525472-033457,1,0.950,0.106,-0.429,0.113,0.270,0.076,-0.175,0.059,4,81.4465417,-3.5824167
g0525568-464343,1,1.175,0.000,-0.248,0.036,0.210,0.033,-0.050,0.020,5,81.4866667,-46.7284722
g0526058-741525,1,0.800,0.094,-0.045,0.108,0.180,0.059,0.125,0.066,4,81.5242500,-74.2568611
g0526092-483934,1,0.700,0.130,-0.283,0.154,0.460,0.086,0.150,0.084,9,81.5383750,-48.6593056
g0526128-603446,1,0.600,0.086,0.357,0.101,-0.060,0.049,0.300,0.068,2,81.5534167,-60.5794444
g0526166-061425,1,0.575,0.131,-1.072,0.188,0.740,0.082,-0.375,0.139,7,81.5690417,-6.2403611
g0526177-252343,1,0.250,0.068,0.303,0.153,-0.030,0.059,0.275,0.116,6,81.5735417,-25.3951944
g0526314-145832,1,1.175,0.011,-0.377,0.075,0.400,0.056,0.000,0.032,9,81.6307083,-14.9755556
g0526346-315039,1,1.075,0.034,-0.023,0.061,0.210,0.042,0.175,0.040,6,81.6439583,-31.8440833
g0526367-130805,1,1.075,0.050,-0.252,0.078,0.400,0.058,0.125,0.059,9,81.6527917,-13.1346667
g0526370-240634,1,0.750,0.075,0.053,0.076,-0.030,0.040,0.025,0.049,2,81.6539583,-24.1093889
g0526445-191235,1,0.400,0.059,-0.010,0.096,0.090,0.055,0.075,0.059,4,81.6854167,-19.2098333
g0526521-511436,1,1.175,0.071,-0.899,0.136,0.530,0.100,-0.400,0.061,4,81.7172500,-51.2431944
g0526569-064931,1,1.175,0.006,-0.113,0.088,0.120,0.063,0.000,0.050,5,81.7369167,-6.8252500
g0526595-350347,1,0.650,0.067,-0.170,0.099,0.340,0.061,0.150,0.058,4,81.7477500,-35.0630278
g0527120-591625,1,0.875,0.147,0.110,0.155,-0.090,0.079,0.025,0.101,6,81.7998750,-59.2735278
g0527320-300437,1,0.600,0.120,0.280,0.112,0.180,0.047,0.450,0.094,5,81.8832500,-30.0769444
g0527364-193856,1,1.175,0.038,-0.279,0.094,0.270,0.068,-0.025,0.046,6,81.9017917,-19.6488333
g0528004-205942,1,0.775,0.086,0.097,0.089,0.030,0.043,0.125,0.059,4,82.0016250,-20.9949167
g0528071-120932,1,1.175,0.019,-0.108,0.075,0.380,0.068,0.250,0.030,7,82.0296250,-12.1587500
g0528125-483122,1,0.700,0.083,0.240,0.090,0.090,0.046,0.325,0.058,5,82.0519583,-48.5226389
g0528224-244524,1,0.650,0.111,-0.058,0.141,0.300,0.066,0.225,0.099,4,82.0932500,-24.7567778
g0529105-250225,1,0.875,0.128,0.049,0.112,0.320,0.059,0.350,0.068,4,82.2938333,-25.0402500
g0529135-192758,1,0.425,0.059,0.059,0.089,0.150,0.044,0.200,0.052,4,82.3060417,-19.4660833
g0529291-630203,1,0.400,0.072,-0.107,0.120,0.060,0.071,-0.050,0.071,3,82.3712917,-63.0340556
g0529320-193250,1,1.150,0.004,-0.113,0.045,0.120,0.034,0.000,0.022,4,82.3832500,-19.5472222
g0529389-193343,1,0.425,0.060,-0.183,0.100,0.300,0.054,0.100,0.060,2,82.4121250,-19.5618889
g0529445-832756,1,1.100,0.024,0.102,0.072,0.210,0.055,0.300,0.032,6,82.4352500,-83.4655833
g0529476-210246,1,0.750,0.080,-0.221,0.074,0.500,0.042,0.250,0.053,5,82.4481250,-21.0461111
g0529523-502425,1,0.225,0.069,0.528,0.165,-0.030,0.066,0.500,0.144,6,82.4678750,-50.4070278
g0529539-184252,1,0.425,0.058,0.277,0.081,0.210,0.036,0.475,0.068,8,82.4747083,-18.7144722
g0529581-501322,1,0.475,0.076,0.225,0.093,0.000,0.040,0.225,0.070,6,82.4922083,-50.2227778
g0530089-202022,1,1.025,0.054,-0.020,0.054,0.180,0.030,0.150,0.037,1,82.5371667,-20.3394444
g0530149-065457,1,0.800,0.145,-0.008,0.156,0.300,0.100,0.275,0.098,7,82.5620417,-6.9158611
g0530190-244330,1,0.375,0.084,0.193,0.118,0.060,0.060,0.250,0.081,2,82.5792083,-24.7249444
g0530208-134813,1,1.100,0.035,-0.254,0.082,0.270,0.055,0.000,0.045,6,82.5865833,-13.8035833
g0530290-135556,1,0.475,0.088,0.450,0.114,0.000,0.046,0.450,0.094,5,82.6209167,-13.9322778
g0530319-164631,1,0.400,0.071,0.172,0.100,0.030,0.048,0.200,0.069,4,82.6330000,-16.7753056
g0530357-285108,1,0.575,0.120,0.382,0.170,-0.060,0.071,0.325,0.136,7,82.6489167,-28.8521111
g0530389-531739,1,0.250,0.052,-0.038,0.175,0.120,0.121,0.075,0.080,6,82.6621667,-53.2941389
g0530531-343021,1,0.500,0.118,-0.085,0.178,0.090,0.103,0.000,0.095,5,82.7210417,-34.5058889
g0531120-232158,1,0.725,0.099,0.052,0.104,0.210,0.051,0.250,0.070,3,82.7998333,-23.3661389
g0531218-203745,1,0.550,0.096,0.084,0.111,0.150,0.058,0.225,0.073,1,82.8410000,-20.6291667
g0531277-492403,1,0.975,0.041,0.074,0.042,0.240,0.030,0.300,0.027,2,82.8655417,-49.4008889
g0531409-420955,1,0.225,0.062,-0.073,0.073,0.210,0.043,0.125,0.046,8,82.9203333,-42.1651389
g0531415-465653,1,0.575,0.067,-0.154,0.078,0.270,0.045,0.100,0.049,5,82.9227500,-46.9480000
g0531446-134834,1,0.500,0.105,0.122,0.142,0.030,0.079,0.150,0.088,9,82.9357083,-13.8094444
g0531489-270426,1,0.600,0.079,0.193,0.088,0.060,0.049,0.250,0.060,6,82.9535417,-27.0739722
g0532031-242458,1,1.175,0.011,-0.108,0.047,0.380,0.039,0.250,0.023,7,83.0129583,-24.4161111
g0532086-184934,1,0.725,0.110,-0.145,0.125,0.180,0.069,0.025,0.096,7,83.0356667,-18.8260278
g0532165-503421,1,0.200,0.053,0.143,0.122,0.060,0.061,0.200,0.073,5,83.0686667,-50.5724722
g0532221-214822,1,0.700,0.083,0.009,0.089,0.150,0.041,0.150,0.059,4,83.0922500,-21.8060556
g0532388-293738,1,0.425,0.087,0.068,0.143,0.060,0.073,0.125,0.090,3,83.1615000,-29.6271944
g0532505-165209,1,0.900,0.073,-0.245,0.073,0.180,0.052,-0.075,0.038,1,83.2104583,-16.8691944
g0532520-074540,1,0.875,0.109,0.130,0.088,0.180,0.043,0.300,0.066,6,83.2165000,-7.7611667
g0533020-553420,1,1.050,0.090,-0.051,0.127,0.240,0.084,0.175,0.090,8,83.2583750,-55.5721111
g0533082-595106,1,0.475,0.109,0.259,0.138,0.150,0.054,0.400,0.117,5,83.2841667,-59.8516944
g0533148-361356,1,1.175,0.036,-0.850,0.091,0.770,0.076,-0.125,0.036,6,83.3115417,-36.2321389
g0533166-362301,1,0.425,0.095,0.065,0.120,0.090,0.072,0.150,0.070,8,83.3193333,-36.3837222
g0533237-361447,1,0.425,0.104,0.393,0.132,0.060,0.049,0.450,0.109,10,83.3485417,-36.2462778
g0533251-362026,1,1.075,0.015,-0.399,0.064,0.530,0.047,0.100,0.028,3,83.3545000,-36.3404167
g0533300-362360,1,0.475,0.107,-0.183,0.157,0.300,0.089,0.100,0.087,5,83.3751667,-36.3999167
g0533358-302055,1,0.575,0.147,0.202,0.175,0.210,0.068,0.400,0.128,5,83.3992083,-30.3485000
g0533521-255006,1,0.950,0.069,-0.176,0.076,0.320,0.044,0.125,0.044,3,83.4668750,-25.8349167
g0533552-195845,1,0.625,0.134,0.288,0.138,-0.120,0.066,0.175,0.099,6,83.4798333,-19.9791944
g0533552-255009,1,0.850,0.089,-0.095,0.078,0.340,0.041,0.225,0.056,5,83.4801667,-25.8357222
g0534011-231836,1,1.150,0.000,-0.354,0.036,0.270,0.027,-0.100,0.021,3,83.5046250,-23.3100833
g0534033-342850,1,0.525,0.096,-0.010,0.130,0.090,0.069,0.075,0.079,5,83.5139167,-34.4806389
g0534071-293634,1,0.600,0.119,-0.314,0.170,0.360,0.107,0.025,0.092,6,83.5293750,-29.6093333
g0534147-431246,1,1.000,0.069,-0.124,0.090,-0.240,0.067,-0.350,0.065,8,83.5613333,-43.2127222
g0534148-302701,1,0.675,0.138,0.096,0.125,0.270,0.054,0.350,0.090,4,83.5617083,-30.4501944
g0534165-181139,1,1.175,0.018,-0.104,0.070,-0.240,0.055,-0.330,0.045,8,83.5685417,-18.1942222
g0534165-363535,1,0.600,0.128,-0.073,0.150,0.210,0.071,0.125,0.096,3,83.5689167,-36.5929444
g0534172-242157,1,0.775,0.111,-0.176,0.123,0.320,0.066,0.125,0.071,5,83.5714583,-24.3659444
g0534217-232247,1,0.900,0.103,-0.539,0.159,0.360,0.116,-0.200,0.062,8,83.5902917,-23.3796944
g0534234-304804,1,0.575,0.079,0.192,0.072,0.300,0.033,0.475,0.057,3,83.5975833,-30.8010556
g0534254-235431,1,0.750,0.110,-0.208,0.127,0.300,0.068,0.075,0.075,6,83.6057083,-23.9084722
g0534292-304106,1,0.350,0.068,0.277,0.121,0.210,0.051,0.475,0.103,2,83.6215000,-30.6850833
g0534318-305349,1,0.875,0.093,0.134,0.086,0.150,0.045,0.275,0.056,3,83.6323750,-30.8970000
g0534341-353937,1,1.025,0.053,0.262,0.058,0.120,0.045,0.375,0.027,6,83.6420417,-35.6603333
g0534406-291357,1,0.200,0.064,-0.249,0.198,0.530,0.087,0.250,0.149,3,83.6692917,-29.2323889
g0534414-291356,1,0.475,0.065,0.262,0.076,0.120,0.037,0.375,0.056,3,83.6724583,-29.2320833
g0535022-380826,1,0.800,0.080,-0.020,0.093,0.180,0.049,0.150,0.061,4,83.7592500,-38.1405000
g0535061-523359,1,0.175,0.063,0.118,0.175,0.060,0.094,0.175,0.099,3,83.7752917,-52.5664167
g0535101-502206,1,1.175,0.008,-0.276,0.064,0.320,0.051,0.025,0.032,5,83.7918750,-50.3683333
g0535210-235517,1,0.900,0.119,0.130,0.128,0.180,0.048,0.300,0.095,3,83.8373333,-23.9214722
g0535270-521234,1,0.800,0.141,0.109,0.168,0.150,0.075,0.250,0.112,6,83.8623333,-52.2095278
g0535289-235006,1,0.675,0.058,0.134,0.066,0.150,0.038,0.275,0.046,7,83.8703333,-23.8348611
g0535326-234956,1,0.650,0.108,0.227,0.099,0.210,0.047,0.425,0.069,7,83.8858333,-23.8321667
g0535500-282739,1,0.850,0.115,-0.025,0.105,0.000,0.060,-0.025,0.068,6,83.9583333,-28.4607778
g0535536-223532,1,0.400,0.070,-0.285,0.132,0.090,0.081,-0.200,0.069,3,83.9733333,-22.5920833
g0535575-083117,1,0.275,0.067,-0.028,0.144,0.030,0.093,0.000,0.107,5,83.9895000,-8.5214722
g0535580-513731,1,1.000,0.050,-0.079,0.076,0.270,0.051,0.175,0.041,6,83.9917500,-51.6251944
g0536179-511628,1,0.475,0.168,0.115,0.239,0.090,0.099,0.200,0.172,4,84.0743750,-51.2743333
g0536248-282318,1,0.875,0.121,-0.285,0.134,0.090,0.082,-0.200,0.072,6,84.1032500,-28.3882778
g0536483-382250,1,0.825,0.130,-0.624,0.161,0.530,0.097,-0.125,0.078,6,84.2012083,-38.3805000
g0537011-221601,1,-0.275,0.038,0.478,0.113,-0.030,0.076,0.450,0.070,9,84.2545833,-22.2669444
g0537048-385560,1,0.550,0.104,-0.408,0.142,0.380,0.083,-0.050,0.083,7,84.2697917,-38.9332222
g0537154-491528,1,1.100,0.017,0.287,0.044,0.120,0.038,0.400,0.019,5,84.3142917,-49.2577222
g0537261-270259,1,0.775,0.135,0.225,0.130,0.000,0.063,0.225,0.094,7,84.3588750,-27.0496389
g0537395-281901,1,0.875,0.102,-0.093,0.114,-0.060,0.075,-0.150,0.057,6,84.4146250,-28.3168889
g0537496-245952,1,0.700,0.118,0.130,0.129,0.180,0.067,0.300,0.081,9,84.4564583,-24.9977222
g0537588-500121,1,0.250,0.049,0.279,0.118,-0.270,0.056,0.025,0.080,10,84.4949583,-50.0223889
g0538023-325260,1,0.650,0.125,0.201,0.110,-0.240,0.050,-0.025,0.080,5,84.5094167,-32.8832222
g0538115-335910,1,0.775,0.137,-0.202,0.144,0.400,0.069,0.175,0.094,6,84.5477083,-33.9860000
g0538311-642928,1,0.300,0.071,0.034,0.155,0.150,0.099,0.175,0.082,2,84.6296250,-64.4910833
g0538318-262519,1,1.175,0.019,-0.341,0.077,0.150,0.070,-0.200,0.028,5,84.6324167,-26.4220000
g0538365-342332,1,0.300,0.059,-0.123,0.138,0.210,0.084,0.075,0.075,3,84.6521667,-34.3922778
g0538383-474512,1,0.475,0.086,0.230,0.116,0.180,0.051,0.400,0.084,3,84.6596250,-47.7532222
g0538418-412240,2,0.650,0.084,0.190,0.090,0.090,0.046,0.275,0.064,8,84.6741250,-41.3777500
g0539009-440906,1,1.075,0.017,-0.070,0.059,0.180,0.047,0.100,0.031,3,84.7539167,-44.1516111
g0539010-252035,1,0.700,0.118,0.165,0.137,0.090,0.058,0.250,0.094,5,84.7540417,-25.3431667
g0539191-261201,1,0.850,0.131,-0.102,0.152,0.400,0.080,0.275,0.089,8,84.8294583,-26.2003889
g0539379-530309,1,0.575,0.119,-0.001,0.148,0.320,0.076,0.300,0.094,4,84.9080833,-53.0525000
g0539408-115336,1,0.425,0.063,-0.396,0.112,0.500,0.065,0.075,0.060,7,84.9200000,-11.8934167
g0539443-651317,1,0.525,0.136,0.073,0.157,0.400,0.068,0.450,0.134,9,84.9346250,-65.2215000
g0539535-403045,1,0.625,0.104,0.252,0.104,0.210,0.047,0.450,0.084,9,84.9727083,-40.5125000
g0540096-553223,1,0.250,0.060,0.185,0.144,-0.090,0.088,0.100,0.095,5,85.0400833,-55.5396667
g0540129-405310,2,1.075,0.031,-0.088,0.070,0.120,0.048,0.025,0.038,5,85.0539167,-40.8860000
g0540142-384829,1,0.700,0.089,0.184,0.091,0.150,0.046,0.325,0.063,7,85.0590833,-38.8079722
g0540151-120659,1,0.675,0.088,0.030,0.073,0.340,0.030,0.350,0.060,2,85.0630833,-12.1163056
g0540172-333627,1,0.675,0.107,0.072,0.123,0.030,0.066,0.100,0.078,4,85.0716250,-33.6073611
g0540219-602317,1,0.625,0.107,0.059,0.110,0.150,0.054,0.200,0.073,3,85.0912083,-60.3880000
g0540350-262234,1,0.700,0.127,0.305,0.102,0.180,0.050,0.475,0.074,5,85.1460000,-26.3761944
g0540371-402629,1,0.425,0.092,-0.306,0.155,0.590,0.074,0.250,0.102,5,85.1545417,-40.4415000
g0540390-704512,1,0.575,0.109,-0.220,0.125,0.340,0.073,0.100,0.072,5,85.1622917,-70.7533056
g0540524-503648,1,0.300,0.085,-0.046,0.156,0.420,0.059,0.350,0.127,9,85.2181250,-50.6131944
g0540568-393345,1,0.800,0.183,0.225,0.217,0.000,0.080,0.225,0.152,9,85.2366250,-39.5625556
g0540576-524012,1,0.425,0.133,0.429,0.174,-0.270,0.046,0.175,0.157,5,85.2397917,-52.6701111
g0541003-255600,1,0.400,0.115,-0.188,0.145,0.120,0.088,-0.075,0.084,10,85.2511667,-25.9334167
g0541004-483633,1,0.425,0.103,0.041,0.154,-0.150,0.082,-0.100,0.093,7,85.2517917,-48.6091111
g0541010-413438,2,0.400,0.090,-0.114,0.143,0.440,0.068,0.300,0.095,7,85.2540417,-41.5772778
g0541074-594146,1,0.275,0.084,0.097,0.183,0.030,0.087,0.125,0.122,3,85.2807500,-59.6961111
g0541251-535125,1,0.675,0.146,0.112,0.152,0.120,0.061,0.225,0.120,2,85.3547500,-53.8569722
g0541317-262209,1,0.800,0.104,0.067,0.102,0.300,0.051,0.350,0.062,6,85.3819583,-26.3691944
g0541327-131334,1,0.600,0.070,-0.023,0.092,0.210,0.046,0.175,0.061,3,85.3861250,-13.2261944
g0541378-415644,1,1.050,0.050,-0.627,0.098,0.400,0.081,-0.250,0.047,3,85.4072917,-41.9454722
g0541419-275601,1,0.800,0.057,-0.058,0.065,0.300,0.039,0.225,0.036,2,85.4244583,-27.9335833
g0541433-255759,1,0.825,0.127,-0.348,0.151,0.210,0.088,-0.150,0.083,6,85.4305417,-25.9663333
g0541464-255157,1,0.400,0.082,0.277,0.098,0.210,0.034,0.475,0.089,3,85.4432500,-25.8658333
g0541580-382720,1,0.600,0.100,-0.379,0.118,0.270,0.077,-0.125,0.080,5,85.4914583,-38.4554722
g0542011-124823,1,0.700,0.103,0.021,0.109,0.270,0.058,0.275,0.066,2,85.5044167,-12.8063889
g0542015-344819,1,0.400,0.106,-0.033,0.167,0.460,0.058,0.400,0.139,5,85.5061667,-34.8053056
g0542024-705416,1,1.175,0.065,-0.839,0.124,0.360,0.089,-0.500,0.070,6,85.5099167,-70.9044444
g0542075-254025,1,1.150,0.005,-0.085,0.056,0.090,0.054,0.000,0.029,4,85.5313750,-25.6734722
g0542092-345009,2,0.775,0.134,-0.653,0.171,0.560,0.110,-0.125,0.085,3,85.5382083,-34.8358889
g0542156-552034,1,0.975,0.077,-0.003,0.090,0.030,0.052,0.025,0.057,6,85.5650000,-55.3428056
g0542185-475634,1,0.625,0.077,0.049,0.092,0.240,0.058,0.275,0.056,5,85.5771667,-47.9426667
g0542188-260552,1,1.050,0.014,-0.151,0.050,0.320,0.036,0.150,0.025,3,85.5785000,-26.0978611
g0542209-253228,1,0.725,0.064,-0.054,0.084,0.270,0.043,0.200,0.052,5,85.5869583,-25.5410278
g0542362-205952,1,0.400,0.070,0.074,0.080,0.320,0.051,0.375,0.069,9,85.6509167,-20.9978889
g0542456-333160,1,0.475,0.094,0.307,0.097,-0.060,0.051,0.250,0.074,8,85.6901250,-33.5331944
g0543021-381449,1,0.425,0.093,-0.048,0.153,0.210,0.078,0.150,0.105,6,85.7587500,-38.2469722
g0543153-550651,1,0.600,0.102,0.309,0.100,0.150,0.046,0.450,0.077,3,85.8137500,-55.1141389
g0543303-531910,1,0.075,0.067,0.253,0.156,-0.030,0.079,0.225,0.100,5,85.8761667,-53.3193333
g0543323-475022,1,0.775,0.127,0.130,0.150,0.180,0.070,0.300,0.093,8,85.8843750,-47.8395556
g0543334-392817,1,0.650,0.060,-0.035,0.074,0.090,0.045,0.050,0.046,1,85.8890833,-39.4714722
g0544071-483840,1,1.075,0.049,-0.731,0.122,0.590,0.102,-0.175,0.039,9,86.0293750,-48.6444444
g0544115-481149,1,0.750,0.105,0.027,0.101,0.210,0.047,0.225,0.073,7,86.0478750,-48.1969722
g0544181-494059,1,0.950,0.088,-0.521,0.123,0.420,0.089,-0.125,0.060,1,86.0755417,-49.6830833
g0544490-474511,1,0.475,0.082,0.259,0.095,0.150,0.041,0.400,0.077,7,86.2040833,-47.7531389
g0544510-250549,1,0.650,0.072,0.273,0.096,-0.210,0.047,0.075,0.068,8,86.2125833,-25.0969444
g0545035-480448,1,1.075,0.056,-0.098,0.092,0.210,0.071,0.100,0.048,7,86.2646250,-48.0800000
g0545250-425737,1,0.975,0.083,0.273,0.104,-0.210,0.073,0.075,0.064,7,86.3540833,-42.9603611
g0545287-390309,1,1.050,0.038,-0.333,0.080,0.460,0.061,0.100,0.035,6,86.3695833,-39.0524722
g0545291-475926,1,0.950,0.115,-0.123,0.141,0.210,0.082,0.075,0.080,7,86.3710417,-47.9905833
g0545295-274613,1,0.425,0.084,0.362,0.140,0.120,0.067,0.475,0.136,10,86.3727917,-27.7701667
g0545309-234141,1,1.025,0.038,-0.026,0.062,0.240,0.043,0.200,0.036,8,86.3788750,-23.6946111
g0545324-215524,1,1.050,0.010,-0.364,0.039,0.360,0.035,-0.025,0.019,5,86.3851250,-21.9232778
g0545357-225819,1,0.125,0.051,-0.043,0.157,-0.060,0.078,-0.100,0.099,8,86.3987917,-22.9719444
g0545370-604253,1,0.450,0.106,0.155,0.139,0.340,0.050,0.475,0.120,3,86.4040417,-60.7147500
g0545371-293336,1,0.800,0.104,-0.279,0.113,0.270,0.066,-0.025,0.066,5,86.4047500,-29.5598889
g0545382-315707,1,0.975,0.061,-0.139,0.080,0.360,0.056,0.200,0.044,6,86.4089583,-31.9520556
g0545393-483329,1,0.675,0.086,0.115,0.093,0.090,0.051,0.200,0.062,5,86.4137500,-48.5581667
g0545394-743344,1,0.300,0.105,0.030,0.214,0.180,0.102,0.200,0.146,1,86.4139583,-74.5622222
g0546214-540136,1,0.450,0.182,0.159,0.255,0.150,0.101,0.300,0.185,6,86.5892083,-54.0266944
g0546246-484546,1,0.575,0.135,-0.721,0.210,0.500,0.138,-0.250,0.101,7,86.6023750,-48.7627500
g0546258-464620,1,0.600,0.086,0.093,0.123,0.060,0.069,0.150,0.080,5,86.6073750,-46.7721111
g0546423-652332,1,0.300,0.048,-0.045,0.104,0.180,0.063,0.125,0.058,2,86.6760833,-65.3921944
g0546514-333846,1,0.725,0.079,-0.239,0.087,0.440,0.053,0.175,0.048,6,86.7142500,-33.6460000
g0546569-213433,1,0.525,0.105,0.259,0.125,0.150,0.049,0.400,0.106,7,86.7369583,-21.5758889
g0546585-473452,1,0.400,0.106,-0.145,0.185,0.180,0.111,0.025,0.099,4,86.7438333,-47.5811111
g0547001-335547,1,0.050,0.045,0.100,0.151,0.000,0.116,0.100,0.068,10,86.7504583,-33.9297778
g0547064-323608,1,0.200,0.038,0.147,0.096,0.030,0.060,0.175,0.061,2,86.7764583,-32.6021667
g0547135-464538,1,0.600,0.079,0.087,0.095,0.120,0.047,0.200,0.064,4,86.8063333,-46.7604444
g0547298-472443,1,0.625,0.099,0.205,0.115,0.180,0.054,0.375,0.081,5,86.8743333,-47.4118333
g0547378-634314,1,0.850,0.142,-0.004,0.157,0.270,0.077,0.250,0.099,4,86.9075417,-63.7205278
g0547398-140042,1,0.500,0.137,0.209,0.170,0.150,0.062,0.350,0.137,9,86.9158333,-14.0116111
g0547432-255456,1,1.050,0.038,-0.427,0.058,0.400,0.043,-0.050,0.026,5,86.9300417,-25.9156111
g0547462-324855,1,0.625,0.077,-0.654,0.085,0.800,0.041,0.100,0.058,9,86.9425833,-32.8151389
g0547476-844635,1,0.125,0.040,-0.183,0.121,0.300,0.081,0.100,0.060,3,86.9482917,-84.7763333
g0547483-255349,1,1.000,0.083,-0.233,0.098,0.300,0.066,0.050,0.054,9,86.9510417,-25.8970278
g0548062-344812,1,0.775,0.113,0.118,0.124,0.060,0.060,0.175,0.082,3,87.0258750,-34.8033889
g0548109-403840,1,0.525,0.108,0.149,0.141,0.240,0.058,0.375,0.107,10,87.0455000,-40.6443333
g0548196-583157,1,0.300,0.119,0.435,0.186,-0.090,0.080,0.350,0.142,5,87.0816667,-58.5324722
g0548197-415155,1,0.850,0.174,0.017,0.127,0.380,0.090,0.375,0.111,10,87.0820417,-41.8652222
g0548231-244543,1,0.550,0.151,0.024,0.200,0.320,0.057,0.325,0.174,8,87.0963333,-24.7618056
g0548268-260426,1,0.575,0.122,0.300,0.139,0.000,0.058,0.300,0.103,7,87.1117917,-26.0738333
g0548276-325838,1,0.550,0.070,0.149,0.070,0.320,0.030,0.450,0.052,4,87.1150000,-32.9772222
g0548340-324515,1,0.275,0.051,0.528,0.127,-0.030,0.046,0.500,0.115,5,87.1415833,-32.7540833
g0548363-331502,1,1.075,0.042,-0.126,0.070,0.320,0.050,0.175,0.042,6,87.1514167,-33.2504722
g0548363-471547,1,1.125,0.116,-0.570,0.169,0.340,0.104,-0.250,0.117,9,87.1512500,-47.2631667
g0548431-124101,1,0.400,0.086,0.043,0.128,0.060,0.059,0.100,0.096,3,87.1797083,-12.6836389
g0548485-242245,1,0.700,0.110,-0.514,0.169,0.440,0.117,-0.100,0.072,4,87.2022083,-24.3790556
g0549052-535108,1,0.900,0.115,-0.639,0.205,0.360,0.134,-0.300,0.096,5,87.2718333,-53.8523333
g0549216-252048,1,0.775,0.094,0.102,0.079,0.210,0.042,0.300,0.058,7,87.3401667,-25.3465556
g0549268-233012,1,0.775,0.086,-0.229,0.081,0.270,0.049,0.025,0.046,3,87.3616250,-23.5034444
g0549280-301736,1,0.100,0.062,-0.121,0.177,0.500,0.090,0.350,0.137,9,87.3665000,-30.2933333
g0549332-251129,1,0.200,0.076,0.528,0.161,-0.030,0.056,0.500,0.148,9,87.3885000,-25.1913611
g0549364-670748,1,0.625,0.168,-0.035,0.172,0.090,0.088,0.050,0.116,7,87.4015833,-67.1298611
g0549417-243242,1,0.950,0.057,-0.026,0.068,0.240,0.037,0.200,0.041,5,87.4235833,-24.5450000
g0549477-504946,1,0.800,0.107,-0.270,0.131,0.340,0.072,0.050,0.075,8,87.4485417,-50.8293333
g0549533-311305,1,0.325,0.079,0.330,0.182,0.180,0.057,0.500,0.164,8,87.4719167,-31.2179444
g0549541-242320,1,1.150,0.156,0.227,0.114,0.210,0.069,0.425,0.089,10,87.4755000,-24.3888889
g0549577-251730,1,0.900,0.122,0.227,0.092,0.210,0.064,0.425,0.063,10,87.4902083,-25.2916944
g0549592-254421,1,0.325,0.055,0.162,0.093,0.120,0.047,0.275,0.063,7,87.4967083,-25.7391389
g0550030-303105,1,0.225,0.073,0.042,0.179,0.380,0.072,0.400,0.142,8,87.5124583,-30.5181389
g0550072-101040,1,0.625,0.132,-0.208,0.157,0.300,0.084,0.075,0.094,6,87.5301250,-10.1776389
g0550341-531433,1,1.175,0.046,-0.207,0.091,0.060,0.072,-0.150,0.046,7,87.6421667,-53.2425000
g0550365-262143,1,0.750,0.129,-0.078,0.115,0.030,0.062,-0.050,0.081,7,87.6522083,-26.3619722
g0550425-345343,1,1.125,0.020,0.103,0.068,-0.030,0.053,0.075,0.033,7,87.6771250,-34.8953333
g0550543-314721,1,0.575,0.074,0.052,0.100,0.210,0.051,0.250,0.062,3,87.7260417,-31.7890278
g0550560-344703,1,0.850,0.076,0.024,0.071,0.240,0.035,0.250,0.045,5,87.7333750,-34.7840278
g0550595-252502,1,1.175,0.028,-0.029,0.042,0.270,0.042,0.225,0.031,9,87.7480417,-25.4171944
g0551011-500521,1,1.175,0.035,-0.677,0.096,0.480,0.073,-0.225,0.038,9,87.7545833,-50.0892778
g0551079-630952,1,0.975,0.048,-0.176,0.063,0.240,0.044,0.050,0.037,1,87.7830000,-63.1643333
g0551095-510245,1,0.675,0.101,-0.352,0.116,0.400,0.069,0.025,0.063,8,87.7894583,-51.0456944
g0551152-345319,1,0.775,0.091,-0.051,0.085,0.240,0.045,0.175,0.064,3,87.8131250,-34.8885556
g0551162-345404,1,1.100,0.009,-0.104,0.046,0.270,0.033,0.150,0.025,4,87.8173333,-34.9012222
g0551169-314922,1,1.100,0.052,-0.188,0.089,0.120,0.065,-0.075,0.046,7,87.8205000,-31.8226389
g0551198-503458,1,0.550,0.060,-0.116,0.072,0.150,0.048,0.025,0.044,3,87.8325833,-50.5828611
g0551281-375548,1,0.250,0.082,-0.133,0.211,0.460,0.104,0.300,0.145,10,87.8671250,-37.9299167
g0551372-313213,1,0.075,0.061,-0.083,0.175,0.380,0.081,0.275,0.119,5,87.9050000,-31.5370556
g0551386-243102,1,0.300,0.061,0.224,0.126,0.240,0.048,0.450,0.115,6,87.9108750,-24.5173056
g0551398-313634,1,0.125,0.052,-0.133,0.125,0.380,0.070,0.225,0.081,7,87.9159583,-31.6094722
g0551400-313123,1,0.500,0.083,0.149,0.096,0.240,0.043,0.375,0.073,3,87.9167500,-31.5230833
g0551450-342112,1,0.925,0.107,-0.308,0.109,0.460,0.065,0.125,0.067,10,87.9375833,-34.3534167
g0551499-314446,1,0.000,0.070,-0.145,0.195,0.340,0.102,0.175,0.135,10,87.9580417,-31.7461389
g0551561-311233,1,1.000,0.074,0.018,0.093,0.060,0.054,0.075,0.052,6,87.9836667,-31.2090556
g0551577-401504,1,0.775,0.170,0.117,0.146,0.300,0.104,0.400,0.165,9,87.9902083,-40.2510000
g0552035-255147,1,1.150,0.061,-0.752,0.107,0.480,0.088,-0.300,0.040,8,88.0146667,-25.8630278
g0552084-302703,1,0.275,0.048,0.295,0.108,-0.180,0.072,0.125,0.067,7,88.0351667,-30.4509444
g0552214-221104,1,0.275,0.077,0.255,0.169,0.180,0.061,0.425,0.138,6,88.0890000,-22.1843889
g0552214-520027,1,0.150,0.069,0.200,0.191,0.000,0.105,0.200,0.132,6,88.0890833,-52.0074167
g0552216-311701,1,0.225,0.046,-0.220,0.167,0.180,0.117,-0.050,0.078,7,88.0901667,-31.2835278
g0552217-342047,1,0.725,0.109,-0.664,0.168,0.440,0.120,-0.250,0.093,6,88.0905833,-34.3464722
g0552266-625347,1,0.650,0.111,-0.054,0.131,0.270,0.068,0.200,0.082,1,88.1106667,-62.8962500
g0552291-380452,1,0.900,0.104,0.042,0.081,0.380,0.046,0.400,0.049,6,88.1212500,-38.0811667
g0552335-461305,1,0.725,0.133,-0.333,0.160,0.300,0.087,-0.050,0.091,3,88.1396667,-46.2181667
g0552425-304139,1,0.725,0.077,0.109,0.077,0.150,0.043,0.250,0.054,3,88.1769583,-30.6941389
g0552431-401343,1,1.075,0.142,-0.221,0.132,0.420,0.070,0.175,0.104,10,88.1796250,-40.2284722
g0552440-614304,1,0.925,0.110,-0.057,0.148,0.060,0.092,0.000,0.079,6,88.1832917,-61.7176944
g0553054-342338,1,0.600,0.103,0.262,0.117,0.120,0.040,0.375,0.103,8,88.2723333,-34.3938056
g0553067-342547,1,1.075,0.011,-0.126,0.049,0.240,0.037,0.100,0.027,7,88.2778333,-34.4297500
g0553081-394051,1,0.750,0.106,-0.189,0.112,0.360,0.058,0.150,0.073,2,88.2836667,-39.6809167
g0553088-342818,1,0.325,0.085,0.199,0.137,0.320,0.055,0.500,0.130,6,88.2865000,-34.4716667
g0553140-134213,1,1.050,0.070,0.335,0.083,-0.090,0.054,0.250,0.050,8,88.3082083,-13.7036944
g0553254-140416,1,0.625,0.179,0.545,0.164,-0.180,0.068,0.375,0.138,8,88.3559167,-14.0711667
g0553492-324625,1,0.625,0.063,-0.073,0.069,0.210,0.037,0.125,0.045,3,88.4550417,-32.7736389
g0553510-220736,1,0.750,0.079,-0.364,0.095,0.360,0.066,-0.025,0.045,6,88.4625000,-22.1265833
g0553567-462840,1,0.550,0.118,0.300,0.123,0.000,0.053,0.300,0.097,4,88.4862500,-46.4778889
g0554127-381030,1,0.950,0.081,0.050,0.076,0.000,0.047,0.050,0.048,6,88.5530417,-38.1749722
g0554233-525902,1,0.250,0.107,0.257,0.256,-0.060,0.104,0.200,0.209,4,88.5972083,-52.9838056
g0554285-410454,1,0.900,0.074,0.074,0.072,0.240,0.039,0.300,0.048,6,88.6186250,-41.0816667
g0554377-680158,1,0.575,0.113,-0.035,0.139,0.090,0.068,0.050,0.088,4,88.6569167,-68.0328056
g0554384-682509,1,1.175,0.013,-0.110,0.069,0.090,0.049,-0.025,0.041,2,88.6598333,-68.4192500
g0554447-351923,1,0.650,0.087,-0.041,0.111,0.150,0.056,0.100,0.068,3,88.6860833,-35.3229722
g0554452-150803,1,0.400,0.088,-0.173,0.135,0.210,0.068,0.025,0.082,2,88.6882083,-15.1342778
g0554479-580128,1,1.000,0.074,-0.345,0.077,0.340,0.050,-0.025,0.048,4,88.6997083,-58.0244722
g0554511-393136,1,0.725,0.093,-0.026,0.093,0.240,0.051,0.200,0.064,8,88.7129167,-39.5267500
g0554547-705256,1,0.950,0.094,-0.452,0.100,0.400,0.064,-0.075,0.058,3,88.7280833,-70.8821389
g0554577-612001,1,1.000,0.074,0.005,0.093,0.180,0.058,0.175,0.060,2,88.7405417,-61.3337222
g0555047-713030,1,0.525,0.106,0.251,0.117,-0.240,0.063,0.025,0.082,9,88.7694167,-71.5083889
g0555068-485144,1,0.375,0.114,-0.083,0.149,0.460,0.072,0.350,0.120,8,88.7785000,-48.8620833
g0555094-424909,1,1.075,0.030,-0.003,0.057,0.030,0.047,0.025,0.033,1,88.7891667,-42.8190556
g0555107-475440,1,1.025,0.165,0.220,0.149,-0.180,0.055,0.050,0.122,8,88.7946667,-47.9109722
g0555107-612638,1,0.675,0.124,-0.020,0.149,0.180,0.083,0.150,0.087,4,88.7944583,-61.4438611
g0555147-342642,1,0.600,0.096,0.030,0.129,0.180,0.065,0.200,0.079,4,88.8112917,-34.4448889
g0555174-485243,1,1.100,0.160,-0.298,0.149,0.210,0.076,-0.100,0.120,8,88.8224583,-48.8786111
g0555249-694643,1,0.925,0.083,-0.208,0.096,0.460,0.064,0.225,0.054,7,88.8537083,-69.7786944
g0555255-140232,1,0.900,0.092,-0.576,0.131,0.320,0.087,-0.275,0.063,3,88.8563750,-14.0420833
g0555274-440335,1,0.400,0.120,0.182,0.190,-0.060,0.101,0.125,0.110,6,88.8641667,-44.0597500
g0555305-695247,1,0.975,0.103,-0.458,0.101,0.380,0.069,-0.100,0.051,3,88.8771250,-69.8795833
g0555318-244751,1,0.400,0.117,0.027,0.207,0.210,0.064,0.225,0.175,6,88.8823333,-24.7976111
g0555575-140922,1,1.175,0.036,-1.029,0.104,0.800,0.089,-0.275,0.037,7,88.9895000,-14.1561944
g0555599-601615,1,0.675,0.142,-0.358,0.161,0.380,0.090,0.000,0.091,4,88.9995417,-60.2707500
g0556098-701319,1,0.350,0.120,0.087,0.180,0.120,0.089,0.200,0.113,4,89.0410000,-70.2220556
g0556116-131651,1,0.600,0.103,-0.116,0.141,0.150,0.076,0.025,0.082,3,89.0481250,-13.2807500
g0556156-413950,1,1.175,0.089,-0.557,0.116,0.060,0.075,-0.500,0.066,9,89.0650833,-41.6638056
g0556249-215851,1,0.950,0.105,-0.101,0.118,0.240,0.065,0.125,0.075,10,89.1039167,-21.9807778
g0556378-372139,1,1.075,0.038,-0.183,0.073,0.300,0.055,0.100,0.034,5,89.1573750,-37.3608056
g0556416-630825,1,0.100,0.087,0.240,0.207,0.090,0.079,0.325,0.168,2,89.1735000,-63.1403611
g0556487-640456,1,0.525,0.105,0.021,0.149,0.270,0.067,0.275,0.104,2,89.2028750,-64.0823333
g0556495-601124,1,0.325,0.111,0.293,0.189,0.060,0.081,0.350,0.146,7,89.2062083,-60.1901111
g0556499-613008,1,0.775,0.119,0.193,0.112,0.060,0.057,0.250,0.077,7,89.2078750,-61.5022500
g0557053-410424,1,1.150,0.027,0.274,0.066,0.240,0.057,0.500,0.040,8,89.2722083,-41.0732222
g0557191-392616,1,0.550,0.106,0.100,0.168,0.000,0.122,0.100,0.091,10,89.3297083,-39.4378333
g0557509-603847,1,0.375,0.081,-0.348,0.179,0.210,0.115,-0.150,0.088,1,89.4621667,-60.6463889
g0557522-200505,1,0.925,0.066,0.010,0.071,-0.090,0.055,-0.075,0.034,8,89.4676250,-20.0846389
g0557546-164421,1,1.000,0.112,-0.251,0.108,0.320,0.069,0.050,0.070,8,89.4773750,-16.7391111
g0558084-425004,1,1.175,0.028,-0.409,0.105,0.620,0.075,0.175,0.043,8,89.5348333,-42.8343056
g0558140-471821,1,0.675,0.138,0.092,0.143,0.300,0.069,0.375,0.111,6,89.5584167,-47.3058333
g0558246-375437,1,0.975,0.074,0.052,0.090,0.210,0.059,0.250,0.062,8,89.6025000,-37.9102778
g0558339-560516,1,0.375,0.107,0.093,0.187,0.060,0.081,0.150,0.129,4,89.6410417,-56.0878889
g0558409-520040,1,0.550,0.127,0.085,0.142,-0.090,0.065,0.000,0.094,5,89.6702500,-52.0110000
g0558439-583538,1,0.450,0.121,-0.035,0.198,0.090,0.103,0.050,0.121,4,89.6828333,-58.5938611
g0558523-232023,1,0.375,0.060,0.265,0.066,0.090,0.038,0.350,0.053,8,89.7180000,-23.3395833
g0559025-452620,1,0.550,0.106,0.065,0.129,0.090,0.063,0.150,0.091,3,89.7605417,-45.4389444
g0559030-584838,1,0.675,0.163,-0.014,0.202,0.360,0.086,0.325,0.141,8,89.7622917,-58.8105833
g0559095-512808,1,0.525,0.068,-0.176,0.090,0.240,0.054,0.050,0.049,8,89.7896250,-51.4688889
g0559221-621349,1,0.425,0.146,0.287,0.198,0.120,0.081,0.400,0.162,6,89.8420833,-62.2303333
g0559252-500242,1,0.950,0.087,0.037,0.085,0.120,0.049,0.150,0.057,6,89.8550417,-50.0449444
g0559295-194836,1,1.000,0.050,-0.248,0.065,0.210,0.047,-0.050,0.035,4,89.8728750,-19.8099722
g0559316-522154,1,1.175,0.011,-0.314,0.077,0.360,0.064,0.025,0.035,4,89.8817917,-52.3649444
g0559421-354450,1,1.000,0.063,-0.110,0.076,0.090,0.044,-0.025,0.043,5,89.9252083,-35.7472778
g0559422-600504,1,0.425,0.113,0.092,0.147,0.300,0.072,0.375,0.117,4,89.9257083,-60.0843611
g0559455-432509,1,1.125,0.021,-0.073,0.056,0.210,0.046,0.125,0.028,3,89.9395833,-43.4190556
g0559462-401545,1,0.700,0.085,-0.221,0.096,0.420,0.064,0.175,0.060,6,89.9423750,-40.2624722
g0559494-522431,1,0.675,0.081,-0.126,0.108,0.240,0.058,0.100,0.068,5,89.9556667,-52.4085833
g0559516-390804,1,1.175,0.035,0.049,0.054,0.320,0.035,0.350,0.030,8,89.9649167,-39.1343333
g0559529-382737,1,1.050,0.027,-0.289,0.058,0.360,0.055,0.050,0.041,5,89.9705000,-38.4602500
g0559598-455226,1,0.400,0.099,-0.007,0.158,0.060,0.088,0.050,0.096,10,89.9990833,-45.8738889
g0559599-381042,1,0.300,0.050,-0.377,0.120,0.400,0.074,0.000,0.061,6,89.9994167,-38.1781944
g0600065-222542,1,1.125,0.026,-0.001,0.058,0.240,0.046,0.225,0.030,6,90.0272083,-22.4284444
g0600093-182746,1,0.425,0.083,-0.189,0.122,0.440,0.069,0.225,0.068,9,90.0387917,-18.4626667
g0600289-385030,1,0.900,0.087,0.046,0.087,0.270,0.044,0.300,0.055,3,90.1203333,-38.8415556
g0600298-561055,1,1.050,0.045,-0.098,0.089,0.210,0.056,0.100,0.052,3,90.1242083,-56.1818611
g0600398-582343,1,0.125,0.054,0.385,0.131,-0.090,0.059,0.300,0.111,9,90.1657083,-58.3952222
g0600405-261405,1,0.400,0.094,-0.208,0.162,0.460,0.078,0.225,0.122,6,90.1686667,-26.2348056
g0600412-535538,1,1.175,0.014,-0.170,0.079,0.180,0.062,0.000,0.043,5,90.1716250,-53.9272778
g0600434-570420,1,0.600,0.116,-0.004,0.136,0.270,0.059,0.250,0.095,2,90.1810000,-57.0721944
g0600481-152357,1,0.675,0.109,0.103,0.118,-0.030,0.060,0.075,0.080,3,90.2003750,-15.3991667
g0600491-583530,1,0.975,0.073,0.030,0.091,0.180,0.056,0.200,0.052,2,90.2043750,-58.5915556
g0601015-560801,1,1.000,0.080,-0.273,0.134,0.210,0.114,-0.075,0.083,7,90.2560833,-56.1335278
g0601055-583717,1,0.775,0.124,-0.070,0.118,0.340,0.052,0.250,0.084,2,90.2728750,-58.6212500
g0601266-395921,1,0.725,0.184,0.015,0.155,0.090,0.063,0.100,0.126,9,90.3609583,-39.9891111
g0601316-200816,1,0.900,0.092,-0.603,0.110,0.560,0.069,-0.075,0.056,8,90.3815417,-20.1377222
g0601361-202030,1,0.600,0.065,0.212,0.069,0.120,0.032,0.325,0.049,4,90.4005000,-20.3416667
g0601469-375841,1,0.650,0.105,0.172,0.107,0.030,0.056,0.200,0.085,9,90.4454167,-37.9780278
g0601520-482952,1,0.850,0.122,0.185,0.133,-0.090,0.081,0.100,0.089,7,90.4666250,-48.4977222
g0601561-502512,1,0.775,0.082,-0.003,0.074,0.030,0.046,0.025,0.046,5,90.4839167,-50.4199444
g0601568-200813,1,0.650,0.074,0.002,0.088,0.210,0.044,0.200,0.054,3,90.4868333,-20.1370278
g0602008-581254,1,1.100,0.086,-0.439,0.136,0.360,0.089,-0.100,0.072,10,90.5031250,-58.2148611
g0602067-583643,1,0.450,0.095,0.152,0.159,0.210,0.069,0.350,0.120,5,90.5280000,-58.6118889
g0602130-242530,1,0.750,0.122,0.360,0.104,-0.090,0.057,0.275,0.097,7,90.5540417,-24.4250278
g0602136-590448,1,0.825,0.142,-0.307,0.173,0.060,0.107,-0.250,0.104,6,90.5566250,-59.0799167
g0602173-395635,1,1.100,0.030,0.121,0.045,0.270,0.040,0.375,0.031,10,90.5720000,-39.9429444
g0602185-533639,1,0.600,0.160,-0.333,0.223,0.380,0.131,0.025,0.116,3,90.5770833,-53.6106944
g0602186-390609,1,0.500,0.112,0.096,0.140,0.270,0.056,0.350,0.103,10,90.5775417,-39.1024167
g0602259-445352,1,1.000,0.074,-0.183,0.077,0.380,0.048,0.175,0.045,5,90.6080833,-44.8977222
g0602366-535600,1,0.275,0.085,-0.050,0.180,0.000,0.114,-0.050,0.099,5,90.6522917,-53.9333889
g0602395-584333,1,0.825,0.157,0.071,0.134,0.270,0.058,0.325,0.108,4,90.6645833,-58.7259444
g0602419-221854,1,1.150,0.094,-0.098,0.152,0.210,0.065,0.100,0.145,10,90.6745833,-22.3150000
g0602504-523849,1,1.075,0.034,-0.709,0.073,0.620,0.065,-0.125,0.027,5,90.7101250,-52.6469722
g0602511-234128,1,1.150,0.004,-0.139,0.044,0.360,0.036,0.200,0.024,3,90.7130417,-23.6909722
g0603045-264416,1,1.175,0.032,-0.452,0.072,0.400,0.055,-0.075,0.044,9,90.7688750,-26.7376389
g0603052-325209,1,0.950,0.092,-0.333,0.103,0.380,0.067,0.025,0.051,7,90.7717083,-32.8690833
g0603268-663706,1,0.825,0.108,-0.227,0.119,0.400,0.070,0.150,0.072,5,90.8617500,-66.6184444
g0603281-263335,1,0.650,0.092,-0.252,0.134,0.400,0.080,0.125,0.074,9,90.8670000,-26.5596389
g0603419-451819,1,0.725,0.100,-0.004,0.097,0.270,0.053,0.250,0.061,7,90.9244583,-45.3052222
g0603423-320943,1,1.075,0.016,-0.251,0.048,0.240,0.038,-0.025,0.024,4,90.9260833,-32.1618056
g0603433-344649,1,0.825,0.095,-0.102,0.125,-0.210,0.079,-0.300,0.074,6,90.9302917,-34.7803889
g0603569-491726,1,1.150,0.048,-0.295,0.071,0.340,0.057,0.025,0.043,6,90.9871250,-49.2904444
g0604095-543722,1,1.000,0.087,-0.213,0.098,0.120,0.059,-0.100,0.065,4,91.0396250,-54.6227500
g0604303-191127,1,0.625,0.090,0.072,0.110,0.030,0.052,0.100,0.078,6,91.1262917,-19.1909444
g0604312-530550,1,0.825,0.096,-0.308,0.097,0.300,0.059,-0.025,0.051,3,91.1299583,-53.0970833
g0604376-650560,1,0.750,0.094,0.034,0.092,0.150,0.048,0.175,0.062,1,91.1567917,-65.0998611
g0604438-224555,1,-0.075,0.062,0.180,0.171,0.180,0.086,0.350,0.118,8,91.1824167,-22.7651667
g0604450-732359,1,0.750,0.094,0.160,0.106,-0.090,0.050,0.075,0.072,4,91.1872917,-73.3998333
g0604549-541335,1,0.725,0.134,0.322,0.120,0.030,0.053,0.350,0.086,3,91.2286667,-54.2263056
g0605007-531539,1,0.300,0.049,-0.116,0.111,0.150,0.068,0.025,0.062,4,91.2530000,-53.2607778
g0605046-263143,1,1.175,0.035,-0.584,0.075,0.270,0.061,-0.330,0.035,7,91.2692500,-26.5286667
g0605272-134856,1,1.175,0.039,-0.653,0.093,0.560,0.079,-0.125,0.040,5,91.3633750,-13.8156389
g0605290-492431,1,0.975,0.063,0.047,0.094,0.030,0.068,0.075,0.047,7,91.3709167,-49.4086389
g0605355-552712,1,1.175,0.040,-0.664,0.103,0.440,0.089,-0.250,0.048,6,91.3980417,-55.4531944
g0605459-600826,1,1.000,0.081,-0.258,0.082,0.300,0.059,0.025,0.049,4,91.4413750,-60.1406111
g0605469-445340,1,0.775,0.112,0.153,0.126,-0.030,0.067,0.125,0.079,7,91.4455417,-44.8943889
g0605495-492837,1,1.150,0.029,0.052,0.064,0.210,0.053,0.250,0.033,5,91.4562083,-49.4768056
g0606156-344921,1,0.325,0.060,0.072,0.121,0.030,0.072,0.100,0.063,4,91.5651250,-34.8225833
g0606233-610737,1,0.850,0.101,-0.051,0.108,0.240,0.058,0.175,0.071,3,91.5969583,-61.1268056
g0606255-450352,1,0.225,0.065,0.237,0.158,0.120,0.065,0.350,0.118,7,91.6062083,-45.0644167
g0606286-225738,1,0.200,0.032,-0.424,0.124,0.530,0.102,0.075,0.069,8,91.6190833,-22.9604444
g0606428-330216,1,1.075,0.029,-0.329,0.047,0.270,0.034,-0.075,0.028,7,91.6781667,-33.0378889
g0606475-334852,1,0.900,0.068,0.062,0.060,0.120,0.034,0.175,0.040,3,91.6979167,-33.8145278
g0606485-450236,1,1.100,0.034,-0.395,0.077,0.340,0.061,-0.075,0.035,7,91.7021250,-45.0432500
g0606523-752153,1,0.325,0.073,0.036,0.142,0.360,0.064,0.375,0.119,7,91.7177500,-75.3646944
g0607017-692118,1,1.100,0.060,-0.533,0.104,0.460,0.082,-0.100,0.051,2,91.7572083,-69.3549444
g0607029-492916,1,1.150,0.063,-0.295,0.105,0.340,0.064,0.025,0.060,6,91.7621250,-49.4878889
g0607035-423614,1,0.925,0.135,-0.514,0.182,0.440,0.112,-0.100,0.089,4,91.7645000,-42.6037778
g0607073-451109,1,1.175,0.032,-0.164,0.084,0.360,0.064,0.175,0.036,5,91.7805833,-45.1857222
g0607074-445635,1,0.700,0.123,-0.295,0.145,0.340,0.083,0.025,0.079,5,91.7806667,-44.9430556
g0607095-483425,1,0.900,0.121,-0.145,0.130,0.340,0.081,0.175,0.079,3,91.7897500,-48.5736667
g0607103-451055,1,0.100,0.071,0.282,0.154,-0.060,0.079,0.225,0.109,9,91.7929583,-45.1819444
g0607146-283412,1,1.075,0.054,-0.521,0.099,0.420,0.073,-0.125,0.042,2,91.8107917,-28.5700833
g0607147-474656,1,1.175,0.019,-0.288,0.085,0.120,0.072,-0.175,0.032,4,91.8112083,-47.7822500
g0607178-530849,1,0.650,0.089,-0.054,0.105,0.270,0.048,0.200,0.067,3,91.8242917,-53.1470278
g0607202-232203,1,0.575,0.086,0.230,0.077,0.180,0.038,0.400,0.065,4,91.8340000,-23.3675278
g0607344-283823,1,1.175,0.011,-0.364,0.064,0.360,0.058,-0.025,0.035,7,91.8934583,-28.6397778
g0607399-493546,1,0.675,0.133,0.174,0.124,0.240,0.060,0.400,0.089,5,91.9161250,-49.5961111
g0607544-453827,1,0.975,0.062,-0.020,0.076,0.180,0.055,0.150,0.041,3,91.9766250,-45.6407778
g0607564-445916,1,1.000,0.073,-0.227,0.075,0.400,0.047,0.150,0.042,3,91.9848750,-44.9876667
g0607566-431850,1,1.050,0.074,-0.599,0.107,0.530,0.070,-0.100,0.064,6,91.9859167,-43.3137778
g0608000-313407,1,0.275,0.036,-0.073,0.100,0.210,0.061,0.125,0.056,3,92.0001667,-31.5686389
g0608026-431921,1,1.175,0.057,-0.652,0.110,0.400,0.077,-0.275,0.054,5,92.0107500,-43.3224167
g0608059-230505,1,1.025,0.045,0.197,0.054,0.030,0.037,0.225,0.036,6,92.0243750,-23.0847778
g0608098-450854,1,0.975,0.083,-0.315,0.128,-0.090,0.080,-0.400,0.077,6,92.0407083,-45.1481944
g0608107-653648,1,1.025,0.084,-0.533,0.103,0.460,0.080,-0.100,0.049,3,92.0445000,-65.6132778
g0608239-523044,1,0.350,0.062,0.190,0.100,0.090,0.041,0.275,0.088,8,92.0994583,-52.5123056
g0608316-332059,1,0.775,0.101,-0.351,0.125,0.240,0.077,-0.125,0.063,6,92.1318333,-33.3496389
g0608503-244301,1,0.325,0.155,0.048,0.244,0.400,0.083,0.425,0.209,9,92.2095833,-24.7169444
g0608510-282600,1,0.300,0.052,-0.278,0.107,0.560,0.064,0.250,0.060,8,92.2126250,-28.4333889
g0608521-654121,1,0.575,0.160,-0.114,0.185,0.440,0.077,0.300,0.138,4,92.2171667,-65.6891389
g0608534-613753,1,0.850,0.136,0.180,0.109,0.180,0.045,0.350,0.084,3,92.2224167,-61.6313056
g0608585-570709,1,1.175,0.004,-0.108,0.055,0.300,0.043,0.175,0.026,4,92.2436667,-57.1192778
g0609056-631316,1,1.100,0.008,-0.189,0.048,0.440,0.034,0.225,0.024,5,92.2733750,-63.2211111
g0609147-594853,1,1.000,0.095,0.097,0.136,0.030,0.091,0.125,0.076,6,92.3112917,-59.8148333
g0609150-510432,1,0.250,0.055,0.433,0.104,-0.300,0.050,0.150,0.075,8,92.3123750,-51.0756667
g0609151-651230,1,0.475,0.123,-0.043,0.182,-0.060,0.107,-0.100,0.101,4,92.3127083,-65.2083056
g0609199-660927,1,0.700,0.130,0.122,0.160,0.030,0.087,0.150,0.096,4,92.3329583,-66.1575278
g0609229-613103,1,0.850,0.136,-0.113,0.174,0.120,0.110,0.000,0.091,8,92.3455417,-61.5174167
g0609244-492602,1,0.500,0.136,0.166,0.161,-0.150,0.084,0.025,0.122,7,92.3517917,-49.4338889
g0609247-273313,1,0.600,0.105,-0.233,0.131,0.300,0.068,0.050,0.080,9,92.3528333,-27.5535833
g0609318-654922,1,1.175,0.033,-0.270,0.073,0.180,0.063,-0.100,0.034,5,92.3826667,-65.8226389
g0609339-182318,1,0.950,0.134,-0.070,0.144,0.180,0.072,0.100,0.094,9,92.3912083,-18.3884167
g0609457-413831,1,0.650,0.076,0.155,0.086,0.180,0.042,0.325,0.064,5,92.4404583,-41.6420000
g0609466-241931,1,1.150,0.000,-0.073,0.042,0.210,0.030,0.125,0.023,4,92.4441250,-24.3253611
g0609481-244125,1,1.025,0.025,-0.148,0.050,0.210,0.040,0.050,0.023,2,92.4504167,-24.6902778
g0609488-333551,1,1.175,0.000,-0.295,0.056,0.340,0.049,0.025,0.024,6,92.4534167,-33.5974444
g0609518-355160,1,0.850,0.103,0.034,0.096,0.150,0.049,0.175,0.061,4,92.4659167,-35.8666111
g0609518-434659,1,0.900,0.097,0.074,0.074,0.240,0.038,0.300,0.049,6,92.4659583,-43.7830833
g0609552-500335,1,0.525,0.103,0.193,0.136,0.060,0.065,0.250,0.090,6,92.4801667,-50.0598056
g0610136-575719,1,0.950,0.092,-0.251,0.086,0.320,0.058,0.050,0.059,5,92.5565417,-57.9552500
g0610198-700831,1,0.650,0.111,-0.314,0.143,0.360,0.084,0.025,0.075,4,92.5824167,-70.1420556
g0610216-623518,1,1.025,0.063,-0.088,0.074,0.120,0.042,0.025,0.047,4,92.5899167,-62.5881944
g0610259-640039,1,0.600,0.131,-0.032,0.155,0.060,0.098,0.025,0.116,10,92.6078750,-64.0106944
g0610269-501842,1,0.400,0.082,0.275,0.114,0.000,0.050,0.275,0.085,4,92.6119583,-50.3117500
g0610294-261335,1,0.175,0.058,0.017,0.190,0.300,0.077,0.300,0.138,7,92.6225000,-26.2263333
g0610327-623218,1,0.575,0.070,0.147,0.087,0.030,0.041,0.175,0.065,8,92.6363750,-62.5384167
g0610514-335257,1,0.750,0.065,0.102,0.067,0.210,0.035,0.300,0.046,4,92.7140000,-33.8823611
g0610524-265809,1,0.650,0.117,0.055,0.116,0.340,0.060,0.375,0.084,8,92.7185000,-26.9690556
g0611030-434323,1,0.250,0.047,0.034,0.114,0.150,0.059,0.175,0.069,6,92.7623750,-43.7231389
g0611058-451051,1,1.075,0.029,-0.276,0.060,0.320,0.046,0.025,0.026,10,92.7741250,-45.1809444
g0611178-270351,1,0.425,0.113,0.023,0.157,0.480,0.040,0.475,0.159,6,92.8241667,-27.0640556
g0611184-363418,1,1.075,0.062,-0.214,0.078,0.360,0.051,0.125,0.043,9,92.8268333,-36.5715556
g0611272-122445,1,1.000,0.132,-0.023,0.126,0.210,0.067,0.175,0.097,8,92.8631667,-12.4124444
g0611296-665514,2,1.025,0.081,-0.295,0.097,0.180,0.068,-0.125,0.052,4,92.8731250,-66.9205278
g0611317-420422,1,0.600,0.085,-0.321,0.102,0.420,0.065,0.075,0.061,10,92.8819167,-42.0727778
g0611364-661058,1,1.125,0.018,-0.276,0.092,0.320,0.065,0.025,0.047,3,92.9015000,-66.1827500
g0611482-192631,1,0.350,0.074,0.168,0.129,0.060,0.067,0.225,0.079,4,92.9509583,-19.4418611
g0611545-280947,1,0.375,0.078,0.123,0.127,0.400,0.035,0.500,0.115,6,92.9772500,-28.1631389
g0611571-323128,1,0.900,0.074,0.046,0.069,0.270,0.039,0.300,0.045,3,92.9880833,-32.5245556
g0611600-771544,1,0.925,0.115,-0.264,0.139,0.440,0.077,0.150,0.079,3,92.9997917,-77.2622222
g0612017-440802,1,1.075,0.040,-0.290,0.067,-0.090,0.064,-0.375,0.033,6,93.0070417,-44.1338333
g0612048-450033,1,0.525,0.105,-0.045,0.139,0.340,0.065,0.275,0.091,10,93.0199167,-45.0090278
g0612181-443918,1,1.175,0.008,-0.451,0.076,0.320,0.063,-0.150,0.030,6,93.0755417,-44.6549722
g0612204-551628,1,1.100,0.037,-0.326,0.089,0.240,0.080,-0.100,0.058,5,93.0847917,-55.2745278
g0612216-280328,1,0.650,0.090,0.034,0.100,0.150,0.062,0.175,0.058,4,93.0900417,-28.0578611
g0612261-443939,1,1.075,0.014,-0.076,0.044,0.240,0.032,0.150,0.023,7,93.1086667,-44.6607500
g0612267-553156,1,0.750,0.113,-0.126,0.113,0.320,0.055,0.175,0.077,7,93.1110833,-55.5323056
g0612295-470325,1,0.675,0.142,0.090,0.156,0.090,0.063,0.175,0.113,5,93.1227917,-47.0568611
g0612304-355852,1,1.175,0.005,-0.051,0.040,0.320,0.037,0.250,0.016,8,93.1266250,-35.9810000
g0612330-473948,1,0.225,0.117,0.350,0.210,0.000,0.094,0.350,0.163,7,93.1375833,-47.6632778
g0612339-450431,1,0.850,0.092,0.059,0.083,0.150,0.058,0.200,0.056,6,93.1413333,-45.0751944
g0612406-500048,1,0.625,0.080,-0.079,0.117,0.270,0.059,0.175,0.075,7,93.1692917,-50.0134444
g0612444-414735,1,1.075,0.050,-0.276,0.086,0.240,0.056,-0.050,0.047,6,93.1851667,-41.7930000
g0612499-444845,1,0.875,0.103,-0.123,0.120,0.210,0.066,0.075,0.075,6,93.2080833,-44.8123889
g0612584-320105,1,0.350,0.077,0.055,0.132,0.340,0.062,0.375,0.096,8,93.2433750,-32.0180833
g0613047-675401,1,0.800,0.139,-0.508,0.163,0.380,0.110,-0.150,0.084,6,93.2694583,-67.9003333
g0613078-452617,1,1.175,0.010,-0.514,0.090,0.440,0.074,-0.100,0.027,7,93.2823333,-45.4379444
g0613089-664321,2,0.925,0.120,-0.358,0.133,0.380,0.075,0.000,0.072,3,93.2870417,-66.7226111
g0613179-572956,1,0.675,0.174,0.365,0.172,0.090,0.066,0.450,0.145,2,93.3246667,-57.4987778
g0613207-655329,1,0.625,0.132,0.137,0.128,0.120,0.051,0.250,0.101,3,93.3360833,-65.8914167
g0613208-500043,1,0.750,0.101,-0.204,0.111,0.270,0.066,0.050,0.063,4,93.3365417,-50.0119167
g0613215-334059,1,0.900,0.076,0.096,0.059,0.270,0.029,0.350,0.040,6,93.3397500,-33.6830556
g0613216-115645,1,1.175,0.010,-0.354,0.055,0.270,0.046,-0.100,0.028,5,93.3400833,-11.9459167
g0613275-422711,1,0.775,0.161,0.130,0.119,0.340,0.053,0.450,0.100,10,93.3644167,-42.4531667
g0613316-434217,1,0.950,0.059,-0.051,0.048,0.240,0.030,0.175,0.034,2,93.3817083,-43.7047222
g0613350-580860,1,1.025,0.073,0.168,0.094,0.060,0.061,0.225,0.061,7,93.3957500,-58.1499444
g0613353-531402,1,0.875,0.099,-0.560,0.150,0.090,0.102,-0.475,0.110,5,93.3970833,-53.2338333
g0613410-334841,1,0.350,0.079,0.300,0.116,0.000,0.054,0.300,0.084,4,93.4206250,-33.8113333
g0613438-424740,1,0.625,0.062,0.099,0.065,0.240,0.031,0.325,0.044,3,93.4325000,-42.7945278
g0613441-411440,1,0.325,0.094,0.024,0.151,0.240,0.072,0.250,0.104,6,93.4338750,-41.2444167
g0613441-610817,1,0.900,0.096,-0.164,0.112,0.360,0.066,0.175,0.062,7,93.4337917,-61.1379444
g0613480-675515,2,0.400,0.098,0.030,0.132,0.340,0.069,0.350,0.091,2,93.4499583,-67.9206944
g0613507-361113,1,0.600,0.135,-0.191,0.147,0.150,0.078,-0.050,0.087,8,93.4611250,-36.1868333
g0614022-662414,2,1.125,0.039,-0.197,0.081,-0.030,0.064,-0.225,0.041,6,93.5092917,-66.4040000
g0614086-584142,1,0.525,0.084,-0.129,0.112,0.270,0.059,0.125,0.069,4,93.5358333,-58.6948611
g0614087-360130,1,1.175,0.004,-0.254,0.077,0.270,0.062,0.000,0.026,6,93.5364167,-36.0248611
g0614107-611329,1,0.375,0.084,0.002,0.140,0.210,0.076,0.200,0.105,4,93.5447083,-61.2248333
g0614122-700519,1,1.150,0.013,-0.251,0.062,0.320,0.051,0.050,0.028,2,93.5508750,-70.0887222
g0614140-312822,1,0.550,0.113,0.390,0.104,0.090,0.048,0.475,0.080,10,93.5581250,-31.4728889
g0614305-535629,1,0.750,0.116,-0.020,0.126,0.180,0.059,0.150,0.083,3,93.6271667,-53.9414444
g0614341-575901,1,0.800,0.124,-0.201,0.143,0.240,0.092,0.025,0.073,2,93.6421250,-57.9835833
g0614343-583935,1,0.950,0.077,0.024,0.077,0.240,0.050,0.250,0.048,7,93.6430417,-58.6596944
g0614437-480143,1,0.275,0.106,0.293,0.190,0.060,0.063,0.350,0.153,5,93.6820417,-48.0286944
g0615012-291650,1,0.950,0.078,-0.095,0.089,0.340,0.050,0.225,0.055,5,93.7551667,-29.2804444
g0615030-693840,1,1.175,0.010,-0.351,0.071,0.320,0.051,-0.050,0.037,5,93.7622917,-69.6443611
g0615060-445130,1,0.475,0.120,0.008,0.143,-0.300,0.058,-0.275,0.116,3,93.7750000,-44.8583056
g0615064-533631,1,0.700,0.159,-0.370,0.176,0.340,0.110,-0.050,0.096,4,93.7766667,-53.6086944
g0615156-313219,1,0.600,0.122,-0.171,0.162,0.420,0.084,0.225,0.101,10,93.8148333,-31.5385278
g0615180-594326,1,0.875,0.104,-0.091,0.115,0.150,0.068,0.050,0.072,5,93.8251250,-59.7239444
g0615250-521451,1,0.350,0.094,0.038,0.165,-0.120,0.096,-0.075,0.091,9,93.8540000,-52.2475278
g0615289-513726,1,0.700,0.095,-0.020,0.108,0.180,0.060,0.150,0.070,4,93.8704167,-51.6238889
g0615321-320360,1,1.050,0.051,-0.088,0.067,0.120,0.051,0.025,0.038,5,93.8836667,-32.0666389
g0616067-474946,1,0.250,0.069,0.165,0.189,0.090,0.108,0.250,0.148,6,94.0277083,-47.8293333
g0616076-695204,1,0.450,0.146,0.177,0.186,0.210,0.075,0.375,0.143,4,94.0317917,-69.8678889
g0616078-511625,1,0.550,0.113,-0.078,0.146,0.030,0.077,-0.050,0.088,3,94.0326667,-51.2737222
g0616135-342811,1,0.275,0.041,-0.123,0.117,0.210,0.075,0.075,0.057,8,94.0564167,-34.4698056
g0616238-514537,1,0.350,0.077,0.372,0.102,0.030,0.059,0.400,0.090,6,94.0992917,-51.7603056
g0616337-514449,1,0.750,0.101,-0.113,0.122,0.120,0.065,0.000,0.072,6,94.1402083,-51.7468056
g0616366-600833,1,0.425,0.109,-0.377,0.177,0.400,0.103,0.000,0.095,6,94.1525833,-60.1425000
g0616404-433443,1,0.625,0.084,-0.104,0.121,0.270,0.085,0.150,0.063,8,94.1681250,-43.5785833
g0616416-605058,1,1.100,0.069,-0.218,0.110,-0.060,0.089,-0.275,0.058,7,94.1734583,-60.8494167
g0616417-513602,1,0.625,0.067,0.134,0.078,0.150,0.036,0.275,0.056,4,94.1736250,-51.6004167
g0616482-235455,1,0.450,0.069,-0.164,0.079,0.440,0.043,0.250,0.047,5,94.2006667,-23.9153056
g0616488-661605,2,1.075,0.071,-0.295,0.110,0.180,0.074,-0.125,0.057,5,94.2034583,-66.2679722
g0616522-341057,1,0.900,0.083,-0.296,0.086,0.500,0.050,0.175,0.052,4,94.2175000,-34.1824722
g0616547-481910,1,0.425,0.110,0.146,0.197,0.270,0.076,0.400,0.173,8,94.2279167,-48.3194722
g0617070-510227,1,0.475,0.126,-0.264,0.196,0.360,0.108,0.075,0.109,3,94.2793333,-51.0408889
g0617141-505942,1,0.150,0.046,0.022,0.157,0.030,0.095,0.050,0.083,8,94.3085833,-50.9950000
g0617169-553258,1,0.475,0.082,0.105,0.110,0.180,0.044,0.275,0.095,2,94.3205833,-55.5494167
g0617414-064742,1,0.375,0.094,0.191,0.145,-0.150,0.083,0.050,0.104,4,94.4223750,-6.7950000
g0617510-325119,1,0.675,0.134,-0.358,0.128,0.300,0.075,-0.075,0.078,7,94.4625833,-32.8551389
g0618113-485604,1,1.175,0.033,-0.277,0.080,0.480,0.055,0.175,0.038,3,94.5472500,-48.9344444
g0618123-363139,1,0.650,0.105,-0.338,0.149,0.120,0.100,-0.225,0.071,9,94.5514167,-36.5275833
g0618212-603107,1,0.450,0.108,0.005,0.168,0.180,0.076,0.175,0.116,4,94.5883333,-60.5185278
g0618309-545824,1,0.225,0.071,0.215,0.175,0.090,0.090,0.300,0.141,7,94.6286667,-54.9734167
g0618393-542814,1,0.325,0.066,0.063,0.147,-0.120,0.083,-0.050,0.093,4,94.6637083,-54.4705278
g0618395-502442,1,0.525,0.100,0.400,0.116,0.000,0.054,0.400,0.085,2,94.6645000,-50.4115556
g0618570-240354,1,0.500,0.082,0.285,0.111,-0.090,0.055,0.200,0.075,8,94.7373333,-24.0649444
g0619037-083813,1,0.675,0.103,-0.108,0.109,0.300,0.063,0.175,0.073,7,94.7655833,-8.6369167
g0619177-705932,1,0.325,0.119,0.363,0.169,-0.120,0.076,0.250,0.129,5,94.8237917,-70.9920833
g0619223-695307,1,0.575,0.107,-0.095,0.126,0.180,0.066,0.075,0.081,6,94.8429167,-69.8851389
g0619279-092902,1,0.325,0.108,0.253,0.144,-0.030,0.062,0.225,0.114,4,94.8663750,-9.4838611
g0619405-264901,1,0.250,0.102,0.152,0.231,0.210,0.070,0.350,0.186,8,94.9185417,-26.8168611
g0619422-501903,1,0.525,0.039,0.463,0.067,-0.120,0.040,0.350,0.054,10,94.9259167,-50.3175833
g0619447-681455,1,1.000,0.049,-0.098,0.059,0.210,0.038,0.100,0.041,3,94.9362917,-68.2485278
g0619479-634425,1,0.775,0.119,-0.172,0.144,-0.030,0.096,-0.200,0.070,4,94.9495000,-63.7403056
g0619504-652703,2,0.425,0.082,-0.188,0.140,0.120,0.075,-0.075,0.080,5,94.9600833,-65.4508333
g0619541-714310,1,1.100,0.029,-0.029,0.051,0.270,0.039,0.225,0.030,4,94.9755000,-71.7193889
g0620023-691538,1,1.025,0.024,0.046,0.041,0.270,0.033,0.300,0.025,7,95.0094583,-69.2605278
g0620026-430203,1,0.700,0.104,-0.123,0.132,0.210,0.080,0.075,0.072,7,95.0106667,-43.0342778
g0620123-562435,1,1.075,0.033,-0.552,0.100,0.480,0.100,-0.100,0.039,10,95.0512500,-56.4098333
g0620156-680842,1,0.425,0.214,0.130,0.293,0.180,0.110,0.300,0.225,5,95.0647917,-68.1449722
g0620280-223433,1,0.600,0.093,0.143,0.110,0.060,0.057,0.200,0.078,5,95.1165417,-22.5759444
g0620460-672138,1,0.350,0.062,0.161,0.131,0.360,0.053,0.500,0.110,5,95.1917083,-67.3606111
g0620464-701207,1,0.675,0.139,0.196,0.110,0.270,0.047,0.450,0.092,3,95.1932083,-70.2019444
g0620521-642907,1,1.100,0.024,-0.220,0.062,0.180,0.051,-0.050,0.035,1,95.2171667,-64.4853056
g0621006-723532,1,0.850,0.123,0.025,0.133,0.000,0.072,0.025,0.079,8,95.2523750,-72.5921667
g0621108-703430,1,1.000,0.109,0.187,0.105,0.120,0.052,0.300,0.074,5,95.2949167,-70.5749167
g0621124-223024,1,0.350,0.082,-0.075,0.159,0.000,0.090,-0.075,0.089,3,95.3017917,-22.5065278
g0621140-650058,2,1.100,0.058,-0.035,0.116,0.090,0.085,0.050,0.055,8,95.3082083,-65.0160278
g0621187-250821,1,0.775,0.162,-0.098,0.188,0.210,0.083,0.100,0.127,8,95.3279583,-25.1391944
g0621265-280641,1,1.025,0.032,-0.098,0.044,0.210,0.028,0.100,0.030,1,95.3603333,-28.1114167
g0621276-645934,1,0.875,0.092,-0.033,0.092,0.300,0.048,0.250,0.057,8,95.3648333,-64.9927778
g0621303-510235,1,0.500,0.110,0.307,0.142,-0.060,0.064,0.250,0.098,2,95.3762500,-51.0429167
g0621305-282310,1,0.450,0.055,-0.023,0.083,0.210,0.049,0.175,0.049,8,95.3772083,-28.3861389
g0621325-582154,1,0.325,0.130,0.280,0.216,0.180,0.083,0.450,0.199,7,95.3853333,-58.3648889
g0621337-221028,1,0.575,0.087,0.000,0.110,0.000,0.062,0.000,0.068,7,95.3904167,-22.1743333
g0621398-271401,1,1.150,0.015,-0.051,0.034,0.240,0.032,0.175,0.032,8,95.4156250,-27.2337222
g0621432-501404,1,0.775,0.159,0.187,0.167,0.120,0.062,0.300,0.127,6,95.4299583,-50.2345556
g0621444-254811,1,0.525,0.110,0.187,0.133,0.120,0.059,0.300,0.102,8,95.4350833,-25.8030833
g0621506-564757,1,1.025,0.070,0.002,0.086,0.210,0.055,0.200,0.054,5,95.4606667,-56.7990833
g0621567-363321,1,0.450,0.052,-0.020,0.085,0.180,0.048,0.150,0.057,4,95.4863333,-36.5559444
g0621578-474427,1,1.175,0.088,0.205,0.081,0.180,0.076,0.375,0.075,7,95.4907917,-47.7408889
g0621582-642259,1,0.350,0.123,0.313,0.158,-0.120,0.074,0.200,0.113,2,95.4924583,-64.3831111
g0622017-644742,1,0.650,0.079,0.118,0.100,0.060,0.048,0.175,0.067,4,95.5069167,-64.7950000
g0622069-232214,1,0.600,0.082,0.146,0.079,0.270,0.035,0.400,0.056,2,95.5287500,-23.3706667
g0622197-641405,1,0.350,0.049,0.312,0.075,0.120,0.035,0.425,0.057,3,95.5822083,-64.2345833
g0622268-565140,1,0.850,0.139,-0.001,0.168,0.240,0.095,0.225,0.092,6,95.6117083,-56.8610278
g0622270-554427,1,0.425,0.155,0.025,0.215,0.000,0.109,0.025,0.125,10,95.6125000,-55.7407500
g0622343-635554,1,0.200,0.078,0.237,0.193,0.120,0.078,0.350,0.148,8,95.6430417,-63.9316111
g0622515-674913,1,0.275,0.071,0.155,0.144,0.180,0.060,0.325,0.109,5,95.7143750,-67.8203056
g0622523-243812,1,0.375,0.094,-0.208,0.177,0.300,0.102,0.075,0.093,6,95.7180000,-24.6366944
g0622546-325244,1,0.075,0.047,-0.083,0.116,0.300,0.067,0.200,0.067,6,95.7275417,-32.8789722
g0622592-662502,2,0.425,0.126,0.545,0.154,-0.180,0.076,0.375,0.124,8,95.7467083,-66.4172778
g0623022-534408,1,0.200,0.087,0.153,0.224,-0.030,0.111,0.125,0.198,10,95.7590417,-53.7354722
g0623081-582548,1,0.525,0.142,-0.020,0.178,0.340,0.073,0.300,0.123,8,95.7836250,-58.4299722
g0623089-225447,1,0.200,0.042,-0.204,0.152,0.270,0.099,0.050,0.071,3,95.7872083,-22.9130278
g0623096-362152,1,0.750,0.109,0.209,0.105,0.150,0.050,0.350,0.073,3,95.7899583,-36.3645000
g0623251-660203,1,0.850,0.156,0.111,0.137,0.360,0.058,0.450,0.100,4,95.8546667,-66.0342778
g0623257-540940,1,0.400,0.108,0.230,0.196,0.180,0.108,0.400,0.127,9,95.8572500,-54.1610278
g0623258-331543,1,0.500,0.109,0.017,0.138,0.460,0.052,0.450,0.111,7,95.8575833,-33.2619167
g0623263-643423,1,0.850,0.137,-0.158,0.139,0.380,0.072,0.200,0.091,5,95.8595833,-64.5729167
g0623271-370160,1,0.700,0.070,-0.026,0.080,0.320,0.046,0.275,0.050,5,95.8627917,-37.0332222
g0623326-513452,1,0.975,0.154,0.034,0.174,0.150,0.072,0.175,0.125,6,95.8858750,-51.5811944
g0624245-371724,1,0.525,0.069,0.197,0.092,0.030,0.043,0.225,0.071,7,96.1021250,-37.2901111
g0624251-635038,1,0.900,0.098,-0.023,0.095,0.210,0.052,0.175,0.061,4,96.1044167,-63.8438889
g0624341-634915,1,0.400,0.081,0.024,0.112,0.240,0.057,0.250,0.077,5,96.1421667,-63.8207500
g0624359-225018,1,0.125,0.044,0.199,0.119,0.240,0.077,0.425,0.133,10,96.1496250,-22.8382500
g0624362-570045,1,0.450,0.090,0.098,0.123,0.400,0.042,0.475,0.121,5,96.1508333,-57.0125000
g0624434-673813,1,0.600,0.146,0.099,0.175,0.240,0.067,0.325,0.130,9,96.1806667,-67.6368611
g0624476-303236,1,0.675,0.089,0.117,0.079,0.300,0.046,0.400,0.051,6,96.1983333,-30.5434167
g0624510-632118,1,0.975,0.079,-0.160,0.092,0.090,0.060,-0.075,0.047,5,96.2124167,-63.3548889
g0624589-271809,1,0.925,0.096,-0.226,0.102,0.240,0.065,0.000,0.057,7,96.2452083,-27.3026111
g0625098-631903,1,1.025,0.042,0.017,0.065,0.300,0.046,0.300,0.039,3,96.2909167,-63.3174167
g0625168-374804,1,1.075,0.080,-0.257,0.087,0.060,0.058,-0.200,0.060,9,96.3199167,-37.8011389
g0625179-644755,1,1.000,0.059,-0.283,0.081,0.380,0.057,0.075,0.044,8,96.3245833,-64.7985278
g0625247-564729,1,-0.075,0.068,-0.252,0.223,0.400,0.112,0.125,0.129,7,96.3530833,-56.7914167
g0625272-390402,1,0.925,0.113,-0.214,0.113,0.360,0.065,0.125,0.073,6,96.3631250,-39.0672222
g0625295-432335,1,0.900,0.101,0.062,0.107,0.120,0.062,0.175,0.063,8,96.3727083,-43.3930556
g0625473-850552,1,0.775,0.155,0.002,0.164,0.210,0.094,0.200,0.102,5,96.4472500,-85.0977500
g0625533-312806,1,0.300,0.091,-0.046,0.147,0.420,0.055,0.350,0.121,9,96.4720833,-31.4681944
g0625586-633020,1,1.025,0.053,-0.126,0.080,0.240,0.054,0.100,0.045,7,96.4942083,-63.5055833
g0626022-371728,1,0.750,0.119,-0.164,0.145,0.360,0.085,0.175,0.079,9,96.5090833,-37.2911944
g0626112-254345,1,1.175,0.044,-0.587,0.095,0.650,0.073,0.025,0.056,8,96.5466667,-25.7292778
g0626228-595207,1,0.350,0.093,-0.323,0.169,0.210,0.093,-0.125,0.102,6,96.5949583,-59.8684722
g0626366-632021,1,0.625,0.133,-0.451,0.211,0.320,0.162,-0.150,0.091,9,96.6523750,-63.3391111
g0627007-171139,1,1.025,0.089,-0.483,0.141,0.300,0.105,-0.200,0.060,5,96.7530833,-17.1941944
g0627067-352915,1,0.125,0.033,-0.251,0.112,0.320,0.075,0.050,0.055,6,96.7780000,-35.4876111
g0627213-580959,1,0.950,0.145,-0.015,0.153,-0.090,0.095,-0.100,0.093,7,96.8385417,-58.1665000
g0627341-571302,1,1.125,0.034,-0.191,0.066,0.150,0.049,-0.050,0.035,9,96.8919167,-57.2171667
g0627384-275120,1,0.775,0.111,-0.220,0.133,0.180,0.078,-0.050,0.071,5,96.9099583,-27.8556389
g0627491-272327,1,0.950,0.063,-0.627,0.088,0.480,0.059,-0.175,0.044,5,96.9547083,-27.3907222
g0628023-581055,1,0.725,0.118,0.012,0.124,0.120,0.063,0.125,0.090,3,97.0097083,-58.1819444
g0628031-485045,1,1.175,0.084,-0.198,0.132,0.210,0.081,0.000,0.077,5,97.0129167,-48.8458333
g0628042-561256,1,0.800,0.116,-0.028,0.126,0.030,0.080,0.000,0.073,5,97.0175000,-56.2156111
g0628062-484700,1,0.650,0.161,0.516,0.142,-0.150,0.064,0.375,0.102,5,97.0259167,-48.7834167
g0628078-672038,2,0.675,0.131,-0.374,0.154,0.530,0.081,0.125,0.093,6,97.0324167,-67.3438056
g0628124-571757,1,0.550,0.079,0.230,0.077,0.180,0.046,0.400,0.055,7,97.0515417,-57.2991389
g0628179-511330,1,0.900,0.138,0.048,0.099,0.400,0.049,0.425,0.079,7,97.0744167,-51.2250556
g0628323-322752,1,0.725,0.088,0.200,0.106,0.000,0.053,0.200,0.074,6,97.1344583,-32.4645556
g0628369-364625,1,0.875,0.122,-0.258,0.145,0.300,0.076,0.025,0.091,3,97.1536250,-36.7737222
g0628372-560301,1,0.675,0.091,-0.002,0.100,0.400,0.045,0.375,0.067,6,97.1548750,-56.0502778
g0628380-623714,1,0.400,0.077,-0.129,0.149,0.270,0.088,0.125,0.077,4,97.1581667,-62.6204167
g0628407-360732,1,0.625,0.097,-0.221,0.111,0.420,0.063,0.175,0.071,6,97.1695417,-36.1256667
g0628492-472202,1,0.825,0.167,0.202,0.127,0.210,0.059,0.400,0.116,5,97.2049583,-47.3673333
g0629015-563416,1,0.800,0.106,0.002,0.100,0.210,0.052,0.200,0.069,3,97.2563333,-56.5710278
g0629077-362342,1,0.600,0.071,0.024,0.096,0.240,0.051,0.250,0.060,4,97.2822083,-36.3950278
g0629092-133140,1,1.175,0.075,0.165,0.091,0.090,0.068,0.250,0.052,7,97.2882917,-13.5276667
g0629176-172132,1,0.525,0.081,0.318,0.077,0.060,0.036,0.375,0.061,5,97.3231250,-17.3588611
g0629208-120916,1,1.000,0.078,-0.229,0.112,0.270,0.077,0.025,0.057,4,97.3365833,-12.1544722
g0629240-215129,1,0.350,0.060,-0.054,0.095,0.270,0.060,0.200,0.056,4,97.3501667,-21.8581389
g0629241-153329,1,0.925,0.128,-0.210,0.138,0.090,0.091,-0.125,0.082,5,97.3505417,-15.5581667
g0629241-555216,1,0.700,0.140,-0.179,0.158,0.270,0.104,0.075,0.086,8,97.3502500,-55.8710000
g0629315-262236,1,0.475,0.068,-0.070,0.107,0.180,0.071,0.100,0.055,3,97.3814167,-26.3767222
g0629324-752053,1,0.850,0.103,-0.226,0.102,0.240,0.061,0.000,0.060,8,97.3848333,-75.3479167
g0629345-710618,1,0.675,0.092,-0.016,0.115,0.150,0.059,0.125,0.075,4,97.3935833,-71.1049444
g0629362-263920,1,0.675,0.077,0.122,0.084,0.030,0.043,0.150,0.061,1,97.4008750,-26.6554167
g0629477-223721,1,0.350,0.091,0.237,0.150,0.120,0.049,0.350,0.122,5,97.4489167,-22.6223889
g0629510-575300,1,0.025,0.045,-0.029,0.110,0.270,0.066,0.225,0.063,5,97.4625000,-57.8834167
g0630005-325420,1,0.825,0.073,-0.133,0.069,0.300,0.042,0.150,0.041,5,97.5022083,-32.9054167
g0630271-622512,1,0.150,0.073,0.422,0.177,0.030,0.061,0.450,0.156,1,97.6127917,-62.4199444
g0630287-683319,1,1.025,0.052,-0.045,0.070,0.180,0.050,0.125,0.045,2,97.6195833,-68.5553889
g0630367-554314,1,0.650,0.142,0.130,0.171,0.180,0.070,0.300,0.129,3,97.6527083,-55.7204722
g0630426-741658,1,1.175,0.020,-0.098,0.074,0.210,0.060,0.100,0.037,3,97.6774167,-74.2827222
g0630529-162002,1,0.775,0.129,-0.013,0.125,0.120,0.070,0.100,0.080,4,97.7204167,-16.3338889
g0630550-743553,1,0.950,0.086,0.084,0.081,0.150,0.068,0.225,0.055,7,97.7292917,-74.5980000
g0631021-661308,2,0.900,0.109,-0.495,0.141,0.340,0.100,-0.175,0.061,5,97.7588333,-66.2188056
g0631110-364914,1,0.650,0.076,0.052,0.087,0.210,0.043,0.250,0.069,8,97.7957917,-36.8205833
g0631352-561034,1,0.575,0.131,0.457,0.164,-0.060,0.070,0.400,0.113,6,97.8965000,-56.1762222
g0631413-585643,1,0.550,0.105,-0.170,0.118,0.180,0.069,0.000,0.073,4,97.9221667,-58.9451389
g0632125-283816,1,0.325,0.063,0.034,0.136,0.150,0.055,0.175,0.103,6,98.0520833,-28.6377500
g0632183-365816,1,0.550,0.159,0.123,0.171,0.400,0.064,0.500,0.136,9,98.0761250,-36.9710833
g0632205-142520,1,0.650,0.127,-0.003,0.139,0.030,0.069,0.025,0.084,6,98.0854167,-14.4223333
g0632312-644226,1,0.925,0.078,-0.145,0.086,0.340,0.053,0.175,0.049,5,98.1298333,-64.7071667
g0632571-451557,1,0.275,0.071,0.172,0.170,0.030,0.088,0.200,0.115,2,98.2377083,-45.2658056
g0633122-561332,1,0.550,0.144,0.067,0.169,0.380,0.072,0.425,0.128,5,98.3007083,-56.2256111
g0634003-341021,1,1.125,0.103,0.121,0.101,0.270,0.050,0.375,0.072,10,98.5011667,-34.1723611
g0634063-351257,1,0.700,0.081,-0.158,0.086,0.300,0.041,0.125,0.058,9,98.5261667,-35.2156944
g0634092-362730,1,0.625,0.114,0.372,0.128,0.030,0.063,0.400,0.085,8,98.5381250,-36.4583333
g0634159-551701,1,0.950,0.181,0.167,0.152,0.300,0.068,0.450,0.111,6,98.5661250,-55.2836667
g0634176-143144,1,1.075,0.053,-0.023,0.091,0.210,0.068,0.175,0.044,3,98.5734167,-14.5287778
g0634209-275305,1,0.600,0.112,-0.223,0.148,0.210,0.086,-0.025,0.080,8,98.5871250,-27.8846944
g0634250-190135,1,0.525,0.092,0.047,0.118,0.030,0.061,0.075,0.077,5,98.6041250,-19.0264722
g0634469-371108,1,0.475,0.111,0.004,0.135,0.420,0.046,0.400,0.111,5,98.6954583,-37.1855556
g0634487-370423,1,0.375,0.081,-0.016,0.141,0.150,0.071,0.125,0.084,6,98.7027917,-37.0730833
g0634505-745332,1,0.800,0.128,0.262,0.112,0.120,0.071,0.375,0.083,5,98.7104583,-74.8922222
g0634516-371711,1,0.600,0.127,-0.204,0.152,0.270,0.117,0.050,0.117,10,98.7149583,-37.2865000
g0635025-192749,1,1.025,0.077,0.112,0.074,0.120,0.049,0.225,0.054,8,98.7602083,-19.4635278
g0635221-343436,1,0.400,0.077,0.025,0.121,0.000,0.082,0.025,0.066,5,98.8422083,-34.5767500
g0635407-350823,1,0.900,0.099,-0.351,0.122,0.240,0.083,-0.125,0.058,2,98.9194583,-35.1398056
g0636083-154707,1,0.525,0.085,0.187,0.106,0.120,0.058,0.300,0.070,1,99.0344583,-15.7853333
g0636156-292433,1,0.850,0.104,-0.201,0.099,0.240,0.054,0.025,0.071,6,99.0650833,-29.4090278
g0636453-350415,1,0.500,0.051,0.237,0.061,0.120,0.037,0.350,0.039,1,99.1888333,-35.0708056
g0637068-335948,1,0.850,0.096,0.027,0.096,0.210,0.046,0.225,0.065,3,99.2781250,-33.9966667
g0637179-552141,1,1.175,0.082,-0.271,0.092,0.420,0.067,0.125,0.062,6,99.3245000,-55.3613611
g0637206-372043,1,0.400,0.093,-0.258,0.136,0.460,0.090,0.175,0.084,9,99.3357500,-37.3453333
g0637323-171722,1,0.800,0.181,-0.233,0.203,0.460,0.087,0.200,0.145,7,99.3847500,-17.2894167
g0637343-710814,1,0.850,0.083,-0.075,0.084,0.000,0.050,-0.075,0.047,4,99.3930000,-71.1372778
g0638125-644359,1,0.450,0.106,-0.033,0.147,0.460,0.060,0.400,0.120,4,99.5520417,-64.7330278
g0638412-592013,1,1.175,0.037,-0.631,0.107,0.590,0.087,-0.075,0.044,6,99.6716667,-59.3370556
g0639049-192324,1,1.175,0.028,-0.189,0.043,0.440,0.031,0.225,0.023,7,99.7702083,-19.3899722
g0639243-285257,1,0.625,0.072,0.165,0.097,0.090,0.049,0.250,0.061,6,99.8510417,-28.8823889
g0639247-750657,1,0.975,0.079,-0.304,0.087,0.270,0.061,-0.050,0.048,4,99.8527917,-75.1158333
g0639478-765140,1,1.175,0.168,-0.250,0.173,0.000,0.079,-0.250,0.141,10,99.9490417,-76.8610278
g0639483-375630,1,1.175,0.108,-0.806,0.192,0.590,0.140,-0.250,0.083,9,99.9511250,-37.9417778
g0639526-611212,1,0.725,0.169,-0.333,0.212,0.380,0.121,0.025,0.147,6,99.9689583,-61.2032222
g0640110-353628,1,0.975,0.096,-0.163,0.108,0.120,0.071,-0.050,0.059,7,100.0457917,-35.6078333
g0640177-192257,1,1.150,0.042,-0.426,0.071,0.240,0.054,-0.200,0.034,5,100.0739167,-19.3824722
g0640195-183555,1,1.175,0.025,0.012,0.056,0.120,0.041,0.125,0.031,6,100.0813750,-18.5987222
g0640297-272854,1,1.025,0.041,-0.245,0.066,0.340,0.051,0.075,0.032,6,100.1238333,-27.4816111
g0640353-365124,1,1.100,0.023,-0.107,0.064,0.060,0.050,-0.050,0.031,6,100.1470833,-36.8567778
g0640372-764452,1,1.175,0.026,-0.182,0.088,0.060,0.076,-0.125,0.054,4,100.1551667,-76.7476389
g0640396-182811,1,0.925,0.104,-0.195,0.108,0.340,0.056,0.125,0.071,7,100.1649167,-18.4696389
g0640412-173908,1,1.125,0.035,-0.095,0.071,0.180,0.050,0.075,0.039,5,100.1716667,-17.6521389
g0640478-172400,1,0.800,0.129,-0.741,0.161,0.680,0.099,-0.100,0.077,10,100.1992500,-17.4000833
g0640480-215239,1,0.675,0.117,0.111,0.089,0.360,0.042,0.450,0.063,5,100.1999583,-21.8773889
g0641214-512446,1,0.200,0.050,0.343,0.105,0.060,0.047,0.400,0.083,1,100.3390000,-51.4127500
g0641374-344430,1,0.550,0.078,0.280,0.074,0.180,0.034,0.450,0.062,3,100.4059583,-34.7416111
g0641386-601544,1,1.025,0.048,-0.276,0.078,0.320,0.055,0.025,0.043,8,100.4109167,-60.2622222
g0642105-354958,1,0.925,0.120,-0.320,0.122,0.180,0.077,-0.150,0.067,6,100.5438750,-35.8328611
g0642141-523236,1,0.625,0.114,-0.032,0.142,0.060,0.076,0.025,0.084,5,100.5588333,-52.5431944
g0642142-750724,1,0.950,0.103,0.037,0.101,0.120,0.063,0.150,0.079,4,100.5592083,-75.1234444
g0642284-312919,1,0.300,0.036,0.172,0.076,0.030,0.054,0.200,0.037,6,100.6183750,-31.4886389
g0642421-665838,1,0.675,0.139,0.284,0.142,0.150,0.053,0.425,0.103,8,100.6752083,-66.9771111
g0642423-643527,1,0.425,0.069,0.099,0.088,0.240,0.045,0.325,0.059,5,100.6763333,-64.5908889
g0643255-741526,1,1.000,0.095,-0.104,0.087,0.270,0.054,0.150,0.058,5,100.8562917,-74.2571389
g0643445-271559,1,0.575,0.097,0.196,0.096,0.270,0.036,0.450,0.093,4,100.9352500,-27.2665000
g0643592-290534,1,0.625,0.081,-0.010,0.104,0.090,0.057,0.075,0.066,7,100.9964583,-29.0926389
g0644010-565320,1,-0.175,0.052,0.055,0.164,0.340,0.078,0.375,0.102,7,101.0040833,-56.8888611
g0644024-192431,1,0.425,0.078,-0.123,0.118,0.210,0.072,0.075,0.070,9,101.0100417,-19.4084722
g0644061-750454,1,0.550,0.087,-0.053,0.095,0.030,0.063,-0.025,0.054,4,101.0253750,-75.0815556
g0644072-431017,1,0.925,0.096,-0.395,0.112,0.340,0.077,-0.075,0.059,7,101.0298750,-43.1714722
g0644197-365351,1,1.025,0.056,0.015,0.080,0.090,0.050,0.100,0.048,4,101.0821667,-36.8974444
g0644225-260632,1,0.850,0.081,-0.166,0.079,0.150,0.046,-0.025,0.046,4,101.0938333,-26.1088333
g0645173-301552,1,0.275,0.042,-0.058,0.087,0.300,0.047,0.225,0.055,9,101.3221250,-30.2644444
g0645269-332514,1,1.125,0.066,-0.348,0.077,0.210,0.060,-0.150,0.037,5,101.3621250,-33.4206389
g0645343-742039,1,0.475,0.151,0.226,0.182,-0.240,0.093,0.000,0.132,8,101.3930833,-74.3442500
g0645453-553203,1,1.100,0.021,-0.170,0.066,0.340,0.045,0.150,0.034,2,101.4388333,-55.5340556
g0645465-352232,1,1.175,0.080,-0.278,0.115,0.030,0.084,-0.250,0.061,7,101.4437083,-35.3756389
g0645487-622256,1,0.725,0.104,0.024,0.107,0.240,0.053,0.250,0.068,6,101.4528333,-62.3821389
g0645564-552453,1,0.475,0.086,0.152,0.111,0.210,0.044,0.350,0.080,5,101.4848333,-55.4145833
g0645582-571360,1,0.675,0.094,-0.376,0.126,0.240,0.079,-0.150,0.061,4,101.4925417,-57.2332500
g0646030-732958,1,0.200,0.039,-0.163,0.119,0.120,0.064,-0.050,0.090,6,101.5123750,-73.4993333
g0646136-740720,1,0.875,0.126,-0.076,0.136,0.240,0.074,0.150,0.089,3,101.5567083,-74.1222500
g0646252-653826,1,0.875,0.092,-0.145,0.096,0.340,0.055,0.175,0.057,4,101.6050833,-65.6406667
g0646288-374457,1,0.525,0.094,-0.013,0.119,0.120,0.051,0.100,0.098,4,101.6197917,-37.7492500
g0646444-430728,1,0.950,0.063,-0.446,0.084,0.500,0.063,0.025,0.043,5,101.6848750,-43.1243611
g0646478-671805,1,1.075,0.040,-0.053,0.076,0.030,0.059,-0.025,0.038,10,101.6990833,-67.3013611
g0647073-673614,1,0.950,0.090,0.115,0.091,0.090,0.047,0.200,0.062,9,101.7803333,-67.6038056
g0648192-614924,1,1.175,0.010,-0.198,0.064,0.210,0.047,0.000,0.035,5,102.0800417,-61.8232500
g0648198-552430,1,0.475,0.131,-0.071,0.186,0.420,0.077,0.325,0.138,4,102.0823750,-55.4083333
g0648242-293756,1,0.550,0.109,0.075,0.148,0.000,0.085,0.075,0.085,6,102.1006250,-29.6323333
g0648375-283214,1,0.350,0.090,-0.302,0.177,0.400,0.096,0.075,0.097,7,102.1563750,-28.5371944
g0648378-580338,1,1.125,0.045,-0.047,0.081,-0.030,0.060,-0.075,0.048,6,102.1575833,-58.0606389
g0648500-334640,1,0.500,0.095,-0.132,0.133,0.060,0.074,-0.075,0.074,4,102.2083333,-33.7777500
g0649016-435637,1,0.700,0.125,0.030,0.136,0.180,0.075,0.200,0.089,9,102.2564583,-43.9436944
g0649022-714123,1,0.600,0.110,-0.115,0.116,-0.090,0.067,-0.200,0.067,5,102.2589583,-71.6897778
g0649090-644021,1,0.800,0.102,-0.016,0.087,0.150,0.057,0.125,0.054,6,102.2872917,-64.6726111
g0649379-714253,1,1.175,0.014,-0.320,0.052,0.340,0.039,0.000,0.029,6,102.4078333,-71.7146667
g0649388-741643,1,0.825,0.114,-0.443,0.165,0.120,0.110,-0.330,0.093,3,102.4118333,-74.2786667
g0649543-774214,1,0.875,0.123,0.020,0.118,-0.180,0.067,-0.150,0.073,8,102.4764167,-77.7039444
g0650012-580021,1,0.300,0.078,0.228,0.146,-0.030,0.076,0.200,0.094,5,102.5051250,-58.0058333
g0650043-261509,1,1.150,0.040,0.284,0.059,0.150,0.046,0.425,0.033,9,102.5179583,-26.2523611
g0650074-341424,1,0.350,0.078,0.162,0.116,0.120,0.055,0.275,0.074,4,102.5306250,-34.2398611
g0650223-463306,1,0.525,0.110,-0.609,0.173,0.620,0.117,-0.025,0.093,10,102.5930833,-46.5517222
g0650282-371227,1,1.175,0.004,-0.264,0.048,0.440,0.036,0.150,0.025,4,102.6174583,-37.2074444
g0650544-352056,1,0.975,0.069,-0.354,0.072,0.270,0.043,-0.100,0.043,5,102.7267083,-35.3489167
g0651051-563423,1,0.250,0.075,0.393,0.177,0.060,0.068,0.450,0.146,4,102.7711250,-56.5731667
g0651110-432107,1,0.700,0.146,0.012,0.181,0.120,0.097,0.125,0.109,5,102.7958333,-43.3518056
g0651157-613424,1,0.950,0.077,-0.252,0.094,0.400,0.054,0.125,0.055,4,102.8153750,-61.5733056
g0651327-272950,1,1.125,0.054,-0.641,0.096,0.680,0.072,0.000,0.052,5,102.8861250,-27.4973333
g0651588-344128,1,0.625,0.125,0.259,0.108,0.150,0.050,0.400,0.082,4,102.9951250,-34.6911389
g0652083-254825,1,1.150,0.038,0.165,0.069,0.090,0.055,0.250,0.037,5,103.0343750,-25.8070278
g0652110-590141,1,1.150,0.018,-0.079,0.050,0.270,0.035,0.175,0.030,6,103.0460000,-59.0279722
g0652137-640527,1,0.850,0.085,-0.164,0.091,0.360,0.056,0.175,0.055,4,103.0570000,-64.0909167
g0652508-513147,1,1.025,0.091,-0.200,0.128,0.000,0.084,-0.200,0.062,5,103.2117083,-51.5297778
g0652518-451813,1,0.625,0.142,0.077,0.168,0.210,0.071,0.275,0.115,6,103.2157917,-45.3037222
g0652571-714542,1,1.125,0.016,-0.439,0.047,0.360,0.039,-0.100,0.018,4,103.2377083,-71.7617778
g0653026-701732,1,0.775,0.123,0.074,0.109,0.240,0.048,0.300,0.076,5,103.2608333,-70.2923056
g0653057-433510,1,0.775,0.160,0.084,0.167,0.150,0.064,0.225,0.128,6,103.2735833,-43.5860000
g0653308-750136,1,1.175,0.018,-0.501,0.068,0.320,0.059,-0.200,0.028,2,103.3784583,-75.0265278
g0654124-702115,1,0.250,0.080,0.222,0.197,0.030,0.079,0.250,0.152,4,103.5517500,-70.3542222
g0654144-553333,1,0.550,0.132,-0.029,0.152,0.270,0.069,0.225,0.103,5,103.5597917,-55.5591111
g0654219-654911,1,0.525,0.148,0.359,0.152,0.150,0.061,0.500,0.131,7,103.5913750,-65.8196111
g0654231-593433,1,0.750,0.121,-0.612,0.159,0.650,0.096,0.000,0.083,6,103.5962917,-59.5759444
g0654515-553105,1,1.050,0.035,-0.108,0.071,0.300,0.054,0.175,0.037,5,103.7146667,-55.5179167
g0655106-581916,1,1.125,0.037,-0.053,0.089,0.030,0.064,-0.025,0.054,5,103.7940417,-58.3210556
g0655161-530242,1,1.175,0.012,-0.476,0.059,0.320,0.046,-0.175,0.024,5,103.8172083,-53.0449722
g0655181-553325,1,1.175,0.015,0.185,0.072,-0.090,0.055,0.100,0.036,7,103.8253333,-55.5569167
g0655528-552336,1,0.750,0.110,-0.054,0.127,0.270,0.070,0.200,0.082,4,103.9701250,-55.3934444
g0656216-861021,1,0.900,0.104,-0.079,0.110,0.270,0.072,0.175,0.067,4,104.0899167,-86.1725833
g0656279-453146,1,0.850,0.101,-0.433,0.111,0.380,0.072,-0.075,0.059,5,104.1163750,-45.5295000
g0656336-453851,1,0.525,0.111,0.209,0.138,0.150,0.057,0.350,0.109,4,104.1397917,-45.6475278
g0656342-523307,1,1.100,0.016,-0.381,0.062,0.590,0.048,0.175,0.027,8,104.1422917,-52.5518889
g0656359-253816,1,1.175,0.047,-0.101,0.071,0.320,0.050,0.200,0.036,8,104.1495833,-25.6378889
g0657081-453256,1,0.350,0.100,0.283,0.150,-0.300,0.073,0.000,0.101,9,104.2837917,-45.5489722
g0657197-465905,1,0.875,0.135,0.184,0.120,0.150,0.045,0.325,0.099,5,104.3322083,-46.9846389
g0657351-454843,1,0.575,0.158,0.365,0.171,0.090,0.048,0.450,0.155,10,104.3963333,-45.8119722
g0657366-455007,1,0.550,0.109,0.184,0.109,0.150,0.052,0.325,0.085,9,104.4026250,-45.8352778
g0657515-532546,1,1.075,0.147,-0.066,0.147,0.150,0.086,0.075,0.090,10,104.4645000,-53.4293333
g0657566-411046,1,0.250,0.092,0.061,0.192,0.440,0.084,0.475,0.166,7,104.4858750,-41.1795000
g0658458-495540,1,1.125,0.033,-0.327,0.063,0.400,0.045,0.050,0.032,7,104.6906250,-49.9276667
g0659028-654209,1,0.250,0.069,0.099,0.173,0.240,0.066,0.325,0.148,9,104.7616667,-65.7025556
g0659158-455425,1,0.725,0.179,-0.451,0.272,0.240,0.180,-0.225,0.136,7,104.8158333,-45.9068889
g0659593-691758,1,1.175,0.026,-0.383,0.087,0.300,0.067,-0.100,0.039,5,104.9970833,-69.2994444
g0700215-772948,1,0.775,0.102,-0.016,0.118,0.150,0.065,0.125,0.074,2,105.0896667,-77.4965278
g0700411-632325,1,0.250,0.070,0.102,0.163,0.210,0.074,0.300,0.121,7,105.1712917,-63.3902500
g0700571-274548,1,0.575,0.114,-0.046,0.136,0.420,0.060,0.350,0.104,6,105.2377917,-27.7633333
g0701080-494430,1,1.175,0.014,-0.377,0.063,0.400,0.050,0.000,0.030,5,105.2831250,-49.7416667
g0701114-473557,1,1.175,0.047,-0.624,0.089,0.530,0.069,-0.125,0.056,9,105.2975833,-47.5991944
g0701147-484112,1,0.750,0.114,-0.029,0.110,0.270,0.056,0.225,0.069,3,105.3114167,-48.6866111
g0701561-552342,1,1.100,0.064,0.288,0.086,-0.120,0.071,0.175,0.055,9,105.4838750,-55.3950556
g0702012-374236,1,0.750,0.122,0.247,0.113,0.030,0.062,0.275,0.079,3,105.5049583,-37.7100556
g0702562-491744,1,0.650,0.084,-0.104,0.124,0.270,0.068,0.150,0.074,7,105.7340417,-49.2955556
g0703077-364126,1,1.075,0.049,-0.098,0.094,0.210,0.060,0.100,0.052,5,105.7820000,-36.6904722
g0703216-644506,1,0.025,0.075,0.548,0.155,-0.210,0.073,0.350,0.141,10,105.8400833,-64.7516111
g0703283-702459,1,0.500,0.103,0.215,0.127,0.090,0.070,0.300,0.085,7,105.8680833,-70.4163333
g0703514-541912,1,0.975,0.070,-0.133,0.087,0.300,0.061,0.150,0.044,5,105.9642083,-54.3200556
g0703580-490450,1,0.600,0.134,0.121,0.140,0.270,0.062,0.375,0.112,7,105.9917500,-49.0805833
g0704033-534404,1,0.600,0.129,0.057,0.144,-0.060,0.074,0.000,0.091,5,106.0136250,-53.7344444
g0704230-444228,1,0.800,0.144,0.221,0.094,0.270,0.043,0.475,0.073,4,106.0958750,-44.7078611
g0704374-601114,1,1.100,0.025,-0.208,0.049,0.300,0.041,0.075,0.027,5,106.1557917,-60.1871111
g0704383-703200,1,1.175,0.028,-0.201,0.067,0.320,0.051,0.100,0.039,5,106.1593750,-70.5334444
g0704538-533516,1,0.900,0.107,-0.699,0.155,0.530,0.122,-0.200,0.069,7,106.2239583,-53.5876389
g0704579-541759,1,1.175,0.023,-0.508,0.105,0.460,0.083,-0.075,0.042,7,106.2410833,-54.2996111
g0704586-492137,1,0.300,0.064,0.259,0.148,0.150,0.048,0.400,0.140,7,106.2440417,-49.3602500
g0705106-543608,1,1.000,0.097,-0.446,0.107,0.500,0.075,0.025,0.064,10,106.2943333,-54.6020833
g0705275-695705,1,0.125,0.057,0.383,0.113,-0.300,0.040,0.100,0.094,10,106.3643750,-69.9515000
g0705290-490741,1,1.025,0.040,-0.534,0.080,0.620,0.054,0.050,0.045,9,106.3709167,-49.1279444
g0705295-660148,1,0.400,0.071,0.018,0.121,0.060,0.073,0.075,0.068,6,106.3727917,-66.0300278
g0705298-750023,1,0.875,0.125,-0.145,0.145,0.180,0.084,0.025,0.091,5,106.3742917,-75.0062500
g0706524-653036,1,0.475,0.121,0.023,0.167,0.480,0.068,0.475,0.126,5,106.7185000,-65.5098611
g0706559-610918,1,0.775,0.077,-0.120,0.088,0.180,0.046,0.050,0.055,3,106.7330417,-61.1548611
g0707017-670340,1,0.375,0.084,0.121,0.142,0.270,0.057,0.375,0.116,9,106.7571250,-67.0611667
g0707098-464330,1,0.500,0.073,0.103,0.097,-0.030,0.050,0.075,0.062,3,106.7907500,-46.7248889
g0707259-491251,1,0.800,0.093,-0.066,0.087,0.150,0.061,0.075,0.058,8,106.8577917,-49.2140833
g0707278-445010,1,0.850,0.120,0.197,0.108,0.030,0.063,0.225,0.067,4,106.8657083,-44.8360833
g0707352-484314,1,0.500,0.112,0.059,0.136,0.150,0.068,0.200,0.088,4,106.8966667,-48.7204722
g0707598-662718,1,0.825,0.103,-0.060,0.092,0.090,0.055,0.025,0.057,6,106.9989583,-66.4549444
g0708030-441404,1,0.450,0.092,0.415,0.127,0.090,0.054,0.500,0.102,5,107.0126667,-44.2343056
g0708151-524332,1,1.175,0.050,-0.727,0.125,0.400,0.132,-0.350,0.074,10,107.0627083,-52.7256389
g0708168-491145,1,0.700,0.094,-0.101,0.116,0.240,0.075,0.125,0.074,6,107.0697917,-49.1957222
g0708272-612756,1,1.100,0.051,-0.126,0.089,0.240,0.069,0.100,0.044,8,107.1132083,-61.4655833
g0708553-491618,1,0.725,0.092,-0.328,0.093,0.560,0.054,0.200,0.059,7,107.2304167,-49.2716111
g0709151-681955,1,0.850,0.130,0.072,0.151,0.030,0.079,0.100,0.096,9,107.3130417,-68.3320556
g0710045-835537,1,0.675,0.100,0.052,0.115,0.210,0.067,0.250,0.070,6,107.5187083,-83.9268333
g0710105-493051,1,1.175,0.054,-0.452,0.114,0.480,0.101,0.000,0.098,7,107.5439167,-49.5141667
g0710433-491018,1,0.700,0.088,-0.123,0.106,0.210,0.066,0.075,0.067,9,107.6804167,-49.1717778
g0710491-675137,1,1.050,0.025,0.055,0.047,0.180,0.035,0.225,0.035,4,107.7044167,-67.8601944
g0710523-514824,1,0.450,0.109,0.035,0.163,-0.090,0.096,-0.050,0.091,6,107.7180000,-51.8067500
g0711029-533622,1,0.525,0.112,-0.257,0.183,0.060,0.127,-0.200,0.089,8,107.7622500,-53.6062222
g0711057-474452,1,0.675,0.121,0.110,0.146,-0.090,0.081,0.025,0.086,3,107.7736667,-47.7476944
g0711141-671520,1,0.850,0.085,0.024,0.082,0.240,0.045,0.250,0.053,3,107.8085833,-67.2556389
g0711241-603250,1,0.750,0.112,-0.079,0.115,0.270,0.055,0.175,0.080,1,107.8503750,-60.5473333
g0711253-491433,1,0.600,0.099,-0.095,0.128,0.340,0.060,0.225,0.086,9,107.8554583,-49.2425278
g0711483-502454,1,0.700,0.179,-0.164,0.189,0.440,0.076,0.250,0.140,6,107.9510417,-50.4150278
g0711516-494239,1,0.350,0.084,-0.008,0.124,0.300,0.057,0.275,0.092,5,107.9650833,-49.7108333
g0711594-602711,1,0.725,0.139,-0.148,0.159,0.210,0.089,0.050,0.097,3,107.9974167,-60.4529444
g0712037-603027,1,1.175,0.000,-0.016,0.050,0.150,0.035,0.125,0.031,5,108.0153333,-60.5074167
g0712068-614704,1,1.100,0.048,0.300,0.072,0.000,0.055,0.300,0.039,8,108.0284167,-61.7843056
g0712109-532332,1,0.500,0.138,0.353,0.177,-0.030,0.085,0.325,0.155,8,108.0452083,-53.3923056
g0712247-470955,1,0.325,0.106,0.190,0.183,0.090,0.070,0.275,0.138,4,108.1030417,-47.1653889
g0712514-350433,1,0.700,0.184,-0.170,0.233,0.340,0.088,0.150,0.171,6,108.2140417,-35.0759444
g0713310-361419,1,0.775,0.115,0.187,0.106,0.120,0.043,0.300,0.082,6,108.3791250,-36.2386944
g0713566-350126,1,0.975,0.122,0.280,0.077,0.180,0.031,0.450,0.068,6,108.4860000,-35.0239444
g0714126-672618,1,1.000,0.066,-0.120,0.088,0.180,0.057,0.050,0.052,5,108.5526667,-67.4384444
g0714288-530222,1,1.175,0.061,-0.458,0.094,0.380,0.080,-0.100,0.076,9,108.6198750,-53.0395278
g0714506-363748,1,0.800,0.104,-0.028,0.109,0.030,0.066,0.000,0.061,5,108.7106667,-36.6299444
g0715077-512948,1,1.175,0.004,-0.389,0.055,0.360,0.048,-0.050,0.024,6,108.7820833,-51.4966389
g0715163-530707,1,0.550,0.153,-0.514,0.213,0.440,0.127,-0.100,0.128,7,108.8178333,-53.1185556
g0715233-492346,1,0.225,0.132,0.011,0.242,0.440,0.103,0.425,0.190,7,108.8469583,-49.3959722
g0715352-363217,1,1.100,0.027,-0.501,0.080,0.320,0.067,-0.200,0.036,5,108.8967083,-36.5379167
g0715538-603302,1,0.975,0.070,-0.602,0.106,0.400,0.083,-0.225,0.044,3,108.9743333,-60.5504722
g0716319-593457,1,0.925,0.089,-0.041,0.085,0.150,0.046,0.100,0.057,4,109.1327500,-59.5826111
g0716353-584819,1,0.775,0.103,-0.101,0.117,0.320,0.056,0.200,0.077,9,109.1469167,-58.8051389
g0716378-753357,1,0.400,0.071,0.199,0.099,0.240,0.075,0.425,0.068,10,109.1576250,-75.5659444
g0716484-361415,1,0.525,0.131,0.132,0.151,-0.060,0.086,0.075,0.109,7,109.2016250,-36.2374722
g0716565-505157,1,1.175,0.075,0.049,0.076,0.240,0.047,0.275,0.061,7,109.2352500,-50.8656944
g0717081-362159,1,0.900,0.114,-0.020,0.104,0.340,0.054,0.300,0.066,4,109.2836667,-36.3663333
g0718065-693531,1,1.075,0.080,0.137,0.124,0.120,0.087,0.250,0.058,8,109.5270833,-69.5920278
g0718120-702532,1,0.650,0.141,0.310,0.144,-0.090,0.060,0.225,0.106,7,109.5499583,-70.4254167
g0718146-471132,1,1.125,0.004,-0.126,0.045,0.240,0.035,0.100,0.027,7,109.5608333,-47.1923056
g0718160-763804,1,1.075,0.057,-0.051,0.077,0.320,0.052,0.250,0.044,4,109.5666250,-76.6343611
g0718172-523659,1,0.425,0.128,0.401,0.177,-0.240,0.075,0.175,0.188,10,109.5716250,-52.6163333
g0718237-495139,1,0.900,0.131,-0.128,0.171,0.030,0.130,-0.100,0.098,7,109.5987500,-49.8607778
g0718318-353943,1,0.850,0.123,0.093,0.128,0.060,0.060,0.150,0.086,5,109.6326667,-35.6619167
g0718451-773928,1,1.175,0.046,0.143,0.078,0.060,0.058,0.200,0.038,4,109.6877083,-77.6577778
g0719023-770138,1,0.900,0.116,-0.010,0.120,0.090,0.077,0.075,0.092,6,109.7594167,-77.0271944
g0719037-502510,1,1.175,0.017,-0.370,0.059,0.180,0.055,-0.200,0.029,6,109.7655833,-50.4194444
g0719053-590034,1,0.950,0.077,-0.474,0.094,0.530,0.061,0.025,0.054,7,109.7722500,-59.0093611
g0719450-552556,1,0.550,0.079,-0.070,0.101,0.180,0.053,0.100,0.064,5,109.9373333,-55.4321389
g0720333-654802,1,0.750,0.114,-0.352,0.127,0.480,0.072,0.100,0.086,8,110.1388333,-65.8006667
g0721013-490558,1,0.475,0.124,0.507,0.172,-0.060,0.066,0.450,0.131,8,110.2552083,-49.0995000
g0722022-495828,1,1.000,0.100,-0.053,0.144,0.030,0.104,-0.025,0.075,6,110.5092917,-49.9744722
g0722373-495635,1,0.800,0.149,-0.308,0.171,0.300,0.104,-0.025,0.087,4,110.6552917,-49.9431111
g0722447-593229,1,0.550,0.121,0.312,0.140,0.120,0.065,0.425,0.095,6,110.6863333,-59.5413889
g0723018-453511,1,0.400,0.081,0.312,0.100,0.120,0.039,0.425,0.077,5,110.7573333,-45.5864167
g0723096-602956,1,0.600,0.097,-0.157,0.119,0.060,0.077,-0.100,0.070,5,110.7900000,-60.4987778
g0723364-523811,1,0.275,0.038,-0.183,0.086,0.300,0.060,0.100,0.046,10,110.9018333,-52.6362778
g0723421-604709,1,0.975,0.065,-0.352,0.080,0.400,0.052,0.025,0.045,6,110.9252083,-60.7858889
g0723524-505053,1,0.975,0.103,-0.023,0.130,0.210,0.073,0.175,0.078,8,110.9682917,-50.8481667
g0724507-564834,1,1.075,0.040,-0.245,0.089,0.180,0.081,-0.075,0.045,5,111.2111250,-56.8093333
g0726173-503445,1,1.075,0.049,-0.029,0.082,0.270,0.061,0.225,0.040,5,111.5719583,-50.5791389
g0726249-514931,1,0.300,0.064,-0.396,0.168,0.420,0.097,0.000,0.107,10,111.6036250,-51.8252778
g0727117-512219,1,0.475,0.064,-0.501,0.107,0.320,0.068,-0.200,0.054,9,111.7988333,-51.3720556
g0727229-663115,1,0.125,0.049,-0.020,0.134,0.180,0.083,0.150,0.074,5,111.8454167,-66.5208611
g0727311-811538,1,0.850,0.145,-0.083,0.167,0.300,0.097,0.200,0.098,6,111.8796250,-81.2606389
g0727400-493002,2,1.125,0.050,-0.459,0.098,0.620,0.066,0.125,0.056,4,111.9165833,-49.5006389
g0727436-512935,1,0.625,0.081,-0.101,0.100,0.320,0.058,0.200,0.064,7,111.9318333,-51.4929722
g0728009-634107,1,0.525,0.111,-0.152,0.138,0.400,0.075,0.225,0.079,6,112.0037083,-63.6853611
g0728039-525718,1,0.700,0.185,-0.497,0.165,0.740,0.073,0.200,0.129,7,112.0162083,-52.9551111
g0728349-505930,1,0.400,0.122,0.388,0.181,-0.120,0.081,0.275,0.127,7,112.1454583,-50.9917778
g0728532-531627,1,1.075,0.047,-0.270,0.069,0.180,0.061,-0.100,0.037,6,112.2217917,-53.2742500
g0729565-665926,1,0.400,0.077,0.272,0.104,0.030,0.048,0.300,0.076,7,112.4853333,-66.9904444
g0730266-490656,1,0.575,0.190,0.149,0.215,0.240,0.092,0.375,0.176,5,112.6109167,-49.1155000
g0730272-530153,1,0.950,0.094,0.097,0.106,0.030,0.085,0.125,0.086,8,112.6131250,-53.0314167
g0730435-722255,1,0.625,0.113,-0.327,0.134,0.400,0.074,0.050,0.081,3,112.6811250,-72.3820000
g0732040-631105,1,0.425,0.088,0.007,0.158,-0.060,0.081,-0.050,0.096,6,113.0167917,-63.1846389
g0732298-835106,1,0.875,0.089,-0.138,0.075,0.120,0.050,-0.025,0.047,0,113.1240833,-83.8515278
g0732355-515949,1,0.525,0.150,0.305,0.165,0.180,0.064,0.475,0.153,5,113.1479167,-51.9968333
g0733368-560927,1,0.725,0.125,0.049,0.084,0.320,0.041,0.350,0.066,7,113.4032500,-56.1573889
g0733469-504528,1,1.000,0.050,-0.354,0.067,0.270,0.047,-0.100,0.037,9,113.4452500,-50.7576944
g0735170-765508,1,0.300,0.063,-0.057,0.135,0.060,0.080,0.000,0.082,7,113.8206250,-76.9187500
g0735233-564853,1,0.975,0.091,-0.349,0.101,0.530,0.075,0.150,0.065,6,113.8470833,-56.8147500
g0736028-765008,1,1.125,0.032,-0.216,0.061,0.150,0.048,-0.075,0.039,8,114.0115417,-76.8355000
g0737363-660711,1,0.850,0.070,-0.123,0.069,0.210,0.036,0.075,0.045,7,114.4010833,-66.1196389
g0738286-814332,2,1.175,0.050,-0.063,0.125,0.120,0.084,0.050,0.059,7,114.6192917,-81.7254167
g0738419-541844,1,0.800,0.098,-0.173,0.104,0.210,0.059,0.025,0.059,6,114.6746667,-54.3122778
g0739356-663235,1,0.550,0.121,0.255,0.132,0.180,0.066,0.425,0.103,10,114.8984167,-66.5431111
g0739464-714213,1,0.500,0.112,0.338,0.145,-0.120,0.058,0.225,0.105,4,114.9432917,-71.7034722
g0742350-522802,1,1.175,0.021,-0.273,0.087,-0.060,0.123,-0.330,0.133,10,115.6457917,-52.4672778
g0742364-651655,1,0.550,0.083,-0.070,0.120,0.340,0.068,0.250,0.070,3,115.6516250,-65.2818611
g0742549-711310,1,0.675,0.113,0.303,0.108,-0.030,0.047,0.275,0.082,6,115.7285417,-71.2193333
g0743133-511203,1,1.175,0.027,-0.491,0.085,0.680,0.066,0.150,0.039,10,115.8055000,-51.2008889
g0743280-525430,1,0.700,0.117,0.372,0.106,0.030,0.064,0.400,0.072,8,115.8665417,-52.9082500
g0744094-680148,1,0.175,0.096,0.159,0.260,0.150,0.097,0.300,0.208,8,116.0392083,-68.0299444
g0744221-574533,1,0.850,0.104,-0.101,0.099,0.320,0.054,0.200,0.062,2,116.0922083,-57.7592500
g0744528-002131,1,0.725,0.091,-0.188,0.103,0.120,0.065,-0.075,0.055,5,116.2198750,-0.3586111
g0745010-514608,1,0.900,0.177,-0.178,0.117,0.030,0.060,-0.150,0.090,10,116.2542083,-51.7690000
g0746243-860021,1,0.575,0.149,0.238,0.166,-0.120,0.073,0.125,0.126,6,116.6011667,-86.0056944
g0746481-671853,1,1.175,0.008,-0.191,0.045,0.150,0.039,-0.050,0.027,4,116.7003333,-67.3148333
g0746485-000951,1,0.850,0.116,-0.613,0.163,0.300,0.098,-0.330,0.107,4,116.7022083,-0.1642222
g0747056-495024,1,0.925,0.110,-0.351,0.127,0.320,0.073,-0.050,0.068,9,116.7732500,-49.8399444
g0747228-532820,1,1.150,0.006,-0.245,0.089,0.180,0.072,-0.075,0.036,10,116.8449583,-53.4720833
g0748529-694758,1,0.725,0.102,-0.204,0.104,0.270,0.061,0.050,0.062,6,117.2205000,-69.7995556
g0749492-694720,1,0.275,0.077,0.015,0.175,0.090,0.089,0.100,0.102,4,117.4549583,-69.7888056
g0750231-500011,1,1.125,0.046,0.011,0.061,0.360,0.039,0.350,0.033,9,117.5961250,-50.0029722
g0750240-530532,1,1.150,0.008,-0.238,0.093,0.120,0.107,-0.125,0.083,9,117.6000417,-53.0921944
g0751311-695009,1,0.825,0.106,-0.028,0.099,0.030,0.047,0.000,0.072,5,117.8797500,-69.8357222
g0751523-524640,1,1.175,0.011,-0.529,0.086,0.270,0.160,-0.275,0.127,10,117.9680833,-52.7778889
g0752245-491535,1,0.500,0.121,0.315,0.149,0.090,0.051,0.400,0.122,5,118.1020833,-49.2597500
g0752469-635902,1,1.175,0.030,-0.182,0.069,0.060,0.059,-0.125,0.033,4,118.1953750,-63.9838889
g0753012-533334,1,1.150,0.022,-0.270,0.066,0.180,0.076,-0.100,0.046,8,118.2549167,-53.5593889
g0753129-712938,1,0.650,0.123,-0.245,0.142,0.180,0.085,-0.075,0.074,6,118.3037083,-71.4940000
g0753523-721257,1,0.525,0.080,0.074,0.110,0.240,0.053,0.300,0.075,4,118.4680000,-72.2158333
g0755468-020242,1,0.775,0.155,0.149,0.138,0.240,0.056,0.375,0.108,5,118.9451250,-2.0450556
g0755525-805226,2,1.175,0.011,-0.339,0.102,0.440,0.080,0.075,0.045,5,118.9687917,-80.8738333
g0756024-060928,1,1.175,0.008,-0.524,0.064,0.530,0.052,-0.025,0.027,8,119.0097917,-6.1578889
g0756255-062653,1,0.600,0.117,0.318,0.121,0.060,0.048,0.375,0.089,7,119.1064167,-6.4480278
g0756257-024933,1,1.175,0.035,-0.508,0.084,0.380,0.071,-0.150,0.042,7,119.1071667,-2.8259167
g0757283-715446,1,0.825,0.128,0.043,0.116,0.060,0.083,0.100,0.075,3,119.3680833,-71.9127778
g0758050-531523,1,0.550,0.091,-0.126,0.127,0.320,0.068,0.175,0.074,6,119.5209583,-53.2562500
g0759202-044552,1,0.225,0.057,0.272,0.135,0.030,0.053,0.300,0.112,5,119.8341667,-4.7645278
g0759490-093554,1,0.375,0.123,0.330,0.200,0.180,0.066,0.500,0.160,5,119.9540833,-9.5983056
g0800085-503939,1,1.175,0.014,-0.179,0.073,0.270,0.055,0.075,0.034,7,120.0352500,-50.6607500
g0800103-095406,1,0.400,0.045,-0.091,0.081,0.150,0.049,0.050,0.045,1,120.0429583,-9.9016389
g0800218-094524,1,0.300,0.098,0.184,0.157,0.150,0.067,0.325,0.123,5,120.0909583,-9.7565278
g0800410-723121,1,0.725,0.142,-0.188,0.165,0.120,0.103,-0.075,0.084,4,120.1706250,-72.5225000
g0800466-722909,1,0.550,0.136,-0.038,0.162,0.120,0.097,0.075,0.115,7,120.1942083,-72.4857500
g0800557-052436,1,0.800,0.118,0.002,0.130,0.210,0.074,0.200,0.079,3,120.2321250,-5.4099722
g0801080-053438,1,0.450,0.094,-0.101,0.137,0.240,0.077,0.125,0.079,8,120.2832917,-5.5772500
g0801204-090351,1,0.250,0.063,0.337,0.174,0.120,0.065,0.450,0.143,6,120.3350000,-9.0641667
g0801265-074805,1,1.175,0.091,-0.443,0.179,-0.060,0.127,-0.500,0.086,9,120.3605000,-7.8012500
g0802299-092512,1,0.275,0.080,0.259,0.138,0.150,0.055,0.400,0.119,6,120.6246667,-9.4200833
g0802509-083658,1,0.700,0.120,-0.251,0.138,0.240,0.083,-0.025,0.077,5,120.7118750,-8.6159722
g0802515-045556,1,0.225,0.066,0.137,0.175,0.120,0.076,0.250,0.118,2,120.7147500,-4.9323333
g0802595-731843,1,0.475,0.111,-0.133,0.189,0.300,0.107,0.150,0.114,7,120.7478750,-73.3118611
g0803166-101658,1,0.650,0.096,-0.196,0.131,0.420,0.075,0.200,0.070,7,120.8192917,-10.2826389
g0803272-702201,1,0.725,0.103,0.037,0.107,0.120,0.060,0.150,0.070,3,120.8634167,-70.3668611
g0803504-012455,1,0.475,0.117,-0.007,0.153,0.060,0.089,0.050,0.094,3,120.9600833,-1.4152778
g0804055-711754,1,1.075,0.034,-0.020,0.056,0.180,0.042,0.150,0.035,5,121.0230000,-71.2983611
g0804463-711018,1,0.600,0.110,-0.001,0.121,0.320,0.062,0.300,0.082,5,121.1928750,-71.1717222
g0805090-673512,1,1.025,0.045,-0.098,0.093,0.210,0.068,0.100,0.038,6,121.2874583,-67.5866944
g0805416-094901,1,0.850,0.110,0.099,0.091,0.240,0.039,0.325,0.067,3,121.4232917,-9.8168056
g0806014-072354,1,0.675,0.140,0.140,0.167,0.090,0.079,0.225,0.110,4,121.5058333,-7.3981944
g0806152-074453,1,0.975,0.066,0.034,0.078,0.150,0.051,0.175,0.051,3,121.5632917,-7.7481111
g0806230-054856,1,0.750,0.155,-0.089,0.158,0.360,0.070,0.250,0.115,3,121.5957083,-5.8155556
g0806295-014848,1,0.225,0.063,-0.097,0.227,-0.030,0.131,-0.125,0.122,5,121.6229583,-1.8133056
g0806389-074105,1,0.725,0.116,-0.414,0.153,0.360,0.099,-0.075,0.078,7,121.6620000,-7.6846389
g0807174-073734,1,0.900,0.095,-0.333,0.101,0.300,0.063,-0.050,0.058,4,121.8226667,-7.6260833
g0807422-023712,1,0.700,0.111,-0.083,0.125,0.300,0.073,0.200,0.076,7,121.9257500,-2.6200833
g0807516-575114,1,0.625,0.141,0.147,0.137,0.030,0.061,0.175,0.098,5,121.9650417,-57.8538056
g0808525-023007,1,0.275,0.095,0.202,0.214,0.210,0.083,0.400,0.155,8,122.2189167,-2.5018611
g0809188-712156,1,0.775,0.145,-0.270,0.147,0.180,0.078,-0.100,0.087,5,122.3284583,-71.3656111
g0810008-645612,1,1.075,0.028,-0.679,0.070,0.270,0.060,-0.425,0.033,6,122.5031667,-64.9366111
g0811108-642118,1,0.675,0.142,-0.008,0.116,0.460,0.052,0.425,0.085,5,122.7947917,-64.3549167
g0811340-114020,1,0.925,0.091,-0.001,0.099,0.240,0.049,0.225,0.067,9,122.8917917,-11.6723333
g0811347-114631,1,0.450,0.086,-0.154,0.112,0.270,0.061,0.100,0.069,3,122.8947500,-11.7753333
g0812154-674026,1,0.700,0.130,-0.596,0.171,0.420,0.116,-0.200,0.081,6,123.0640417,-67.6739444
g0812413-684359,1,0.550,0.128,0.040,0.138,0.090,0.067,0.125,0.093,5,123.1720417,-68.7331667
g0813249-102010,1,0.525,0.100,-0.239,0.121,0.440,0.065,0.175,0.072,9,123.3537500,-10.3360833
g0813265-604701,1,0.575,0.129,0.272,0.157,0.030,0.069,0.300,0.112,5,123.3602500,-60.7835000
g0814572-614407,1,0.850,0.124,-0.085,0.125,0.090,0.086,0.000,0.074,7,123.7381667,-61.7351389
g0815291-043649,1,0.375,0.105,0.330,0.178,0.180,0.054,0.500,0.157,3,123.8713333,-4.6135000
g0815416-154831,1,0.900,0.117,0.128,0.121,-0.030,0.067,0.100,0.075,9,123.9232917,-15.8086944
g0815434-041607,1,0.775,0.111,-0.258,0.115,0.380,0.064,0.100,0.068,3,123.9306250,-4.2685833
g0816118-703945,1,1.075,0.087,0.227,0.090,0.210,0.050,0.425,0.063,7,124.0490833,-70.6625000
g0816132-734835,1,0.650,0.141,-0.208,0.144,0.460,0.070,0.225,0.098,7,124.0550833,-73.8097222
g0816383-002412,1,0.525,0.080,0.188,0.098,-0.120,0.045,0.075,0.070,6,124.1595833,-0.4032778
g0816564-071527,1,0.450,0.093,0.055,0.138,0.180,0.060,0.225,0.095,3,124.2349167,-7.2575833
g0817123-003231,1,0.900,0.076,-0.189,0.067,0.360,0.038,0.150,0.042,2,124.3011250,-0.5420278
g0817257-095357,1,0.825,0.102,-0.016,0.098,0.150,0.056,0.125,0.068,3,124.3571667,-9.8992778
g0817278-100109,1,0.475,0.060,-0.201,0.096,0.240,0.061,0.025,0.053,7,124.3657500,-10.0190833
g0817281-004101,1,0.775,0.100,0.005,0.086,0.340,0.038,0.325,0.064,5,124.3669583,-0.6837222
g0817411-005253,1,1.175,0.015,0.124,0.055,0.240,0.045,0.350,0.025,7,124.4212917,-0.8812778
g0818136-022604,1,0.675,0.126,-0.052,0.146,0.400,0.077,0.325,0.096,5,124.5565000,-2.4344444
g0818234-673640,1,1.075,0.010,-0.126,0.049,0.240,0.038,0.100,0.025,4,124.5975000,-67.6111944
g0818579-673010,1,0.175,0.085,0.130,0.226,0.180,0.086,0.300,0.174,4,124.7411667,-67.5028611
g0819079-020846,1,1.175,0.061,-0.476,0.082,0.320,0.061,-0.175,0.044,5,124.7829167,-2.1459722
g0819142-784146,2,0.900,0.099,-0.020,0.091,0.180,0.040,0.150,0.065,6,124.8090833,-78.6961389
g0819185-013745,1,0.800,0.116,0.009,0.127,0.150,0.072,0.150,0.075,2,124.8268750,-1.6290278
g0819313-091715,1,1.175,0.004,-0.304,0.056,0.270,0.048,-0.050,0.027,2,124.8805833,-9.2875278
g0819389-031502,1,0.775,0.132,0.203,0.137,-0.030,0.059,0.175,0.098,7,124.9121667,-3.2506389
g0819592-121145,1,1.025,0.051,-0.502,0.058,0.480,0.046,-0.050,0.031,7,124.9965000,-12.1958333
g0820232-093406,1,0.350,0.063,-0.183,0.114,0.380,0.065,0.175,0.064,6,125.0967083,-9.5684444
g0820292-812860,2,1.175,0.014,-0.048,0.066,0.210,0.047,0.150,0.035,6,125.1216667,-81.4833056
g0820345-031536,1,1.000,0.094,-0.075,0.094,0.000,0.060,-0.075,0.051,9,125.1439167,-3.2600278
g0820553-702448,1,0.900,0.125,-0.104,0.135,0.270,0.068,0.150,0.086,2,125.2303333,-70.4132778
g0820559-011628,1,0.825,0.138,0.155,0.139,0.180,0.065,0.325,0.094,6,125.2330833,-1.2744167
g0821044-090601,1,0.750,0.097,0.137,0.095,0.120,0.048,0.250,0.063,3,125.2684583,-9.1001667
g0821105-104630,1,1.100,0.006,-0.320,0.052,0.180,0.045,-0.150,0.026,4,125.2937500,-10.7749167
g0821126-592623,1,1.175,0.033,-0.323,0.087,0.210,0.067,-0.125,0.039,6,125.3026667,-59.4396389
g0821172-082632,1,0.775,0.111,-0.147,0.148,-0.030,0.111,-0.175,0.067,10,125.3216667,-8.4421389
g0821221-135007,1,1.025,0.069,-0.402,0.103,0.400,0.071,-0.025,0.051,4,125.3418750,-13.8351667
g0821341-105253,1,0.875,0.092,-0.772,0.107,0.740,0.068,-0.075,0.053,7,125.3919167,-10.8813333
g0822121-020248,1,0.850,0.081,-0.076,0.082,0.240,0.045,0.150,0.053,2,125.5505000,-2.0465833
g0822446-811760,2,0.700,0.130,-0.179,0.165,0.270,0.091,0.075,0.100,5,125.6857500,-81.2999444
g0822454-131604,1,0.600,0.069,0.052,0.096,0.210,0.054,0.250,0.063,4,125.6890417,-13.2678333
g0822502-005352,1,0.650,0.109,0.118,0.136,0.060,0.073,0.175,0.085,5,125.7093333,-0.8978333
g0822561-002212,1,0.650,0.075,0.130,0.074,0.180,0.032,0.300,0.055,3,125.7335417,-0.3698611
g0823450-005009,1,0.675,0.105,-0.001,0.103,0.320,0.052,0.300,0.072,8,125.9376250,-0.8358889
g0823545-020808,1,1.050,0.051,-0.329,0.082,0.270,0.060,-0.075,0.039,3,125.9768750,-2.1354167
g0823560-020223,1,0.425,0.090,0.021,0.126,0.270,0.057,0.275,0.092,3,125.9832917,-2.0396111
g0824101-020941,1,1.025,0.033,-0.063,0.063,0.120,0.050,0.050,0.029,2,126.0422083,-2.1614167
g0824103-032259,1,0.675,0.091,0.037,0.123,0.120,0.061,0.150,0.079,6,126.0429583,-3.3831667
g0824251-020443,1,0.600,0.090,-0.051,0.119,0.240,0.064,0.175,0.079,7,126.1045833,-2.0786667
g0824322-134653,1,0.900,0.102,-0.270,0.113,0.180,0.079,-0.100,0.066,6,126.1339583,-13.7813611
g0824377-112416,1,0.475,0.100,0.275,0.106,0.000,0.047,0.275,0.077,5,126.1570417,-11.4045000
g0824412-025657,1,0.575,0.100,0.205,0.106,0.180,0.051,0.375,0.079,6,126.1717500,-2.9491667
g0824424-025510,2,0.900,0.126,-0.191,0.146,0.150,0.085,-0.050,0.085,4,126.1765000,-2.9194444
g0824448-000429,2,0.475,0.124,-0.258,0.191,0.460,0.091,0.175,0.121,9,126.1864583,-0.0747500
g0824495-135134,1,0.750,0.120,0.093,0.142,0.060,0.075,0.150,0.089,7,126.2063333,-13.8593611
g0824520-585958,1,0.650,0.110,-0.614,0.172,0.360,0.121,-0.275,0.087,2,126.2165833,-58.9995556
g0824585-053217,1,0.425,0.097,0.330,0.119,0.180,0.043,0.500,0.116,7,126.2437500,-5.5380556
g0824593-043713,1,0.600,0.066,-0.491,0.084,0.680,0.051,0.150,0.047,7,126.2469167,-4.6202778
g0824599-575939,1,1.125,0.045,-0.521,0.114,0.500,0.082,-0.050,0.046,10,126.2493750,-57.9941389
g0825048-011260,1,0.950,0.083,-0.433,0.101,0.380,0.072,-0.075,0.044,2,126.2699583,-1.2166389
g0825091-041440,1,0.675,0.095,-0.032,0.094,0.060,0.049,0.025,0.063,6,126.2877083,-4.2444722
g0825097-023408,1,0.425,0.109,-0.091,0.155,0.150,0.076,0.050,0.099,6,126.2902500,-2.5689722
g0825195-010805,1,1.175,0.132,-0.053,0.212,0.030,0.097,-0.025,0.158,9,126.3311250,-1.1347500
g0826026-583237,1,1.000,0.120,0.218,0.108,0.060,0.055,0.275,0.077,7,126.5106250,-58.5435278
g0826085-804032,2,0.400,0.125,0.215,0.201,0.090,0.080,0.300,0.145,6,126.5354583,-80.6755556
g0826225-134145,1,0.700,0.131,-0.333,0.150,0.380,0.081,0.025,0.085,3,126.5938750,-13.6958611
g0826301-022243,1,0.700,0.122,0.059,0.129,0.150,0.058,0.200,0.086,5,126.6253333,-2.3787222
g0826323-133132,1,0.300,0.087,0.240,0.173,0.090,0.081,0.325,0.118,5,126.6345833,-13.5255278
g0827114-010401,1,0.250,0.046,0.134,0.108,0.150,0.053,0.275,0.073,4,126.7973750,-1.0669167
g0827326-013335,1,0.325,0.058,0.140,0.097,0.090,0.054,0.225,0.056,4,126.8859167,-1.5595833
g0828080-013219,1,0.900,0.076,-0.308,0.084,0.380,0.050,0.050,0.049,4,127.0332500,-1.5386389
g0828427-083821,1,0.425,0.110,0.323,0.156,-0.210,0.089,0.125,0.166,10,127.1779167,-8.6391944
g0828447-203505,1,0.925,0.105,0.005,0.116,0.180,0.057,0.175,0.079,1,127.1862083,-20.5848056
g0828471-065625,1,0.850,0.071,0.196,0.047,0.270,0.030,0.450,0.033,7,127.1963333,-6.9401389
g0830064-042123,1,0.925,0.081,-0.276,0.078,0.320,0.056,0.025,0.053,7,127.5266250,-4.3562500
g0830072-024633,1,0.275,0.071,0.295,0.145,-0.180,0.084,0.125,0.086,7,127.5299583,-2.7757500
g0830358-110140,1,0.900,0.136,0.265,0.118,0.090,0.059,0.350,0.082,9,127.6492917,-11.0277778
g0830465-042934,1,0.325,0.063,0.009,0.125,0.150,0.072,0.150,0.070,8,127.6935417,-4.4926667
g0830528-050131,1,0.650,0.100,-0.278,0.125,0.560,0.069,0.250,0.071,8,127.7200000,-5.0252500
g0830530-032539,1,0.600,0.116,0.036,0.118,0.360,0.055,0.375,0.087,8,127.7207500,-3.4274444
g0830565-020907,1,0.600,0.117,-0.433,0.145,0.380,0.083,-0.075,0.080,6,127.7352917,-2.1520556
g0830569-662153,1,0.300,0.039,-0.204,0.114,0.270,0.073,0.050,0.053,2,127.7372083,-66.3647222
g0831068-712027,1,0.450,0.100,-0.351,0.133,0.320,0.082,-0.050,0.073,6,127.7784583,-71.3407778
g0831243-040210,1,0.975,0.053,-0.158,0.074,0.300,0.051,0.125,0.036,4,127.8510833,-4.0359722
g0831253-041429,1,1.000,0.057,-0.095,0.083,0.180,0.058,0.075,0.045,3,127.8555000,-4.2414167
g0831270-023533,1,0.425,0.119,-0.001,0.223,0.240,0.100,0.225,0.148,5,127.8626667,-2.5925556
g0831329-011152,1,1.150,0.039,0.053,0.061,-0.030,0.042,0.025,0.038,8,127.8870000,-1.1977222
g0831349-110148,1,0.500,0.134,-0.233,0.187,0.300,0.092,0.050,0.126,5,127.8952500,-11.0299167
g0831373-642510,1,1.050,0.053,-0.088,0.056,0.120,0.061,0.025,0.046,5,127.9052917,-64.4195278
g0831440-032617,1,0.650,0.131,0.491,0.148,-0.150,0.062,0.350,0.104,6,127.9331250,-3.4379722
g0831483-050946,1,0.025,0.065,0.128,0.176,-0.030,0.076,0.100,0.124,5,127.9510417,-5.1627222
g0831559-082113,1,1.175,0.005,-0.614,0.067,0.440,0.062,-0.200,0.023,4,127.9827917,-8.3536111
g0831581-052230,1,0.250,0.058,-0.038,0.162,0.120,0.096,0.075,0.085,5,127.9920000,-5.3748889
g0832178-001203,1,1.025,0.070,-0.254,0.091,0.270,0.050,0.000,0.055,5,128.0742500,-0.2009167
g0832248-031233,1,0.675,0.083,-0.245,0.092,0.340,0.050,0.075,0.057,8,128.1033750,-3.2091111
g0832274-032050,1,0.300,0.059,-0.273,0.142,0.210,0.088,-0.075,0.084,2,128.1142083,-3.3471667
g0832409-191131,1,0.575,0.128,0.072,0.158,0.030,0.078,0.100,0.107,4,128.1702500,-19.1920556
g0832428-001702,1,0.725,0.154,0.227,0.126,0.210,0.053,0.425,0.104,6,128.1784583,-0.2839167
g0832460-594146,1,0.400,0.089,0.225,0.128,0.000,0.070,0.225,0.097,8,128.1917083,-59.6960833
g0832471-185546,1,1.175,0.024,-0.198,0.065,0.210,0.049,0.000,0.044,4,128.1960833,-18.9294722
g0832573-035130,1,0.775,0.083,0.005,0.090,0.180,0.049,0.175,0.059,4,128.2387500,-3.8581944
g0833051-122120,1,0.850,0.085,-0.035,0.084,0.090,0.051,0.050,0.056,4,128.2711250,-12.3555278
g0833054-110821,1,0.375,0.104,0.197,0.150,0.030,0.072,0.225,0.100,5,128.2722917,-11.1391111
g0833185-023053,1,0.775,0.098,0.112,0.094,0.120,0.044,0.225,0.061,5,128.3272083,-2.5148056
g0833228-225825,1,0.900,0.065,-0.048,0.061,0.210,0.039,0.150,0.037,3,128.3448750,-22.9736111
g0834521-042414,1,0.325,0.057,-0.004,0.086,0.270,0.048,0.250,0.048,7,128.7170417,-4.4040000
g0835045-025756,1,1.175,0.000,0.027,0.030,0.210,0.025,0.225,0.015,4,128.7687917,-2.9656111
g0835057-015102,1,0.775,0.108,-0.053,0.105,0.030,0.057,-0.025,0.063,3,128.7738750,-1.8505556
g0835181-021438,1,0.225,0.030,0.500,0.109,0.000,0.051,0.500,0.101,10,128.8254167,-2.2437500
g0835228-013943,1,0.925,0.092,-0.104,0.103,0.270,0.059,0.150,0.062,6,128.8448750,-1.6619722
g0835341-015100,1,0.750,0.092,0.240,0.083,0.090,0.046,0.325,0.057,9,128.8919583,-1.8501111
g0835386-025715,1,0.150,0.051,0.171,0.122,0.270,0.051,0.425,0.102,7,128.9106250,-2.9542222
g0835408-053321,1,0.125,0.065,0.491,0.144,-0.150,0.061,0.350,0.115,6,128.9200000,-5.5558889
g0835471-015638,1,0.850,0.106,0.084,0.117,0.150,0.065,0.225,0.071,8,128.9463333,-1.9438611
g0835502-723610,1,1.000,0.072,-0.252,0.088,0.400,0.068,0.125,0.049,2,128.9590417,-72.6028889
g0835508-015216,1,0.650,0.080,-0.420,0.102,0.340,0.070,-0.100,0.057,6,128.9615417,-1.8712222
g0835595-004523,1,1.100,0.041,-0.391,0.082,0.150,0.067,-0.250,0.045,8,128.9980000,-0.7564722
g0836021-031045,1,0.775,0.103,-0.104,0.105,0.270,0.055,0.150,0.066,5,129.0085417,-3.1791389
g0836025-034827,1,0.550,0.123,0.234,0.135,0.150,0.055,0.375,0.114,8,129.0104583,-3.8075833
g0836143-584325,1,1.175,0.010,0.249,0.048,0.240,0.044,0.475,0.028,7,129.0597500,-58.7236667
g0836169-030244,1,1.150,0.021,0.030,0.053,0.180,0.042,0.200,0.034,6,129.0702917,-3.0455833
g0836267-033506,1,0.675,0.126,0.241,0.143,-0.150,0.068,0.100,0.104,6,129.1111250,-3.5849722
g0836347-061832,1,0.550,0.068,-0.151,0.085,0.320,0.045,0.150,0.055,2,129.1443750,-6.3090000
g0836401-044901,1,0.525,0.105,-0.128,0.126,0.560,0.056,0.400,0.106,7,129.1669167,-4.8170000
g0836468-070745,1,0.275,0.038,0.227,0.124,0.210,0.052,0.425,0.101,3,129.1948333,-7.1290833
g0836533-055506,1,0.525,0.078,0.212,0.099,0.120,0.077,0.325,0.074,7,129.2218750,-5.9184167
g0836540-060151,1,1.100,0.028,0.012,0.047,0.120,0.033,0.125,0.035,3,129.2251667,-6.0307500
g0836553-031235,1,0.275,0.036,0.228,0.083,-0.030,0.048,0.200,0.049,5,129.2303750,-3.2096111
g0836557-060104,1,0.375,0.065,-0.369,0.113,0.710,0.056,0.300,0.072,7,129.2321667,-6.0178611
g0837008-041036,1,1.050,0.034,0.055,0.066,0.180,0.041,0.225,0.040,3,129.2534583,-4.1767778
g0837074-071557,1,1.075,0.065,-0.101,0.075,0.240,0.054,0.125,0.047,7,129.2809167,-7.2656944
g0837095-021808,1,0.650,0.124,-0.239,0.165,0.360,0.095,0.100,0.084,7,129.2893750,-2.3020833
g0837112-021018,1,1.175,0.027,-0.871,0.088,0.500,0.080,-0.400,0.029,7,129.2966250,-2.1716111
g0837139-032142,1,0.975,0.054,0.224,0.051,0.240,0.029,0.450,0.036,5,129.3077500,-3.3617222
g0837180-020922,1,0.975,0.063,-0.398,0.092,0.210,0.072,-0.200,0.046,3,129.3250833,-2.1560556
g0837229-202955,1,0.600,0.102,-0.238,0.122,0.120,0.073,-0.125,0.068,7,129.3453750,-20.4984722
g0837298-034748,1,0.550,0.093,-0.274,0.129,0.530,0.073,0.225,0.076,8,129.3742917,-3.7966389
g0837359-014030,1,0.700,0.094,-0.127,0.102,0.400,0.046,0.250,0.066,4,129.3996250,-1.6748889
g0837361-032306,1,1.175,0.021,-0.721,0.082,0.500,0.080,-0.250,0.042,7,129.4002083,-3.3849444
g0837373-021246,1,0.850,0.092,-0.233,0.088,0.300,0.051,0.050,0.056,3,129.4052083,-2.2127500
g0837425-111117,1,0.925,0.131,-0.146,0.113,0.420,0.054,0.250,0.077,6,129.4270000,-11.1881667
g0837460-185124,1,0.750,0.095,0.162,0.095,0.120,0.049,0.275,0.061,2,129.4418333,-18.8566111
g0837550-184709,1,0.775,0.120,-0.032,0.108,0.060,0.057,0.025,0.076,5,129.4791667,-18.7858889
g0837594-185001,1,1.025,0.064,0.237,0.063,0.120,0.044,0.350,0.036,4,129.4974167,-18.8335556
g0838100-184604,1,0.325,0.098,0.265,0.157,0.090,0.052,0.350,0.133,4,129.5417500,-18.7677778
g0838126-030541,1,0.225,0.040,-0.220,0.137,0.340,0.097,0.100,0.058,7,129.5523333,-3.0947778
g0838249-013622,1,0.175,0.055,0.153,0.151,-0.030,0.084,0.125,0.120,8,129.6037917,-1.6062222
g0838251-032307,1,1.025,0.046,-0.208,0.067,0.300,0.049,0.075,0.040,7,129.6043750,-3.3853611
g0838390-185606,1,0.225,0.053,0.168,0.144,0.060,0.066,0.225,0.104,4,129.6624583,-18.9349167
g0838531-203359,1,0.850,0.109,-0.228,0.095,0.030,0.070,-0.200,0.063,4,129.7212917,-20.5665000
g0839013-015714,1,0.550,0.068,0.021,0.078,0.270,0.041,0.275,0.053,3,129.7553750,-1.9539444
g0839048-021649,1,1.100,0.022,-0.133,0.074,0.300,0.055,0.150,0.035,6,129.7701250,-2.2801944
g0839093-013342,1,1.175,0.019,-0.023,0.045,0.210,0.035,0.175,0.027,3,129.7886667,-1.5615278
g0839109-101205,1,0.250,0.052,-0.026,0.133,0.240,0.081,0.200,0.078,6,129.7952917,-10.2014722
g0839215-012311,1,0.875,0.101,0.009,0.132,0.150,0.071,0.150,0.075,3,129.8394583,-1.3862500
g0839292-174549,1,0.925,0.084,-0.051,0.102,0.240,0.054,0.175,0.062,5,129.8715417,-17.7636667
g0839452-232732,1,0.600,0.084,-0.345,0.111,0.340,0.068,-0.025,0.059,2,129.9385000,-23.4587778
g0839468-655014,1,1.150,0.027,-0.203,0.055,0.030,0.048,-0.175,0.024,2,129.9450833,-65.8372778
g0839470-190356,1,0.800,0.109,-0.104,0.116,0.270,0.059,0.150,0.073,2,129.9457500,-19.0654167
g0839475-042346,1,0.600,0.081,-0.185,0.081,0.090,0.046,-0.100,0.050,4,129.9480000,-4.3959722
g0839561-013029,1,0.200,0.038,-0.406,0.134,0.590,0.079,0.150,0.073,8,129.9839167,-1.5079167
g0839565-024636,1,0.625,0.089,-0.041,0.121,0.150,0.060,0.100,0.074,9,129.9854167,-2.7766389
g0840147-022711,1,1.100,0.019,0.055,0.066,0.180,0.045,0.225,0.038,8,130.0612083,-2.4531389
g0840159-183943,1,1.000,0.063,-0.022,0.070,-0.030,0.056,-0.050,0.048,4,130.0660417,-18.6619444
g0840161-082916,1,0.450,0.082,-0.220,0.140,0.180,0.086,-0.050,0.073,5,130.0670000,-8.4877222
g0840305-611159,1,0.750,0.117,-0.273,0.130,0.210,0.073,-0.075,0.074,3,130.1272083,-61.1996111
g0840320-051828,1,0.275,0.053,0.270,0.115,-0.180,0.067,0.100,0.076,3,130.1331250,-5.3078333
g0840395-100426,1,0.650,0.072,-0.070,0.110,0.180,0.063,0.100,0.060,2,130.1644167,-10.0738056
g0840593-785424,2,0.725,0.150,0.028,0.174,-0.030,0.094,0.000,0.111,8,130.2472500,-78.9065833
g0841353-201854,1,0.425,0.085,-0.539,0.195,0.360,0.130,-0.200,0.094,4,130.3971250,-20.3150278
g0841386-750934,1,0.300,0.065,0.134,0.114,0.150,0.049,0.275,0.083,3,130.4110000,-75.1594167
g0842431-674854,1,0.850,0.099,-0.057,0.090,0.060,0.053,0.000,0.058,3,130.6794167,-67.8150833
g0842562-680508,1,0.600,0.150,0.205,0.106,0.180,0.037,0.375,0.110,9,130.7342083,-68.0856389
g0842585-760904,1,0.600,0.092,-0.095,0.124,0.340,0.064,0.225,0.076,4,130.7436667,-76.1511944
g0843092-014421,1,0.425,0.074,-0.145,0.123,0.340,0.058,0.175,0.080,6,130.7883333,-1.7392222
g0843142-173547,2,0.825,0.105,-0.098,0.099,0.210,0.054,0.100,0.064,5,130.8091250,-17.5964167
g0843335-053343,1,0.550,0.101,0.002,0.121,0.210,0.058,0.200,0.076,2,130.8895417,-5.5619444
g0844172-002530,1,0.225,0.058,-0.121,0.173,0.420,0.080,0.275,0.129,7,131.0714583,-0.4249167
g0844438-052829,1,1.175,0.016,0.209,0.039,0.150,0.030,0.350,0.021,3,131.1824167,-5.4746111
g0844527-100059,1,1.000,0.060,-0.048,0.073,0.210,0.050,0.150,0.047,6,131.2195000,-10.0164167
g0845013-723309,1,0.800,0.134,0.067,0.102,0.380,0.050,0.425,0.072,4,131.2554167,-72.5524722
g0845286-022842,1,0.775,0.107,-0.253,0.099,0.560,0.052,0.275,0.064,9,131.3691667,-2.4782778
g0845326-104413,1,0.550,0.182,0.290,0.147,0.090,0.059,0.375,0.128,8,131.3860000,-10.7370278
g0846128-173753,1,1.050,0.046,-0.123,0.061,0.210,0.047,0.075,0.039,2,131.5531250,-17.6312500
g0846441-050556,1,0.525,0.089,0.203,0.125,-0.030,0.056,0.175,0.085,10,131.6837917,-5.0988056
g0847170-200209,1,0.725,0.108,-0.032,0.112,0.060,0.066,0.025,0.068,6,131.8207917,-20.0356944
g0849133-042508,1,0.875,0.114,-0.279,0.118,0.270,0.084,-0.025,0.075,6,132.3052083,-4.4189444
g0849190-190015,1,0.600,0.078,-0.195,0.099,0.180,0.056,-0.025,0.058,6,132.3291250,-19.0041111
g0849251-064050,1,0.625,0.068,-0.001,0.070,0.240,0.037,0.225,0.044,3,132.3546667,-6.6804167
g0849262-725520,1,0.650,0.111,-0.029,0.138,0.270,0.063,0.225,0.096,3,132.3592500,-72.9220833
g0850359-611641,1,0.750,0.089,-0.007,0.094,0.060,0.046,0.050,0.062,2,132.6493750,-61.2779167
g0850421-050035,1,0.950,0.066,-0.171,0.066,0.420,0.040,0.225,0.038,4,132.6752500,-5.0096111
g0850483-654539,1,1.175,0.033,-0.501,0.062,0.320,0.046,-0.200,0.033,4,132.7013750,-65.7608056
g0851087-061033,1,0.525,0.075,-0.041,0.104,0.150,0.053,0.100,0.065,3,132.7861667,-6.1759444
g0851358-071540,1,0.750,0.066,-0.420,0.086,0.180,0.059,-0.250,0.038,2,132.8990417,-7.2609722
g0851453-145415,1,0.850,0.088,-0.148,0.089,0.210,0.050,0.050,0.056,1,132.9387917,-14.9040833
g0851480-051026,1,0.475,0.122,0.246,0.146,0.270,0.055,0.500,0.118,6,132.9498750,-5.1739722
g0851546-264237,1,1.150,0.004,-0.333,0.044,0.380,0.035,0.025,0.027,3,132.9774167,-26.7101389
g0851556-183233,1,0.325,0.113,0.516,0.222,-0.150,0.104,0.375,0.148,7,132.9816667,-18.5426111
g0852169-143905,1,0.675,0.089,-0.201,0.098,0.320,0.051,0.100,0.063,3,133.0704167,-14.6514722
g0852183-174440,1,0.625,0.054,0.250,0.070,0.000,0.041,0.250,0.047,4,133.0763750,-17.7445000
g0852466-733720,1,0.450,0.128,0.407,0.120,-0.060,0.049,0.350,0.095,6,133.1940000,-73.6221944
g0852550-061531,1,0.550,0.118,0.268,0.156,0.060,0.075,0.325,0.109,7,133.2291250,-6.2585000
g0852556-044627,1,0.825,0.114,-0.366,0.126,0.150,0.084,-0.225,0.069,5,133.2314583,-4.7741667
g0852571-050316,1,0.950,0.095,-0.345,0.112,0.340,0.061,-0.025,0.070,4,133.2377083,-5.0543056
g0853091-013855,1,1.100,0.030,-0.308,0.061,0.300,0.044,-0.025,0.034,4,133.2878750,-1.6485278
g0853469-053318,1,0.350,0.112,0.224,0.194,0.240,0.071,0.450,0.148,7,133.4453750,-5.5548611
g0854134-071018,1,0.275,0.047,-0.020,0.108,0.180,0.060,0.150,0.063,4,133.5556667,-7.1715833
g0854271-030401,1,1.025,0.022,-0.054,0.047,0.270,0.034,0.200,0.024,5,133.6127917,-3.0670278
g0854505-144854,1,0.900,0.133,-0.314,0.146,0.440,0.079,0.100,0.082,8,133.7104167,-14.8150833
g0855124-021605,1,0.675,0.076,0.159,0.092,0.150,0.042,0.300,0.062,5,133.8017500,-2.2680278
g0855141-094054,1,0.525,0.090,-0.179,0.142,0.270,0.081,0.075,0.078,7,133.8087500,-9.6817778
g0855365-031102,1,0.825,0.070,0.024,0.065,0.240,0.028,0.250,0.050,7,133.9021250,-3.1839444
g0855439-263841,1,0.700,0.089,-0.083,0.099,0.300,0.046,0.200,0.063,3,133.9328750,-26.6446667
g0855479-614742,1,0.750,0.121,-0.254,0.130,0.270,0.073,0.000,0.076,4,133.9497500,-61.7948889
g0856022-251747,1,0.200,0.040,-0.264,0.126,0.440,0.082,0.150,0.060,4,134.0089583,-25.2963333
g0856153-101135,1,0.625,0.079,-0.235,0.097,0.090,0.084,-0.150,0.052,4,134.0638333,-10.1931111
g0856249-054017,1,0.750,0.111,0.109,0.112,0.150,0.048,0.250,0.076,2,134.1037500,-5.6712500
g0856326-735602,1,0.975,0.068,0.005,0.098,0.180,0.060,0.175,0.056,9,134.1356667,-73.9337500
g0856405-675213,1,1.000,0.065,-0.054,0.075,0.270,0.046,0.200,0.047,2,134.1689167,-67.8703333
g0856430-282628,1,1.025,0.055,-0.208,0.076,0.300,0.058,0.075,0.041,8,134.1792083,-28.4412222
g0856577-275641,1,0.550,0.079,0.009,0.096,0.150,0.041,0.150,0.068,3,134.2405000,-27.9448333
g0857011-244026,1,0.775,0.081,-0.126,0.081,0.240,0.048,0.100,0.047,1,134.2546667,-24.6737500
g0857056-020856,1,0.900,0.100,0.187,0.086,0.120,0.036,0.300,0.066,4,134.2732500,-2.1489444
g0857061-055418,1,0.600,0.090,0.302,0.078,0.210,0.037,0.500,0.065,3,134.2753750,-5.9050833
g0857074-054508,1,0.650,0.095,-0.063,0.120,0.120,0.098,0.050,0.076,9,134.2809583,-5.7523333
g0857227-094748,1,0.825,0.066,0.046,0.073,0.270,0.040,0.300,0.042,3,134.3446667,-9.7967222
g0857250-114541,1,0.875,0.084,-0.326,0.076,0.240,0.051,-0.100,0.044,5,134.3540000,-11.7614167
g0857318-080104,1,1.150,0.087,-0.364,0.105,0.360,0.072,-0.025,0.064,10,134.3824167,-8.0177500
g0857589-124551,1,1.150,0.011,-0.446,0.072,0.500,0.051,0.025,0.039,9,134.4952083,-12.7640278
g0858128-191131,2,1.125,0.027,-0.301,0.061,0.240,0.045,-0.075,0.037,5,134.5534583,-19.1918056
g0858318-222919,1,0.800,0.107,0.100,0.115,0.000,0.064,0.100,0.068,7,134.6324167,-22.4885556
g0859255-115037,1,0.650,0.079,-0.113,0.084,0.120,0.049,0.000,0.051,3,134.8563750,-11.8436667
g0859469-000020,1,0.425,0.097,0.277,0.157,0.210,0.066,0.475,0.140,8,134.9453333,-0.0056389
g0900094-071359,1,0.975,0.045,-0.079,0.059,0.270,0.033,0.175,0.038,2,135.0390417,-7.2331111
g0900107-114412,1,0.925,0.094,-0.204,0.100,0.270,0.053,0.050,0.063,1,135.0444583,-11.7366111
g0900157-695638,1,0.775,0.126,0.050,0.155,0.000,0.090,0.050,0.091,6,135.0655833,-69.9439444
g0900239-040707,1,0.275,0.045,0.080,0.112,0.180,0.040,0.250,0.094,6,135.0997083,-4.1185833
g0900347-730425,1,0.425,0.098,0.127,0.122,0.210,0.066,0.325,0.085,3,135.1443750,-73.0737222
g0900524-155207,1,0.350,0.103,0.300,0.150,0.000,0.061,0.300,0.111,7,135.2183333,-15.8686111
g0901016-141259,1,0.625,0.107,-0.208,0.141,0.300,0.086,0.075,0.076,4,135.2564583,-14.2163611
g0901097-145924,1,0.650,0.103,0.062,0.116,0.120,0.055,0.175,0.079,2,135.2903750,-14.9899444
g0901496-002353,1,0.975,0.133,-0.073,0.152,0.210,0.075,0.125,0.114,9,135.4565417,-0.3979722
g0902011-103514,1,0.275,0.043,0.130,0.092,0.180,0.059,0.300,0.071,4,135.5047083,-10.5872222
g0902110-192221,1,0.475,0.060,0.103,0.084,-0.030,0.049,0.075,0.055,5,135.5457083,-19.3725833
g0902394-681337,1,1.050,0.044,-0.339,0.063,0.360,0.045,0.000,0.038,6,135.6643333,-68.2268333
g0903077-130152,1,0.300,0.051,0.018,0.105,0.060,0.064,0.075,0.060,4,135.7820833,-13.0310833
g0903212-201406,1,0.775,0.097,-0.273,0.101,0.210,0.063,-0.075,0.054,8,135.8383750,-20.2349722
g0903302-263741,1,1.050,0.070,-0.333,0.089,0.300,0.058,-0.050,0.057,4,135.8758333,-26.6279167
g0903348-195742,1,0.350,0.090,-0.007,0.163,0.060,0.096,0.050,0.088,6,135.8949583,-19.9615556
g0903381-091210,1,1.125,0.065,-0.075,0.095,0.000,0.098,-0.075,0.068,10,135.9085833,-9.2028889
g0903452-042227,1,0.900,0.083,-0.113,0.082,0.120,0.049,0.000,0.050,2,135.9385000,-4.3740556
g0904057-192856,1,0.850,0.094,-0.220,0.085,0.180,0.057,-0.050,0.045,5,136.0237917,-19.4823056
g0904236-083555,1,0.925,0.111,-0.177,0.126,0.400,0.084,0.200,0.071,8,136.0983750,-8.5984722
g0904254-121709,1,0.700,0.148,0.209,0.152,0.150,0.065,0.350,0.114,3,136.1058750,-12.2858333
g0904269-723223,1,0.425,0.122,-0.233,0.209,0.300,0.115,0.050,0.117,2,136.1119167,-72.5395833
g0904315-072059,1,0.475,0.098,0.096,0.122,0.270,0.053,0.350,0.090,4,136.1311667,-7.3498333
g0904322-184946,1,0.450,0.087,-0.427,0.146,0.480,0.089,0.025,0.074,8,136.1339583,-18.8294167
g0904331-273416,1,0.650,0.112,-0.023,0.129,0.210,0.067,0.175,0.084,6,136.1380000,-27.5710833
g0904337-643940,1,0.550,0.085,-0.070,0.087,0.180,0.064,0.100,0.072,7,136.1405000,-64.6611944
g0904412-255037,1,0.025,0.050,0.187,0.097,0.120,0.059,0.300,0.066,9,136.1717083,-25.8435833
g0904442-121653,1,1.175,0.018,0.015,0.054,0.090,0.040,0.100,0.035,8,136.1839583,-12.2813056
g0904484-090706,1,0.525,0.129,0.196,0.141,0.270,0.083,0.450,0.109,7,136.2016250,-9.1184167
g0905112-190505,1,0.725,0.082,-0.133,0.096,0.380,0.049,0.225,0.061,4,136.2967917,-19.0846944
g0905130-200842,1,0.850,0.103,-0.001,0.102,0.240,0.060,0.225,0.061,6,136.3039583,-20.1448889
g0905270-073309,1,0.550,0.107,-0.341,0.123,0.680,0.059,0.300,0.086,10,136.3626250,-7.5524167
g0905331-191225,1,0.925,0.079,-0.264,0.082,0.360,0.045,0.075,0.050,7,136.3879583,-19.2070278
g0905533-641754,1,0.500,0.082,0.080,0.098,0.340,0.041,0.400,0.082,8,136.4719167,-64.2983333
g0906053-724947,1,0.500,0.142,-0.503,0.241,0.560,0.123,0.025,0.141,6,136.5220833,-72.8297222
g0906058-042122,1,0.600,0.115,-0.007,0.128,0.060,0.076,0.050,0.090,4,136.5242500,-4.3561944
g0906340-071428,1,0.750,0.073,0.049,0.072,0.240,0.037,0.275,0.044,1,136.6417083,-7.2409722
g0906443-174523,1,0.375,0.059,0.178,0.104,-0.030,0.056,0.150,0.063,6,136.6847083,-17.7563611
g0906448-203838,1,0.225,0.069,0.096,0.203,0.270,0.067,0.350,0.170,4,136.6867083,-20.6437778
g0906588-231056,1,1.150,0.052,-0.285,0.094,0.090,0.077,-0.200,0.047,5,136.7448333,-23.1823056
g0906594-190331,1,0.700,0.084,-0.063,0.099,0.120,0.050,0.050,0.062,5,136.7474167,-19.0586944
g0907128-675901,1,0.350,0.091,-0.148,0.168,0.210,0.100,0.050,0.088,2,136.8035000,-67.9835556
g0907139-155947,2,0.625,0.099,-0.020,0.140,0.180,0.066,0.150,0.086,5,136.8080417,-15.9963889
g0907354-734052,1,0.700,0.126,-0.101,0.148,0.240,0.075,0.125,0.092,3,136.8973333,-73.6810833
g0907381-072227,1,1.000,0.052,-0.191,0.075,0.150,0.059,-0.050,0.039,7,136.9086667,-7.3741389
g0908004-202909,1,0.900,0.103,0.105,0.089,0.180,0.043,0.275,0.060,3,137.0015000,-20.4856944
g0908022-095938,1,0.500,0.091,-0.779,0.101,0.800,0.057,-0.025,0.065,8,137.0091250,-9.9937500
g0908150-141911,1,0.425,0.095,0.435,0.116,-0.090,0.048,0.350,0.093,4,137.0625833,-14.3196944
g0908267-184855,1,1.025,0.066,-0.066,0.084,0.150,0.059,0.075,0.050,8,137.1114167,-18.8153333
g0908402-822621,1,1.050,0.090,-0.587,0.119,0.650,0.092,0.025,0.061,8,137.1673750,-82.4391667
g0908483-081734,1,1.075,0.017,-0.463,0.083,0.120,0.068,-0.350,0.033,3,137.2011250,-8.2927778
g0908523-093151,1,0.625,0.147,0.111,0.136,0.360,0.054,0.450,0.098,5,137.2178750,-9.5307778
g0909029-101536,1,1.050,0.053,-0.533,0.083,0.380,0.076,-0.175,0.041,7,137.2618750,-10.2599722
g0909254-640737,1,0.500,0.111,0.170,0.109,-0.180,0.053,0.000,0.079,6,137.3557917,-64.1270278
g0909382-131008,1,1.125,0.009,-0.345,0.075,0.340,0.059,-0.025,0.037,7,137.4092083,-13.1688611
g0909391-094323,1,0.850,0.111,0.209,0.092,0.150,0.047,0.350,0.063,5,137.4130833,-9.7230833
g0909590-053047,1,0.700,0.149,0.124,0.144,0.320,0.059,0.425,0.123,6,137.4956667,-5.5131111
g0910089-291234,1,1.100,0.058,-0.504,0.091,0.270,0.074,-0.250,0.040,7,137.5368750,-29.2093056
g0910495-085327,1,0.925,0.076,-0.366,0.098,0.150,0.061,-0.225,0.052,3,137.7060833,-8.8906944
g0910503-013258,1,0.600,0.082,0.024,0.112,0.240,0.061,0.250,0.070,5,137.7094583,-1.5493056
g0910542-162611,1,1.175,0.019,-0.445,0.068,0.180,0.053,-0.275,0.031,8,137.7256667,-16.4363056
g0911012-130616,1,0.850,0.076,-0.158,0.068,0.380,0.038,0.200,0.041,4,137.7550833,-13.1044444
g0911048-161255,1,0.800,0.122,0.212,0.107,0.120,0.053,0.325,0.074,5,137.7699583,-16.2151944
g0911096-183032,1,0.725,0.142,0.385,0.139,-0.090,0.066,0.300,0.102,7,137.7900417,-18.5088889
g0911110-160915,1,0.975,0.051,0.055,0.061,0.180,0.042,0.225,0.040,7,137.7960000,-16.1542778
g0911165-074218,1,0.775,0.090,-0.258,0.118,0.460,0.067,0.175,0.069,3,137.8188333,-7.7050000
g0911189-094606,1,1.175,0.043,-0.499,0.106,0.530,0.083,0.000,0.047,8,137.8287917,-9.7683056
g0911247-193454,1,0.675,0.113,-0.202,0.133,0.400,0.082,0.175,0.093,8,137.8528750,-19.5817778
g0911275-144900,1,0.400,0.040,0.068,0.055,0.060,0.032,0.125,0.036,1,137.8646250,-14.8166667
g0911382-063847,1,1.125,0.021,-0.584,0.064,0.270,0.062,-0.330,0.026,4,137.9092083,-6.6463056
g0911523-072401,1,0.825,0.097,-0.048,0.102,0.210,0.059,0.150,0.063,2,137.9677500,-7.4001667
g0911558-151438,1,0.700,0.094,-0.201,0.134,0.320,0.070,0.100,0.079,3,137.9823750,-15.2437778
g0911575-152203,2,0.750,0.105,-0.283,0.113,0.380,0.062,0.075,0.064,4,137.9896250,-15.3674444
g0912128-305440,1,1.175,0.007,-0.341,0.040,0.150,0.035,-0.200,0.021,5,138.0532500,-30.9110278
g0912199-162916,1,0.325,0.078,0.280,0.119,0.180,0.042,0.450,0.114,4,138.0828333,-16.4878611
g0912562-045406,1,0.400,0.072,0.046,0.092,0.270,0.053,0.300,0.056,5,138.2342917,-4.9016944
g0913099-082847,1,1.150,0.033,-0.558,0.083,0.300,0.076,-0.275,0.040,3,138.2912500,-8.4795833
g0913209-163834,1,0.700,0.085,-0.295,0.104,0.340,0.065,0.025,0.056,7,138.3370000,-16.6428333
g0913328-032328,1,0.700,0.120,-0.051,0.148,0.240,0.069,0.175,0.096,4,138.3864583,-3.3911944
g0913559-255838,1,0.350,0.095,0.055,0.160,0.180,0.069,0.225,0.115,8,138.4828750,-25.9771111
g0914277-193251,1,0.700,0.109,0.096,0.099,0.270,0.050,0.350,0.070,5,138.6155000,-19.5475556
g0914353-082709,1,0.575,0.102,-0.263,0.137,0.120,0.080,-0.150,0.078,4,138.6470417,-8.4524444
g0914410-110454,1,0.850,0.114,-0.152,0.107,0.480,0.060,0.300,0.062,7,138.6708750,-11.0815556
g0914422-332309,1,0.850,0.108,-0.433,0.144,0.300,0.090,-0.150,0.075,4,138.6756667,-33.3858611
g0914490-075125,1,1.175,0.040,-0.799,0.100,0.530,0.079,-0.300,0.040,6,138.7041667,-7.8569167
g0914534-051621,1,0.375,0.065,0.018,0.100,0.060,0.061,0.075,0.056,3,138.7225833,-5.2724722
g0914590-150706,1,0.700,0.174,0.002,0.220,0.210,0.082,0.200,0.179,5,138.7457917,-15.1182778
g0915057-075224,1,0.700,0.147,0.403,0.142,-0.030,0.083,0.375,0.086,9,138.7735833,-7.8732500
g0915063-004306,1,0.600,0.113,-0.164,0.141,0.360,0.077,0.175,0.092,3,138.7762917,-0.7182778
g0915253-801318,1,-0.125,0.064,-0.254,0.208,0.800,0.106,0.500,0.132,10,138.8555000,-80.2215556
g0915287-080902,1,0.575,0.125,0.071,0.166,0.270,0.061,0.325,0.121,7,138.8696250,-8.1504722
g0915397-012050,1,0.525,0.105,-0.314,0.153,0.440,0.089,0.100,0.083,8,138.9154583,-1.3470833
g0915504-334706,1,0.650,0.106,-0.107,0.129,0.060,0.072,-0.050,0.074,6,138.9599167,-33.7849167
g0915506-171206,1,0.275,0.034,-0.258,0.113,0.380,0.072,0.100,0.051,9,138.9609583,-17.2016667
g0915558-135853,1,-0.100,0.062,0.259,0.169,0.150,0.079,0.400,0.116,7,138.9825833,-13.9813333
g0916075-063347,1,0.550,0.094,0.003,0.113,-0.030,0.063,-0.025,0.070,1,139.0312083,-6.5629722
g0916111-161846,1,1.000,0.040,-0.095,0.044,0.180,0.027,0.075,0.030,6,139.0462500,-16.3127222
g0916122-004158,1,0.700,0.095,-0.226,0.103,0.320,0.064,0.075,0.057,6,139.0506250,-0.6994722
g0916220-110623,1,0.650,0.099,-0.045,0.120,0.180,0.067,0.125,0.074,6,139.0917500,-11.1063611
g0916226-710857,1,1.150,0.005,-0.133,0.066,0.300,0.049,0.150,0.030,6,139.0942083,-71.1491111
g0916251-172122,1,0.675,0.111,0.457,0.107,-0.060,0.054,0.400,0.071,7,139.1043750,-17.3561111
g0916258-021206,1,0.400,0.098,0.078,0.180,-0.030,0.100,0.050,0.101,4,139.1075000,-2.2016667
g0917124-143002,1,0.250,0.056,0.274,0.138,0.240,0.045,0.500,0.120,6,139.3017500,-14.5006111
g0917252-020532,1,0.450,0.145,-0.348,0.277,0.210,0.149,-0.150,0.150,7,139.3550833,-2.0921944
g0917313-802959,1,0.400,0.250,-0.108,0.405,0.460,0.166,0.325,0.279,7,139.3804167,-80.4996111
g0917412-233503,1,0.500,0.081,-0.381,0.128,0.590,0.082,0.175,0.061,5,139.4216250,-23.5841667
g0917452-190706,1,1.175,0.030,-0.454,0.073,0.270,0.058,-0.200,0.035,6,139.4382083,-19.1183889
g0917487-651106,1,0.625,0.083,0.105,0.093,0.180,0.037,0.275,0.069,1,139.4527917,-65.1848889
g0917504-322607,1,0.975,0.090,-0.183,0.095,0.300,0.055,0.100,0.066,5,139.4599167,-32.4352222
g0917551-181016,1,0.900,0.081,-0.289,0.100,0.360,0.058,0.050,0.055,8,139.4796250,-18.1711944
g0918018-311835,1,0.650,0.086,-0.479,0.126,0.270,0.095,-0.225,0.050,7,139.5075417,-31.3095833
g0918108-203922,1,0.975,0.104,-0.023,0.117,0.210,0.060,0.175,0.075,4,139.5451667,-20.6561944
g0918249-093045,1,0.850,0.103,0.112,0.100,0.120,0.049,0.225,0.071,4,139.6038750,-9.5124722
g0918395-074704,1,0.875,0.121,0.155,0.114,0.180,0.064,0.325,0.076,6,139.6644167,-7.7845000
g0918499-030559,1,0.325,0.076,-0.232,0.172,0.060,0.091,-0.175,0.099,5,139.7080417,-3.0996389
g0919059-064215,1,0.200,0.062,0.252,0.141,0.210,0.046,0.450,0.126,8,139.7744583,-6.7041667
g0919552-323141,1,0.750,0.133,0.370,0.123,-0.180,0.047,0.200,0.099,7,139.9800417,-32.5280278
g0920096-053060,1,0.275,0.066,0.165,0.172,0.090,0.072,0.250,0.148,9,140.0399167,-5.5165278
g0920302-162943,1,0.900,0.089,-0.195,0.078,0.180,0.047,-0.025,0.048,3,140.1258750,-16.4951944
g0920331-643710,1,1.025,0.053,-0.495,0.075,0.340,0.051,-0.175,0.042,4,140.1380833,-64.6194722
g0920595-023831,1,0.425,0.103,0.125,0.128,0.000,0.064,0.125,0.091,4,140.2480833,-2.6420000
g0921037-201432,1,0.400,0.081,0.255,0.103,0.180,0.043,0.425,0.092,3,140.2655833,-20.2421111
g0921080-104521,1,0.400,0.069,0.072,0.112,0.030,0.060,0.100,0.071,4,140.2833333,-10.7558889
g0921176-220757,1,0.350,0.097,-0.552,0.229,0.400,0.148,-0.175,0.116,3,140.3233333,-22.1325000
g0921275-115434,1,0.600,0.047,-0.070,0.072,0.180,0.043,0.100,0.042,2,140.3645417,-11.9095000
g0921312-094133,1,0.975,0.066,0.002,0.093,0.210,0.059,0.200,0.049,5,140.3798333,-9.6925000
g0921339-302940,1,1.175,0.016,-0.070,0.044,0.180,0.037,0.100,0.027,8,140.3912917,-30.4945000
g0921387-222525,1,0.450,0.140,-0.133,0.207,0.300,0.119,0.150,0.113,5,140.4114167,-22.4236667
g0921457-140706,1,1.050,0.034,0.034,0.057,0.150,0.045,0.175,0.034,3,140.4405417,-14.1182500
g0921487-171929,1,0.450,0.102,-0.279,0.150,0.270,0.086,-0.025,0.087,5,140.4528333,-17.3246944
g0921488-172244,1,0.275,0.054,-0.020,0.160,0.180,0.119,0.150,0.074,10,140.4533333,-17.3787778
g0922238-172032,1,0.450,0.062,0.093,0.110,0.060,0.057,0.150,0.070,3,140.5991667,-17.3422500
g0922309-005134,1,1.175,0.034,-0.235,0.091,0.090,0.065,-0.150,0.048,7,140.6288750,-0.8595000
g0922366-002432,1,0.550,0.119,-0.177,0.161,0.400,0.081,0.200,0.102,3,140.6524583,-0.4090000
g0922585-172522,1,0.750,0.092,-0.229,0.093,0.270,0.060,0.025,0.054,3,140.7439167,-17.4227500
g0923013-165531,1,0.775,0.109,0.176,0.101,-0.240,0.061,-0.050,0.065,6,140.7555000,-16.9252500
g0923206-073918,1,0.300,0.117,-0.227,0.274,0.400,0.131,0.150,0.160,5,140.8359167,-7.6549722
g0923208-013405,1,1.175,0.054,-0.539,0.099,0.440,0.068,-0.125,0.050,8,140.8366667,-1.5679167
g0923213-713537,1,0.725,0.096,0.187,0.090,0.120,0.045,0.300,0.062,5,140.8386667,-71.5936111
g0923272-102546,1,0.800,0.095,-0.251,0.104,0.240,0.058,-0.025,0.058,5,140.8632917,-10.4295278
g0923302-230941,1,0.050,0.017,0.359,0.070,0.150,0.031,0.500,0.064,4,140.8758750,-23.1614444
g0924211-320230,1,0.800,0.114,-0.351,0.140,0.320,0.090,-0.050,0.075,10,141.0880000,-32.0415833
g0924257-763924,1,1.000,0.073,-0.296,0.097,0.420,0.060,0.100,0.057,9,141.1068750,-76.6566667
g0925047-315536,1,1.175,0.036,-0.091,0.063,0.150,0.053,0.050,0.054,7,141.2695000,-31.9267778
g0925094-244160,1,1.050,0.076,-0.564,0.096,0.440,0.068,-0.150,0.055,6,141.2889583,-24.6999167
g0925122-064948,1,0.300,0.046,0.159,0.084,0.150,0.037,0.300,0.069,4,141.3007083,-6.8299167
g0925138-064260,1,0.750,0.069,-0.204,0.074,0.270,0.040,0.050,0.048,4,141.3073750,-6.7165833
g0925198-064028,1,0.650,0.079,-0.038,0.102,0.120,0.054,0.075,0.067,3,141.3322917,-6.6745556
g0925206-124347,1,0.900,0.124,-0.324,0.142,0.530,0.075,0.175,0.090,7,141.3359583,-12.7298333
g0925242-091342,1,-0.125,0.043,0.478,0.103,-0.030,0.042,0.450,0.083,7,141.3507500,-9.2284444
g0925243-214858,2,0.575,0.127,-0.345,0.159,0.340,0.079,-0.025,0.103,5,141.3514167,-21.8162222
g0925282-060443,1,0.325,0.047,-0.054,0.085,0.270,0.048,0.200,0.046,8,141.3675833,-6.0785000
g0925404-311409,1,1.175,0.090,-0.696,0.182,0.500,0.153,-0.225,0.062,9,141.4181667,-31.2358611
g0926245-113321,1,1.050,0.058,-0.210,0.061,0.090,0.042,-0.125,0.037,3,141.6021667,-11.5557222
g0926298-143143,1,0.675,0.083,-0.003,0.090,0.030,0.044,0.025,0.062,5,141.6241667,-14.5287222
g0926475-174717,1,0.275,0.079,0.457,0.144,-0.060,0.055,0.400,0.113,5,141.6977917,-17.7879444
g0926502-204135,1,1.175,0.018,0.159,0.048,0.150,0.040,0.300,0.019,5,141.7092083,-20.6929167
g0926521-241836,1,1.175,0.004,-0.245,0.053,0.180,0.054,-0.075,0.029,3,141.7169583,-24.3100556
g0926566-244659,1,0.125,0.023,-0.033,0.063,0.380,0.038,0.325,0.046,6,141.7359583,-24.7830278
g0927116-194219,1,0.100,0.098,0.118,0.257,0.060,0.118,0.175,0.165,7,141.7983750,-19.7053056
g0927127-240147,1,0.775,0.158,0.230,0.136,0.180,0.062,0.400,0.096,2,141.8027500,-24.0296667
g0927191-170053,1,1.075,0.015,-0.584,0.051,0.270,0.047,-0.330,0.021,4,141.8294583,-17.0147222
g0927361-242301,1,0.775,0.149,-0.235,0.193,0.090,0.121,-0.150,0.092,10,141.9005417,-24.3834722
g0927374-194144,1,0.600,0.071,-0.002,0.071,0.400,0.037,0.375,0.046,7,141.9056667,-19.6954167
g0927572-125240,1,0.875,0.116,-0.489,0.166,0.440,0.116,-0.075,0.074,9,141.9884167,-12.8778056
g0928293-242201,1,0.600,0.063,0.012,0.092,0.120,0.051,0.125,0.057,4,142.1218750,-24.3669722
g0929021-200701,1,0.675,0.107,0.022,0.139,0.030,0.088,0.050,0.075,6,142.2586667,-20.1168056
g0929285-143930,1,1.125,0.054,-0.358,0.086,0.380,0.059,0.000,0.045,5,142.3686667,-14.6584444
g0929416-143440,1,0.550,0.139,0.124,0.155,0.240,0.064,0.350,0.117,5,142.4232500,-14.5777500
g0929546-063724,1,0.600,0.092,-0.173,0.128,0.210,0.070,0.025,0.075,5,142.4774583,-6.6232500
g0929585-063815,1,0.500,0.105,-0.345,0.180,0.180,0.111,-0.175,0.087,3,142.4939167,-6.6373889
g0930100-145616,1,0.425,0.089,-0.104,0.144,0.270,0.086,0.150,0.079,7,142.5416667,-14.9378889
g0930152-084414,1,0.300,0.047,0.285,0.090,-0.090,0.048,0.200,0.060,2,142.5632500,-8.7372500
g0930412-145836,1,0.275,0.052,0.125,0.120,0.000,0.067,0.125,0.074,6,142.6715000,-14.9767222
g0930529-144409,1,0.725,0.075,0.137,0.077,0.120,0.035,0.250,0.055,2,142.7203750,-14.7357778
g0931020-144240,1,0.950,0.104,0.005,0.116,0.180,0.064,0.175,0.070,3,142.7583333,-14.7109722
g0931062-131053,1,0.375,0.066,-0.060,0.116,0.090,0.067,0.025,0.066,6,142.7760000,-13.1812778
g0931069-302130,1,0.625,0.108,0.159,0.122,0.150,0.063,0.300,0.081,4,142.7789167,-30.3582778
g0931147-073929,1,0.525,0.052,-0.063,0.071,0.120,0.050,0.050,0.040,2,142.8111667,-7.6579444
g0931366-164405,1,1.150,0.006,-0.395,0.048,0.340,0.035,-0.075,0.024,4,142.9025417,-16.7347500
g0931424-185120,1,0.575,0.137,0.100,0.151,0.000,0.075,0.100,0.104,4,142.9267917,-18.8555278
g0931523-130412,1,1.175,0.022,-0.546,0.080,0.420,0.066,-0.150,0.030,9,142.9680833,-13.0698889
g0931574-190642,1,0.425,0.097,-0.171,0.169,0.420,0.084,0.225,0.103,6,142.9890833,-19.1116944
g0932005-183914,1,0.600,0.084,0.084,0.105,0.150,0.053,0.225,0.069,5,143.0018750,-18.6538889
g0932059-052836,1,0.550,0.080,0.150,0.109,0.000,0.061,0.150,0.069,4,143.0246250,-5.4766111
g0932592-183038,1,0.725,0.114,0.387,0.076,0.120,0.036,0.500,0.057,4,143.2467500,-18.5106111
g0933283-043532,1,1.150,0.022,-0.383,0.055,0.300,0.046,-0.100,0.040,9,143.3678333,-4.5920833
g0933324-194313,1,0.650,0.087,-0.339,0.131,0.440,0.078,0.075,0.069,5,143.3850000,-19.7202778
g0933331-330106,1,0.250,0.075,0.388,0.148,-0.120,0.057,0.275,0.149,7,143.3877917,-33.0184167
g0933338-210860,1,0.975,0.075,0.043,0.074,0.060,0.049,0.100,0.046,7,143.3908750,-21.1499444
g0933351-250810,1,0.850,0.064,-0.064,0.054,0.360,0.029,0.275,0.039,1,143.3963750,-25.1360556
g0933466-161359,1,0.575,0.089,0.090,0.107,0.090,0.056,0.175,0.068,3,143.4440000,-16.2330000
g0933500-165925,1,-0.025,0.039,-0.101,0.106,0.240,0.062,0.125,0.058,4,143.4583333,-16.9902500
g0934033-051223,1,1.000,0.053,-0.020,0.061,0.180,0.039,0.150,0.041,2,143.5137917,-5.2064444
g0934139-175121,1,0.475,0.120,-0.164,0.140,0.440,0.078,0.250,0.087,7,143.5579583,-17.8558889
g0934240-142927,1,0.475,0.087,0.112,0.114,0.120,0.053,0.225,0.076,3,143.6000833,-14.4908333
g0934269-023015,1,0.750,0.068,-0.602,0.084,0.480,0.060,-0.150,0.038,3,143.6120000,-2.5041667
g0934270-225256,1,0.875,0.080,-0.726,0.148,0.420,0.090,-0.330,0.085,6,143.6123750,-22.8823333
g0934279-771139,1,1.025,0.060,0.272,0.083,0.030,0.060,0.300,0.045,7,143.6162500,-77.1941944
g0934321-213414,1,0.600,0.074,-0.129,0.090,0.270,0.055,0.125,0.053,4,143.6336667,-21.5706667
g0934502-162304,1,0.500,0.066,0.207,0.075,-0.060,0.043,0.150,0.051,6,143.7093333,-16.3844167
g0935011-781301,1,0.625,0.118,-0.116,0.121,0.150,0.065,0.025,0.077,2,143.7544583,-78.2168333
g0935108-162354,1,1.100,0.027,-0.125,0.046,0.000,0.037,-0.125,0.025,7,143.7950833,-16.3983056
g0935122-271657,1,0.350,0.073,0.055,0.121,0.340,0.062,0.375,0.096,5,143.8008333,-27.2823611
g0935373-155426,1,0.425,0.054,-0.016,0.094,0.150,0.058,0.125,0.057,5,143.9055000,-15.9071667
g0935395-141153,1,0.625,0.100,-0.170,0.130,0.180,0.071,0.000,0.076,7,143.9146667,-14.1981111
g0935458-044458,1,0.650,0.072,-0.079,0.085,0.270,0.045,0.175,0.056,4,143.9407500,-4.7493611
g0935566-074336,1,0.650,0.081,0.180,0.072,0.180,0.030,0.350,0.056,2,143.9857083,-7.7266389
g0935576-245849,1,0.500,0.089,0.030,0.113,0.180,0.065,0.200,0.063,4,143.9900000,-24.9802500
g0936001-345343,1,1.175,0.011,-0.239,0.074,0.360,0.059,0.100,0.041,3,144.0005833,-34.8953333
g0936018-024059,1,0.700,0.141,-0.201,0.149,0.240,0.081,0.025,0.094,4,144.0073750,-2.6830833
g0936207-245338,1,0.725,0.135,-0.064,0.163,0.360,0.088,0.275,0.105,6,144.0863333,-24.8938889
g0936276-372028,1,0.600,0.097,-0.176,0.132,0.240,0.066,0.050,0.081,5,144.1151250,-37.3410000
g0936311-201552,1,0.750,0.097,-0.016,0.116,0.150,0.065,0.125,0.069,4,144.1294167,-20.2643056
g0936543-195432,1,0.400,0.105,0.024,0.149,0.240,0.067,0.250,0.101,6,144.2261667,-19.9089167
g0937006-051607,1,0.550,0.111,0.260,0.124,-0.090,0.071,0.175,0.104,8,144.2524583,-5.2686944
g0937015-210406,1,0.775,0.093,0.162,0.093,0.120,0.050,0.275,0.062,5,144.2562500,-21.0684167
g0937107-203402,1,0.650,0.075,0.017,0.093,0.300,0.055,0.300,0.054,4,144.2944583,-20.5670833
g0937168-274601,1,0.500,0.109,-0.029,0.150,0.270,0.072,0.225,0.102,3,144.3200833,-27.7669444
g0937188-203810,1,0.975,0.077,-0.170,0.079,0.340,0.053,0.150,0.055,8,144.3282083,-20.6362222
g0937340-205134,1,0.500,0.086,-0.089,0.121,0.360,0.063,0.250,0.068,5,144.3917917,-20.8595556
g0938018-165134,1,0.150,0.059,0.293,0.128,0.060,0.052,0.350,0.107,6,144.5075000,-16.8593333
g0938101-161934,1,0.900,0.140,0.140,0.133,0.090,0.057,0.225,0.094,6,144.5419583,-16.3261944
g0938282-075729,1,0.175,0.046,-0.201,0.167,0.240,0.111,0.025,0.076,5,144.6176250,-7.9581389
g0938320-134730,1,0.525,0.089,-0.057,0.121,0.060,0.065,0.000,0.072,7,144.6332917,-13.7917222
g0938405-353407,1,0.725,0.133,0.155,0.103,0.340,0.043,0.475,0.092,4,144.6687917,-35.5685556
g0938407-195346,1,0.475,0.099,-0.045,0.133,0.340,0.066,0.275,0.083,4,144.6697083,-19.8960000
g0939014-074144,1,0.600,0.107,-0.233,0.117,0.300,0.059,0.050,0.080,4,144.7559167,-7.6956111
g0939015-092726,1,0.625,0.099,0.068,0.108,0.060,0.053,0.125,0.073,3,144.7560417,-9.4572778
g0939481-043304,1,0.650,0.075,-0.023,0.092,0.210,0.048,0.175,0.059,3,144.9502500,-4.5511667
g0940286-065646,1,0.950,0.073,-0.135,0.083,0.090,0.059,-0.050,0.044,4,145.1190833,-6.9460556
g0940451-052607,1,0.650,0.077,-0.095,0.101,0.180,0.056,0.075,0.060,4,145.1880417,-5.4353889
g0940538-360132,1,0.675,0.119,-0.176,0.144,0.240,0.089,0.050,0.100,8,145.2242083,-36.0254722
g0941069-051537,1,0.450,0.133,0.285,0.179,-0.090,0.080,0.200,0.126,3,145.2788750,-5.2602778
g0941161-164027,1,0.775,0.108,-0.612,0.128,0.650,0.079,0.000,0.067,8,145.3169583,-16.6742778
g0941543-714733,1,0.650,0.121,-0.038,0.139,0.120,0.082,0.075,0.081,3,145.4760417,-71.7925556
g0942104-163203,1,1.175,0.007,-0.248,0.067,0.210,0.056,-0.050,0.037,6,145.5433750,-16.5342500
g0942374-241139,1,0.825,0.127,-0.126,0.164,0.240,0.079,0.100,0.102,6,145.6557500,-24.1942778
g0942520-285643,1,1.175,0.050,-0.321,0.081,0.420,0.047,0.075,0.054,4,145.7166667,-28.9452500
g0942531-284946,1,0.950,0.104,-0.029,0.098,0.270,0.053,0.225,0.067,2,145.7211667,-28.8293889
g0942541-154904,1,0.675,0.089,0.030,0.097,0.180,0.042,0.200,0.070,3,145.7253750,-15.8178333
g0943048-235205,1,0.625,0.097,0.017,0.100,0.300,0.050,0.300,0.070,8,145.7699583,-23.8679444
g0943360-203357,1,0.700,0.108,-0.298,0.122,0.210,0.081,-0.100,0.058,4,145.8998333,-20.5657778
g0944012-141511,1,0.950,0.102,-0.298,0.105,0.210,0.063,-0.100,0.059,5,146.0051250,-14.2530556
g0944123-224506,1,1.025,0.045,-0.047,0.062,-0.030,0.048,-0.075,0.032,2,146.0512917,-22.7515278
g0944130-285056,1,1.050,0.022,-0.201,0.053,0.320,0.035,0.100,0.032,2,146.0542917,-28.8488889
g0944160-211641,1,0.775,0.061,0.146,0.048,0.270,0.027,0.400,0.032,2,146.0667500,-21.2781389
g0944172-270414,1,0.575,0.156,0.055,0.187,0.180,0.088,0.225,0.123,3,146.0717917,-27.0704444
g0944261-244736,1,0.475,0.098,0.050,0.121,0.000,0.075,0.050,0.098,4,146.1087500,-24.7931944
g0944352-123227,1,0.300,0.059,-0.108,0.110,0.380,0.058,0.250,0.067,3,146.1467500,-12.5408889
g0944459-715759,1,0.550,0.114,-0.045,0.127,0.180,0.062,0.125,0.085,4,146.1912083,-71.9664444
g0944519-381024,1,0.500,0.099,0.065,0.132,0.090,0.074,0.150,0.080,2,146.2163750,-38.1733056
g0944574-161401,1,0.200,0.095,0.382,0.196,-0.060,0.070,0.325,0.157,3,146.2391667,-16.2335556
g0945039-173350,1,0.850,0.133,-0.116,0.129,0.150,0.073,0.025,0.086,7,146.2660417,-17.5638056
g0945207-144456,1,0.800,0.083,-0.139,0.078,0.360,0.040,0.200,0.049,3,146.3361667,-14.7488889
g0946224-153415,1,0.950,0.070,-0.195,0.090,0.180,0.057,-0.025,0.051,3,146.5932500,-15.5706944
g0946358-233504,1,1.025,0.054,-0.085,0.073,0.090,0.046,0.000,0.042,6,146.6493333,-23.5843333
g0946394-060919,1,0.775,0.155,-0.126,0.193,0.240,0.121,0.100,0.117,7,146.6640417,-6.1553056
g0947027-055258,1,0.575,0.100,0.159,0.112,0.150,0.057,0.300,0.075,7,146.7611250,-5.8827778
g0947129-152516,1,0.900,0.083,-0.283,0.095,0.460,0.058,0.150,0.052,3,146.8037083,-15.4212222
g0947475-132450,1,0.500,0.078,0.165,0.108,0.090,0.050,0.250,0.071,4,146.9477500,-13.4137500
g0948027-174418,1,0.375,0.095,-0.041,0.178,0.150,0.101,0.100,0.100,7,147.0113333,-17.7381944
g0948118-062919,1,0.825,0.108,-0.473,0.140,0.210,0.081,-0.275,0.078,3,147.0490417,-6.4885556
g0948468-053414,1,0.300,0.075,0.308,0.146,-0.300,0.073,0.025,0.098,5,147.1951250,-5.5706111
g0949020-070817,1,1.175,0.005,-0.613,0.052,0.300,0.047,-0.330,0.021,3,147.2581667,-7.1379167
g0949079-144143,1,0.400,0.088,-0.060,0.131,0.090,0.073,0.025,0.076,2,147.2829583,-14.6953333
g0949313-140347,1,0.200,0.083,-0.026,0.211,0.320,0.094,0.275,0.160,6,147.3802500,-14.0631667
g0949324-140647,1,0.425,0.065,0.277,0.100,0.210,0.040,0.475,0.082,6,147.3848333,-14.1131389
g0949333-680055,1,1.175,0.019,-0.401,0.059,0.320,0.046,-0.100,0.033,8,147.3886667,-68.0153611
g0949471-051522,1,1.025,0.065,-0.387,0.129,0.060,0.100,-0.330,0.057,4,147.4461667,-5.2560278
g0949516-135717,1,0.850,0.102,0.143,0.121,0.060,0.059,0.200,0.079,1,147.4651667,-13.9547222
g0949564-001353,1,0.200,0.029,-0.020,0.079,0.180,0.056,0.150,0.040,5,147.4850000,-0.2313333
g0950085-050626,1,1.125,0.008,-0.333,0.055,0.460,0.041,0.100,0.028,3,147.5353750,-5.1070833
g0950180-144854,1,0.575,0.103,-0.252,0.159,0.480,0.095,0.200,0.080,7,147.5750000,-14.8150000
g0950248-215146,1,0.450,0.103,-0.151,0.152,0.240,0.088,0.075,0.090,5,147.6033333,-21.8628889
g0951043-160543,1,0.775,0.088,-0.089,0.073,0.360,0.035,0.250,0.052,4,147.7680000,-16.0953611
g0951083-173000,1,0.300,0.026,-0.098,0.050,0.210,0.042,0.100,0.030,10,147.7845417,-17.5000833
g0951162-063805,1,1.125,0.035,-0.351,0.091,0.240,0.074,-0.125,0.041,5,147.8173333,-6.6348333
g0952044-045948,1,0.450,0.072,0.415,0.102,0.090,0.044,0.500,0.083,3,148.0185000,-4.9967222
g0952048-160810,1,0.950,0.065,0.002,0.066,0.210,0.041,0.200,0.043,1,148.0199167,-16.1361944
g0952151-094402,1,0.325,0.102,-0.141,0.185,0.150,0.103,0.000,0.113,2,148.0627917,-9.7339167
g0952206-155521,1,0.825,0.092,-0.123,0.083,0.210,0.048,0.075,0.053,2,148.0857917,-15.9225833
g0952261-192921,1,0.625,0.134,-0.120,0.166,0.180,0.081,0.050,0.105,4,148.1087917,-19.4891667
g0952276-022439,1,1.000,0.040,-0.013,0.067,0.120,0.049,0.100,0.042,3,148.1151667,-2.4109444
g0952330-215318,1,1.175,0.020,-0.202,0.057,0.400,0.044,0.175,0.030,6,148.1375417,-21.8881944
g0952375-073714,1,1.100,0.012,0.012,0.044,0.120,0.033,0.125,0.025,4,148.1561250,-7.6205278
g0953031-160217,1,1.000,0.039,-0.020,0.055,0.180,0.036,0.150,0.033,3,148.2629583,-16.0381111
g0953074-080329,1,0.500,0.118,0.140,0.155,0.090,0.071,0.225,0.123,5,148.2807917,-8.0579167
g0953135-154841,1,0.600,0.129,0.103,0.159,-0.030,0.077,0.075,0.104,6,148.3063333,-15.8112778
g0953144-155841,1,0.850,0.089,0.074,0.085,0.240,0.041,0.300,0.056,2,148.3101250,-15.9779167
g0953243-054831,1,0.350,0.106,0.227,0.153,0.210,0.060,0.425,0.129,8,148.3510833,-5.8084722
g0953280-160359,1,0.650,0.079,-0.258,0.105,0.380,0.056,0.100,0.064,7,148.3667917,-16.0663611
g0953318-061317,1,0.850,0.079,-0.013,0.078,0.120,0.044,0.100,0.050,3,148.3823333,-6.2215000
g0953379-160853,1,0.975,0.083,-0.295,0.100,0.180,0.063,-0.125,0.050,3,148.4077083,-16.1479444
g0953480-144121,1,0.575,0.087,0.196,0.084,0.270,0.043,0.450,0.062,7,148.4500833,-14.6892778
g0953510-074734,1,0.650,0.145,-0.379,0.150,0.270,0.072,-0.125,0.091,5,148.4626250,-7.7927222
g0953538-155111,1,0.950,0.067,0.022,0.067,0.030,0.047,0.050,0.041,3,148.4740000,-15.8530000
g0953552-175421,1,1.050,0.016,-0.285,0.079,0.090,0.066,-0.200,0.030,1,148.4800417,-17.9057222
g0954135-140709,1,0.675,0.076,0.234,0.070,0.150,0.039,0.375,0.046,5,148.5562500,-14.1191389
g0954295-011717,1,1.175,0.012,-0.571,0.057,0.420,0.043,-0.175,0.026,5,148.6228750,-1.2880556
g0954305-153420,1,0.700,0.105,-0.158,0.123,0.300,0.062,0.125,0.079,5,148.6269583,-15.5723056
g0954590-340344,1,1.075,0.057,-0.502,0.103,0.400,0.073,-0.125,0.046,2,148.7459583,-34.0620833
g0955016-184353,1,0.800,0.106,0.128,0.090,-0.030,0.056,0.100,0.067,5,148.7565833,-18.7313611
g0955196-143755,1,0.500,0.100,-0.414,0.142,0.440,0.080,0.000,0.075,5,148.8315833,-14.6320556
g0955236-125437,1,1.025,0.056,-0.154,0.070,0.270,0.049,0.100,0.040,2,148.8484583,-12.9101667
g0955271-134751,1,0.875,0.084,-0.145,0.061,0.180,0.040,0.025,0.041,2,148.8627917,-13.7975556
g0955312-002802,1,1.175,0.009,-0.302,0.076,0.400,0.058,0.075,0.038,4,148.8800000,-0.4672222
g0955381-152960,1,0.350,0.063,0.278,0.109,-0.030,0.055,0.250,0.069,5,148.9087917,-15.4998611
g0955535-032401,1,0.675,0.126,-0.073,0.153,0.210,0.079,0.125,0.095,5,148.9727500,-3.4002222
g0955567-134514,1,0.800,0.111,-0.201,0.077,0.240,0.057,0.025,0.053,8,148.9861667,-13.7540000
g0956000-154516,1,0.175,0.064,-0.033,0.170,0.380,0.072,0.325,0.130,2,149.0001667,-15.7544167
g0956138-125800,1,0.700,0.116,-0.333,0.138,0.380,0.077,0.025,0.078,6,149.0576667,-12.9667778
g0956208-143422,1,1.100,0.011,-0.204,0.067,0.270,0.052,0.050,0.029,4,149.0866667,-14.5727222
g0956297-162227,1,0.575,0.154,0.390,0.148,0.090,0.063,0.475,0.121,5,149.1235417,-16.3740556
g0956308-155905,1,0.950,0.130,-0.113,0.149,0.120,0.066,0.000,0.113,5,149.1282917,-15.9846111
g0956357-155826,1,0.750,0.111,-0.176,0.130,0.320,0.067,0.125,0.078,8,149.1485833,-15.9738333
g0956409-370700,1,0.575,0.092,-0.040,0.102,-0.090,0.055,-0.125,0.068,4,149.1703333,-37.1167778
g0956412-134128,1,0.450,0.120,0.315,0.126,0.090,0.041,0.400,0.117,8,149.1715417,-13.6912222
g0956479-071047,1,0.425,0.091,0.275,0.091,0.000,0.042,0.275,0.072,3,149.1995417,-7.1796389
g0956517-152351,1,0.725,0.070,-0.214,0.089,0.440,0.057,0.200,0.048,6,149.2153750,-15.3975278
g0956582-151042,1,0.300,0.095,0.488,0.143,-0.120,0.073,0.375,0.117,10,149.2426250,-15.1783889
g0957239-192118,1,0.675,0.061,-0.066,0.065,0.150,0.035,0.075,0.048,5,149.3495417,-19.3549722
g0957392-170751,1,0.175,0.096,0.149,0.229,0.240,0.114,0.375,0.145,7,149.4132917,-17.1307500
g0957415-215607,1,0.275,0.040,0.147,0.095,0.030,0.058,0.175,0.060,4,149.4230000,-21.9353333
g0957441-061417,1,1.150,0.037,-0.485,0.104,0.090,0.099,-0.400,0.047,7,149.4339167,-6.2381111
g0957485-133535,1,0.875,0.085,-0.154,0.087,0.270,0.048,0.100,0.056,6,149.4522083,-13.5929167
g0957555-170604,1,0.900,0.116,-0.283,0.144,0.300,0.087,0.000,0.076,5,149.4814167,-17.1011667
g0958002-830710,1,0.425,0.112,0.218,0.133,0.060,0.054,0.275,0.105,7,149.5008333,-83.1195278
g0958119-151155,1,1.100,0.024,-0.010,0.056,0.090,0.050,0.075,0.039,5,149.5494167,-15.1986944
g0958150-213718,1,0.975,0.078,-0.113,0.091,0.120,0.048,0.000,0.059,6,149.5623750,-21.6216389
g0958178-013953,1,0.500,0.096,-0.152,0.132,0.400,0.061,0.225,0.093,6,149.5741250,-1.6645833
g0958416-041951,1,1.175,0.061,-0.300,0.092,0.000,0.064,-0.300,0.050,9,149.6734167,-4.3308889
g0958531-302128,1,0.775,0.071,0.030,0.053,0.180,0.033,0.200,0.036,7,149.7211250,-30.3576944
g0958567-184907,2,0.500,0.128,-0.122,0.188,-0.030,0.119,-0.150,0.117,7,149.7362917,-18.8184722
g0959001-343050,1,0.650,0.103,0.259,0.096,0.150,0.044,0.400,0.070,3,149.7505000,-34.5138611
g0959018-013314,1,0.525,0.154,0.078,0.183,-0.030,0.087,0.050,0.116,3,149.7574167,-1.5537500
g0959055-134009,1,0.975,0.053,-0.060,0.046,0.090,0.033,0.025,0.032,1,149.7727917,-13.6691111
g0959087-341331,1,0.725,0.055,-0.095,0.062,0.340,0.039,0.225,0.034,7,149.7860833,-34.2252222
g0959401-204715,1,1.050,0.017,-0.179,0.043,0.270,0.033,0.075,0.023,3,149.9171250,-20.7875278
g0959497-025239,1,0.825,0.084,-0.076,0.090,0.240,0.050,0.150,0.055,0,149.9569583,-2.8773889
g0959594-011531,1,0.925,0.102,0.002,0.121,0.210,0.062,0.200,0.075,3,149.9973333,-1.2587222
g1000023-010344,1,0.400,0.069,-0.553,0.130,0.560,0.084,-0.025,0.066,3,150.0095417,-1.0622500
g1000034-400007,1,0.925,0.113,-0.170,0.099,0.180,0.069,0.000,0.070,5,150.0141250,-40.0019167
g1000045-121402,1,0.475,0.125,0.312,0.155,0.120,0.068,0.425,0.137,6,150.0186250,-12.2338889
g1000103-193719,1,0.875,0.068,0.105,0.054,0.180,0.029,0.275,0.038,2,150.0428750,-19.6218056
g1000105-310656,1,1.075,0.032,-0.233,0.049,0.380,0.038,0.125,0.026,1,150.0437917,-31.1154444
g1000110-025834,1,0.450,0.076,0.093,0.090,0.060,0.056,0.150,0.072,1,150.0457917,-2.9761944
g1000237-393946,1,1.075,0.026,-0.266,0.085,0.150,0.073,-0.125,0.040,4,150.0989167,-39.6626667
g1000243-145036,1,0.575,0.081,0.234,0.095,0.150,0.049,0.375,0.061,6,150.1011667,-14.8434167
g1000270-025650,1,1.000,0.070,-0.076,0.077,0.240,0.051,0.150,0.049,3,150.1122917,-2.9472500
g1000307-020941,1,1.075,0.031,0.028,0.057,-0.030,0.049,0.000,0.034,4,150.1279583,-2.1612778
g1000330-380841,1,0.650,0.155,0.155,0.139,0.340,0.049,0.475,0.112,2,150.1373333,-38.1446667
g1000387-074154,1,1.075,0.040,-0.216,0.066,0.150,0.052,-0.075,0.034,4,150.1612917,-7.6983611
g1000440-381155,1,0.875,0.118,0.040,0.124,0.090,0.069,0.125,0.082,5,150.1832917,-38.1986389
g1000474-030045,1,0.900,0.098,-0.028,0.097,0.030,0.053,0.000,0.061,2,150.1976667,-3.0124167
g1001020-152148,1,0.375,0.078,-0.204,0.137,0.270,0.073,0.050,0.083,5,150.2585000,-15.3632222
g1001169-180237,2,0.200,0.101,-0.338,0.317,0.120,0.174,-0.225,0.216,10,150.3204167,-18.0435000
g1001192-403656,1,0.825,0.109,0.045,0.122,-0.180,0.092,-0.125,0.062,5,150.3301250,-40.6154167
g1001312-151024,1,0.750,0.161,-0.483,0.192,0.300,0.120,-0.200,0.097,9,150.3801250,-15.1734167
g1001384-063319,1,0.600,0.069,0.143,0.077,0.060,0.037,0.200,0.057,1,150.4100417,-6.5551667
g1001529-000731,1,0.850,0.103,0.084,0.093,0.150,0.049,0.225,0.067,4,150.4705833,-0.1251944
g1002058-151754,1,0.800,0.108,0.004,0.079,0.420,0.032,0.400,0.058,7,150.5241250,-15.2983611
g1002077-060457,1,0.950,0.085,0.047,0.096,0.030,0.058,0.075,0.063,3,150.5320417,-6.0824444
g1002463-153200,1,0.525,0.129,0.028,0.156,-0.030,0.077,0.000,0.102,2,150.6927917,-15.5333611
g1003029-090446,1,0.800,0.132,-0.043,0.123,-0.060,0.073,-0.100,0.076,5,150.7621667,-9.0794167
g1003031-115757,1,1.000,0.076,-0.220,0.086,0.180,0.055,-0.050,0.051,4,150.7629167,-11.9658889
g1003040-151000,1,0.425,0.061,-0.101,0.090,0.320,0.049,0.200,0.052,4,150.7665417,-15.1667222
g1003040-372550,1,0.775,0.106,0.065,0.088,0.090,0.043,0.150,0.063,2,150.7665417,-37.4305000
g1003071-152834,1,1.075,0.007,-0.179,0.039,0.270,0.032,0.075,0.020,4,150.7795417,-15.4761111
g1003072-072330,1,0.525,0.128,0.142,0.160,0.300,0.057,0.425,0.127,4,150.7800417,-7.3915556
g1003201-074819,1,1.100,0.078,-0.339,0.122,0.360,0.092,0.000,0.057,9,150.8336667,-7.8053611
g1003250-155760,1,0.325,0.071,0.009,0.119,0.150,0.060,0.150,0.073,7,150.8542500,-15.9666111
g1003252-821225,1,0.250,0.073,0.149,0.185,0.240,0.072,0.375,0.154,2,150.8550833,-82.2068611
g1003287-153005,1,1.100,0.033,-0.095,0.072,0.180,0.059,0.075,0.030,4,150.8693750,-15.5012500
g1003324-152760,1,0.525,0.108,0.015,0.127,0.090,0.073,0.100,0.086,10,150.8850000,-15.4665556
g1003348-155801,2,0.725,0.107,-0.057,0.114,0.060,0.071,0.000,0.073,5,150.8950833,-15.9668056
g1003540-145044,1,1.175,0.018,-0.113,0.062,0.120,0.041,0.000,0.052,10,150.9749167,-14.8454722
g1004170-150535,1,0.825,0.115,0.034,0.142,0.150,0.076,0.175,0.085,5,151.0708750,-15.0929722
g1004239-054044,1,0.725,0.094,0.055,0.103,0.180,0.044,0.225,0.073,4,151.0996250,-5.6788333
g1004344-142156,1,0.425,0.097,0.138,0.139,-0.120,0.081,0.025,0.088,7,151.1431667,-14.3655833
g1004368-161536,1,0.800,0.095,0.062,0.079,0.120,0.044,0.175,0.052,8,151.1533750,-16.2599444
g1004385-092023,1,1.175,0.042,-0.577,0.081,0.480,0.063,-0.125,0.037,5,151.1604167,-9.3398333
g1004398-144552,1,0.650,0.116,0.257,0.127,-0.060,0.048,0.200,0.096,7,151.1660000,-14.7645556
g1005121-063758,1,1.025,0.032,-0.195,0.056,0.180,0.046,-0.025,0.030,2,151.3003750,-6.6326389
g1005128-130639,1,0.075,0.060,0.152,0.163,0.210,0.066,0.350,0.143,2,151.3035000,-13.1108333
g1005254-421453,1,0.950,0.095,0.015,0.087,0.090,0.060,0.100,0.052,4,151.3558750,-42.2479722
g1005292-060719,1,0.300,0.099,0.548,0.170,-0.210,0.064,0.350,0.143,8,151.3717083,-6.1218611
g1005321-685256,1,0.875,0.107,-0.279,0.111,0.270,0.070,-0.025,0.063,3,151.3838333,-68.8821944
g1006063-062849,1,0.750,0.146,0.134,0.157,0.150,0.070,0.275,0.109,3,151.5263333,-6.4801667
g1006100-394437,1,0.950,0.055,-0.026,0.069,0.320,0.037,0.275,0.045,3,151.5415417,-39.7435556
g1006158-392750,1,0.925,0.119,-0.398,0.152,0.210,0.106,-0.200,0.075,3,151.5657500,-39.4639444
g1006290-062221,1,0.725,0.112,-0.083,0.126,0.300,0.062,0.200,0.083,1,151.6210000,-6.3725556
g1006345-220460,1,0.475,0.109,0.152,0.172,0.210,0.081,0.350,0.131,10,151.6439167,-22.0832222
g1006347-194716,2,1.000,0.066,-0.233,0.092,0.300,0.071,0.050,0.053,4,151.6444583,-19.7876389
g1006397-124336,1,0.275,0.079,0.532,0.144,-0.060,0.076,0.475,0.133,3,151.6652500,-12.7266389
g1006415-410706,1,0.825,0.084,-0.120,0.078,0.180,0.047,0.050,0.045,2,151.6729167,-41.1181944
g1006521-141805,1,1.175,0.037,-0.329,0.072,0.270,0.065,-0.075,0.035,4,151.7170000,-14.3013333
g1006535-154302,2,0.425,0.074,0.209,0.089,0.150,0.042,0.350,0.069,3,151.7228750,-15.7173333
g1006593-093726,1,0.250,0.044,0.029,0.147,0.420,0.055,0.425,0.114,5,151.7468750,-9.6239444
g1007005-141610,1,0.175,0.066,0.222,0.157,0.030,0.071,0.250,0.137,5,151.7521250,-14.2695000
g1007053-055259,1,1.175,0.006,-0.295,0.066,0.180,0.055,-0.125,0.031,6,151.7721667,-5.8831667
g1007380-160453,1,1.150,0.025,-0.251,0.094,0.320,0.066,0.050,0.046,6,151.9085000,-16.0815000
g1008187-201008,1,0.825,0.065,-0.126,0.070,0.240,0.044,0.100,0.045,3,152.0777500,-20.1689167
g1008276-145232,1,0.225,0.033,0.280,0.117,0.180,0.039,0.450,0.114,4,152.1149583,-14.8755556
g1008282-130803,1,1.075,0.072,-0.051,0.080,0.240,0.056,0.175,0.049,7,152.1172917,-13.1340556
g1008401-400537,1,0.400,0.103,0.062,0.121,0.120,0.071,0.175,0.082,8,152.1669167,-40.0935278
g1008504-042760,1,0.875,0.129,0.063,0.124,-0.120,0.079,-0.050,0.079,7,152.2100417,-4.4665556
g1008582-105423,1,0.525,0.095,0.015,0.132,0.090,0.072,0.100,0.088,6,152.2425000,-10.9064444
g1009033-111360,1,0.950,0.074,-0.178,0.082,0.030,0.055,-0.150,0.048,8,152.2637083,-11.2332500
g1009120-424055,1,0.975,0.083,-0.258,0.100,0.380,0.062,0.100,0.059,4,152.2999583,-42.6820000
g1009138-145309,1,0.425,0.087,0.262,0.125,0.120,0.053,0.375,0.104,5,152.3075833,-14.8857500
g1009199-163912,1,0.975,0.068,-0.308,0.079,0.460,0.051,0.125,0.047,5,152.3328333,-16.6533889
g1009278-163741,1,0.500,0.088,0.159,0.106,0.150,0.049,0.300,0.075,5,152.3659167,-16.6281667
g1009448-434653,1,1.175,0.027,-0.239,0.104,0.360,0.076,0.100,0.044,6,152.4365833,-43.7814722
g1009486-403352,1,0.475,0.150,0.310,0.181,-0.090,0.074,0.225,0.141,4,152.4526667,-40.5643333
g1009588-071717,1,0.900,0.084,-0.060,0.083,0.090,0.053,0.025,0.050,1,152.4951250,-7.2881389
g1010052-114641,1,1.175,0.007,-0.364,0.060,0.360,0.049,-0.025,0.026,7,152.5217500,-11.7781389
g1010085-023353,1,0.900,0.140,-0.076,0.160,0.320,0.070,0.225,0.115,3,152.5355833,-2.5647222
g1010126-055731,1,1.050,0.026,0.002,0.062,0.210,0.046,0.200,0.032,6,152.5526667,-5.9585000
g1010456-204344,1,0.650,0.127,0.184,0.129,0.150,0.057,0.325,0.100,2,152.6898750,-20.7290000
g1010461-345041,1,1.175,0.000,-0.133,0.043,0.300,0.034,0.150,0.020,6,152.6922500,-34.8446944
g1010517-074736,1,0.450,0.095,-0.303,0.155,0.560,0.076,0.225,0.100,8,152.7155833,-7.7934444
g1010517-230932,1,0.475,0.099,0.291,0.145,-0.150,0.068,0.150,0.102,8,152.7155000,-23.1588889
g1010580-003010,1,0.450,0.086,0.255,0.113,0.180,0.049,0.425,0.088,7,152.7416250,-0.5028333
g1011347-423442,1,0.675,0.127,0.112,0.157,0.120,0.071,0.225,0.108,3,152.8946250,-42.5783611
g1012108-023936,1,0.975,0.102,-0.285,0.124,0.090,0.089,-0.200,0.062,4,153.0451250,-2.6600278
g1012118-023302,1,0.375,0.097,-0.496,0.202,0.420,0.129,-0.100,0.098,6,153.0492500,-2.5506111
g1012147-071248,1,0.950,0.069,-0.148,0.082,0.210,0.048,0.050,0.055,3,153.0612917,-7.2134167
g1012164-055405,1,0.350,0.050,-0.154,0.098,0.270,0.059,0.100,0.057,4,153.0682500,-5.9012778
g1013001-172251,2,1.100,0.037,-0.429,0.077,0.270,0.061,-0.175,0.036,6,153.2504583,-17.3808889
g1013007-181303,1,0.225,0.072,0.153,0.211,-0.030,0.123,0.125,0.128,6,153.2530000,-18.2173611
g1013008-023941,1,0.825,0.120,-0.029,0.111,0.270,0.055,0.225,0.072,8,153.2533750,-2.6612778
g1013169-060145,1,0.500,0.079,-0.301,0.111,0.240,0.067,-0.075,0.062,3,153.3205833,-6.0291111
g1013181-023431,1,1.175,0.025,-0.558,0.056,0.460,0.047,-0.125,0.028,7,153.3252917,-2.5753611
g1013214-165225,1,0.225,0.083,0.280,0.170,0.180,0.066,0.450,0.158,7,153.3389583,-16.8735000
g1013217-080715,1,0.475,0.060,0.293,0.078,0.060,0.042,0.350,0.051,4,153.3403333,-8.1208333
g1013343-390108,1,0.975,0.060,-0.176,0.082,0.320,0.055,0.125,0.045,2,153.3929167,-39.0188333
g1013383-005532,1,1.050,0.042,-0.026,0.057,0.320,0.039,0.275,0.033,6,153.4095417,-0.9254722
g1013404-350632,1,0.075,0.054,0.359,0.139,0.150,0.063,0.500,0.145,5,153.4181250,-35.1088056
g1013429-345145,1,0.900,0.092,-0.229,0.091,0.270,0.056,0.025,0.053,8,153.4287500,-34.8625556
g1013557-005310,1,0.800,0.111,-0.204,0.132,0.270,0.077,0.050,0.079,8,153.4819583,-0.8862222
g1014185-110642,1,0.250,0.042,0.218,0.114,0.060,0.053,0.275,0.078,4,153.5768750,-11.1116944
g1014257-005219,1,1.050,0.035,0.077,0.057,0.210,0.045,0.275,0.031,4,153.6070417,-0.8718611
g1014268-172602,1,0.675,0.117,-0.421,0.134,0.500,0.080,0.050,0.069,10,153.6115000,-17.4337778
g1014357-020248,1,0.475,0.122,0.302,0.167,0.210,0.056,0.500,0.140,5,153.6489167,-2.0465278
g1014357-110823,1,0.425,0.079,0.188,0.143,-0.120,0.080,0.075,0.082,4,153.6487500,-11.1397778
g1014537-230303,1,0.600,0.088,-0.073,0.110,0.210,0.061,0.125,0.067,5,153.7237917,-23.0506944
g1015269-130618,1,0.625,0.072,0.253,0.085,-0.030,0.049,0.225,0.071,2,153.8620833,-13.1050000
g1015368-203850,1,1.175,0.006,-0.251,0.055,0.240,0.043,-0.025,0.029,4,153.9035000,-20.6473056
g1015541-165503,2,0.550,0.093,0.096,0.114,0.270,0.047,0.350,0.081,3,153.9752500,-16.9174722
g1015559-172501,2,1.175,0.008,-0.371,0.080,0.500,0.059,0.100,0.035,4,153.9827917,-17.4169444
g1016205-430449,1,0.325,0.105,0.415,0.175,0.090,0.056,0.500,0.157,4,154.0852917,-43.0802500
g1016236-433658,1,1.000,0.071,-0.145,0.080,0.340,0.049,0.175,0.050,7,154.0985000,-43.6160556
g1016344-171549,2,0.425,0.084,0.359,0.124,0.150,0.042,0.500,0.105,4,154.1432083,-17.2634722
g1016518-170915,2,0.500,0.140,-0.126,0.176,0.320,0.096,0.175,0.111,4,154.2156667,-17.1541667
g1016547-094657,1,1.175,0.007,-0.101,0.053,0.240,0.042,0.125,0.029,3,154.2280833,-9.7823611
g1017123-121539,1,0.600,0.109,-0.148,0.136,0.210,0.091,0.050,0.094,9,154.3012917,-12.2608333
g1017155-075350,1,1.050,0.085,-0.054,0.085,0.270,0.057,0.200,0.059,6,154.3147500,-7.8973056
g1017181-281447,1,0.875,0.127,0.245,0.102,-0.180,0.060,0.075,0.077,10,154.3253750,-28.2464167
g1017249-055413,1,0.050,0.087,0.482,0.203,-0.060,0.078,0.425,0.177,5,154.3537917,-5.9035833
g1017401-130448,1,0.575,0.103,-0.070,0.114,0.180,0.062,0.100,0.076,5,154.4171667,-13.0800833
g1017490-072423,1,0.650,0.102,-0.126,0.130,0.320,0.073,0.175,0.080,6,154.4542500,-7.4062500
g1017538-003653,1,1.050,0.039,-0.110,0.062,0.090,0.052,-0.025,0.035,3,154.4740833,-0.6148056
g1017590-344813,1,0.200,0.078,0.548,0.169,-0.210,0.070,0.350,0.131,10,154.4956250,-34.8035833
g1018080-040903,1,1.025,0.024,-0.121,0.052,0.420,0.036,0.275,0.030,4,154.5332500,-4.1508333
g1018173-181431,1,0.375,0.094,0.074,0.146,0.240,0.063,0.300,0.118,10,154.5719583,-18.2418611
g1018180-104646,1,0.900,0.084,-0.051,0.075,0.240,0.039,0.175,0.052,4,154.5751250,-10.7793611
g1018297-184530,1,0.975,0.068,-0.091,0.081,0.150,0.047,0.050,0.049,7,154.6235833,-18.7583611
g1018325-005932,1,1.125,0.023,-0.095,0.074,0.180,0.052,0.075,0.037,10,154.6354583,-0.9923056
g1018366-175857,1,1.125,0.005,-0.278,0.042,0.030,0.047,-0.250,0.024,7,154.6522917,-17.9825278
g1018382-181950,1,0.675,0.145,0.202,0.128,0.210,0.055,0.400,0.098,6,154.6592083,-18.3305278
g1018397-181345,1,1.175,0.008,-0.420,0.076,0.340,0.065,-0.100,0.032,5,154.6655417,-18.2290833
g1018422-181342,2,0.550,0.106,0.117,0.114,0.380,0.042,0.475,0.094,5,154.6758750,-18.2283889
g1018435-281718,1,0.300,0.070,0.134,0.122,0.150,0.057,0.275,0.088,3,154.6814167,-28.2883056
g1018442-364115,1,1.175,0.000,-0.552,0.050,0.400,0.041,-0.175,0.021,4,154.6841250,-36.6875000
g1019030-131405,1,0.550,0.098,-0.752,0.161,0.400,0.091,-0.375,0.102,5,154.7623333,-13.2348056
g1019153-032351,1,0.525,0.106,-0.026,0.145,0.320,0.078,0.275,0.090,7,154.8135833,-3.3973889
g1019179-715646,1,0.800,0.075,-0.066,0.099,0.150,0.074,0.075,0.052,6,154.8245000,-71.9460833
g1019281-175719,1,1.175,0.023,-0.670,0.058,0.340,0.048,-0.350,0.031,4,154.8670833,-17.9551944
g1019375-085652,1,1.075,0.019,-0.502,0.073,0.400,0.061,-0.125,0.034,2,154.9060833,-8.9476389
g1019443-733458,1,0.950,0.082,-0.470,0.138,0.180,0.101,-0.300,0.074,7,154.9345833,-73.5827778
g1019494-195719,1,0.500,0.082,-0.091,0.098,0.150,0.049,0.050,0.063,4,154.9558333,-19.9553611
g1019532-050301,1,0.975,0.106,-0.371,0.133,0.420,0.089,0.025,0.066,4,154.9714583,-5.0501667
g1019542-050314,1,0.575,0.166,-0.502,0.263,0.480,0.128,-0.050,0.161,10,154.9758333,-5.0537500
g1019593-113643,1,0.575,0.088,0.178,0.108,-0.030,0.060,0.150,0.070,5,154.9972083,-11.6118333
g1020024-213107,1,0.950,0.062,-0.116,0.066,0.150,0.039,0.025,0.040,2,155.0101667,-21.5185556
g1020074-105233,1,0.325,0.066,0.155,0.107,0.180,0.060,0.325,0.095,5,155.0308333,-10.8757500
g1020080-214143,1,0.950,0.050,-0.151,0.056,0.240,0.033,0.075,0.037,4,155.0335000,-21.6952778
g1020104-085429,1,1.050,0.036,-0.057,0.069,0.060,0.061,0.000,0.046,6,155.0431250,-8.9081389
g1020110-075054,1,0.925,0.090,0.005,0.105,0.180,0.074,0.175,0.066,6,155.0457917,-7.8481944
g1020209-080320,1,0.300,0.113,0.633,0.125,-0.300,0.040,0.350,0.109,10,155.0868750,-8.0554444
g1020233-045909,1,0.950,0.142,0.433,0.121,-0.300,0.041,0.150,0.107,6,155.0970000,-4.9858889
g1020245-402407,1,1.050,0.041,-0.064,0.060,0.360,0.041,0.275,0.032,2,155.1019167,-40.4020556
g1020353-043705,1,0.400,0.125,-0.021,0.193,0.500,0.065,0.450,0.149,7,155.1469167,-4.6180833
g1020355-074437,1,0.950,0.114,0.109,0.106,0.150,0.049,0.250,0.075,7,155.1479167,-7.7435000
g1020436-043354,1,0.525,0.090,-0.026,0.112,0.240,0.059,0.200,0.076,5,155.1817917,-4.5650556
g1020438-063157,1,0.675,0.114,0.287,0.119,0.120,0.063,0.400,0.086,7,155.1823333,-6.5326111
g1020473-044415,1,0.600,0.114,0.180,0.123,0.180,0.053,0.350,0.099,4,155.1968750,-4.7375556
g1020484-104349,1,0.400,0.094,-0.277,0.187,0.480,0.107,0.175,0.097,9,155.2017917,-10.7301944
g1020492-093511,1,1.075,0.031,-0.145,0.059,0.180,0.051,0.025,0.031,5,155.2049167,-9.5862500
g1021003-102909,1,1.075,0.096,0.030,0.086,0.340,0.055,0.350,0.068,6,155.2512083,-10.4857500
g1021351-341601,1,0.850,0.055,0.062,0.050,0.120,0.031,0.175,0.033,1,155.3961667,-34.2668056
g1021377-041847,1,0.600,0.126,0.121,0.151,0.270,0.064,0.375,0.114,5,155.4069167,-4.3129167
g1021419-112858,1,0.425,0.113,0.283,0.141,-0.300,0.078,0.000,0.118,7,155.4244167,-11.4827500
g1021516-072041,1,1.050,0.096,-0.622,0.130,0.740,0.084,0.075,0.065,10,155.4648750,-7.3446667
g1021559-045325,1,0.450,0.080,0.390,0.096,0.090,0.040,0.475,0.083,3,155.4827917,-4.8902778
g1022071-113505,1,1.100,0.008,-0.158,0.057,0.300,0.043,0.125,0.026,6,155.5294583,-11.5845833
g1022087-050426,1,1.000,0.073,0.149,0.076,0.240,0.046,0.375,0.048,2,155.5364167,-5.0738333
g1022135-084206,1,0.625,0.154,0.099,0.155,0.240,0.061,0.325,0.123,4,155.5564167,-8.7015833
g1022200-802624,1,0.650,0.178,-0.021,0.199,0.420,0.082,0.375,0.151,6,155.5833750,-80.4400278
g1022277-034406,1,0.625,0.097,-0.791,0.154,0.680,0.104,-0.150,0.066,8,155.6154583,-3.7351111
g1022359-042826,1,0.975,0.099,-0.132,0.113,0.060,0.069,-0.075,0.066,5,155.6495833,-4.4737500
g1022361-033712,1,0.725,0.082,-0.421,0.093,0.500,0.061,0.050,0.046,6,155.6505833,-3.6200278
g1023039-033715,1,1.050,0.022,-0.277,0.051,0.400,0.041,0.100,0.026,4,155.7660833,-3.6209444
g1023503-085339,1,0.575,0.134,0.143,0.173,0.060,0.063,0.200,0.144,8,155.9596667,-8.8941944
g1023537-171736,1,1.150,0.063,-0.498,0.110,0.210,0.077,-0.300,0.050,8,155.9738750,-17.2934167
g1024020-192122,1,0.375,0.066,-0.179,0.120,0.270,0.073,0.075,0.075,9,156.0083333,-19.3560000
g1024146-042304,1,0.575,0.092,-0.608,0.197,0.460,0.148,-0.175,0.071,6,156.0607917,-4.3843056
g1024251-043654,1,0.600,0.112,-0.603,0.168,0.560,0.108,-0.075,0.080,6,156.1044583,-4.6150000
g1024325-361620,1,0.425,0.078,0.178,0.127,-0.030,0.067,0.150,0.079,4,156.1352083,-36.2722778
g1024570-172604,1,0.725,0.106,-0.101,0.132,0.240,0.067,0.125,0.080,5,156.2375000,-17.4344444
g1024591-172536,1,0.300,0.037,-0.041,0.102,0.150,0.070,0.100,0.052,6,156.2462083,-17.4266111
g1025067-692049,1,0.450,0.101,-0.314,0.146,0.360,0.085,0.025,0.079,3,156.2779167,-69.3468611
g1026082-201407,1,0.175,0.051,0.312,0.131,0.120,0.046,0.425,0.136,6,156.5340000,-20.2352778
g1026138-145752,1,0.475,0.089,-0.120,0.116,0.340,0.057,0.200,0.079,5,156.5576667,-14.9643611
g1026215-023720,1,0.950,0.055,-0.170,0.066,0.340,0.044,0.150,0.035,4,156.5894167,-2.6221667
g1026286-035457,1,0.550,0.085,-0.076,0.102,0.320,0.053,0.225,0.070,6,156.6192917,-3.9156944
g1026422-020711,1,0.675,0.163,0.557,0.144,-0.060,0.073,0.500,0.094,10,156.6760000,-2.1197222
g1027225-092504,1,1.175,0.007,-0.546,0.060,0.500,0.048,-0.075,0.032,7,156.8436250,-9.4176389
g1027311-011929,1,1.175,0.022,-0.216,0.070,0.150,0.056,-0.075,0.033,6,156.8795000,-1.3248333
g1027338-034110,1,0.475,0.083,-0.133,0.106,0.380,0.059,0.225,0.063,6,156.8907083,-3.6860278
g1027355-030319,1,0.500,0.087,0.387,0.112,0.120,0.048,0.500,0.088,6,156.8977083,-3.0551944
g1028056-034422,1,0.850,0.091,-0.596,0.111,0.500,0.072,-0.125,0.055,5,157.0232083,-3.7395556
g1028240-353147,1,1.175,0.033,-0.776,0.078,0.320,0.064,-0.475,0.042,7,157.0998750,-35.5296667
g1028465-421955,1,1.000,0.047,-0.276,0.083,0.240,0.063,-0.050,0.041,3,157.1936667,-42.3319722
g1029301-034537,1,1.100,0.007,-0.371,0.047,0.500,0.039,0.100,0.021,3,157.3752083,-3.7602222
g1029410-211115,1,1.175,0.021,-0.045,0.080,0.180,0.077,0.125,0.044,5,157.4209583,-21.1876111
g1029484-352508,1,1.075,0.016,-0.113,0.046,0.120,0.042,0.000,0.026,2,157.4516667,-35.4188056
g1029571-351328,1,0.925,0.061,-0.148,0.066,0.210,0.035,0.050,0.044,3,157.4877500,-35.2243889
g1030027-145907,1,1.175,0.078,-0.664,0.132,0.440,0.096,-0.250,0.057,10,157.5110833,-14.9852222
g1030164-031434,1,1.050,0.036,-0.727,0.101,0.480,0.085,-0.275,0.041,7,157.5683750,-3.2426389
g1030273-103821,1,0.475,0.072,0.030,0.103,0.180,0.082,0.200,0.074,8,157.6137917,-10.6390556
g1030292-353638,1,1.025,0.018,-0.054,0.036,0.270,0.030,0.200,0.020,5,157.6215417,-35.6106389
g1030459-693629,1,0.250,0.090,0.460,0.184,-0.090,0.080,0.375,0.153,4,157.6910833,-69.6081389
g1031223-033317,1,0.775,0.136,-0.675,0.130,0.770,0.063,0.050,0.086,7,157.8427083,-3.5547222
g1031477-024159,1,0.825,0.100,-0.170,0.115,0.180,0.067,0.000,0.063,6,157.9485833,-2.6998056
g1031482-360154,1,0.550,0.090,0.045,0.105,-0.180,0.061,-0.125,0.068,2,157.9507500,-36.0317778
g1032019-123145,1,0.625,0.119,-0.107,0.125,0.060,0.082,-0.050,0.077,5,158.0077083,-12.5291111
g1032123-091420,1,0.800,0.074,0.093,0.062,0.060,0.037,0.150,0.045,2,158.0513333,-9.2389722
g1032128-012936,1,0.525,0.093,-0.101,0.129,0.240,0.058,0.125,0.085,6,158.0532083,-1.4934167
g1032166-050221,1,1.175,0.007,0.265,0.043,0.090,0.036,0.350,0.016,7,158.0691667,-5.0390278
g1032438-123814,1,1.000,0.053,-0.079,0.085,0.270,0.055,0.175,0.049,6,158.1825833,-12.6372222
g1032538-063026,1,0.550,0.067,0.309,0.068,0.150,0.030,0.450,0.052,0,158.2242500,-6.5073056
g1033117-124018,1,0.475,0.084,0.228,0.108,-0.030,0.064,0.200,0.069,6,158.2989167,-12.6717778
g1033301-265351,1,1.025,0.047,-0.226,0.061,0.240,0.047,0.000,0.029,6,158.3752083,-26.8975278
g1033331-095245,1,0.875,0.120,-0.035,0.160,0.090,0.119,0.050,0.081,9,158.3880833,-9.8790278
g1033358-272716,1,1.075,0.037,-0.329,0.067,0.270,0.047,-0.075,0.038,5,158.3993333,-27.4544444
g1033571-081433,1,1.025,0.044,-0.195,0.060,0.180,0.044,-0.025,0.031,3,158.4877500,-8.2426111
g1034357-283405,1,0.400,0.081,0.077,0.122,0.210,0.052,0.275,0.101,8,158.6486250,-28.5681111
g1034524-100010,1,1.175,0.031,0.160,0.095,-0.090,0.068,0.075,0.047,8,158.7182083,-10.0026944
g1035146-074053,1,0.650,0.104,-0.070,0.111,0.180,0.057,0.100,0.075,4,158.8106667,-7.6812778
g1035223-814442,1,0.350,0.122,-0.146,0.194,0.420,0.092,0.250,0.152,7,158.8427500,-81.7450000
g1035353-424422,1,0.600,0.124,-0.445,0.213,0.180,0.134,-0.275,0.104,5,158.8968750,-42.7393056
g1035485-435426,1,0.625,0.100,-0.038,0.114,0.120,0.057,0.075,0.074,3,158.9518750,-43.9070833
g1036104-432245,1,1.175,0.008,-0.107,0.050,0.060,0.039,-0.050,0.030,6,159.0433750,-43.3792778
g1036118-270944,1,0.625,0.086,0.171,0.072,0.270,0.031,0.425,0.053,6,159.0492500,-27.1622222
g1036152-082002,1,0.950,0.069,-0.048,0.071,0.210,0.038,0.150,0.047,2,159.0632500,-8.3339444
g1036160-124332,1,0.400,0.143,0.334,0.191,0.150,0.064,0.475,0.154,6,159.0665000,-12.7256111
g1036325-280349,1,1.175,0.022,-0.354,0.069,0.270,0.059,-0.100,0.034,2,159.1355417,-28.0636667
g1036347-281252,1,0.775,0.106,-0.053,0.101,0.030,0.067,-0.025,0.060,3,159.1445833,-28.2145556
g1036428-273140,1,0.975,0.049,-0.146,0.070,0.420,0.040,0.250,0.044,3,159.1783333,-27.5278889
g1036453-111654,1,1.175,0.032,0.046,0.047,0.270,0.043,0.300,0.040,10,159.1888750,-11.2815278
g1036546-173709,1,0.975,0.117,-0.075,0.138,0.000,0.082,-0.075,0.080,8,159.2275417,-17.6191111
g1036551-171821,1,1.150,0.032,-0.526,0.088,0.320,0.071,-0.225,0.034,10,159.2295833,-17.3058611
g1036578-173945,1,0.900,0.087,-0.154,0.085,0.270,0.054,0.100,0.053,3,159.2406667,-17.6624444
g1037060-074620,1,0.275,0.058,0.528,0.129,-0.030,0.044,0.500,0.118,8,159.2748750,-7.7721667
g1037109-093641,1,1.000,0.043,-0.633,0.069,0.460,0.052,-0.200,0.029,6,159.2955000,-9.6113333
g1037163-112730,1,0.825,0.127,-0.020,0.114,0.340,0.057,0.300,0.080,7,159.3177500,-11.4583056
g1037327-432208,1,1.025,0.068,-0.178,0.084,0.030,0.065,-0.150,0.041,2,159.3862917,-43.3690000
g1037361-072615,1,0.525,0.083,0.080,0.119,0.180,0.060,0.250,0.075,4,159.4005417,-7.4374722
g1037373-273539,1,0.700,0.076,-0.098,0.089,0.210,0.055,0.100,0.049,4,159.4054583,-27.5940833
g1037404-064449,1,0.675,0.088,0.040,0.117,0.090,0.065,0.125,0.072,4,159.4183333,-6.7469722
g1037513-463610,1,0.625,0.099,-0.299,0.147,0.530,0.078,0.200,0.083,6,159.4635833,-46.6026389
g1037544-071220,1,0.650,0.086,-0.164,0.111,0.360,0.062,0.175,0.068,6,159.4764583,-7.2054722
g1038234-164556,1,1.125,0.026,-0.104,0.051,0.270,0.036,0.150,0.035,3,159.5975417,-16.7655556
g1038242-465512,1,0.675,0.103,-0.170,0.144,0.340,0.080,0.150,0.079,5,159.6008750,-46.9200000
g1038335-081125,1,0.575,0.079,-0.349,0.133,0.530,0.080,0.150,0.069,4,159.6395833,-8.1901944
g1038589-070308,1,0.925,0.081,-0.029,0.097,0.270,0.050,0.225,0.059,7,159.7454167,-7.0522500
g1039016-414201,1,0.750,0.136,-0.064,0.133,0.360,0.061,0.275,0.094,5,159.7568333,-41.7002778
g1039115-164911,1,1.075,0.051,-0.098,0.090,0.210,0.058,0.100,0.046,7,159.7979583,-16.8196111
g1039370-103219,1,0.375,0.067,0.390,0.088,0.090,0.042,0.475,0.072,4,159.9041667,-10.5385556
g1039542-430746,1,0.525,0.100,0.378,0.108,-0.030,0.049,0.350,0.074,8,159.9756667,-43.1295556
g1040146-461942,1,0.925,0.062,0.159,0.063,0.150,0.034,0.300,0.045,4,160.0606667,-46.3284444
g1040332-461127,1,0.700,0.084,0.152,0.082,0.210,0.039,0.350,0.056,4,160.1382500,-46.1909444
g1040428-084713,1,1.100,0.027,0.000,0.062,0.000,0.042,0.000,0.039,8,160.1784583,-8.7870000
g1040503-275758,1,1.050,0.032,-0.223,0.077,0.210,0.064,-0.025,0.032,4,160.2095833,-27.9660000
g1040551-795911,1,1.175,0.021,0.022,0.064,0.030,0.047,0.050,0.044,5,160.2297083,-79.9865000
g1041018-112634,1,0.775,0.157,0.337,0.123,0.120,0.047,0.450,0.092,6,160.2575833,-11.4428889
g1041117-011434,1,1.150,0.025,-0.496,0.071,0.420,0.054,-0.100,0.030,7,160.2985833,-1.2426389
g1041131-024811,1,0.700,0.067,-0.151,0.081,0.240,0.045,0.075,0.049,5,160.3045417,-2.8029167
g1041171-175145,1,0.750,0.078,-0.098,0.093,0.210,0.050,0.100,0.057,4,160.3210417,-17.8624444
g1041211-171427,1,0.700,0.099,-0.048,0.113,0.210,0.066,0.150,0.068,4,160.3379583,-17.2408333
g1041409-171326,1,0.850,0.166,0.197,0.150,0.030,0.066,0.225,0.110,8,160.4203750,-17.2239444
g1042215-112447,2,0.650,0.120,-0.252,0.155,0.480,0.078,0.200,0.092,10,160.5895000,-11.4131667
g1042252-445309,1,0.575,0.096,-0.182,0.117,0.060,0.055,-0.125,0.074,3,160.6049583,-44.8858611
g1042263-174846,1,0.350,0.077,0.049,0.134,0.320,0.047,0.350,0.112,4,160.6094167,-17.8128611
g1042378-454756,1,0.900,0.100,-0.151,0.109,0.240,0.075,0.075,0.067,8,160.6572917,-45.7990000
g1042489-175000,1,1.150,0.076,-0.370,0.120,0.180,0.088,-0.200,0.060,6,160.7037500,-17.8333333
g1042592-105456,1,0.775,0.104,-0.223,0.122,0.210,0.083,-0.025,0.063,7,160.7466667,-10.9156389
g1043098-122005,1,0.950,0.106,-0.091,0.114,0.150,0.085,0.050,0.066,6,160.7910000,-12.3348056
g1043401-441325,1,0.775,0.089,-0.066,0.102,0.150,0.054,0.075,0.066,5,160.9170417,-44.2235833
g1043487-023140,1,0.500,0.096,-0.054,0.142,0.270,0.066,0.200,0.092,4,160.9530417,-2.5278333
g1044005-085148,1,1.100,0.023,-0.245,0.059,0.340,0.046,0.075,0.029,5,161.0018750,-8.8632222
g1044039-472008,1,0.250,0.123,0.283,0.244,-0.300,0.104,0.000,0.189,10,161.0163750,-47.3355000
g1044162-111433,1,0.400,0.075,0.212,0.095,0.120,0.045,0.325,0.069,6,161.0673750,-11.2425556
g1044259-252237,1,1.050,0.029,-0.091,0.057,0.150,0.044,0.050,0.029,2,161.1080000,-25.3770000
g1044269-085401,1,1.150,0.000,0.037,0.046,0.120,0.040,0.150,0.021,4,161.1120417,-8.9001667
g1044307-141852,1,1.175,0.000,-0.208,0.048,0.300,0.042,0.075,0.024,4,161.1279167,-14.3145556
g1044498-160728,1,1.075,0.024,-0.148,0.055,0.210,0.043,0.050,0.041,0,161.2073750,-16.1245000
g1044510-465401,1,0.875,0.120,0.146,0.091,0.270,0.055,0.400,0.058,4,161.2122917,-46.9002222
g1044597-462615,1,1.175,0.020,-0.707,0.086,0.400,0.069,-0.330,0.033,6,161.2486667,-46.4374167
g1045259-161917,1,0.375,0.088,-0.689,0.177,0.440,0.120,-0.275,0.091,4,161.3579583,-16.3214722
g1045322-443024,1,0.975,0.082,-0.151,0.110,0.240,0.067,0.075,0.071,8,161.3842500,-44.5067778
g1045412-464140,1,0.400,0.128,0.422,0.183,0.030,0.068,0.450,0.160,9,161.4217917,-46.6943056
g1045430-161540,1,1.050,0.065,-0.401,0.086,0.240,0.058,-0.175,0.046,2,161.4291250,-16.2609722
g1045558-194307,1,0.950,0.082,-0.113,0.093,0.120,0.065,0.000,0.057,8,161.4823750,-19.7185278
g1046050-451938,1,0.075,0.061,0.004,0.167,0.420,0.077,0.400,0.138,6,161.5207083,-45.3273333
g1046127-104407,1,1.075,0.050,-0.251,0.089,0.320,0.064,0.050,0.042,4,161.5528750,-10.7352778
g1046130-442925,1,0.775,0.124,-0.032,0.145,0.060,0.086,0.025,0.097,4,161.5540417,-44.4903889
g1046217-021714,1,0.600,0.055,0.105,0.075,0.180,0.040,0.275,0.046,2,161.5905833,-2.2870833
g1046506-155840,1,0.700,0.103,0.075,0.115,0.000,0.053,0.075,0.080,3,161.7108333,-15.9776667
g1047006-065834,1,1.075,0.059,-0.254,0.100,0.270,0.066,0.000,0.061,10,161.7525417,-6.9760000
g1047180-100331,1,1.125,0.020,-0.906,0.093,0.590,0.080,-0.350,0.030,8,161.8250000,-10.0587222
g1047328-473124,1,0.600,0.121,0.012,0.148,0.120,0.076,0.125,0.099,2,161.8865000,-47.5234167
g1047418-012609,1,0.475,0.100,0.383,0.119,-0.300,0.046,0.100,0.092,8,161.9242500,-1.4359444
g1047447-002238,1,0.950,0.088,-0.370,0.088,0.340,0.062,-0.050,0.046,8,161.9361250,-0.3773333
g1047499-295239,1,0.425,0.104,-0.108,0.142,0.300,0.074,0.175,0.085,2,161.9577917,-29.8775833
g1047586-095536,1,0.850,0.122,0.047,0.138,0.030,0.070,0.075,0.086,7,161.9940833,-9.9267778
g1048036-205057,1,0.950,0.071,-0.201,0.069,0.240,0.044,0.025,0.047,3,162.0150833,-20.8491944
g1048042-171738,1,0.950,0.063,-0.302,0.067,0.400,0.044,0.075,0.041,6,162.0175833,-17.2938056
g1048044-122830,1,0.875,0.079,-0.138,0.080,0.120,0.048,-0.025,0.046,4,162.0185000,-12.4748611
g1048044-313200,1,1.175,0.019,-0.307,0.070,0.060,0.060,-0.250,0.028,5,162.0181667,-31.5333611
g1048048-015539,1,0.200,0.044,0.338,0.105,-0.120,0.064,0.225,0.066,6,162.0197917,-1.9273611
g1048068-182141,1,0.300,0.082,0.290,0.120,0.090,0.044,0.375,0.092,3,162.0283333,-18.3613333
g1048099-100536,1,0.900,0.111,-0.132,0.112,0.060,0.065,-0.075,0.072,5,162.0411250,-10.0932778
g1048122-095631,1,1.175,0.004,-0.083,0.046,0.300,0.042,0.200,0.020,6,162.0510000,-9.9418611
g1048214-144751,1,0.975,0.096,-0.376,0.097,0.320,0.060,-0.075,0.057,4,162.0892917,-14.7974444
g1048218-095647,1,0.450,0.104,0.246,0.131,0.270,0.043,0.500,0.112,2,162.0906667,-9.9463889
g1048328-095733,1,1.175,0.030,-0.602,0.103,0.480,0.095,-0.150,0.058,8,162.1365417,-9.9590278
g1048433-471720,1,1.175,0.021,-0.277,0.047,0.480,0.033,0.175,0.030,2,162.1803750,-47.2887778
g1048591-095633,1,1.000,0.073,-0.076,0.089,0.240,0.065,0.150,0.064,6,162.2461250,-9.9425833
g1049067-153810,1,0.700,0.111,-0.091,0.119,0.150,0.062,0.050,0.078,3,162.2777083,-15.6359722
g1049093-293120,1,0.725,0.096,-0.001,0.113,0.240,0.061,0.225,0.070,4,162.2886667,-29.5221667
g1049105-100315,1,1.075,0.073,-0.276,0.108,0.240,0.077,-0.050,0.065,6,162.2936250,-10.0542500
g1049190-830710,1,0.975,0.120,0.024,0.101,0.320,0.064,0.325,0.064,4,162.3291250,-83.1193056
g1049249-002548,1,0.275,0.061,0.109,0.153,0.150,0.165,0.250,0.073,8,162.3536250,-0.4299167
g1049511-421936,1,1.075,0.026,-0.321,0.071,0.420,0.049,0.075,0.038,4,162.4627500,-42.3266389
g1050017-015203,1,0.400,0.088,-0.045,0.156,0.180,0.076,0.125,0.098,5,162.5069583,-1.8674722
g1050180-120631,1,0.550,0.064,0.162,0.073,0.120,0.037,0.275,0.055,3,162.5749583,-12.1087222
g1050273-115258,1,1.025,0.080,-0.173,0.104,0.210,0.077,0.025,0.062,7,162.6137917,-11.8827778
g1050344-125116,1,0.925,0.098,-0.160,0.096,0.090,0.059,-0.075,0.053,7,162.6435000,-12.8543333
g1050353-125350,1,0.850,0.085,0.118,0.082,0.060,0.044,0.175,0.055,7,162.6468750,-12.8970833
g1050527-124322,1,0.450,0.078,-0.216,0.137,0.150,0.085,-0.075,0.079,8,162.7194167,-12.7226389
g1050577-122654,1,1.075,0.035,-0.326,0.061,0.240,0.046,-0.100,0.030,5,162.7402083,-12.4484444
g1051173-122409,1,1.075,0.042,-0.129,0.052,0.270,0.037,0.125,0.028,7,162.8222500,-12.4023889
g1051485-055109,1,0.650,0.129,-0.076,0.156,0.320,0.074,0.225,0.099,8,162.9519583,-5.8525556
g1052063-102639,1,0.850,0.094,-0.227,0.102,0.480,0.057,0.225,0.058,5,163.0262083,-10.4442500
g1052149-005720,1,0.425,0.076,-0.221,0.131,0.420,0.082,0.175,0.065,7,163.0620417,-0.9555000
g1052204-065159,1,0.600,0.129,0.193,0.176,0.060,0.078,0.250,0.138,9,163.0849583,-6.8663889
g1052313-075537,1,0.900,0.069,0.052,0.061,0.210,0.035,0.250,0.039,3,163.1303750,-7.9269444
g1052377-450946,1,0.475,0.069,0.143,0.086,0.060,0.048,0.200,0.057,2,163.1568750,-45.1627222
g1052447-074551,1,0.675,0.124,0.125,0.112,0.000,0.080,0.125,0.091,10,163.1860417,-7.7641389
g1053010-201701,1,0.775,0.111,-0.201,0.116,0.240,0.069,0.025,0.072,4,163.2541667,-20.2834722
g1053016-073328,1,0.850,0.128,-0.333,0.159,0.300,0.092,-0.050,0.084,4,163.2568333,-7.5578333
g1053060-401945,1,0.875,0.072,0.137,0.054,0.120,0.031,0.250,0.039,4,163.2748333,-40.3290556
g1053237-414627,1,0.775,0.141,0.052,0.153,0.210,0.084,0.250,0.097,3,163.3485833,-41.7740278
g1053248-101750,1,1.175,0.086,-0.327,0.121,0.400,0.078,0.050,0.065,9,163.3533750,-10.2971111
g1053504-114332,1,0.900,0.076,0.040,0.078,0.090,0.046,0.125,0.047,3,163.4600000,-11.7255833
g1054024-462447,1,0.950,0.107,-0.025,0.125,0.000,0.083,-0.025,0.070,3,163.5101667,-46.4130000
g1054141-112418,1,0.750,0.070,0.112,0.066,0.120,0.035,0.225,0.044,3,163.5587083,-11.4050556
g1054160-103108,1,0.300,0.095,0.387,0.160,0.120,0.058,0.500,0.126,9,163.5665833,-10.5188056
g1054247-464427,1,0.575,0.152,0.102,0.205,0.210,0.073,0.300,0.153,9,163.6027083,-46.7409167
g1054338-103257,1,0.950,0.092,-0.038,0.107,0.120,0.065,0.075,0.065,5,163.6408333,-10.5492222
g1054381-054212,1,0.600,0.131,0.116,0.162,-0.150,0.089,-0.025,0.096,10,163.6587083,-5.7033611
g1054559-101620,1,0.250,0.056,0.218,0.125,0.060,0.057,0.275,0.090,6,163.7330833,-10.2721667
g1055129-065121,1,0.425,0.108,-0.035,0.177,0.090,0.099,0.050,0.098,9,163.8038750,-6.8556944
g1055178-795907,1,1.025,0.097,-0.027,0.097,0.400,0.071,0.350,0.059,10,163.8241667,-79.9852778
g1055496-092025,1,0.025,0.074,0.350,0.171,0.000,0.074,0.350,0.142,5,163.9568333,-9.3403333
g1056483-153534,1,0.400,0.084,-0.278,0.153,0.560,0.087,0.250,0.101,6,164.2012500,-15.5927222
g1056577-141802,1,1.175,0.014,-0.157,0.050,0.060,0.039,-0.100,0.027,5,164.2403750,-14.3005556
g1057041-062854,1,0.750,0.137,-0.608,0.195,0.380,0.118,-0.250,0.094,5,164.2669167,-6.4815833
g1057057-483941,1,0.650,0.078,0.318,0.075,0.060,0.046,0.375,0.049,4,164.2736667,-48.6613889
g1057086-060229,1,1.075,0.044,-0.183,0.086,0.380,0.062,0.175,0.049,10,164.2856667,-6.0413333
g1057296-471912,1,0.550,0.120,0.448,0.139,-0.210,0.069,0.250,0.131,10,164.3733750,-47.3200833
g1057310-103257,1,0.775,0.089,0.105,0.085,0.180,0.039,0.275,0.061,5,164.3792917,-10.5491111
g1057475-475034,1,1.000,0.088,-0.051,0.079,0.320,0.039,0.250,0.061,7,164.4480417,-47.8427500
g1057508-200006,2,0.675,0.065,0.072,0.077,0.030,0.041,0.100,0.056,4,164.4615000,-20.0016389
g1057564-070043,1,0.225,0.089,0.124,0.209,0.320,0.086,0.425,0.172,7,164.4850000,-7.0120278
g1058001-182540,1,0.850,0.102,-0.358,0.111,0.380,0.076,0.000,0.059,3,164.5005833,-18.4276389
g1058077-112023,1,1.150,0.055,-0.072,0.086,-0.030,0.060,-0.100,0.049,10,164.5320833,-11.3395833
g1058496-070243,1,1.000,0.070,-0.101,0.085,0.320,0.051,0.200,0.051,5,164.7067917,-7.0451389
g1059292-462220,1,0.125,0.073,0.037,0.169,0.120,0.096,0.150,0.150,8,164.8716250,-46.3720833
g1059299-145142,1,0.550,0.086,-0.239,0.120,0.360,0.103,0.100,0.077,9,164.8747083,-14.8616389
g1059378-065309,1,0.100,0.045,-0.010,0.124,0.090,0.084,0.075,0.070,6,164.9073750,-6.8857778
g1059462-465708,1,0.350,0.083,-0.076,0.170,0.320,0.080,0.225,0.110,5,164.9423333,-46.9521667
g1100235-484404,1,0.525,0.146,0.042,0.196,0.380,0.080,0.400,0.143,8,165.0977083,-48.7343889
g1100263-194949,1,0.825,0.155,-0.162,0.186,-0.120,0.117,-0.275,0.099,6,165.1094167,-19.8303056
g1100293-141539,1,1.125,0.008,-0.483,0.059,0.300,0.055,-0.200,0.021,4,165.1220833,-14.2608889
g1100360-000045,1,0.400,0.093,0.147,0.154,0.030,0.073,0.175,0.103,4,165.1500833,-0.0124444
g1100467-002349,1,0.775,0.112,-0.246,0.110,0.420,0.056,0.150,0.067,4,165.1945833,-0.3970278
g1100496-100652,1,0.875,0.076,-0.116,0.076,0.150,0.053,0.025,0.049,3,165.2064583,-10.1143056
g1100599-140220,1,1.175,0.004,-0.220,0.044,0.180,0.040,-0.050,0.023,4,165.2494167,-14.0387500
g1101272-004306,1,0.850,0.115,0.027,0.098,0.210,0.056,0.225,0.068,3,165.3633750,-0.7183333
g1101442-065138,1,0.725,0.101,-0.408,0.122,0.380,0.079,-0.050,0.061,4,165.4339583,-6.8604444
g1101526-151848,1,0.575,0.130,-0.114,0.157,0.360,0.076,0.225,0.103,6,165.4692083,-15.3134167
g1102039-093206,1,1.025,0.040,-0.454,0.070,0.270,0.055,-0.200,0.038,4,165.5160833,-9.5348889
g1102099-465541,1,1.025,0.108,-0.060,0.143,0.090,0.085,0.025,0.082,7,165.5414167,-46.9281111
g1102246-064207,1,0.025,0.071,0.441,0.158,-0.150,0.072,0.300,0.116,6,165.6024167,-6.7020278
g1102490-465351,1,0.500,0.111,0.165,0.132,0.090,0.062,0.250,0.096,8,165.7040000,-46.8975278
g1103018-173518,1,0.950,0.080,-0.326,0.092,0.320,0.057,-0.025,0.052,3,165.7573750,-17.5883889
g1103132-151947,1,1.175,0.033,-0.391,0.062,0.150,0.049,-0.250,0.033,5,165.8051250,-15.3296944
g1103185-152147,1,1.175,0.032,0.037,0.063,0.120,0.049,0.150,0.042,8,165.8268750,-15.3630000
g1103275-465747,1,0.500,0.126,0.225,0.169,0.000,0.087,0.225,0.110,8,165.8646667,-46.9630278
g1103318-465814,1,0.600,0.182,-0.191,0.185,0.680,0.063,0.450,0.152,9,165.8824167,-46.9705278
g1103429-465827,2,0.575,0.185,0.136,0.189,0.360,0.085,0.475,0.158,9,165.9289167,-46.9742500
g1103510-200535,1,0.950,0.051,-0.120,0.052,0.180,0.032,0.050,0.034,2,165.9623750,-20.0930000
g1104061-462124,1,1.050,0.090,-0.354,0.096,0.270,0.066,-0.100,0.049,6,166.0253750,-46.3566111
g1104086-462059,1,0.475,0.152,0.165,0.199,0.090,0.078,0.250,0.142,5,166.0359167,-46.3496389
g1104193-461606,1,1.050,0.059,-0.098,0.093,0.210,0.064,0.100,0.049,8,166.0805833,-46.2682778
g1104381-070247,1,0.825,0.099,-0.004,0.092,0.270,0.049,0.250,0.060,5,166.1587083,-7.0464444
g1104413-013230,1,0.525,0.081,0.197,0.094,0.030,0.044,0.225,0.064,5,166.1722500,-1.5417778
g1105092-004749,1,0.875,0.104,-0.151,0.096,0.320,0.057,0.150,0.061,2,166.2884167,-0.7969167
g1105426-095500,1,0.800,0.092,0.052,0.081,0.210,0.041,0.250,0.058,3,166.4275833,-9.9166944
g1105480-005310,1,0.275,0.069,-0.258,0.182,0.300,0.117,0.025,0.094,3,166.4498333,-0.8860000
g1106043-122550,1,0.800,0.071,0.105,0.061,0.180,0.028,0.275,0.047,4,166.5178750,-12.4306667
g1106109-120820,1,0.775,0.084,-0.104,0.074,0.270,0.039,0.150,0.048,2,166.5455000,-12.1387500
g1106174-470422,1,0.725,0.133,-0.003,0.158,0.030,0.110,0.025,0.093,8,166.5723750,-47.0728611
g1106209-021854,1,0.525,0.100,0.325,0.116,0.000,0.054,0.325,0.090,9,166.5872083,-2.3150278
g1106227-483048,1,1.075,0.079,0.107,0.126,-0.060,0.100,0.050,0.089,10,166.5944167,-48.5134444
g1106324-153518,1,0.650,0.121,-0.016,0.134,0.150,0.074,0.125,0.083,8,166.6349583,-15.5883889
g1106356-311951,1,0.725,0.127,-0.133,0.125,0.300,0.064,0.150,0.086,3,166.6481250,-31.3307778
g1106455-040420,1,0.650,0.096,0.077,0.109,0.210,0.051,0.275,0.076,3,166.6895000,-4.0722222
g1106462-350426,1,0.250,0.080,0.500,0.181,0.000,0.070,0.500,0.163,4,166.6922917,-35.0737500
g1107057-155622,1,1.125,0.037,-0.771,0.092,0.500,0.079,-0.300,0.040,2,166.7737500,-15.9395278
g1107181-192818,1,1.100,0.000,0.002,0.036,0.210,0.031,0.200,0.028,2,166.8252917,-19.4715556
g1107299-471557,1,0.900,0.123,0.272,0.122,0.030,0.061,0.300,0.082,7,166.8744167,-47.2658889
g1107302-460103,1,0.750,0.133,-0.383,0.150,0.380,0.095,-0.025,0.079,4,166.8758750,-46.0173889
g1107375-100710,1,0.600,0.105,-0.157,0.133,0.060,0.077,-0.100,0.075,2,166.9060833,-10.1195000
g1108202-071945,1,0.475,0.139,-0.027,0.170,0.480,0.056,0.425,0.146,5,167.0840833,-7.3292500
g1108222-475552,1,0.975,0.082,-0.167,0.097,-0.300,0.047,-0.450,0.093,8,167.0925000,-47.9310278
g1108225-403447,1,0.975,0.123,-0.010,0.137,0.090,0.074,0.075,0.088,6,167.0937917,-40.5795833
g1108261-071517,1,0.200,0.086,0.246,0.192,0.270,0.074,0.500,0.152,3,167.1087500,-7.2547222
g1108322-102930,1,0.700,0.103,0.103,0.115,-0.030,0.063,0.075,0.072,4,167.1341667,-10.4917778
g1108589-043448,1,0.575,0.086,-0.129,0.112,0.270,0.064,0.125,0.072,5,167.2455000,-4.5799722
g1109018-004901,1,0.275,0.056,-0.133,0.141,0.300,0.102,0.150,0.096,6,167.2572917,-0.8168056
g1109103-484816,1,0.750,0.122,-0.001,0.130,0.320,0.065,0.300,0.083,4,167.2927083,-48.8043611
g1109215-141806,1,0.950,0.098,0.015,0.104,0.090,0.058,0.100,0.063,5,167.3396250,-14.3016667
g1109344-464457,1,0.625,0.086,0.090,0.100,0.090,0.047,0.175,0.073,4,167.3932500,-46.7491944
g1109468-132250,1,1.175,0.000,-0.304,0.039,0.270,0.032,-0.050,0.025,5,167.4449167,-13.3806389
g1110013-110333,1,1.175,0.011,-0.201,0.060,0.240,0.046,0.025,0.030,5,167.5052917,-11.0592222
g1110090-460733,1,1.175,0.014,-0.248,0.052,0.210,0.045,-0.050,0.032,5,167.5374167,-46.1257778
g1110138-470246,1,1.025,0.043,-0.003,0.059,0.030,0.043,0.025,0.033,5,167.5575833,-47.0460833
g1110260-071759,1,0.975,0.067,-0.177,0.077,0.400,0.050,0.200,0.044,3,167.6081667,-7.2997222
g1110364-373251,1,1.075,0.004,-0.026,0.034,0.240,0.024,0.200,0.022,2,167.6515833,-37.5475833
g1110404-071922,1,0.300,0.125,0.453,0.198,-0.030,0.084,0.425,0.147,4,167.6681250,-7.3228056
g1110435-363945,1,0.950,0.063,0.077,0.066,0.210,0.037,0.275,0.047,3,167.6812500,-36.6625833
g1110582-061105,1,0.900,0.100,-0.178,0.092,0.030,0.060,-0.150,0.056,5,167.7425000,-6.1846111
g1111063-071809,1,0.550,0.118,0.348,0.140,-0.210,0.073,0.150,0.101,5,167.7760833,-7.3025556
g1111074-442725,1,0.450,0.091,0.302,0.104,0.210,0.045,0.500,0.091,6,167.7808333,-44.4569444
g1111160-045029,1,1.050,0.042,-0.226,0.076,0.240,0.053,0.000,0.039,4,167.8167917,-4.8413056
g1111186-365232,1,0.275,0.030,0.057,0.087,-0.060,0.057,0.000,0.046,3,167.8273750,-36.8755278
g1111213-450916,1,0.575,0.134,-0.502,0.190,0.400,0.124,-0.125,0.092,8,167.8387917,-45.1543611
g1111305-181722,1,0.825,0.103,0.096,0.075,0.270,0.043,0.350,0.049,9,167.8769583,-18.2895000
g1111356-070044,1,0.900,0.114,0.037,0.131,0.120,0.082,0.150,0.076,7,167.8982083,-7.0120833
g1111362-073737,1,0.700,0.120,-0.076,0.116,0.320,0.067,0.225,0.074,7,167.9007083,-7.6270556
g1111489-073135,1,1.100,0.031,-0.466,0.083,0.680,0.055,0.175,0.044,5,167.9539167,-7.5263056
g1111517-454826,1,0.625,0.091,-0.127,0.119,0.400,0.071,0.250,0.074,7,167.9655833,-45.8072500
g1112117-064352,1,0.650,0.110,0.080,0.141,0.180,0.071,0.250,0.088,2,168.0485833,-6.7310833
g1112506-075125,1,0.925,0.101,-0.095,0.103,0.180,0.058,0.075,0.064,1,168.2108750,-7.8568333
g1113171-264518,1,0.750,0.071,0.180,0.059,0.180,0.024,0.350,0.043,4,168.3211667,-26.7549167
g1113216-485825,1,0.025,0.060,0.074,0.155,0.240,0.072,0.300,0.096,5,168.3401667,-48.9734722
g1113236-094742,1,0.600,0.152,0.034,0.136,0.150,0.061,0.175,0.099,6,168.3481250,-9.7949167
g1113590-470710,1,0.725,0.101,-0.566,0.125,0.680,0.073,0.075,0.074,6,168.4956250,-47.1193611
g1114204-462548,1,1.175,0.041,-0.774,0.117,0.530,0.096,-0.275,0.041,2,168.5849167,-46.4301111
g1114415-075657,1,0.775,0.113,-0.227,0.119,0.400,0.075,0.150,0.069,6,168.6730833,-7.9491389
g1115356-484537,1,1.175,0.004,-0.179,0.044,0.270,0.033,0.075,0.024,5,168.8981250,-48.7603889
g1115420-061247,1,1.075,0.026,-0.229,0.068,0.270,0.055,0.025,0.037,3,168.9248750,-6.2129722
g1116149-044209,1,0.400,0.088,0.343,0.134,0.060,0.065,0.400,0.133,9,169.0620000,-4.7025556
g1116273-052850,1,0.775,0.101,-0.026,0.113,0.240,0.067,0.200,0.063,6,169.1138333,-5.4805000
g1116365-074858,1,0.925,0.094,-0.116,0.121,0.150,0.075,0.025,0.067,5,169.1522083,-7.8161944
g1116366-135819,1,0.800,0.100,0.193,0.073,0.060,0.032,0.250,0.061,4,169.1525417,-13.9718889
g1117176-482632,1,0.950,0.045,-0.029,0.060,0.270,0.036,0.225,0.036,4,169.3232500,-48.4421111
g1117351-223210,1,0.850,0.140,-0.301,0.137,0.240,0.077,-0.075,0.081,2,169.3962083,-22.5359722
g1117431-274919,1,0.300,0.065,0.218,0.106,0.060,0.057,0.275,0.070,3,169.4294583,-27.8218611
g1117432-035441,1,0.900,0.083,-0.045,0.065,0.180,0.036,0.125,0.043,2,169.4301667,-3.9113333
g1117512-493217,1,1.175,0.016,-0.729,0.058,0.800,0.046,0.025,0.037,10,169.4633333,-49.5381667
g1118081-042548,1,0.775,0.129,0.142,0.101,0.300,0.047,0.425,0.071,6,169.5336250,-4.4300556
g1118149-484445,1,0.625,0.098,0.300,0.112,0.000,0.046,0.300,0.077,6,169.5622500,-48.7457500
g1118273-482116,1,1.175,0.011,-0.726,0.067,0.420,0.059,-0.330,0.025,6,169.6136250,-48.3543889
g1118322-474060,1,0.950,0.102,-0.273,0.114,0.210,0.073,-0.075,0.069,5,169.6339583,-47.6832222
g1118429-464040,1,0.975,0.061,0.103,0.068,-0.030,0.046,0.075,0.042,3,169.6786667,-46.6777222
g1119535-214608,1,1.075,0.043,-0.379,0.086,0.270,0.076,-0.125,0.032,3,169.9728333,-21.7687500
g1119554-055100,1,1.175,0.020,-0.604,0.092,0.270,0.085,-0.350,0.032,6,169.9807500,-5.8500833
g1119588-154414,1,0.625,0.126,-0.226,0.158,0.240,0.090,0.000,0.085,10,169.9950417,-15.7370833
g1120002-202950,1,0.600,0.126,0.275,0.146,0.000,0.068,0.275,0.097,4,170.0010000,-20.4970833
g1120059-042313,1,1.000,0.071,-0.452,0.084,0.480,0.055,0.000,0.043,4,170.0243750,-4.3868889
g1120070-080753,1,0.950,0.068,-0.527,0.090,0.480,0.062,-0.075,0.045,5,170.0292083,-8.1313056
g1120100-080621,2,0.775,0.182,-0.189,0.235,0.440,0.111,0.225,0.156,8,170.0417917,-8.1056944
g1120192-054750,1,0.500,0.235,-0.091,0.167,0.150,0.091,0.050,0.123,9,170.0799583,-5.7972778
g1120314-090049,1,0.775,0.132,-0.545,0.168,0.340,0.100,-0.225,0.091,6,170.1306250,-9.0136944
g1120394-054017,1,0.950,0.060,0.077,0.063,0.210,0.037,0.275,0.042,4,170.1643333,-5.6713889
g1120396-101527,1,0.625,0.045,0.059,0.060,0.150,0.039,0.200,0.037,2,170.1648750,-10.2573611
g1120413-045344,1,0.975,0.073,-0.279,0.099,0.270,0.073,-0.025,0.046,4,170.1720417,-4.8955278
g1121046-470838,1,0.675,0.127,-0.314,0.151,0.360,0.099,0.025,0.079,6,170.2690833,-47.1439722
g1121150-443750,1,0.125,0.067,0.252,0.190,0.210,0.057,0.450,0.173,5,170.3125417,-44.6304722
g1121155-044248,1,0.925,0.086,-0.246,0.100,0.420,0.052,0.150,0.064,2,170.3143750,-4.7133611
g1121417-043217,1,0.450,0.151,0.140,0.176,0.090,0.069,0.225,0.129,7,170.4235833,-4.5381389
g1121481-054528,1,0.925,0.072,-0.108,0.082,0.300,0.045,0.175,0.050,4,170.4502500,-5.7576944
g1121545-480308,1,0.350,0.086,-0.208,0.157,0.300,0.095,0.075,0.094,6,170.4771667,-48.0522778
g1121590-041503,1,1.150,0.018,-0.145,0.083,0.340,0.054,0.175,0.052,7,170.4958333,-4.2506944
g1122358-441950,1,0.025,0.072,0.093,0.162,0.060,0.070,0.150,0.122,10,170.6492500,-44.3306389
g1122589-075215,1,0.675,0.101,-0.283,0.117,0.460,0.068,0.150,0.067,8,170.7454167,-7.8706944
g1123061-502019,1,0.450,0.177,0.034,0.123,0.150,0.061,0.175,0.145,9,170.7752917,-50.3386111
g1123375-063227,1,0.500,0.130,-0.198,0.162,0.210,0.091,0.000,0.101,6,170.9064167,-6.5407500
g1123437-204347,1,0.525,0.103,0.146,0.120,0.270,0.041,0.400,0.100,3,170.9319167,-20.7297500
g1123483-343813,1,0.950,0.096,0.021,0.092,0.270,0.044,0.275,0.062,3,170.9512500,-34.6370278
g1123599-121747,1,1.075,0.027,-0.075,0.058,0.000,0.049,-0.075,0.031,6,170.9996250,-12.2964444
g1124206-082031,1,0.725,0.111,0.165,0.114,0.090,0.064,0.250,0.078,2,171.0858333,-8.3418611
g1124215-135121,1,0.875,0.097,-0.113,0.102,0.120,0.057,0.000,0.061,4,171.0895417,-13.8558056
g1124398-461546,1,0.450,0.073,-0.141,0.110,0.150,0.058,0.000,0.066,5,171.1659167,-46.2626667
g1124498-130760,1,1.175,0.020,-0.188,0.105,0.120,0.080,-0.075,0.052,5,171.2073750,-13.1332500
g1124509-052108,1,0.400,0.085,0.202,0.117,0.210,0.047,0.400,0.089,4,171.2121667,-5.3523333
g1125111-160325,1,1.075,0.043,-0.257,0.071,0.060,0.058,-0.200,0.041,6,171.2964167,-16.0569167
g1125239-450255,1,0.500,0.104,0.205,0.121,0.180,0.054,0.375,0.100,4,171.3496667,-45.0486944
g1125271-440334,1,0.350,0.121,0.073,0.213,0.400,0.074,0.450,0.174,7,171.3627083,-44.0595556
g1125360-424927,1,1.175,0.026,-0.345,0.066,0.180,0.068,-0.175,0.034,4,171.3998750,-42.8242222
g1125375-110823,1,1.000,0.039,0.046,0.047,0.270,0.039,0.300,0.038,8,171.4062500,-11.1396111
g1125487-490508,1,0.100,0.064,0.067,0.161,0.380,0.068,0.425,0.140,6,171.4527917,-49.0856111
g1125512-041845,1,0.700,0.151,0.024,0.157,0.240,0.089,0.250,0.108,7,171.4635000,-4.3125833
g1126091-353347,1,0.650,0.169,0.237,0.191,0.120,0.086,0.350,0.138,6,171.5379583,-35.5631111
g1126140-045528,1,0.700,0.109,-0.295,0.111,0.340,0.066,0.025,0.067,5,171.5584167,-4.9243889
g1126169-455435,1,0.425,0.133,0.141,0.170,-0.150,0.078,0.000,0.121,7,171.5702500,-45.9097222
g1126174-141649,1,0.850,0.074,-0.041,0.064,0.150,0.038,0.100,0.041,2,171.5726667,-14.2801667
g1126349-430331,1,1.125,0.007,-0.279,0.036,0.270,0.030,-0.025,0.023,1,171.6452917,-43.0587222
g1126527-080526,1,0.975,0.058,-0.170,0.091,0.180,0.062,0.000,0.044,3,171.7197083,-8.0906667
g1128116-131140,1,0.900,0.061,-0.008,0.064,0.300,0.041,0.275,0.037,8,172.0484583,-13.1943611
g1128407-084755,1,0.425,0.091,0.037,0.134,0.120,0.072,0.150,0.082,1,172.1693750,-8.7985000
g1128435-140711,1,0.875,0.085,0.272,0.075,0.030,0.038,0.300,0.058,6,172.1810833,-14.1196944
g1128569-464008,1,1.075,0.030,-0.271,0.076,0.420,0.061,0.125,0.033,9,172.2370000,-46.6688889
g1129081-061243,1,0.550,0.078,0.143,0.103,0.060,0.075,0.200,0.060,9,172.2837917,-6.2118611
g1129261-110426,1,1.050,0.018,-0.226,0.053,0.320,0.044,0.075,0.029,5,172.3589167,-11.0738333
g1129296-122016,1,1.125,0.004,-0.233,0.055,0.300,0.046,0.050,0.023,3,172.3734167,-12.3378056
g1129444-362329,1,0.525,0.068,0.124,0.065,0.320,0.029,0.425,0.047,7,172.4351250,-36.3913056
g1130037-132725,1,1.075,0.042,-0.223,0.075,0.210,0.060,-0.025,0.043,7,172.5155417,-13.4570556
g1130047-113246,1,1.050,0.016,-0.158,0.045,0.460,0.032,0.275,0.022,10,172.5196250,-11.5462222
g1130053-093957,1,0.275,0.036,0.222,0.088,0.030,0.048,0.250,0.056,5,172.5221667,-9.6658333
g1130090-122353,1,0.300,0.062,0.109,0.116,0.150,0.058,0.250,0.069,7,172.5375833,-12.3981667
g1130135-085146,1,0.550,0.109,-0.176,0.158,0.320,0.072,0.125,0.123,4,172.5561667,-8.8628889
g1130188-090028,1,0.600,0.078,-0.179,0.104,0.270,0.053,0.075,0.064,2,172.5782083,-9.0078056
g1130213-065741,1,0.950,0.077,-0.264,0.084,0.360,0.051,0.075,0.047,3,172.5888750,-6.9613889
g1130268-074540,1,1.050,0.051,-0.032,0.090,0.060,0.068,0.025,0.045,6,172.6114583,-7.7611111
g1130320-080232,1,0.850,0.115,-0.060,0.119,0.090,0.060,0.025,0.079,3,172.6334167,-8.0421667
g1130323-423334,1,0.600,0.117,-0.581,0.178,0.590,0.119,-0.025,0.086,5,172.6345417,-42.5594444
g1130526-085234,1,1.175,0.016,-0.226,0.084,0.240,0.065,0.000,0.041,4,172.7192500,-8.8761944
g1131057-141828,1,0.275,0.104,0.425,0.164,0.000,0.064,0.425,0.129,7,172.7736250,-14.3076667
g1131257-093845,1,0.375,0.089,0.149,0.113,0.240,0.060,0.375,0.082,5,172.8570417,-9.6459444
g1131451-213059,1,0.225,0.065,-0.054,0.186,0.270,0.082,0.200,0.139,2,172.9378750,-21.5164444
g1131480-085919,1,0.850,0.135,-0.101,0.134,0.320,0.079,0.200,0.078,9,172.9498333,-8.9885833
g1131529-055353,1,0.550,0.086,-0.433,0.118,0.300,0.075,-0.150,0.069,2,172.9704167,-5.8981389
g1132061-080035,1,0.675,0.129,-0.273,0.144,0.210,0.089,-0.075,0.079,7,173.0252500,-8.0097500
g1132277-111003,1,0.850,0.107,-0.145,0.096,0.180,0.049,0.025,0.064,3,173.1155417,-11.1675278
g1132306-095810,1,0.725,0.074,0.052,0.085,0.210,0.047,0.250,0.053,4,173.1272917,-9.9694444
g1132324-100650,1,1.175,0.000,-0.377,0.058,0.400,0.044,0.000,0.031,5,173.1350833,-10.1138056
g1132377-163511,1,0.750,0.080,-0.227,0.091,0.480,0.050,0.225,0.053,9,173.1570833,-16.5863611
g1132472-461259,1,1.075,0.053,-0.408,0.103,0.460,0.075,0.025,0.052,4,173.1967083,-46.2162778
g1132507-034728,1,0.900,0.136,-0.104,0.146,0.270,0.078,0.150,0.092,8,173.2113750,-3.7910278
g1133051-040048,1,0.825,0.145,-0.328,0.159,0.560,0.084,0.200,0.093,8,173.2712917,-4.0131944
g1133126-132017,1,1.000,0.048,-0.533,0.062,0.380,0.041,-0.175,0.035,5,173.3025833,-13.3380556
g1133366-113218,1,0.775,0.085,-0.233,0.126,0.380,0.078,0.125,0.061,3,173.4024167,-11.5382778
g1133406-445001,1,0.250,0.033,0.035,0.090,-0.090,0.059,-0.050,0.074,4,173.4190000,-44.8336389
g1134062-090116,1,0.200,0.042,-0.066,0.108,0.150,0.072,0.075,0.070,3,173.5256667,-9.0212222
g1134199-091039,1,0.675,0.094,-0.116,0.105,0.150,0.057,0.025,0.067,1,173.5829583,-9.1774444
g1134294-501414,1,1.100,0.021,-0.238,0.051,0.120,0.045,-0.125,0.028,4,173.6225417,-50.2371667
g1134334-505216,1,0.400,0.170,0.024,0.248,0.320,0.100,0.325,0.175,5,173.6390833,-50.8710556
g1134433-093160,1,0.700,0.100,-0.301,0.128,0.240,0.074,-0.075,0.067,4,173.6803750,-9.5331944
g1134457-135609,1,0.275,0.064,0.153,0.148,-0.030,0.079,0.125,0.090,6,173.6905833,-13.9356944
g1134533-420102,1,1.075,0.076,0.077,0.098,0.210,0.059,0.275,0.060,6,173.7219167,-42.0171389
g1134545-432128,1,1.050,0.061,0.049,0.062,0.240,0.039,0.275,0.039,7,173.7270000,-43.3576389
g1134579-233137,1,0.800,0.132,0.034,0.148,0.150,0.066,0.175,0.095,6,173.7410417,-23.5268333
g1135204-330203,1,0.500,0.087,0.205,0.112,0.180,0.051,0.375,0.078,2,173.8350833,-33.0342500
g1135325-375723,1,0.775,0.124,0.287,0.089,0.120,0.035,0.400,0.071,2,173.8854583,-37.9563889
g1135532-375951,1,0.575,0.119,0.053,0.118,-0.030,0.068,0.025,0.073,6,173.9717083,-37.9973611
g1135575-102744,1,0.525,0.162,-0.271,0.106,0.420,0.033,0.125,0.099,10,173.9897500,-10.4623333
g1136069-123409,1,1.075,0.044,-0.485,0.083,0.090,0.071,-0.400,0.042,5,174.0285417,-12.5690833
g1136132-374522,1,1.000,0.103,0.037,0.113,0.120,0.076,0.150,0.067,1,174.0550417,-37.7561944
g1136161-471139,1,0.850,0.109,-0.045,0.104,0.180,0.053,0.125,0.073,3,174.0669167,-47.1942778
g1136366-330505,1,0.500,0.084,0.137,0.096,0.120,0.047,0.250,0.071,3,174.1524583,-33.0847778
g1136385-221343,1,0.350,0.085,-0.433,0.201,0.300,0.117,-0.150,0.107,5,174.1605000,-22.2287222
g1136498-093404,1,0.650,0.066,0.062,0.071,0.120,0.031,0.175,0.053,3,174.2074167,-9.5676944
g1136574-795829,1,1.175,0.056,-0.160,0.102,-0.180,0.096,-0.330,0.065,9,174.2391250,-79.9748056
g1137062-324937,1,0.475,0.094,0.330,0.108,0.180,0.043,0.500,0.094,1,174.2758333,-32.8268611
g1137083-324917,1,1.175,0.039,-0.677,0.093,0.400,0.071,-0.300,0.043,5,174.2846250,-32.8213611
g1137297-105423,1,0.950,0.091,-0.552,0.123,0.400,0.083,-0.175,0.059,7,174.3737083,-10.9063056
g1137406-444418,1,0.975,0.144,-0.012,0.156,-0.120,0.105,-0.125,0.086,7,174.4192500,-44.7383333
g1137507-504428,1,0.675,0.150,0.255,0.139,0.180,0.048,0.425,0.107,4,174.4611250,-50.7412222
g1137517-170256,2,0.850,0.098,0.007,0.098,-0.060,0.062,-0.050,0.057,5,174.4654167,-17.0488333
g1138141-495451,1,0.600,0.092,-0.026,0.132,0.240,0.082,0.200,0.077,7,174.5585417,-49.9141944
g1138203-210731,1,0.350,0.108,0.217,0.142,0.300,0.057,0.500,0.135,9,174.5843750,-21.1251389
g1138290-362514,1,0.950,0.102,-0.048,0.121,0.210,0.070,0.150,0.076,2,174.6208333,-36.4204722
g1138294-094329,1,0.800,0.112,0.113,0.122,-0.120,0.069,0.000,0.082,5,174.6224167,-9.7246111
g1138307-092334,1,0.275,0.044,0.043,0.127,0.060,0.096,0.100,0.062,7,174.6277500,-9.3927500
g1138429-362443,1,1.000,0.087,-0.283,0.124,0.300,0.105,0.000,0.064,6,174.6785417,-36.4120278
g1138537-092551,1,0.900,0.112,-0.122,0.122,-0.030,0.077,-0.150,0.066,5,174.7238333,-9.4309444
g1139055-091948,2,0.675,0.093,0.153,0.103,-0.030,0.052,0.125,0.071,2,174.7730000,-9.3298889
g1139258-363652,1,1.175,0.021,-0.470,0.067,0.340,0.071,-0.150,0.050,8,174.8574167,-36.6143056
g1139300-170229,1,0.700,0.090,0.099,0.073,0.320,0.036,0.400,0.052,3,174.8751667,-17.0414167
g1139344-215955,1,0.825,0.090,-0.179,0.094,0.270,0.056,0.075,0.058,1,174.8934583,-21.9985000
g1139418-092203,1,0.975,0.060,-0.126,0.055,0.240,0.036,0.100,0.036,4,174.9243333,-9.3674167
g1139464-774342,1,0.575,0.145,0.390,0.144,0.090,0.056,0.475,0.121,6,174.9433750,-77.7282222
g1139586-142035,1,0.700,0.112,0.146,0.108,0.270,0.051,0.400,0.074,7,174.9942083,-14.3429444
g1140069-510125,1,0.500,0.104,0.121,0.123,0.270,0.050,0.375,0.098,10,175.0288333,-51.0235278
g1140091-294457,1,1.000,0.062,-0.041,0.078,0.150,0.046,0.100,0.050,2,175.0380833,-29.7490278
g1140238-421234,1,0.400,0.064,0.105,0.086,0.180,0.039,0.275,0.060,4,175.0990000,-42.2095278
g1140280-293518,1,0.975,0.120,0.133,0.086,-0.300,0.044,-0.150,0.071,9,175.1168333,-29.5884167
g1140372-443131,1,0.575,0.121,0.093,0.160,0.060,0.093,0.150,0.090,4,175.1548333,-44.5253333
g1140585-463414,1,0.875,0.104,-0.122,0.095,-0.030,0.059,-0.150,0.062,6,175.2437917,-46.5704444
g1141198-510643,1,1.175,0.034,-0.114,0.060,0.440,0.051,0.300,0.028,10,175.3323750,-51.1120000
g1141208-201241,1,1.000,0.088,-0.239,0.089,0.440,0.050,0.175,0.054,3,175.3367917,-20.2114167
g1141264-170205,2,0.475,0.112,0.277,0.137,0.210,0.057,0.475,0.114,9,175.3599167,-17.0346111
g1141298-370955,1,0.550,0.131,-0.114,0.171,0.440,0.080,0.300,0.125,7,175.3742917,-37.1651667
g1141498-152154,1,0.625,0.102,0.180,0.109,0.180,0.045,0.350,0.083,5,175.4576250,-15.3650833
g1141531-270209,1,0.725,0.147,0.084,0.176,0.150,0.078,0.225,0.114,3,175.4710417,-27.0357500
g1141574-060920,1,0.675,0.059,0.149,0.055,0.240,0.028,0.375,0.035,3,175.4890000,-6.1556667
g1142012-462511,1,1.175,0.007,-0.346,0.095,0.420,0.071,0.050,0.041,5,175.5049583,-46.4197778
g1142066-421241,1,0.975,0.113,-0.220,0.121,0.340,0.071,0.100,0.081,4,175.5272917,-42.2115000
g1142119-104627,1,0.475,0.060,0.149,0.081,0.240,0.042,0.375,0.060,2,175.5493750,-10.7742778
g1142190-135145,1,1.075,0.046,-0.170,0.068,0.180,0.050,0.000,0.044,6,175.5791667,-13.8623611
g1142192-083720,1,0.750,0.087,-0.038,0.088,0.120,0.043,0.075,0.060,7,175.5798333,-8.6223333
g1142246-285013,1,0.200,0.075,0.159,0.186,0.150,0.076,0.300,0.153,3,175.6022917,-28.8368333
g1142296-151353,1,0.600,0.097,0.240,0.111,0.090,0.055,0.325,0.079,6,175.6232083,-15.2314444
g1142310-021506,1,1.075,0.051,-0.145,0.072,0.180,0.054,0.025,0.042,3,175.6290000,-2.2515278
g1142417-140445,1,0.525,0.104,-0.146,0.161,0.500,0.079,0.325,0.105,6,175.6737500,-14.0791944
g1142596-114120,1,0.725,0.087,0.140,0.080,0.090,0.044,0.225,0.055,5,175.7483333,-11.6887778
g1143013-181003,1,0.950,0.110,-0.746,0.178,0.420,0.110,-0.350,0.109,7,175.7553750,-18.1675556
g1143186-125242,1,0.475,0.071,0.359,0.082,0.150,0.034,0.500,0.075,4,175.8275000,-12.8783611
g1143210-495935,1,1.125,0.034,-0.345,0.094,0.180,0.080,-0.175,0.035,7,175.8376667,-49.9930556
g1143456-465550,1,1.150,0.015,-0.208,0.055,0.380,0.040,0.150,0.031,5,175.9401250,-46.9304722
g1143502-730142,1,0.700,0.158,-0.047,0.184,-0.030,0.146,-0.075,0.104,9,175.9592917,-73.0283611
g1144067-091423,1,0.850,0.106,-0.020,0.096,0.180,0.047,0.150,0.069,6,176.0278333,-9.2398333
g1144090-492119,1,0.600,0.087,0.197,0.092,0.030,0.050,0.225,0.066,2,176.0373750,-49.3553056
g1144180-181204,1,0.850,0.151,-0.133,0.172,0.300,0.083,0.150,0.121,3,176.0751250,-18.2011389
g1144296-435321,1,1.000,0.080,0.109,0.079,0.150,0.049,0.250,0.054,2,176.1231667,-43.8891389
g1144392-185611,1,0.800,0.128,-0.085,0.141,0.090,0.084,0.000,0.081,4,176.1634583,-18.9364722
g1144484-094327,1,0.750,0.145,0.155,0.113,0.340,0.049,0.475,0.085,8,176.2014583,-9.7240833
g1144521-091360,1,0.675,0.070,0.243,0.076,0.060,0.038,0.300,0.056,4,176.2168750,-9.2332778
g1144542-440556,1,0.800,0.110,-0.041,0.097,0.150,0.056,0.100,0.063,2,176.2257500,-44.0988611
g1145033-084009,1,0.275,0.051,0.229,0.112,-0.270,0.080,-0.025,0.090,4,176.2638750,-8.6690278
g1145150-014210,1,0.225,0.039,0.303,0.093,-0.030,0.053,0.275,0.053,4,176.3125833,-1.7028333
g1145303-433426,1,0.775,0.152,0.065,0.136,0.090,0.064,0.150,0.103,3,176.3762917,-43.5738611
g1145376-510517,1,0.850,0.154,0.334,0.130,0.150,0.054,0.475,0.090,8,176.4065417,-51.0879167
g1145377-170210,1,1.025,0.043,-0.554,0.077,0.270,0.057,-0.300,0.037,5,176.4072083,-17.0359722
g1145491-441555,1,0.675,0.175,-0.383,0.186,0.300,0.102,-0.100,0.107,3,176.4547500,-44.2651944
g1145591-171500,2,0.525,0.060,-0.233,0.076,0.380,0.044,0.125,0.046,5,176.4960417,-17.2500278
g1145599-072405,1,0.700,0.171,0.049,0.180,0.240,0.075,0.275,0.139,7,176.4995417,-7.4013056
g1146174-083253,1,0.375,0.106,-0.160,0.214,0.090,0.129,-0.075,0.106,7,176.5722917,-8.5480556
g1146205-441005,1,1.125,0.017,-0.176,0.058,0.240,0.051,0.050,0.029,2,176.5855833,-44.1681111
g1146254-033549,1,0.575,0.121,0.040,0.151,0.090,0.082,0.125,0.096,6,176.6056667,-3.5969722
g1146314-165827,2,0.350,0.105,-0.026,0.193,0.240,0.118,0.200,0.114,10,176.6308750,-16.9740278
g1147149-434047,1,0.300,0.074,-0.064,0.164,0.360,0.090,0.275,0.105,9,176.8122500,-43.6798056
g1147197-504357,1,0.775,0.144,0.252,0.115,0.210,0.050,0.450,0.084,4,176.8322083,-50.7325833
g1148010-105743,1,0.525,0.049,-0.051,0.061,0.240,0.039,0.175,0.038,2,177.0042083,-10.9620556
g1148135-062314,1,0.850,0.128,-0.299,0.154,0.530,0.088,0.200,0.088,9,177.0563750,-6.3872222
g1148422-001643,1,0.925,0.165,0.199,0.150,0.240,0.087,0.425,0.110,7,177.1760000,-0.2786667
g1149117-485211,1,1.175,0.020,-0.464,0.094,0.440,0.080,-0.050,0.051,5,177.2987083,-48.8696667
g1149302-010511,1,1.125,0.026,-0.476,0.076,0.240,0.066,-0.250,0.032,8,177.3756667,-1.0864722
g1149363-012720,1,1.000,0.060,-0.041,0.072,0.150,0.046,0.100,0.043,5,177.4013750,-1.4555556
g1149468-155538,1,0.700,0.104,0.140,0.113,0.090,0.057,0.225,0.077,5,177.4450833,-15.9273056
g1149553-033946,1,0.600,0.101,0.071,0.115,0.270,0.049,0.325,0.086,3,177.4803750,-3.6628889
g1150106-194110,1,1.025,0.059,0.002,0.064,0.210,0.047,0.200,0.050,7,177.5442083,-19.6859722
g1150444-064434,1,0.700,0.142,0.075,0.176,0.000,0.124,0.075,0.124,6,177.6848333,-6.7428611
g1150582-052309,1,0.950,0.123,-0.271,0.138,0.500,0.074,0.200,0.087,8,177.7425417,-5.3858889
g1151017-284821,1,0.750,0.073,0.246,0.052,0.270,0.031,0.500,0.034,3,177.7572500,-28.8058889
g1151546-470118,1,0.975,0.073,-0.010,0.087,0.090,0.062,0.075,0.047,5,177.9776667,-47.0215556
g1152151-112656,1,0.900,0.122,-0.314,0.124,0.440,0.072,0.100,0.073,4,178.0630000,-11.4489167
g1152196-722944,1,0.950,0.069,-0.151,0.073,0.320,0.046,0.150,0.046,7,178.0817083,-72.4954167
g1152267-313417,1,0.625,0.136,-0.476,0.211,0.240,0.125,-0.250,0.124,7,178.1112083,-31.5714167
g1152480-295609,1,0.975,0.070,-0.248,0.085,0.210,0.059,-0.050,0.052,7,178.1997917,-29.9359444
g1153013-060354,1,0.750,0.111,-0.116,0.105,0.150,0.057,0.025,0.070,1,178.2552500,-6.0649444
g1153101-723553,1,0.575,0.091,-0.045,0.113,0.180,0.065,0.125,0.079,1,178.2921250,-72.5981389
g1153228-475844,1,1.025,0.078,-0.170,0.095,0.340,0.058,0.150,0.059,4,178.3451250,-47.9788611
g1153367-514811,1,0.950,0.089,-0.884,0.169,0.620,0.123,-0.300,0.070,8,178.4030000,-51.8031111
g1153371-072301,1,0.850,0.183,0.167,0.142,0.300,0.071,0.450,0.112,9,178.4044583,-7.3837222
g1153423-725251,1,1.175,0.017,-0.195,0.056,0.180,0.042,-0.025,0.032,5,178.4260833,-72.8808333
g1153486-304622,1,0.175,0.085,0.130,0.239,0.180,0.108,0.300,0.169,9,178.4522917,-30.7727500
g1154015-193408,1,0.900,0.066,-0.147,0.077,-0.030,0.056,-0.175,0.044,4,178.5064167,-19.5687778
g1154196-185700,1,1.150,0.012,-0.401,0.052,0.240,0.042,-0.175,0.025,4,178.5817917,-18.9500556
g1154204-514652,1,0.825,0.106,0.023,0.077,0.400,0.039,0.400,0.050,6,178.5850417,-51.7810556
g1154232-105200,1,0.575,0.106,-0.151,0.161,0.320,0.089,0.150,0.090,3,178.5965000,-10.8667778
g1154515-313425,2,0.625,0.103,0.252,0.094,0.210,0.044,0.450,0.069,3,178.7144167,-31.5735278
g1155084-223859,1,0.625,0.110,0.143,0.137,0.060,0.050,0.200,0.101,3,178.7850417,-22.6496111
g1155104-075037,1,0.175,0.066,0.280,0.139,0.180,0.060,0.450,0.122,9,178.7932500,-7.8437222
g1155245-501804,1,0.450,0.084,-0.210,0.122,0.090,0.086,-0.125,0.075,6,178.8521250,-50.3010556
g1155401-120139,1,1.000,0.046,-0.173,0.062,0.210,0.043,0.025,0.039,4,178.9172500,-12.0274444
g1156108-494919,1,0.225,0.069,0.328,0.178,-0.030,0.077,0.300,0.139,3,179.0448333,-49.8218056
g1156293-062456,1,0.700,0.124,0.134,0.131,0.150,0.067,0.275,0.084,7,179.1220000,-6.4156667
g1156414-322309,1,0.575,0.095,0.280,0.094,0.180,0.037,0.450,0.081,4,179.1726250,-32.3857500
g1156579-195118,1,0.675,0.043,-0.045,0.050,0.180,0.031,0.125,0.031,3,179.2412083,-19.8551111
g1157012-493316,1,0.525,0.134,0.175,0.169,0.000,0.078,0.175,0.109,6,179.2549583,-49.5543611
g1157049-081732,1,0.675,0.117,0.246,0.086,0.270,0.034,0.500,0.070,2,179.2702917,-8.2921667
g1157210-094708,1,0.800,0.114,-0.108,0.139,0.300,0.081,0.175,0.081,2,179.3372917,-9.7855833
g1157466-170130,1,0.850,0.089,-0.189,0.083,0.360,0.049,0.150,0.054,2,179.4440833,-17.0249722
g1158317-215717,1,1.175,0.004,-0.113,0.063,0.120,0.048,0.000,0.035,4,179.6320000,-21.9546667
g1159129-003126,1,0.675,0.077,-0.098,0.088,0.210,0.058,0.100,0.050,4,179.8036667,-0.5238611
g1159236-013917,1,0.850,0.076,0.209,0.065,0.150,0.034,0.350,0.044,3,179.8481667,-1.6545833
g1159246-064414,1,0.650,0.097,-0.514,0.128,0.360,0.082,-0.175,0.062,4,179.8524167,-6.7371111
g1201027-462815,1,0.450,0.119,0.338,0.166,-0.120,0.062,0.225,0.126,5,180.2614167,-46.4709444
g1201469-300238,1,0.725,0.105,-0.129,0.118,0.270,0.052,0.125,0.080,3,180.4455417,-30.0439444
g1201534-790722,1,0.975,0.110,-0.603,0.148,0.560,0.095,-0.075,0.076,7,180.4723750,-79.1227222
g1202035-370254,1,0.175,0.069,-0.058,0.196,0.300,0.097,0.225,0.120,5,180.5147500,-37.0483611
g1202057-293844,1,0.625,0.122,-0.497,0.159,0.740,0.072,0.200,0.107,9,180.5237917,-29.6456667
g1202361-284729,1,1.175,0.079,-0.645,0.123,0.180,0.093,-0.475,0.064,4,180.6504167,-28.7914167
g1203126-143839,1,0.975,0.073,-0.351,0.085,0.240,0.059,-0.125,0.045,1,180.8025417,-14.6441667
g1203132-065407,1,0.800,0.147,-0.151,0.186,0.320,0.103,0.150,0.108,3,180.8047917,-6.9020556
g1203314-433914,1,1.175,0.008,-0.148,0.056,0.210,0.040,0.050,0.031,4,180.8809167,-43.6538611
g1204315-172915,1,0.575,0.080,-0.020,0.099,0.180,0.045,0.150,0.065,5,181.1314167,-17.4875000
g1204452-503910,1,0.775,0.096,0.037,0.090,0.120,0.052,0.150,0.061,4,181.1882500,-50.6528889
g1204498-022257,1,0.650,0.094,-0.132,0.103,0.060,0.062,-0.075,0.065,3,181.2076667,-2.3825000
g1205118-093946,1,0.500,0.135,0.491,0.169,-0.150,0.105,0.350,0.145,9,181.2990417,-9.6627222
g1205537-124023,1,0.625,0.100,-0.057,0.106,0.060,0.056,0.000,0.078,5,181.4736667,-12.6731667
g1205572-123950,1,1.025,0.059,-0.170,0.061,0.340,0.042,0.150,0.033,3,181.4883750,-12.6639444
g1206013-494353,1,1.175,0.000,-0.321,0.043,0.420,0.039,0.075,0.037,7,181.5053333,-49.7313056
g1206189-281150,2,0.325,0.055,0.308,0.090,-0.300,0.050,0.025,0.071,8,181.5787083,-28.1971389
g1206215-174837,1,0.675,0.093,-0.183,0.122,0.300,0.071,0.100,0.071,6,181.5897500,-17.8103333
g1206341-435426,1,0.875,0.089,-0.041,0.106,0.150,0.061,0.100,0.061,4,181.6420000,-43.9073056
g1207123-141107,1,1.175,0.014,-0.345,0.042,0.340,0.034,-0.025,0.023,5,181.8010833,-14.1853889
g1207439-274327,1,1.150,0.036,-0.345,0.095,0.340,0.076,-0.025,0.047,3,181.9330417,-27.7242500
g1208451-161928,1,0.550,0.111,0.049,0.132,0.320,0.072,0.350,0.099,5,182.1878333,-16.3243333
g1209003-313112,1,0.450,0.046,0.022,0.081,0.030,0.047,0.050,0.058,5,182.2511667,-31.5198889
g1209211-123559,1,0.125,0.043,0.195,0.123,-0.180,0.074,0.025,0.085,5,182.3377500,-12.5995833
g1209483-162812,1,0.600,0.101,0.137,0.126,0.120,0.058,0.250,0.089,4,182.4514167,-16.4699167
g1210043-343254,1,1.050,0.059,-0.198,0.102,0.210,0.067,0.000,0.060,2,182.5179583,-34.5482222
g1210284-180305,1,0.300,0.062,-0.183,0.134,0.300,0.087,0.100,0.065,10,182.6182917,-18.0512778
g1210322-011851,1,1.125,0.013,-0.333,0.089,0.300,0.070,-0.050,0.038,6,182.6340000,-1.3142500
g1210393-340327,1,-0.175,0.032,0.187,0.077,0.120,0.038,0.300,0.059,2,182.6638750,-34.0573611
g1210536-123918,1,-0.100,0.032,0.193,0.081,0.060,0.042,0.250,0.055,2,182.7233750,-12.6550556
g1211016-015248,1,0.225,0.070,0.250,0.160,0.000,0.070,0.250,0.125,6,182.7566667,-1.8798611
g1211245-173941,1,1.175,0.012,-0.408,0.053,0.300,0.047,-0.125,0.030,4,182.8521667,-17.6614167
g1211324-464209,1,0.700,0.105,0.105,0.104,0.180,0.049,0.275,0.073,4,182.8850417,-46.7025278
g1212048-515553,1,0.775,0.110,0.024,0.131,0.240,0.064,0.250,0.084,2,183.0199167,-51.9315000
g1212067-213641,1,0.675,0.094,0.100,0.119,0.000,0.070,0.100,0.075,4,183.0279583,-21.6113611
g1212183-515909,1,1.150,0.058,-0.051,0.065,0.320,0.044,0.250,0.038,9,183.0760833,-51.9859167
g1212275-420229,1,1.175,0.004,-0.289,0.058,0.440,0.044,0.125,0.031,7,183.1145833,-42.0413889
g1212467-461016,1,0.900,0.116,-0.051,0.121,0.240,0.061,0.175,0.079,3,183.1946667,-46.1711667
g1212477-313430,1,0.250,0.062,0.395,0.109,-0.180,0.064,0.225,0.099,4,183.1989167,-31.5751111
g1213353-382601,1,1.175,0.088,-0.886,0.157,0.590,0.128,-0.330,0.078,9,183.3971667,-38.4336389
g1214044-465755,1,0.675,0.124,-0.076,0.177,0.320,0.098,0.225,0.106,5,183.5183750,-46.9652778
g1215167-430126,1,0.925,0.084,-0.295,0.092,0.180,0.069,-0.125,0.044,3,183.8195000,-43.0238889
g1215295-224410,1,0.850,0.116,0.168,0.109,0.060,0.061,0.225,0.079,5,183.8729167,-22.7360000
g1215399-515525,1,0.250,0.047,-0.176,0.135,0.240,0.080,0.050,0.073,5,183.9164167,-51.9235556
g1215498-514043,1,0.650,0.076,-0.064,0.105,0.360,0.055,0.275,0.063,5,183.9575000,-51.6785000
g1216073-520958,1,0.775,0.135,-0.508,0.173,0.460,0.115,-0.075,0.076,6,184.0302917,-52.1661944
g1216088-183146,1,0.700,0.103,-0.108,0.107,0.380,0.050,0.250,0.077,7,184.0365833,-18.5295278
g1216157-513650,1,0.725,0.109,-0.176,0.106,0.240,0.055,0.050,0.069,4,184.0655833,-51.6137778
g1216240-183335,1,0.575,0.089,0.237,0.095,0.120,0.042,0.350,0.071,2,184.0997917,-18.5596389
g1216365-005721,1,0.200,0.054,0.140,0.131,0.090,0.065,0.225,0.081,3,184.1521250,-0.9559444
g1216424-054525,1,0.500,0.097,0.157,0.120,-0.060,0.061,0.100,0.087,3,184.1768333,-5.7570278
g1216477-064621,1,1.125,0.049,-0.399,0.095,0.530,0.060,0.100,0.052,7,184.1987917,-6.7724722
g1216486-224028,1,0.225,0.062,-0.233,0.190,0.380,0.081,0.125,0.142,5,184.2025000,-22.6743333
g1216491-512208,1,1.175,0.008,-0.279,0.059,0.270,0.048,-0.025,0.026,3,184.2043750,-51.3688889
g1217316-510243,1,0.800,0.135,0.400,0.109,0.000,0.052,0.400,0.078,7,184.3816667,-51.0453333
g1217416-470256,1,1.100,0.040,-0.341,0.086,0.150,0.060,-0.200,0.045,4,184.4232500,-47.0489167
g1219081-214432,1,1.175,0.009,-0.026,0.047,0.320,0.036,0.275,0.023,4,184.7838333,-21.7423056
g1219579-005122,1,0.900,0.109,-0.183,0.128,0.300,0.074,0.100,0.069,7,184.9912083,-0.8560278
g1220005-172919,1,0.525,0.096,-0.177,0.115,0.400,0.064,0.200,0.090,7,185.0020833,-17.4885556
g1220250-113959,1,1.150,0.004,-0.514,0.061,0.360,0.053,-0.175,0.021,5,185.1042500,-11.6665000
g1220361-211721,1,0.450,0.094,0.074,0.116,0.240,0.047,0.300,0.081,3,185.1505417,-21.2892778
g1220373-184001,1,0.325,0.067,0.112,0.129,0.120,0.069,0.225,0.078,2,185.1553333,-18.6670556
g1220398-113831,1,0.325,0.062,0.043,0.114,0.060,0.064,0.100,0.070,3,185.1658333,-11.6419167
g1221087-523510,1,1.175,0.000,-0.158,0.038,0.300,0.035,0.125,0.023,7,185.2860833,-52.5860833
g1221130-005151,1,0.225,0.054,-0.387,0.169,0.650,0.072,0.225,0.141,8,185.3040417,-0.8641944
g1221151-130047,1,0.950,0.086,-0.258,0.083,0.300,0.058,0.025,0.048,4,185.3127917,-13.0131389
g1221198-283547,1,1.125,0.014,-0.448,0.069,0.210,0.063,-0.250,0.029,3,185.3325417,-28.5962778
g1221215-515138,1,0.925,0.134,-0.095,0.130,0.340,0.069,0.225,0.085,10,185.3397500,-51.8606111
g1221297-162508,1,0.300,0.050,0.207,0.100,-0.060,0.056,0.150,0.061,5,185.3737083,-16.4190000
g1221481-510121,1,0.725,0.112,-0.126,0.131,0.320,0.068,0.175,0.078,7,185.4505417,-51.0225278
g1221487-514421,1,0.275,0.063,-0.089,0.142,0.440,0.058,0.325,0.109,4,185.4530000,-51.7392500
g1222022-461258,1,0.750,0.064,-0.101,0.086,0.320,0.046,0.200,0.051,2,185.5092917,-46.2160000
g1222164-175926,1,0.625,0.095,0.137,0.100,0.120,0.045,0.250,0.078,3,185.5683750,-17.9906667
g1222232-513656,1,0.275,0.085,-0.314,0.239,0.360,0.154,0.025,0.119,7,185.5968333,-51.6156111
g1222543-435028,1,0.975,0.083,-0.151,0.104,0.240,0.067,0.075,0.057,6,185.7262500,-43.8410833
g1223141-164133,1,0.725,0.080,-0.220,0.090,0.340,0.053,0.100,0.055,3,185.8086250,-16.6925000
g1223207-123331,1,1.175,0.008,-0.404,0.055,0.270,0.046,-0.150,0.025,5,185.8362917,-12.5586111
g1223216-054101,1,0.550,0.062,0.137,0.082,0.120,0.043,0.250,0.054,5,185.8400000,-5.6835278
g1224259-173303,1,0.500,0.103,0.015,0.121,0.090,0.070,0.100,0.079,9,186.1077083,-17.5508611
g1224322-444736,1,0.750,0.134,0.077,0.162,0.210,0.081,0.275,0.094,9,186.1342083,-44.7931944
g1224547-153604,1,0.675,0.086,-0.001,0.085,0.320,0.043,0.300,0.064,3,186.2278333,-15.6009722
g1225001-160601,1,0.700,0.130,0.067,0.127,0.300,0.070,0.350,0.081,6,186.2503333,-16.1001389
g1225054-501746,1,0.750,0.132,0.199,0.095,0.240,0.042,0.425,0.071,3,186.2724167,-50.2961667
g1225180-432644,1,0.250,0.030,0.246,0.093,0.270,0.048,0.500,0.079,9,186.3248750,-43.4454722
g1225212-472827,1,0.950,0.064,0.124,0.050,0.320,0.030,0.425,0.037,7,186.3381250,-47.4740833
g1225340-451548,1,0.900,0.072,-0.023,0.087,0.210,0.050,0.175,0.047,5,186.3917500,-45.2632778
g1225455-345817,1,0.900,0.119,-0.041,0.113,0.150,0.052,0.100,0.077,3,186.4395833,-34.9713611
g1226078-513250,1,0.150,0.054,0.276,0.131,-0.240,0.067,0.050,0.095,8,186.5323333,-51.5471667
g1226128-074106,1,0.275,0.062,0.215,0.150,0.090,0.056,0.300,0.124,6,186.5532917,-7.6849444
g1226162-074051,1,0.725,0.071,0.112,0.085,0.120,0.041,0.225,0.056,5,186.5673750,-7.6808333
g1226455-180741,1,1.075,0.025,-0.276,0.059,0.320,0.053,0.025,0.028,2,186.6894583,-18.1279444
g1226546-230030,1,1.000,0.062,-0.158,0.090,0.380,0.061,0.200,0.050,6,186.7273750,-23.0081944
g1227060-472339,1,1.050,0.035,-0.570,0.078,0.180,0.070,-0.400,0.060,6,186.7751667,-47.3940278
g1227114-452734,1,0.300,0.104,-0.047,0.215,-0.030,0.135,-0.075,0.132,5,186.7972917,-45.4593056
g1227117-074159,1,0.850,0.081,-0.048,0.073,0.210,0.043,0.150,0.047,1,186.7987500,-7.6996944
g1227121-054951,1,0.525,0.075,0.277,0.078,0.210,0.032,0.475,0.062,2,186.8003750,-5.8308889
g1227237-504154,1,1.175,0.011,-0.621,0.067,0.500,0.058,-0.150,0.026,4,186.8487500,-50.6982500
g1227247-142828,1,0.900,0.079,0.149,0.068,0.240,0.040,0.375,0.043,1,186.8528750,-14.4744444
g1227417-075736,1,0.800,0.117,-0.183,0.145,0.300,0.080,0.100,0.083,6,186.9237500,-7.9599167
g1228047-140759,1,0.900,0.140,-0.241,0.153,0.150,0.091,-0.100,0.096,6,187.0196667,-14.1331111
g1228399-101155,1,0.250,0.065,0.093,0.174,0.060,0.100,0.150,0.111,2,187.1660417,-10.1985833
g1228584-500916,1,0.475,0.106,-0.103,0.141,0.030,0.103,-0.075,0.094,4,187.2432917,-50.1543333
g1230183-055743,1,1.050,0.028,-0.339,0.045,0.360,0.030,0.000,0.027,2,187.5764167,-5.9620278
g1230185-494400,1,1.000,0.054,0.049,0.064,0.240,0.043,0.275,0.034,3,187.5771667,-49.7333333
g1230252-500800,1,0.700,0.128,0.121,0.119,0.270,0.057,0.375,0.082,3,187.6049167,-50.1333333
g1230266-060027,1,0.900,0.101,-0.175,0.115,0.000,0.085,-0.175,0.063,2,187.6108333,-6.0074722
g1231045-332316,1,0.675,0.144,0.318,0.134,0.060,0.061,0.375,0.097,7,187.7685833,-33.3876944
g1231060-332428,1,1.000,0.139,0.234,0.105,0.150,0.047,0.375,0.087,2,187.7750417,-33.4076667
g1231193-450824,1,0.725,0.145,0.237,0.137,0.120,0.062,0.350,0.099,5,187.8305000,-45.1399444
g1231225-144032,1,0.650,0.130,-0.139,0.134,0.360,0.082,0.200,0.076,10,187.8437917,-14.6755000
g1231230-450818,1,0.500,0.098,0.503,0.117,-0.030,0.040,0.475,0.106,4,187.8460000,-45.1381944
g1231237-352444,1,0.725,0.206,-0.159,0.193,0.620,0.075,0.425,0.149,10,187.8485417,-35.4121667
g1231364-461008,1,0.900,0.136,-0.172,0.160,-0.030,0.098,-0.200,0.085,3,187.9017083,-46.1689722
g1231377-035929,1,0.525,0.087,-0.045,0.120,0.180,0.065,0.125,0.074,5,187.9070417,-3.9913056
g1231483-102838,1,1.025,0.086,-0.521,0.106,0.420,0.070,-0.125,0.058,3,187.9513750,-10.4771944
g1232453-510323,1,0.675,0.163,0.343,0.182,0.060,0.078,0.400,0.132,7,188.1887083,-51.0565000
g1232524-472418,1,1.075,0.052,-0.310,0.076,0.090,0.059,-0.225,0.042,8,188.2181250,-47.4049722
g1233203-473015,1,0.575,0.120,0.022,0.158,0.030,0.083,0.050,0.101,6,188.3345417,-47.5041389
g1233251-312146,1,1.150,0.059,-0.020,0.070,0.340,0.049,0.300,0.038,4,188.3547083,-31.3628889
g1233284-312202,1,0.500,0.107,0.237,0.153,0.120,0.067,0.350,0.107,4,188.3684167,-31.3673056
g1233401-083927,1,0.525,0.146,0.212,0.176,0.120,0.073,0.325,0.137,8,188.4169583,-8.6574722
g1233499-072232,1,0.850,0.074,-0.058,0.072,0.300,0.043,0.225,0.040,5,188.4578750,-7.3755000
g1233513-461633,1,0.600,0.095,0.062,0.115,0.120,0.055,0.175,0.074,4,188.4635833,-46.2757222
g1234090-103609,1,0.725,0.113,-0.151,0.139,0.240,0.085,0.075,0.078,9,188.5374583,-10.6025833
g1234266-443237,1,1.175,0.015,-0.295,0.058,0.180,0.050,-0.125,0.028,5,188.6106250,-44.5435000
g1234308-073247,1,0.600,0.058,-0.101,0.071,0.240,0.047,0.125,0.046,1,188.6281667,-7.5465000
g1234488-444408,1,0.650,0.089,-0.320,0.101,0.180,0.061,-0.150,0.057,1,188.7032083,-44.7354722
g1235012-104324,1,1.050,0.014,0.002,0.048,0.210,0.039,0.200,0.028,3,188.7549583,-10.7232778
g1235070-074611,1,0.475,0.092,0.074,0.115,0.240,0.049,0.300,0.083,4,188.7789583,-7.7697222
g1235107-001316,1,0.600,0.081,-0.116,0.099,0.150,0.060,0.025,0.057,2,188.7944167,-0.2210833
g1235335-522203,1,0.400,0.096,-0.971,0.173,0.680,0.101,-0.330,0.104,4,188.8897500,-52.3674722
g1235400-062960,1,0.875,0.139,-0.022,0.172,-0.030,0.102,-0.050,0.104,9,188.9167500,-6.4998611
g1236076-392619,1,0.750,0.067,0.162,0.066,0.120,0.033,0.275,0.043,1,189.0316667,-39.4386667
g1236363-463745,1,0.925,0.144,-0.431,0.163,0.590,0.081,0.125,0.106,10,189.1511667,-46.6290278
g1236567-410543,1,1.000,0.110,-0.233,0.117,0.380,0.062,0.125,0.071,6,189.2363750,-41.0952500
g1237208-102909,1,0.950,0.113,0.049,0.105,0.240,0.048,0.275,0.072,5,189.3367083,-10.4858333
g1237279-442543,1,1.100,0.079,-0.220,0.117,0.180,0.075,-0.050,0.069,4,189.3663333,-44.4285833
g1237292-441414,1,0.700,0.137,-0.079,0.145,0.270,0.079,0.175,0.091,5,189.3717500,-44.2371667
g1237428-445547,1,0.925,0.096,-0.085,0.088,0.090,0.061,0.000,0.056,6,189.4283333,-44.9296944
g1237441-072755,1,1.150,0.026,-0.658,0.097,0.300,0.086,-0.375,0.040,6,189.4337917,-7.4652778
g1237457-143823,1,0.550,0.087,0.112,0.096,0.120,0.047,0.225,0.068,5,189.4402917,-14.6397778
g1238005-200751,1,0.475,0.107,0.087,0.159,0.120,0.079,0.200,0.099,5,189.5020833,-20.1307500
g1238153-103715,1,0.750,0.103,0.096,0.097,0.270,0.050,0.350,0.071,5,189.5635833,-10.6209444
g1238184-413012,1,1.000,0.043,-0.108,0.046,0.300,0.027,0.175,0.029,3,189.5767083,-41.5033333
g1238285-285618,1,0.850,0.115,-0.045,0.096,0.180,0.046,0.125,0.080,8,189.6188333,-28.9382778
g1238326-103158,1,0.825,0.110,-0.333,0.119,0.380,0.070,0.025,0.067,6,189.6356250,-10.5327222
g1239040-060210,1,0.225,0.108,0.560,0.211,-0.090,0.068,0.475,0.168,6,189.7665833,-6.0361111
g1239052-201117,2,0.375,0.107,0.105,0.176,0.340,0.058,0.425,0.153,5,189.7716667,-20.1881667
g1239400-154339,1,0.950,0.074,-0.421,0.080,0.420,0.055,-0.025,0.045,4,189.9167917,-15.7274167
g1239449-343425,1,0.200,0.052,0.084,0.139,0.150,0.062,0.225,0.097,3,189.9371667,-34.5735278
g1239479-101823,1,1.175,0.102,-0.429,0.122,0.270,0.066,-0.175,0.077,10,189.9494167,-10.3064722
g1239494-442324,1,0.950,0.078,-0.045,0.092,0.180,0.058,0.125,0.056,2,189.9558333,-44.3899444
g1239522-423916,1,0.525,0.085,-0.070,0.111,0.340,0.063,0.250,0.067,5,189.9673333,-42.6544167
g1239578-105632,1,0.725,0.126,-0.104,0.103,0.270,0.054,0.150,0.073,5,189.9909583,-10.9420833
g1239593-402054,1,1.175,0.016,-0.439,0.093,0.360,0.071,-0.100,0.039,7,189.9968750,-40.3482222
g1240013-112110,1,0.550,0.112,0.132,0.157,-0.060,0.090,0.075,0.099,2,190.0052500,-11.3526667
g1240208-142432,1,0.625,0.108,0.109,0.127,0.150,0.064,0.250,0.085,4,190.0866250,-14.4087500
g1240237-523548,1,0.500,0.127,-0.070,0.165,0.180,0.084,0.100,0.101,10,190.0987083,-52.5967500
g1240407-085201,1,0.775,0.106,0.105,0.097,0.180,0.053,0.275,0.068,5,190.1697083,-8.8668611
g1240537-443851,1,0.775,0.128,0.122,0.146,0.030,0.073,0.150,0.096,4,190.2236667,-44.6475833
g1240540-413624,1,0.400,0.062,0.123,0.095,0.400,0.033,0.500,0.085,2,190.2250417,-41.6066389
g1241012-063947,1,0.925,0.086,-0.145,0.087,0.180,0.051,0.025,0.053,2,190.2547917,-6.6631667
g1241031-101806,1,0.925,0.083,-0.223,0.083,0.210,0.051,-0.025,0.048,0,190.2627083,-10.3016944
g1241037-051321,1,0.700,0.137,0.407,0.131,-0.060,0.075,0.350,0.093,7,190.2653750,-5.2224722
g1241047-093350,1,0.800,0.137,0.340,0.112,0.090,0.055,0.425,0.076,4,190.2695000,-9.5638611
g1241123-165640,1,0.950,0.081,-0.912,0.146,0.650,0.104,-0.300,0.059,6,190.3012083,-16.9445278
g1241131-124327,1,0.550,0.140,-0.370,0.167,0.340,0.086,-0.050,0.102,8,190.3047500,-12.7242778
g1241133-105709,1,0.475,0.097,0.027,0.148,0.210,0.065,0.225,0.097,5,190.3054167,-10.9525833
g1241145-103043,1,1.175,0.008,-0.671,0.061,0.500,0.048,-0.200,0.024,9,190.3103750,-10.5120556
g1241182-083711,1,0.250,0.074,0.062,0.191,0.120,0.102,0.175,0.139,6,190.3257500,-8.6198056
g1241217-105730,1,1.175,0.010,-0.358,0.057,0.300,0.046,-0.075,0.030,7,190.3402083,-10.9581944
g1241232-110919,1,0.725,0.143,0.297,0.140,0.030,0.063,0.325,0.096,3,190.3464583,-11.1553889
g1241254-123945,1,1.175,0.037,-0.454,0.099,0.270,0.079,-0.200,0.038,8,190.3558333,-12.6626111
g1241280-162922,1,0.525,0.127,0.117,0.165,0.300,0.050,0.400,0.134,6,190.3664583,-16.4894167
g1241304-112210,1,0.350,0.139,0.583,0.168,-0.300,0.057,0.300,0.158,5,190.3766667,-11.3694722
g1241364-112330,1,0.750,0.103,0.115,0.121,0.090,0.061,0.200,0.076,3,190.4017917,-11.3917500
g1241402-123807,1,0.450,0.108,-0.152,0.158,0.400,0.079,0.225,0.100,5,190.4173750,-12.6351667
g1241487-112739,1,0.525,0.128,0.021,0.178,0.270,0.084,0.275,0.124,3,190.4529167,-11.4608611
g1241599-394901,1,0.875,0.135,0.066,0.131,-0.150,0.078,-0.075,0.083,8,190.4995417,-39.8170556
g1242016-202436,1,0.775,0.084,-0.310,0.108,0.090,0.074,-0.225,0.052,5,190.5066250,-20.4100278
g1242082-062246,1,0.475,0.133,0.258,0.124,-0.300,0.047,-0.025,0.103,5,190.5342917,-6.3795556
g1242084-172057,1,0.700,0.106,-0.051,0.110,0.320,0.062,0.250,0.067,5,190.5351667,-17.3492222
g1242088-154917,1,0.275,0.066,-0.008,0.151,0.300,0.069,0.275,0.110,2,190.5366667,-15.8213889
g1242125-172413,1,0.225,0.030,0.118,0.079,0.060,0.050,0.175,0.046,3,190.5520833,-17.4035556
g1242150-464830,1,0.350,0.063,-0.060,0.116,0.090,0.079,0.025,0.065,1,190.5624167,-46.8082222
g1242183-054706,1,0.850,0.126,-0.226,0.147,0.320,0.086,0.075,0.090,4,190.5761667,-5.7850278
g1242284-105356,1,1.100,0.037,-0.020,0.069,0.180,0.046,0.150,0.037,6,190.6181667,-10.8988333
g1242297-473329,1,0.400,0.109,-0.075,0.190,0.000,0.103,-0.075,0.108,5,190.6238750,-47.5581389
g1242360-112410,1,0.725,0.150,-0.183,0.175,0.460,0.075,0.250,0.121,5,190.6497917,-11.4027222
g1242376-404439,1,1.175,0.000,-0.176,0.044,0.320,0.035,0.125,0.027,4,190.6567500,-40.7442222
g1242391-112822,1,1.100,0.061,-0.271,0.072,0.500,0.048,0.200,0.039,5,190.6628333,-11.4728056
g1242394-025242,1,0.800,0.147,-0.076,0.161,0.320,0.070,0.225,0.106,8,190.6641250,-2.8782778
g1242416-112849,1,1.000,0.095,-0.308,0.110,0.300,0.064,-0.025,0.068,3,190.6731667,-11.4801667
g1242508-302435,1,0.875,0.076,-0.185,0.071,0.090,0.046,-0.100,0.040,3,190.7115833,-30.4096667
g1242582-113532,1,0.675,0.133,0.372,0.122,0.030,0.053,0.400,0.091,4,190.7426250,-11.5922500
g1243056-412132,1,0.425,0.056,-0.070,0.081,0.340,0.041,0.250,0.050,2,190.7732083,-41.3589167
g1243110-171436,1,1.175,0.027,-0.195,0.083,0.340,0.058,0.125,0.039,1,190.7959583,-17.2433056
g1243166-061941,1,0.575,0.149,0.124,0.161,0.320,0.060,0.425,0.124,6,190.8190833,-6.3280278
g1243191-105351,1,0.725,0.105,0.382,0.097,-0.060,0.046,0.325,0.070,5,190.8293750,-10.8973889
g1243193-063904,1,0.775,0.117,0.022,0.140,0.030,0.072,0.050,0.082,4,190.8302917,-6.6510000
g1243491-404253,1,0.975,0.044,-0.201,0.050,0.240,0.032,0.025,0.034,2,190.9546250,-40.7146111
g1244030-214058,1,0.550,0.095,0.199,0.106,0.240,0.050,0.425,0.085,3,191.0126667,-21.6827500
g1244042-014321,1,0.600,0.118,0.068,0.141,0.060,0.077,0.125,0.101,4,191.0172917,-1.7224444
g1244100-414460,1,1.000,0.035,-0.113,0.050,0.120,0.033,0.000,0.028,3,191.0416667,-41.7499444
g1244193-071160,1,0.850,0.109,0.255,0.100,0.180,0.051,0.425,0.064,4,191.0805417,-7.1999167
g1244265-323219,1,1.175,0.004,-0.226,0.062,0.320,0.051,0.075,0.031,4,191.1105417,-32.5387222
g1244280-154303,1,0.800,0.136,0.098,0.127,-0.210,0.063,-0.100,0.092,7,191.1168333,-15.7174167
g1244323-070610,1,1.125,0.056,-1.004,0.100,0.800,0.080,-0.250,0.042,9,191.1347500,-7.1028611
g1244449-362945,1,1.175,0.020,-0.452,0.081,0.480,0.063,0.000,0.036,7,191.1869167,-36.4959444
g1245054-430523,1,0.750,0.133,0.240,0.128,0.090,0.064,0.325,0.090,8,191.2723333,-43.0895833
g1245136-124634,1,0.675,0.093,0.074,0.081,0.320,0.037,0.375,0.059,4,191.3067083,-12.7759722
g1245177-363527,1,0.775,0.121,-0.102,0.115,0.400,0.054,0.275,0.082,6,191.3236667,-36.5907778
g1245218-120552,1,0.600,0.130,0.049,0.144,0.320,0.064,0.350,0.107,5,191.3406667,-12.0978889
g1245341-080530,1,0.575,0.185,0.208,0.234,-0.300,0.080,-0.075,0.225,8,191.3921667,-8.0917500
g1245524-014049,1,0.825,0.140,0.400,0.130,0.000,0.055,0.400,0.087,8,191.4681250,-1.6802778
g1245548-211144,1,0.625,0.093,-0.138,0.101,0.120,0.055,-0.025,0.067,2,191.4782500,-21.1956111
g1245548-324605,1,0.450,0.108,0.028,0.167,-0.030,0.099,0.000,0.095,6,191.4781250,-32.7680000
g1245590-072710,1,1.050,0.069,0.210,0.078,-0.090,0.049,0.125,0.046,8,191.4958333,-7.4526944
g1246239-122840,1,0.800,0.122,0.067,0.107,0.300,0.044,0.350,0.073,5,191.5994167,-12.4777778
g1246260-404509,1,0.625,0.071,0.118,0.081,0.060,0.039,0.175,0.058,3,191.6084583,-40.7525278
g1246295-122818,1,0.900,0.159,0.047,0.189,0.030,0.091,0.075,0.136,8,191.6229167,-12.4715278
g1246446-014552,1,0.625,0.142,0.093,0.172,0.060,0.077,0.150,0.120,7,191.6857083,-1.7644444
g1246463-212335,1,0.700,0.061,-0.101,0.076,0.240,0.043,0.125,0.047,1,191.6929583,-21.3929444
g1246522-130104,1,1.050,0.028,-0.458,0.096,0.460,0.078,-0.025,0.035,5,191.7175417,-13.0176389
g1247174-450233,1,1.075,0.050,-0.279,0.071,0.270,0.050,-0.025,0.041,6,191.8223750,-45.0425556
g1247178-073954,1,0.900,0.098,0.127,0.090,0.210,0.047,0.325,0.060,6,191.8242917,-7.6648611
g1247230-161744,1,0.400,0.090,0.002,0.128,0.210,0.073,0.200,0.098,5,191.8457083,-16.2954722
g1247304-310935,1,0.200,0.075,0.341,0.199,-0.150,0.089,0.200,0.139,4,191.8767083,-31.1598056
g1247430-211712,1,0.900,0.118,-0.121,0.112,0.420,0.064,0.275,0.076,8,191.9290833,-21.2866667
g1247480-360419,1,0.375,0.076,0.218,0.097,0.060,0.049,0.275,0.068,4,191.9498750,-36.0720278
g1247486-151957,1,0.750,0.116,-0.120,0.125,0.180,0.080,0.050,0.078,6,191.9524167,-15.3324167
g1247525-151035,1,0.700,0.104,-0.164,0.133,0.440,0.065,0.250,0.080,5,191.9685417,-15.1763333
g1248126-214253,1,1.075,0.035,-0.095,0.062,0.180,0.046,0.075,0.039,5,192.0522917,-21.7148056
g1248216-414252,1,0.475,0.065,0.340,0.076,0.090,0.033,0.425,0.060,3,192.0897917,-41.7143611
g1248222-170117,1,0.725,0.150,0.432,0.153,-0.060,0.067,0.375,0.111,7,192.0923333,-17.0214444
g1248246-421300,1,0.800,0.089,-0.126,0.090,0.240,0.056,0.100,0.054,2,192.1026667,-42.2166944
g1248273-115420,1,1.125,0.036,-0.496,0.082,0.500,0.060,-0.025,0.039,3,192.1139167,-11.9055000
g1248534-121024,1,1.050,0.050,-0.377,0.090,0.480,0.058,0.075,0.044,6,192.2224583,-12.1734167
g1249064-414956,1,0.900,0.077,-0.095,0.077,0.180,0.048,0.075,0.043,3,192.2767500,-41.8323333
g1249109-151136,1,0.250,0.047,0.147,0.118,0.030,0.082,0.175,0.082,6,192.2954583,-15.1933611
g1249128-215728,1,0.250,0.150,0.030,0.296,0.340,0.149,0.350,0.199,7,192.3031667,-21.9578611
g1249181-213524,1,0.475,0.105,0.215,0.124,0.090,0.050,0.300,0.103,2,192.3252917,-21.5899167
g1249190-090630,1,0.550,0.103,-0.054,0.112,0.270,0.055,0.200,0.071,6,192.3290000,-9.1084167
g1249198-091732,1,1.100,0.023,-0.504,0.070,0.270,0.058,-0.250,0.028,3,192.3326667,-9.2921944
g1249267-412746,1,0.900,0.076,-0.370,0.097,0.180,0.072,-0.200,0.043,4,192.3610833,-41.4628611
g1249335-440357,1,0.850,0.109,0.237,0.092,0.120,0.043,0.350,0.068,8,192.3895833,-44.0659167
g1249345-410318,1,1.075,0.008,-0.176,0.044,0.240,0.036,0.050,0.021,0,192.3939167,-41.0548611
g1249472-145842,1,0.200,0.057,0.365,0.161,0.090,0.053,0.450,0.147,3,192.4465833,-14.9784167
g1249516-411335,1,0.750,0.077,-0.229,0.087,0.270,0.052,0.025,0.050,3,192.4649583,-41.2262778
g1249542-411646,1,0.775,0.069,-0.151,0.060,0.320,0.034,0.150,0.040,4,192.4757083,-41.2793333
g1249598-315802,1,1.150,0.029,-0.370,0.066,0.340,0.050,-0.050,0.034,2,192.4991250,-31.9672778
g1250018-151255,1,0.425,0.085,-0.271,0.152,0.500,0.079,0.200,0.096,5,192.5073750,-15.2151389
g1250039-412255,1,0.725,0.109,0.305,0.079,0.180,0.033,0.475,0.059,6,192.5163750,-41.3820278
g1250116-145557,1,0.475,0.122,-0.023,0.157,0.210,0.081,0.175,0.117,9,192.5482917,-14.9324722
g1250230-182528,1,0.700,0.100,-0.108,0.128,0.380,0.067,0.250,0.075,4,192.5957083,-18.4243333
g1250344-412815,1,0.450,0.054,-0.073,0.091,0.210,0.054,0.125,0.053,4,192.6434167,-41.4709167
g1250466-415338,1,0.825,0.084,-0.166,0.077,0.150,0.043,-0.025,0.047,3,192.6941250,-41.8939444
g1250534-182916,1,0.675,0.110,0.205,0.108,0.180,0.046,0.375,0.077,5,192.7223333,-18.4878611
g1251009-414321,1,1.100,0.017,-0.558,0.073,0.380,0.059,-0.200,0.026,2,192.7537500,-41.7224444
g1251013-142004,1,0.475,0.132,0.167,0.172,0.300,0.068,0.450,0.166,8,192.7554167,-14.3343333
g1251155-150233,1,0.625,0.114,0.099,0.114,0.320,0.046,0.400,0.082,5,192.8143750,-15.0424167
g1251159-074613,1,1.075,0.040,-0.548,0.106,0.210,0.091,-0.350,0.041,5,192.8160417,-7.7702778
g1251317-183112,1,0.750,0.116,-0.083,0.120,0.380,0.060,0.275,0.077,4,192.8819167,-18.5200556
g1251318-262708,1,0.350,0.064,0.149,0.092,0.320,0.035,0.450,0.078,7,192.8826667,-26.4520833
g1251324-131948,1,1.125,0.009,-0.473,0.063,0.210,0.051,-0.275,0.025,8,192.8849583,-13.3300278
g1251371-082437,1,1.175,0.032,-0.476,0.062,0.320,0.052,-0.175,0.028,4,192.9045000,-8.4102222
g1251451-133607,1,1.100,0.029,-0.295,0.082,0.340,0.062,0.025,0.036,7,192.9378333,-13.6018056
g1251565-413221,1,0.625,0.098,0.049,0.123,0.240,0.055,0.275,0.085,5,192.9852917,-41.5390556
g1252084-215154,1,1.025,0.018,0.024,0.038,0.240,0.026,0.250,0.023,2,193.0349583,-21.8651111
g1252096-140860,1,0.425,0.093,-0.226,0.144,0.320,0.096,0.075,0.084,3,193.0398333,-14.1499722
g1252129-132439,1,0.625,0.111,-0.220,0.118,0.180,0.082,-0.050,0.077,5,193.0538750,-13.4108056
g1252156-080758,1,0.675,0.061,0.090,0.066,0.090,0.034,0.175,0.045,5,193.0651250,-8.1328611
g1252160-412326,1,0.425,0.071,0.340,0.083,0.090,0.040,0.425,0.085,7,193.0666667,-41.3905000
g1252351-311558,1,1.100,0.049,0.102,0.066,0.210,0.051,0.300,0.029,6,193.1460833,-31.2660278
g1252381-214424,1,0.800,0.171,-0.579,0.190,0.800,0.096,0.175,0.139,8,193.1585833,-21.7399722
g1252534-451422,1,1.175,0.022,-0.471,0.090,0.420,0.073,-0.075,0.044,6,193.2222917,-45.2394444
g1252579-152050,1,0.675,0.102,-0.129,0.109,0.270,0.057,0.125,0.075,2,193.2411250,-15.3471389
g1253038-152702,1,1.125,0.036,-0.421,0.104,0.420,0.079,-0.025,0.041,8,193.2657500,-15.4504722
g1253038-193638,1,1.000,0.058,-0.076,0.064,0.320,0.042,0.225,0.041,6,193.2656250,-19.6106389
g1253068-155123,1,0.675,0.134,0.137,0.128,0.120,0.063,0.250,0.095,7,193.2782500,-15.8563889
g1253072-102939,1,1.175,0.000,-0.129,0.039,0.270,0.030,0.125,0.023,4,193.2801250,-10.4942778
g1253285-153030,1,0.350,0.162,0.337,0.191,0.120,0.079,0.450,0.164,9,193.3686667,-15.5082778
g1253290-153200,1,1.175,0.017,-0.558,0.070,0.460,0.054,-0.125,0.031,8,193.3707500,-15.5333333
g1253293-052547,1,1.175,0.009,-0.458,0.045,0.300,0.040,-0.175,0.023,3,193.3722500,-5.4297222
g1253322-093229,1,1.025,0.034,-0.176,0.053,0.240,0.041,0.050,0.027,4,193.3839583,-9.5415000
g1253330-321945,1,0.925,0.088,-0.323,0.093,0.210,0.061,-0.125,0.065,3,193.3873750,-32.3291389
g1253361-101756,1,1.175,0.004,-0.085,0.059,0.090,0.051,0.000,0.031,6,193.4003750,-10.2988056
g1253418-045305,1,0.750,0.070,-0.035,0.075,0.090,0.042,0.050,0.047,1,193.4240417,-4.8848333
g1253427-003359,1,-0.175,0.057,0.099,0.168,0.240,0.082,0.325,0.108,9,193.4277083,-0.5664167
g1253471-151446,1,1.025,0.076,0.222,0.098,0.030,0.064,0.250,0.055,6,193.4461667,-15.2460833
g1253494-155851,1,0.975,0.081,-0.057,0.089,0.060,0.063,0.000,0.055,5,193.4559167,-15.9807500
g1253533-150630,1,0.850,0.109,-0.079,0.105,0.270,0.055,0.175,0.068,6,193.4721250,-15.1082222
g1253585-084633,1,1.000,0.051,-0.208,0.061,0.300,0.036,0.075,0.040,2,193.4939167,-8.7757222
g1254004-164745,1,0.625,0.103,0.205,0.110,0.180,0.056,0.375,0.075,8,193.5015000,-16.7956944
g1254043-133506,1,1.150,0.022,-0.100,0.058,0.000,0.049,-0.100,0.026,5,193.5180417,-13.5851111
g1254057-160501,1,0.200,0.062,0.341,0.147,-0.150,0.066,0.200,0.108,7,193.5238333,-16.0836667
g1254091-011527,1,1.050,0.034,-0.258,0.069,0.300,0.054,0.025,0.036,5,193.5379583,-1.2575278
g1254199-090704,1,1.025,0.033,-0.158,0.059,0.300,0.046,0.125,0.030,2,193.5827500,-9.1177222
g1254248-305337,1,0.775,0.135,-0.389,0.172,0.360,0.107,-0.050,0.089,8,193.6035000,-30.8936944
g1254324-065134,1,0.875,0.076,0.002,0.063,0.210,0.033,0.200,0.045,3,193.6350833,-6.8594167
g1254332-193538,1,0.775,0.118,-0.060,0.130,0.090,0.069,0.025,0.098,6,193.6382083,-19.5937778
g1254344-144719,1,0.625,0.102,-0.254,0.122,0.270,0.073,0.000,0.076,7,193.6433333,-14.7886667
g1254355-454732,1,0.675,0.153,0.084,0.167,0.150,0.075,0.225,0.121,5,193.6480833,-45.7922500
g1254370-103647,1,0.700,0.055,0.184,0.062,0.150,0.032,0.325,0.043,4,193.6542500,-10.6130556
g1254371-181830,1,1.150,0.006,-0.048,0.061,0.210,0.051,0.150,0.033,3,193.6546667,-18.3082778
g1254392-181424,1,1.050,0.044,-0.477,0.065,0.480,0.060,-0.025,0.034,6,193.6635000,-18.2400833
g1254402-173134,1,1.100,0.080,-0.033,0.089,0.300,0.055,0.250,0.064,9,193.6676667,-17.5261667
g1254425-165412,1,0.450,0.068,-0.189,0.105,0.360,0.068,0.150,0.060,7,193.6772083,-16.9032500
g1254436-124539,1,1.075,0.014,-0.051,0.039,0.240,0.031,0.175,0.021,2,193.6814583,-12.7607778
g1254436-163003,1,0.975,0.084,-0.439,0.112,0.440,0.078,-0.025,0.052,3,193.6817917,-16.5008056
g1254445-171711,1,0.525,0.107,0.293,0.126,0.060,0.073,0.350,0.108,7,193.6853750,-17.2863056
g1254463-215219,1,0.675,0.110,-0.058,0.128,0.300,0.065,0.225,0.082,7,193.6927083,-21.8720000
g1254467-130515,1,0.975,0.081,-0.348,0.083,0.210,0.050,-0.150,0.047,2,193.6946667,-13.0874444
g1254505-140727,1,1.175,0.000,-0.229,0.050,0.270,0.042,0.025,0.025,6,193.7105000,-14.1241389
g1254557-100405,1,0.950,0.052,-0.035,0.062,0.090,0.041,0.050,0.037,3,193.7322083,-10.0681389
g1255007-455420,1,1.025,0.099,-0.476,0.140,0.320,0.092,-0.175,0.079,7,193.7528333,-45.9056389
g1255029-454943,1,0.400,0.074,-0.123,0.117,0.210,0.068,0.075,0.087,7,193.7618750,-45.8286944
g1255037-122949,1,0.775,0.070,0.218,0.067,0.060,0.037,0.275,0.047,4,193.7654167,-12.4970556
g1255105-123631,1,1.175,0.000,-0.141,0.040,0.150,0.036,0.000,0.020,7,193.7937500,-12.6084722
g1255290-095601,1,1.175,0.004,-0.208,0.062,0.300,0.049,0.075,0.036,4,193.8707083,-9.9335556
g1255371-132347,1,1.175,0.004,-0.198,0.045,0.210,0.038,0.000,0.023,6,193.9047500,-13.3962500
g1255381-003527,1,0.425,0.089,0.177,0.127,0.210,0.050,0.375,0.096,5,193.9089167,-0.5906944
g1255435-152105,1,0.675,0.123,0.084,0.138,0.150,0.086,0.225,0.097,6,193.9312917,-15.3515000
g1255464-113234,1,0.425,0.057,-0.070,0.090,0.180,0.053,0.100,0.051,4,193.9432500,-11.5426944
g1255477-182414,1,0.900,0.115,0.152,0.080,0.210,0.037,0.350,0.061,3,193.9488750,-18.4040000
g1255494-165732,1,0.725,0.118,0.049,0.118,0.240,0.055,0.275,0.076,4,193.9556250,-16.9589167
g1255500-131917,1,0.600,0.091,-0.003,0.098,0.030,0.047,0.025,0.065,2,193.9581667,-13.3214444
g1256012-493548,1,1.175,0.129,-0.027,0.104,0.400,0.058,0.350,0.086,10,194.0050833,-49.5965556
g1256046-170733,1,1.075,0.037,-0.346,0.087,0.420,0.068,0.050,0.041,3,194.0192917,-17.1256944
g1256071-165650,1,0.850,0.119,0.265,0.098,0.090,0.048,0.350,0.070,6,194.0295417,-16.9471944
g1256178-115219,1,0.500,0.069,0.018,0.105,0.060,0.064,0.075,0.065,7,194.0740833,-11.8719722
g1256420-170135,1,0.725,0.111,-0.323,0.134,0.210,0.086,-0.125,0.089,8,194.1750833,-17.0264722
g1256444-182738,1,0.675,0.105,-0.098,0.113,0.210,0.073,0.100,0.079,9,194.1851250,-18.4604167
g1256524-414750,1,0.850,0.074,0.090,0.073,0.090,0.041,0.175,0.049,2,194.2181667,-41.7971944
g1256540-174205,1,0.675,0.130,0.099,0.129,0.240,0.055,0.325,0.092,5,194.2247917,-17.7015000
g1256541-330013,1,1.125,0.025,-0.003,0.071,0.030,0.068,0.025,0.038,3,194.2252917,-33.0034722
g1256549-312715,1,0.900,0.098,-0.051,0.087,0.320,0.048,0.250,0.061,6,194.2288333,-31.4540833
g1256580-154925,1,0.750,0.140,0.105,0.152,0.180,0.071,0.275,0.101,4,194.2416667,-15.8235278
g1257006-134310,1,1.175,0.015,-0.546,0.076,0.420,0.060,-0.150,0.031,7,194.2523333,-13.7193333
g1257037-104543,1,0.250,0.068,-0.083,0.121,0.300,0.065,0.200,0.074,6,194.2655417,-10.7618333
g1257048-302820,1,1.100,0.077,0.312,0.085,0.120,0.051,0.425,0.054,10,194.2699167,-30.4720833
g1257049-131004,1,0.600,0.096,0.078,0.101,-0.030,0.055,0.050,0.070,4,194.2704167,-13.1676667
g1257059-121620,1,1.175,0.025,-0.570,0.077,0.340,0.067,-0.250,0.031,6,194.2746250,-12.2721111
g1257082-323045,1,0.775,0.086,-0.032,0.083,0.060,0.047,0.025,0.054,2,194.2843333,-32.5126111
g1257116-172434,1,0.825,0.148,0.017,0.129,0.300,0.063,0.300,0.086,3,194.2982917,-17.4095556
g1257121-170917,1,1.075,0.042,-0.154,0.079,0.270,0.061,0.100,0.042,5,194.3005833,-17.1548056
g1257122-133953,1,1.175,0.008,-0.183,0.038,0.300,0.029,0.100,0.024,7,194.3010000,-13.6648333
g1257123-323101,1,0.900,0.093,-0.198,0.111,0.210,0.072,0.000,0.064,5,194.3012917,-32.5168056
g1257151-172050,1,1.175,0.009,-0.779,0.061,0.800,0.052,-0.025,0.030,10,194.3127917,-17.3473056
g1257177-063232,1,0.800,0.100,-0.251,0.106,0.240,0.065,-0.025,0.053,3,194.3236250,-6.5423333
g1257194-173223,1,1.175,0.058,-0.152,0.086,0.400,0.061,0.225,0.042,4,194.3306250,-17.5395833
g1257200-203925,1,1.075,0.039,-0.188,0.069,0.120,0.056,-0.075,0.035,1,194.3333333,-20.6569167
g1257217-154741,1,1.150,0.041,0.121,0.050,0.270,0.033,0.375,0.032,6,194.3403333,-15.7947500
g1257225-044109,1,0.325,0.056,0.326,0.118,-0.240,0.075,0.100,0.068,8,194.3438750,-4.6859167
g1257245-134415,1,1.175,0.013,-0.245,0.074,-0.090,0.066,-0.330,0.026,8,194.3520000,-13.7375000
g1257255-173923,1,0.700,0.135,-0.356,0.165,0.590,0.081,0.200,0.104,8,194.3562500,-17.6564722
g1257265-032927,1,0.875,0.073,-0.035,0.065,0.090,0.035,0.050,0.042,1,194.3602917,-3.4909167
g1257279-194129,1,0.975,0.048,-0.066,0.046,0.150,0.031,0.075,0.034,2,194.3662500,-19.6912778
g1257291-175620,1,1.100,0.038,-0.104,0.084,0.270,0.061,0.150,0.042,7,194.3711250,-17.9387778
g1257293-182449,1,0.725,0.118,0.134,0.120,0.150,0.049,0.275,0.092,3,194.3720417,-18.4134722
g1257367-271732,1,0.850,0.073,-0.010,0.069,0.090,0.039,0.075,0.041,1,194.4028750,-27.2921389
g1257475-394542,1,0.700,0.054,-0.195,0.063,0.340,0.037,0.125,0.038,5,194.4480833,-39.7616944
g1257486-175604,1,0.550,0.114,-0.089,0.162,0.360,0.066,0.250,0.123,4,194.4523333,-17.9345000
g1257492-173243,1,0.525,0.107,0.205,0.125,0.180,0.057,0.375,0.097,5,194.4549583,-17.5452778
g1257493-172034,1,0.775,0.150,0.400,0.129,0.000,0.060,0.400,0.091,6,194.4554583,-17.3426389
g1257562-130336,1,0.475,0.061,0.272,0.070,0.030,0.036,0.300,0.051,3,194.4840000,-13.0600833
g1258008-033716,1,0.725,0.072,-0.016,0.083,0.150,0.046,0.125,0.050,5,194.5034167,-3.6211389
g1258049-172716,1,0.975,0.070,-0.189,0.078,0.360,0.053,0.150,0.045,5,194.5204167,-17.4543889
g1258088-492425,1,0.875,0.169,0.062,0.174,0.120,0.078,0.175,0.125,9,194.5366667,-49.4068611
g1258105-100928,1,1.025,0.044,-0.421,0.072,0.500,0.048,0.050,0.039,7,194.5436250,-10.1578611
g1258191-171837,1,0.775,0.105,-0.151,0.106,0.320,0.059,0.150,0.068,3,194.5796250,-17.3102500
g1258387-453638,1,0.925,0.080,-0.301,0.085,0.240,0.050,-0.075,0.047,2,194.6612917,-45.6106667
g1258419-320718,1,0.750,0.097,0.071,0.091,0.270,0.047,0.325,0.058,5,194.6747083,-32.1215833
g1258449-280955,1,0.700,0.156,0.287,0.143,0.120,0.055,0.400,0.113,7,194.6870000,-28.1653333
g1258493-465434,1,0.200,0.057,-0.176,0.184,0.320,0.139,0.125,0.104,8,194.7052083,-46.9093333
g1258498-175059,1,0.475,0.093,0.023,0.126,0.400,0.053,0.400,0.102,4,194.7074583,-17.8497222
g1258509-435230,1,1.150,0.010,-0.013,0.044,0.120,0.037,0.100,0.028,8,194.7121667,-43.8750833
g1258547-005822,1,0.300,0.053,0.018,0.125,0.060,0.077,0.075,0.070,3,194.7277083,-0.9727778
g1259034-054352,1,0.250,0.102,0.280,0.218,0.180,0.064,0.450,0.188,6,194.7643333,-5.7311111
g1259043-145339,1,0.675,0.113,0.074,0.087,0.240,0.038,0.300,0.069,8,194.7680833,-14.8942222
g1259050-030844,1,0.275,0.075,-0.474,0.207,0.530,0.135,0.025,0.096,5,194.7709583,-3.1456111
g1259060-173756,1,0.425,0.091,0.024,0.141,0.240,0.074,0.250,0.097,8,194.7748333,-17.6321944
g1259080-105451,1,1.100,0.060,0.057,0.092,-0.060,0.067,0.000,0.047,9,194.7833750,-10.9140833
g1259123-192543,1,0.725,0.125,0.012,0.130,0.120,0.094,0.125,0.086,8,194.8012917,-19.4285278
g1259169-165533,1,0.100,0.057,0.027,0.142,0.210,0.074,0.225,0.084,4,194.8203333,-16.9258611
g1259185-131352,1,0.925,0.070,-0.138,0.064,0.120,0.038,-0.025,0.042,1,194.8268750,-13.2310278
g1259274-192028,1,0.675,0.159,0.030,0.183,0.340,0.071,0.350,0.136,6,194.8642500,-19.3410278
g1259278-191938,1,1.150,0.034,-0.196,0.064,0.500,0.049,0.275,0.029,3,194.8656667,-19.3272222
g1259296-052344,1,0.200,0.065,0.077,0.140,0.210,0.071,0.275,0.108,7,194.8735000,-5.3956389
g1259472-193217,1,0.875,0.128,0.002,0.133,0.210,0.073,0.200,0.082,2,194.9467500,-19.5380556
g1259476-485425,1,0.300,0.094,0.334,0.171,0.150,0.050,0.475,0.154,3,194.9482500,-48.9069444
g1300154-130025,1,0.700,0.075,-0.057,0.087,0.060,0.049,0.000,0.057,3,195.0640417,-13.0070556
g1300178-333812,1,0.325,0.104,0.532,0.160,-0.060,0.073,0.475,0.142,9,195.0740833,-33.6365278
g1300202-060614,1,1.175,0.007,-0.232,0.056,0.060,0.069,-0.175,0.045,9,195.0840417,-6.1038333
g1300210-315710,1,0.750,0.134,-0.321,0.147,0.500,0.070,0.150,0.093,4,195.0874167,-31.9526667
g1300320-452453,1,0.650,0.066,-0.148,0.075,0.210,0.043,0.050,0.053,4,195.1332500,-45.4146667
g1300345-765338,1,0.825,0.141,-0.151,0.164,0.320,0.091,0.150,0.109,6,195.1437917,-76.8938056
g1300375-074841,1,0.475,0.112,0.012,0.177,0.120,0.091,0.125,0.128,8,195.1562500,-7.8113889
g1300488-120025,1,1.150,0.021,-0.345,0.054,0.180,0.044,-0.175,0.026,4,195.2031667,-12.0070278
g1301262-131635,1,0.650,0.112,0.049,0.135,0.240,0.069,0.275,0.092,5,195.3590000,-13.2762500
g1301282-043247,1,0.275,0.035,0.055,0.093,0.340,0.043,0.375,0.069,5,195.3676250,-4.5464444
g1301292-321960,1,0.725,0.122,0.029,0.093,0.420,0.049,0.425,0.067,7,195.3717500,-32.3333056
g1301313-274428,2,1.000,0.140,-0.199,0.122,0.530,0.071,0.300,0.099,7,195.3805417,-27.7411389
g1301321-321728,1,0.925,0.059,-0.051,0.057,0.320,0.033,0.250,0.039,5,195.3838750,-32.2910556
g1301321-484815,1,0.325,0.089,-0.040,0.206,-0.090,0.119,-0.125,0.121,6,195.3836250,-48.8041944
g1301417-305445,1,0.850,0.081,0.224,0.048,0.240,0.027,0.450,0.041,3,195.4237083,-30.9123611
g1301510-434248,1,0.625,0.070,-0.138,0.077,0.120,0.047,-0.025,0.050,4,195.4626250,-43.7132778
g1301517-412416,1,0.450,0.093,-0.533,0.182,0.380,0.117,-0.175,0.095,6,195.4653333,-41.4043333
g1301558-165851,1,1.175,0.009,-0.107,0.079,0.060,0.058,-0.050,0.040,6,195.4826667,-16.9807778
g1301564-292425,1,1.125,0.110,0.047,0.145,0.030,0.083,0.075,0.092,9,195.4848333,-29.4070556
g1302012-162850,1,0.900,0.111,-0.533,0.109,0.460,0.074,-0.100,0.061,4,195.5047917,-16.4805278
g1302019-424617,1,0.675,0.084,0.168,0.088,0.060,0.039,0.225,0.068,4,195.5077083,-42.7714167
g1302074-074239,1,1.000,0.069,-0.053,0.079,0.030,0.051,-0.025,0.044,4,195.5307917,-7.7107778
g1302142-124628,1,0.275,0.047,0.021,0.111,0.270,0.060,0.275,0.070,4,195.5589583,-12.7743333
g1302520-465054,1,0.425,0.131,0.326,0.161,-0.240,0.069,0.100,0.118,3,195.7165000,-46.8482500
g1302560-501246,1,0.925,0.120,-0.108,0.139,0.300,0.071,0.175,0.086,5,195.7335000,-50.2126667
g1303012-325027,1,1.050,0.031,0.059,0.050,0.150,0.037,0.200,0.030,2,195.7551250,-32.8408056
g1303046-165446,1,0.950,0.065,-0.726,0.104,0.420,0.076,-0.330,0.053,4,195.7691250,-16.9127778
g1303064-055841,1,0.575,0.080,-0.154,0.100,0.270,0.052,0.100,0.067,4,195.7764583,-5.9780000
g1303104-195710,1,1.025,0.047,-0.339,0.072,0.440,0.053,0.075,0.038,9,195.7932083,-19.9526944
g1303236-115109,1,0.950,0.108,-0.073,0.110,0.210,0.053,0.125,0.074,6,195.8482500,-11.8525833
g1303251-441208,1,0.700,0.106,0.275,0.113,0.000,0.056,0.275,0.080,6,195.8546250,-44.2023056
g1303346-790210,1,0.500,0.127,-0.091,0.198,0.150,0.109,0.050,0.120,5,195.8942500,-79.0361944
g1303372-235507,1,0.500,0.117,-0.409,0.175,0.620,0.094,0.175,0.101,8,195.9048333,-23.9186111
g1303438-164812,1,1.025,0.068,0.184,0.075,0.150,0.048,0.325,0.047,4,195.9325000,-16.8033333
g1303465-050801,1,0.725,0.123,-0.291,0.131,0.150,0.077,-0.150,0.071,3,195.9436250,-5.1334722
g1303469-164748,1,0.700,0.115,0.243,0.125,0.060,0.064,0.300,0.088,8,195.9452083,-16.7966389
g1303488-194616,1,1.175,0.023,-0.571,0.084,0.420,0.071,-0.175,0.033,9,195.9532917,-19.7711944
g1303562-191934,1,1.175,0.012,0.135,0.079,-0.090,0.065,0.050,0.036,7,195.9841667,-19.3261667
g1304006-302209,1,0.800,0.081,-0.032,0.071,0.060,0.043,0.025,0.043,2,196.0025833,-30.3690278
g1304068-123024,1,0.800,0.122,-0.138,0.121,0.120,0.069,-0.025,0.074,4,196.0281667,-12.5066944
g1304301-445916,1,1.175,0.004,-0.195,0.053,0.340,0.045,0.125,0.024,6,196.1252917,-44.9876667
g1304302-321505,1,0.850,0.081,0.115,0.071,0.090,0.035,0.200,0.057,4,196.1257500,-32.2514167
g1304315-301014,1,1.025,0.025,-0.126,0.040,0.320,0.030,0.175,0.023,1,196.1312083,-30.1706389
g1304386-171820,1,0.300,0.042,0.103,0.098,-0.030,0.063,0.075,0.057,2,196.1606667,-17.3056111
g1304396-221143,1,0.875,0.088,-0.579,0.067,0.800,0.034,0.175,0.047,9,196.1651667,-22.1952778
g1304417-162930,1,0.850,0.148,0.121,0.131,0.270,0.053,0.375,0.088,4,196.1739167,-16.4917778
g1304422-114821,1,0.500,0.103,-0.038,0.145,0.120,0.080,0.075,0.083,3,196.1756667,-11.8058056
g1304501-304448,1,0.150,0.084,0.122,0.225,0.030,0.117,0.150,0.140,8,196.2087917,-30.7467222
g1304537-341707,1,0.900,0.098,-0.170,0.098,0.180,0.068,0.000,0.053,10,196.2238750,-34.2853056
g1304559-320611,1,1.025,0.039,0.005,0.067,0.180,0.048,0.175,0.035,2,196.2329583,-32.1031667
g1304575-314331,1,0.250,0.126,0.357,0.255,-0.060,0.104,0.300,0.184,8,196.2395000,-31.7252778
g1305046-464725,1,0.275,0.035,-0.128,0.116,0.030,0.077,-0.100,0.063,4,196.2691667,-46.7902222
g1305131-112131,1,0.050,0.077,0.378,0.181,-0.030,0.072,0.350,0.157,2,196.3044583,-11.3585556
g1305183-423529,1,0.225,0.050,-0.298,0.191,0.210,0.125,-0.100,0.097,3,196.3260417,-42.5914444
g1305411-422142,1,1.125,0.011,0.040,0.062,0.090,0.038,0.125,0.035,4,196.4212083,-42.3616111
g1305438-313140,1,0.125,0.062,0.021,0.164,0.270,0.067,0.275,0.140,7,196.4322917,-31.5276389
g1306019-135109,1,1.000,0.069,-0.634,0.102,0.620,0.070,-0.050,0.049,6,196.5079583,-13.8525000
g1306046-113344,1,1.075,0.105,0.168,0.115,0.060,0.058,0.225,0.079,6,196.5190833,-11.5621667
g1306048-294515,1,0.850,0.069,-0.171,0.076,0.420,0.048,0.225,0.039,7,196.5200000,-29.7542778
g1306082-373548,1,1.000,0.077,0.074,0.066,0.320,0.041,0.375,0.042,4,196.5342083,-37.5965278
g1306083-052240,1,0.950,0.145,0.199,0.110,0.240,0.054,0.425,0.093,7,196.5345417,-5.3778333
g1306097-341900,1,1.150,0.018,-0.076,0.048,0.240,0.038,0.150,0.027,6,196.5403333,-34.3167222
g1306098-135043,1,0.250,0.047,0.147,0.125,0.030,0.064,0.175,0.075,2,196.5407083,-13.8451389
g1306105-373509,1,0.225,0.028,-0.041,0.089,0.150,0.065,0.100,0.041,9,196.5436250,-37.5857500
g1306128-211138,1,1.125,0.041,-0.458,0.094,0.380,0.076,-0.100,0.036,10,196.5533333,-21.1940000
g1306174-074542,1,1.025,0.077,0.003,0.093,-0.030,0.064,-0.025,0.054,2,196.5725833,-7.7617222
g1306176-290902,1,0.850,0.101,-0.223,0.124,0.210,0.072,-0.025,0.067,4,196.5731667,-29.1506111
g1306197-130251,1,0.900,0.075,-0.429,0.084,0.270,0.051,-0.175,0.045,3,196.5821250,-13.0475278
g1306214-123125,1,0.475,0.071,0.034,0.097,0.150,0.055,0.175,0.062,8,196.5889583,-12.5236667
g1306264-374632,1,0.650,0.129,0.005,0.143,0.340,0.060,0.325,0.106,7,196.6100833,-37.7755556
g1306291-301008,1,0.800,0.116,0.193,0.101,0.060,0.050,0.250,0.076,7,196.6214167,-30.1689722
g1306406-381632,1,1.125,0.012,-0.376,0.046,0.240,0.040,-0.150,0.020,3,196.6691667,-38.2755278
g1306569-201453,1,0.750,0.110,0.441,0.085,-0.150,0.041,0.300,0.068,8,196.7370417,-20.2480556
g1307089-314047,1,1.175,0.053,-0.448,0.105,0.210,0.079,-0.250,0.053,10,196.7870833,-31.6798333
g1307160-154340,1,0.850,0.083,0.077,0.095,0.210,0.051,0.275,0.054,7,196.8167083,-15.7276944
g1307166-190140,1,0.425,0.095,0.243,0.126,0.060,0.058,0.300,0.101,5,196.8189583,-19.0277222
g1307177-205849,1,0.350,0.062,-0.276,0.134,0.320,0.080,0.025,0.077,6,196.8236667,-20.9801944
g1307227-190332,1,0.875,0.135,-0.183,0.142,0.300,0.078,0.100,0.090,7,196.8445833,-19.0590000
g1307300-303719,1,0.925,0.109,-0.120,0.113,0.180,0.062,0.050,0.071,7,196.8750417,-30.6218333
g1307326-505733,1,0.700,0.144,-0.358,0.192,0.030,0.124,-0.330,0.129,6,196.8856250,-50.9592500
g1307370-484255,1,0.800,0.119,-0.678,0.153,0.560,0.106,-0.150,0.078,9,196.9042917,-48.7152778
g1307437-123333,1,1.075,0.011,-0.129,0.058,0.270,0.044,0.125,0.022,4,196.9320417,-12.5590556
g1307439-192344,1,1.050,0.055,-0.383,0.086,0.300,0.065,-0.100,0.041,6,196.9328750,-19.3956111
g1307502-050103,1,0.875,0.092,-0.070,0.087,0.180,0.046,0.100,0.053,1,196.9591667,-5.0174722
g1307547-314642,1,0.600,0.086,0.049,0.099,0.320,0.044,0.350,0.070,4,196.9779583,-31.7781944
g1307550-212342,1,1.075,0.055,-0.420,0.093,0.340,0.083,-0.100,0.053,8,196.9791250,-21.3951111
g1308109-125849,1,0.500,0.090,-0.139,0.150,0.360,0.071,0.200,0.110,4,197.0452917,-12.9801389
g1308126-173608,1,0.400,0.087,0.115,0.116,0.090,0.059,0.200,0.081,4,197.0524167,-17.6021944
g1308162-380146,1,0.800,0.116,0.012,0.141,0.120,0.074,0.125,0.089,8,197.0672917,-38.0294167
g1308286-062211,1,1.175,0.045,0.124,0.075,0.240,0.060,0.350,0.044,8,197.1192083,-6.3696944
g1308297-122633,1,0.700,0.134,-0.254,0.176,0.270,0.119,0.000,0.097,7,197.1236250,-12.4424722
g1308353-320853,1,0.675,0.109,-0.048,0.141,0.210,0.073,0.150,0.084,3,197.1472500,-32.1480278
g1308359-744452,1,1.000,0.088,-0.370,0.114,0.340,0.078,-0.050,0.056,4,197.1493750,-74.7476944
g1308376-211214,1,0.850,0.134,-0.531,0.132,0.590,0.104,0.025,0.064,8,197.1567083,-21.2039444
g1308395-430116,1,0.675,0.151,0.180,0.125,0.340,0.039,0.500,0.103,3,197.1645833,-43.0209722
g1308514-445018,1,0.700,0.088,-0.032,0.092,0.060,0.052,0.025,0.060,6,197.2140833,-44.8384444
g1308544-220346,1,0.525,0.091,-0.174,0.104,0.530,0.051,0.325,0.089,8,197.2267500,-22.0626944
g1309116-752236,1,1.175,0.023,-0.637,0.088,0.650,0.072,-0.025,0.034,9,197.2982500,-75.3765556
g1309161-052347,1,0.275,0.042,0.152,0.094,0.210,0.043,0.350,0.079,7,197.3169167,-5.3964167
g1309347-380415,1,0.900,0.091,0.072,0.089,0.030,0.053,0.100,0.057,5,197.3944583,-38.0708889
g1309370-245052,1,0.775,0.136,0.187,0.133,0.120,0.068,0.300,0.090,6,197.4039583,-24.8476389
g1309400-122019,1,0.625,0.120,0.002,0.147,0.210,0.070,0.200,0.104,5,197.4165000,-12.3387222
g1309458-732138,1,0.400,0.078,0.005,0.119,0.180,0.057,0.175,0.074,5,197.4409583,-73.3605833
g1309470-423857,1,0.600,0.123,-0.088,0.162,0.120,0.092,0.025,0.089,7,197.4456667,-42.6490556
g1309508-303054,1,1.125,0.006,-0.576,0.055,0.320,0.045,-0.275,0.024,2,197.4614583,-30.5150556
g1310161-325242,1,0.875,0.103,-0.038,0.091,0.120,0.073,0.075,0.066,4,197.5671667,-32.8784167
g1310199-215306,1,1.175,0.060,-0.372,0.119,-0.030,0.108,-0.400,0.054,8,197.5830417,-21.8848889
g1310238-214103,1,0.725,0.105,-0.114,0.088,0.360,0.043,0.225,0.064,9,197.5990000,-21.6841389
g1310370-371760,1,0.275,0.057,0.125,0.138,0.000,0.074,0.125,0.085,4,197.6540833,-37.2999722
g1310455-123455,1,0.225,0.066,0.055,0.177,0.180,0.072,0.225,0.135,2,197.6894167,-12.5818333
g1310510-121823,1,0.775,0.159,0.290,0.147,0.090,0.061,0.375,0.110,3,197.7125833,-12.3064722
g1311018-443533,1,0.625,0.112,-0.097,0.135,-0.030,0.082,-0.125,0.084,9,197.7575417,-44.5925278
g1311281-123714,1,1.100,0.022,-0.341,0.064,0.150,0.056,-0.200,0.027,4,197.8670833,-12.6206111
g1311331-003626,1,1.175,0.008,-0.346,0.058,0.500,0.044,0.125,0.031,5,197.8877500,-0.6072222
g1311458-191542,1,0.800,0.077,-0.091,0.071,0.150,0.033,0.050,0.050,2,197.9407083,-19.2617500
g1311510-215151,1,1.000,0.093,-0.979,0.122,0.800,0.081,-0.225,0.074,7,197.9623333,-21.8642222
g1311513-363537,1,1.000,0.052,-0.170,0.063,0.340,0.047,0.150,0.040,3,197.9637917,-36.5936389
g1311546-124120,1,1.000,0.100,0.257,0.117,-0.060,0.079,0.200,0.070,10,197.9776667,-12.6889444
g1312019-225332,1,0.375,0.090,0.212,0.127,0.120,0.054,0.325,0.104,5,198.0078333,-22.8922500
g1312057-363751,1,0.700,0.160,0.117,0.155,0.300,0.066,0.400,0.124,4,198.0235833,-36.6308056
g1312118-433331,1,0.725,0.137,-0.420,0.170,0.180,0.101,-0.250,0.091,5,198.0490000,-43.5585278
g1312136-331940,1,1.175,0.050,-0.188,0.086,0.120,0.057,-0.075,0.050,5,198.0565000,-33.3276667
g1312181-125251,1,0.975,0.060,-0.391,0.078,0.150,0.053,-0.250,0.044,1,198.0754583,-12.8806944
g1312519-430546,1,0.700,0.061,0.177,0.054,0.210,0.030,0.375,0.034,1,198.2160833,-43.0962222
g1312545-164557,1,1.075,0.038,-0.291,0.051,0.150,0.040,-0.150,0.025,2,198.2270833,-16.7658333
g1312595-330010,1,1.175,0.010,0.009,0.055,0.150,0.041,0.150,0.032,5,198.2477500,-33.0028056
g1313018-123646,1,0.400,0.096,-0.349,0.167,0.530,0.094,0.150,0.092,5,198.2574583,-12.6128611
g1313121-431447,1,0.500,0.064,0.278,0.081,-0.030,0.043,0.250,0.049,1,198.3005417,-43.2464722
g1313124-364322,1,1.025,0.021,-0.051,0.040,0.240,0.032,0.175,0.022,5,198.3017083,-36.7228056
g1313215-443127,1,0.975,0.100,-0.133,0.098,0.300,0.058,0.150,0.061,8,198.3394167,-44.5242778
g1313228-364116,1,0.375,0.085,-0.138,0.170,0.120,0.102,-0.025,0.092,3,198.3450000,-36.6877778
g1313230-230256,1,0.250,0.072,-0.013,0.188,0.120,0.098,0.100,0.125,8,198.3458333,-23.0488889
g1313249-335230,1,0.200,0.054,0.297,0.167,0.030,0.064,0.325,0.134,4,198.3535417,-33.8748889
g1313256-473036,1,0.825,0.131,0.046,0.112,0.270,0.062,0.300,0.077,8,198.3565417,-47.5100833
g1313398-325037,1,1.050,0.093,-0.004,0.094,0.270,0.045,0.250,0.069,9,198.4156250,-32.8436944
g1313406-461549,1,1.100,0.018,-0.176,0.069,0.240,0.055,0.050,0.029,4,198.4190000,-46.2635556
g1313453-050448,1,0.950,0.094,0.175,0.085,0.000,0.047,0.175,0.061,3,198.4387917,-5.0800833
g1313459-130233,1,0.975,0.048,0.127,0.054,0.210,0.034,0.325,0.033,5,198.4412083,-13.0423611
g1313462-315454,1,0.900,0.107,-0.202,0.123,0.400,0.068,0.175,0.070,5,198.4425833,-31.9151111
g1313520-130927,1,0.950,0.080,-0.370,0.093,0.180,0.064,-0.200,0.048,1,198.4664583,-13.1574444
g1313574-335506,1,0.850,0.145,0.162,0.143,0.120,0.077,0.275,0.087,6,198.4893333,-33.9183611
g1314036-374749,1,0.825,0.108,-0.051,0.110,0.240,0.056,0.175,0.074,5,198.5150000,-37.7968611
g1314068-335308,1,0.800,0.129,0.212,0.118,0.120,0.054,0.325,0.076,6,198.5283333,-33.8855000
g1314136-425741,1,0.750,0.078,0.049,0.087,0.240,0.045,0.275,0.051,5,198.5568333,-42.9612778
g1314149-232326,1,0.600,0.105,0.335,0.097,-0.090,0.048,0.250,0.082,6,198.5620417,-23.3904722
g1314426-364218,1,0.275,0.097,0.132,0.202,-0.060,0.104,0.075,0.124,7,198.6773750,-36.7050278
g1314561-133141,1,0.300,0.096,-0.014,0.174,0.440,0.066,0.400,0.144,8,198.7339167,-13.5281389
g1315008-131616,1,0.725,0.147,0.142,0.114,0.300,0.046,0.425,0.090,6,198.7532083,-13.2711667
g1315068-370834,1,0.550,0.076,0.027,0.094,0.210,0.049,0.225,0.059,2,198.7784583,-37.1428056
g1315198-103515,1,0.700,0.135,0.142,0.123,0.300,0.060,0.425,0.087,7,198.8325417,-10.5873611
g1315217-345603,1,0.375,0.070,0.027,0.103,0.210,0.069,0.225,0.117,8,198.8405000,-34.9342222
g1315273-324236,1,1.175,0.063,-0.639,0.087,0.360,0.070,-0.300,0.045,7,198.8637500,-32.7100278
g1315363-314526,1,0.475,0.167,-0.033,0.286,0.300,0.128,0.250,0.176,8,198.9013333,-31.7571667
g1315369-050804,1,0.650,0.146,-0.014,0.161,0.440,0.067,0.400,0.120,7,198.9037083,-5.1345556
g1315370-732214,1,0.500,0.089,-0.345,0.120,0.340,0.072,-0.025,0.066,1,198.9042500,-73.3705278
g1316022-013323,1,0.150,0.069,0.309,0.176,0.150,0.065,0.450,0.150,5,199.0093333,-1.5564722
g1316034-145327,1,0.900,0.126,-0.041,0.112,0.150,0.053,0.100,0.082,3,199.0142083,-14.8909444
g1316055-371959,1,0.575,0.070,-0.052,0.087,0.400,0.045,0.325,0.053,6,199.0230000,-37.3329167
g1316180-203356,1,1.125,0.044,-0.858,0.106,0.380,0.080,-0.500,0.051,8,199.0749583,-20.5656667
g1316495-174741,1,0.625,0.160,0.124,0.157,0.320,0.056,0.425,0.121,10,199.2061667,-17.7946111
g1317004-332809,1,0.775,0.100,0.097,0.099,0.030,0.059,0.125,0.067,7,199.2517917,-33.4691111
g1317353-220147,1,0.550,0.136,-0.027,0.156,0.480,0.051,0.425,0.137,6,199.3971667,-22.0298056
g1317407-141515,1,0.625,0.119,0.127,0.150,0.210,0.086,0.325,0.084,6,199.4196250,-14.2541667
g1317453-241911,1,1.150,0.023,0.046,0.057,0.270,0.044,0.300,0.027,5,199.4385417,-24.3196389
g1317461-153031,1,1.175,0.060,-0.614,0.131,0.360,0.108,-0.275,0.045,7,199.4420833,-15.5085278
g1317475-373939,1,0.875,0.091,-0.108,0.092,0.380,0.056,0.250,0.058,4,199.4480833,-37.6607778
g1317519-142141,1,0.575,0.155,0.227,0.151,0.210,0.063,0.425,0.127,8,199.4663333,-14.3612500
g1318018-365701,1,1.025,0.066,-0.383,0.077,0.300,0.050,-0.100,0.042,4,199.5073333,-36.9502222
g1318051-265014,1,0.475,0.066,0.121,0.073,0.270,0.023,0.375,0.062,5,199.5211250,-26.8372222
g1318124-154126,1,1.150,0.045,0.141,0.077,-0.150,0.057,0.000,0.053,5,199.5516250,-15.6905000
g1318198-325717,1,1.000,0.060,-0.126,0.089,0.240,0.052,0.100,0.057,3,199.5823333,-32.9547500
g1318205-165519,1,1.125,0.032,-0.874,0.112,0.530,0.096,-0.375,0.045,5,199.5852917,-16.9219444
g1318236-352731,1,0.525,0.079,-0.027,0.057,0.480,0.032,0.425,0.051,10,199.5984167,-35.4586667
g1318257-352109,1,0.975,0.047,-0.226,0.055,0.240,0.032,0.000,0.036,3,199.6071250,-35.3524722
g1318352-391822,1,0.475,0.088,0.215,0.108,0.090,0.043,0.300,0.085,4,199.6465417,-39.3060833
g1318533-371622,1,0.675,0.116,-0.026,0.148,0.240,0.078,0.200,0.086,7,199.7219583,-37.2728611
g1318564-145413,1,0.775,0.127,-0.070,0.127,0.180,0.067,0.100,0.084,7,199.7350833,-14.9035278
g1318574-001154,1,0.200,0.096,0.125,0.272,0.000,0.144,0.125,0.244,10,199.7389583,-0.1983611
g1318599-475431,1,0.750,0.077,-0.028,0.075,0.030,0.035,0.000,0.050,5,199.7497083,-47.9086667
g1319009-471528,1,0.725,0.078,-0.026,0.077,0.320,0.041,0.275,0.052,9,199.7538750,-47.2577778
g1319126-123224,1,0.725,0.127,-0.220,0.132,0.180,0.068,-0.050,0.077,3,199.8023750,-12.5398889
g1319150-371047,1,0.800,0.123,0.297,0.126,0.030,0.059,0.325,0.086,6,199.8124583,-37.1796389
g1319197-332808,1,0.800,0.123,-0.712,0.148,0.650,0.096,-0.100,0.068,6,199.8319583,-33.4688056
g1319211-433858,1,0.675,0.127,-0.033,0.119,0.460,0.059,0.400,0.111,9,199.8379583,-43.6493889
g1319258-324933,1,0.525,0.097,0.030,0.122,0.180,0.065,0.200,0.084,2,199.8574167,-32.8257500
g1319292-333106,1,1.000,0.072,-0.198,0.107,0.210,0.072,0.000,0.067,9,199.8714583,-33.5182222
g1319320-242903,1,1.175,0.004,-0.033,0.036,0.300,0.043,0.250,0.040,10,199.8832500,-24.4842222
g1319341-144622,1,0.850,0.164,0.146,0.117,0.270,0.052,0.400,0.091,3,199.8921667,-14.7728333
g1319388-284424,1,0.575,0.086,0.140,0.118,0.090,0.055,0.225,0.079,4,199.9115417,-28.7400556
g1319439-380936,1,0.750,0.111,-0.033,0.119,0.300,0.070,0.250,0.070,7,199.9328750,-38.1600556
g1319500-272436,1,0.350,0.043,0.472,0.071,0.030,0.030,0.500,0.059,5,199.9585000,-27.4100833
g1320046-170718,1,1.175,0.000,-0.085,0.056,0.090,0.043,0.000,0.030,6,200.0193333,-17.1217500
g1320169-214939,1,0.500,0.070,0.277,0.074,0.210,0.030,0.475,0.063,6,200.0702083,-21.8273611
g1320295-305347,1,0.125,0.052,-0.108,0.113,0.380,0.045,0.250,0.090,9,200.1228750,-30.8963333
g1320440-140559,1,0.925,0.068,0.002,0.080,0.210,0.050,0.200,0.048,2,200.1835000,-14.0998333
g1320469-140450,1,1.125,0.000,-0.151,0.033,0.240,0.029,0.075,0.019,3,200.1952083,-14.0806667
g1320475-271735,1,0.625,0.098,-0.020,0.120,0.180,0.061,0.150,0.080,2,200.1977500,-27.2931667
g1320507-471306,1,1.100,0.019,-0.373,0.056,0.210,0.045,-0.175,0.023,5,200.2110833,-47.2183056
g1321060-735160,1,0.400,0.101,0.249,0.154,0.240,0.053,0.475,0.139,7,200.2750833,-73.8665833
g1321083-133907,1,0.425,0.101,0.235,0.117,-0.090,0.070,0.150,0.082,4,200.2844167,-13.6519444
g1321224-354804,1,0.900,0.094,-0.039,0.109,0.360,0.067,0.300,0.062,6,200.3432500,-35.8011944
g1321258-174747,1,0.450,0.088,-0.326,0.150,0.240,0.091,-0.100,0.076,3,200.3573333,-17.7963611
g1321265-081128,1,0.600,0.132,0.115,0.162,0.090,0.089,0.200,0.139,9,200.3603750,-8.1911944
g1321298-290124,1,0.525,0.105,0.212,0.122,0.120,0.054,0.325,0.087,2,200.3739583,-29.0233611
g1321305-020844,1,1.100,0.028,0.036,0.069,0.360,0.053,0.375,0.031,7,200.3771250,-2.1455000
g1321307-354739,1,1.100,0.035,-0.204,0.059,0.270,0.051,0.050,0.039,4,200.3779167,-35.7942222
g1321367-161709,1,1.175,0.022,-0.233,0.086,0.300,0.062,0.050,0.041,5,200.4030000,-16.2859444
g1321462-272549,1,0.925,0.060,0.105,0.057,0.180,0.027,0.275,0.039,5,200.4423333,-27.4303889
g1321468-414407,1,1.150,0.014,0.052,0.059,0.210,0.052,0.250,0.024,1,200.4448333,-41.7352778
g1321475-140601,1,1.175,0.015,-0.383,0.072,0.380,0.054,-0.025,0.034,6,200.4480000,-14.1003611
g1321517-174015,1,0.275,0.077,0.330,0.175,0.180,0.058,0.500,0.148,3,200.4655000,-17.6707222
g1321558-343637,1,0.675,0.092,-0.001,0.107,0.240,0.051,0.225,0.072,6,200.4822917,-34.6103611
g1322112-160605,1,0.575,0.075,-0.195,0.093,0.340,0.058,0.125,0.061,5,200.5467083,-16.1013333
g1322157-172138,1,1.100,0.036,-0.195,0.095,0.180,0.071,-0.025,0.050,3,200.5653333,-17.3605833
g1322336-104631,1,1.125,0.021,-0.771,0.067,0.500,0.053,-0.300,0.031,5,200.6401667,-10.7753611
g1322350-392254,1,0.500,0.104,0.162,0.145,0.120,0.060,0.275,0.105,5,200.6456667,-39.3816944
g1322370-130356,1,0.725,0.116,-0.060,0.122,0.090,0.061,0.025,0.080,2,200.6542917,-13.0656111
g1322548-350255,1,0.250,0.072,0.105,0.170,0.180,0.080,0.275,0.109,4,200.7282083,-35.0487222
g1322557-314417,1,0.850,0.135,-0.023,0.133,0.210,0.065,0.175,0.093,5,200.7320417,-31.7379444
g1322565-125753,1,1.175,0.000,-0.154,0.042,0.270,0.034,0.100,0.028,4,200.7354583,-12.9647222
g1323024-345247,1,1.150,0.000,-0.060,0.034,0.090,0.033,0.025,0.018,2,200.7600833,-34.8796389
g1323030-345907,1,0.700,0.112,-0.195,0.135,0.180,0.083,-0.025,0.073,2,200.7626250,-34.9851667
g1323030-413359,1,0.925,0.101,0.187,0.093,0.120,0.045,0.300,0.061,3,200.7623750,-41.5663889
g1323184-193712,1,0.675,0.087,0.096,0.084,0.270,0.038,0.350,0.061,4,200.8264583,-19.6199722
g1323280-240329,1,1.075,0.016,-0.051,0.054,0.240,0.038,0.175,0.031,3,200.8667500,-24.0581389
g1323378-263645,1,0.500,0.117,0.199,0.111,0.320,0.054,0.500,0.102,5,200.9075000,-26.6125833
g1323388-260038,1,0.850,0.082,0.024,0.081,0.240,0.044,0.250,0.052,3,200.9116250,-26.0106667
g1323406-343905,1,0.775,0.146,-0.291,0.169,0.150,0.108,-0.150,0.089,4,200.9190833,-34.6515000
g1323561-190639,1,1.000,0.067,-0.066,0.068,0.150,0.041,0.075,0.042,2,200.9836250,-19.1107500
g1323576-313845,1,1.150,0.025,-0.091,0.063,0.150,0.048,0.050,0.037,4,200.9900833,-31.6458611
g1323593-194646,1,0.725,0.130,-0.454,0.181,0.270,0.116,-0.200,0.085,5,200.9969167,-19.7794167
g1324172-463839,1,1.075,0.027,-0.208,0.081,0.300,0.058,0.075,0.035,4,201.0715000,-46.6440833
g1324192-170742,1,0.900,0.096,-0.091,0.097,0.150,0.057,0.050,0.057,2,201.0799583,-17.1283333
g1324228-314224,1,0.950,0.056,0.027,0.069,0.210,0.046,0.225,0.040,1,201.0948333,-31.7066111
g1324260-314118,1,0.625,0.143,-0.279,0.199,0.270,0.116,-0.025,0.100,3,201.1081250,-31.6881944
g1324272-101237,1,0.900,0.072,-0.126,0.072,0.240,0.042,0.100,0.045,2,201.1131667,-10.2102222
g1324503-301828,1,0.800,0.085,0.092,0.060,0.300,0.027,0.375,0.041,5,201.2094583,-30.3077778
g1325004-271409,1,1.175,0.044,-0.837,0.093,0.650,0.064,-0.225,0.040,5,201.2515417,-27.2357222
g1325059-153335,1,0.850,0.108,-0.033,0.084,0.380,0.047,0.325,0.054,10,201.2745000,-15.5596944
g1325125-333920,1,0.400,0.086,0.130,0.121,0.180,0.056,0.300,0.088,3,201.3022083,-33.6555278
g1325199-092440,1,0.675,0.115,0.165,0.123,0.090,0.056,0.250,0.080,2,201.3330833,-9.4111944
g1325354-130819,1,1.175,0.054,-0.445,0.093,0.180,0.079,-0.275,0.042,6,201.3974583,-13.1385278
g1325379-264754,1,0.850,0.124,-0.296,0.120,0.500,0.067,0.175,0.074,7,201.4079167,-26.7982778
g1325446-213239,1,1.000,0.064,-0.054,0.069,0.270,0.042,0.200,0.044,5,201.4357917,-21.5442222
g1325450-283035,1,0.725,0.094,-0.035,0.114,0.090,0.063,0.050,0.067,3,201.4372917,-28.5098333
g1325503-320854,1,0.900,0.090,0.077,0.095,0.210,0.047,0.275,0.062,3,201.4595417,-32.1483333
g1325518-004045,1,0.650,0.168,0.067,0.172,0.300,0.065,0.350,0.127,3,201.4657500,-0.6790556
g1325525-141860,1,0.675,0.090,0.125,0.092,0.000,0.060,0.125,0.066,3,201.4687917,-14.3165556
g1325580-120929,1,0.925,0.097,-0.075,0.085,0.000,0.057,-0.075,0.060,3,201.4914583,-12.1580556
g1326013-225535,1,0.975,0.066,0.010,0.073,-0.090,0.048,-0.075,0.047,4,201.5054583,-22.9264722
g1326078-194636,1,0.700,0.064,0.134,0.069,0.150,0.033,0.275,0.047,3,201.5325000,-19.7766944
g1326083-210204,1,1.000,0.050,-0.245,0.057,0.180,0.045,-0.075,0.033,1,201.5345000,-21.0344722
g1326106-264937,1,0.850,0.092,0.112,0.083,0.120,0.041,0.225,0.057,5,201.5442500,-26.8268056
g1326106-272539,1,0.900,0.098,-0.008,0.090,0.300,0.046,0.275,0.058,2,201.5441250,-27.4273889
g1326162-123658,1,0.850,0.113,-0.082,0.116,0.060,0.073,-0.025,0.067,4,201.5675417,-12.6162222
g1326170-193807,1,0.975,0.058,0.049,0.046,0.240,0.027,0.275,0.033,2,201.5708333,-19.6352222
g1326205-223753,1,0.950,0.069,0.084,0.074,0.150,0.043,0.225,0.045,6,201.5853750,-22.6313611
g1326217-335207,1,1.175,0.005,-0.489,0.041,0.360,0.038,-0.150,0.019,4,201.5905833,-33.8684722
g1326225-250106,1,0.450,0.097,0.130,0.115,0.180,0.056,0.300,0.095,8,201.5939167,-25.0183333
g1326277-462904,1,0.750,0.134,0.190,0.140,0.090,0.066,0.275,0.092,4,201.6154167,-46.4845000
g1326288-194010,1,0.725,0.119,0.196,0.108,0.270,0.049,0.450,0.079,2,201.6198750,-19.6693333
g1326307-275112,1,1.175,0.005,-0.158,0.051,0.300,0.040,0.125,0.026,4,201.6277500,-27.8533611
g1326307-461333,1,1.000,0.075,-0.270,0.107,0.340,0.093,0.050,0.069,10,201.6278750,-46.2258333
g1326315-461400,1,0.950,0.093,0.257,0.111,-0.060,0.061,0.200,0.070,8,201.6312500,-46.2333333
g1326318-301322,1,0.625,0.076,0.134,0.087,0.150,0.040,0.275,0.061,4,201.6326667,-30.2227778
g1326352-264431,1,1.075,0.020,-0.201,0.049,0.240,0.039,0.025,0.030,2,201.6468333,-26.7418056
g1326375-121926,1,1.025,0.034,0.077,0.049,0.210,0.033,0.275,0.025,5,201.6562500,-12.3238889
g1326405-122437,1,0.775,0.095,0.034,0.098,0.150,0.050,0.175,0.065,2,201.6687083,-12.4102222
g1326422-312858,1,0.600,0.108,-0.183,0.142,0.300,0.082,0.100,0.080,2,201.6757500,-31.4827500
g1326453-273026,1,0.900,0.109,-0.127,0.099,0.480,0.065,0.325,0.060,7,201.6885833,-27.5071111
g1326469-210235,1,0.775,0.099,0.102,0.082,0.210,0.040,0.300,0.055,3,201.6952083,-21.0430833
g1326545-315814,1,0.375,0.115,0.009,0.212,0.150,0.103,0.150,0.133,5,201.7270417,-31.9704444
g1326556-244245,1,0.625,0.131,0.160,0.139,-0.090,0.066,0.075,0.100,5,201.7316667,-24.7124722
g1327028-272607,1,0.825,0.107,0.062,0.100,0.120,0.058,0.175,0.065,2,201.7615417,-27.4352778
g1327065-113446,1,0.675,0.075,-0.127,0.088,0.400,0.047,0.250,0.055,2,201.7769583,-11.5795278
g1327066-315140,1,0.475,0.115,0.122,0.171,0.030,0.093,0.150,0.102,3,201.7775833,-31.8610833
g1327248-114833,1,1.025,0.041,-0.276,0.052,0.320,0.028,0.025,0.034,2,201.8532917,-11.8091667
g1327296-312324,1,0.625,0.112,0.029,0.112,0.420,0.050,0.425,0.085,4,201.8734167,-31.3899722
g1327321-122952,1,1.075,0.008,-0.179,0.048,0.270,0.042,0.075,0.018,4,201.8837917,-12.4977222
g1327357-270234,1,0.900,0.085,0.099,0.070,0.240,0.038,0.325,0.046,2,201.8987083,-27.0428333
g1327472-251816,1,0.950,0.083,-0.176,0.092,0.240,0.065,0.050,0.058,4,201.9466667,-25.3044722
g1327533-272413,1,0.950,0.076,0.022,0.088,0.030,0.056,0.050,0.051,5,201.9718750,-27.4035556
g1327543-293705,1,0.850,0.066,0.084,0.053,0.150,0.029,0.225,0.035,3,201.9763750,-29.6180278
g1327552-242957,1,1.000,0.094,-0.064,0.084,0.360,0.043,0.275,0.062,3,201.9797917,-24.4990556
g1327564-255122,1,0.650,0.152,0.011,0.157,0.440,0.057,0.425,0.123,9,201.9849583,-25.8562222
g1327569-310053,1,0.675,0.147,0.297,0.149,0.030,0.056,0.325,0.110,9,201.9871667,-31.0146111
g1328001-162122,1,1.075,0.041,-0.173,0.060,0.210,0.042,0.025,0.036,4,202.0003333,-16.3561667
g1328055-210810,1,1.125,0.030,-0.091,0.066,0.150,0.052,0.050,0.038,2,202.0227083,-21.1360278
g1328057-292530,1,0.950,0.054,-0.289,0.048,0.360,0.032,0.050,0.029,3,202.0239167,-29.4250833
g1328100-170654,1,0.350,0.054,0.383,0.088,-0.300,0.042,0.100,0.062,8,202.0417917,-17.1148889
g1328103-430352,1,0.475,0.130,0.100,0.167,0.000,0.089,0.100,0.103,8,202.0427500,-43.0644722
g1328105-312310,2,0.775,0.121,-0.484,0.150,0.620,0.089,0.100,0.079,2,202.0436667,-31.3860556
g1328131-301433,1,0.775,0.122,0.134,0.108,0.150,0.049,0.275,0.075,4,202.0545833,-30.2424167
g1328142-275735,1,1.150,0.011,-0.396,0.069,0.420,0.063,0.000,0.027,4,202.0593333,-27.9596111
g1328147-243701,1,0.600,0.099,-0.722,0.112,0.740,0.064,-0.025,0.062,5,202.0614167,-24.6168333
g1328149-275836,1,0.575,0.078,-0.021,0.086,0.420,0.040,0.375,0.057,2,202.0621667,-27.9767222
g1328188-205423,1,0.825,0.130,-0.429,0.154,0.270,0.091,-0.175,0.078,4,202.0784583,-20.9064167
g1328256-160532,1,0.800,0.070,-0.066,0.074,0.150,0.036,0.075,0.048,2,202.1066250,-16.0923333
g1328273-441019,1,1.050,0.054,-0.060,0.074,0.090,0.040,0.025,0.048,2,202.1136667,-44.1720000
g1328329-283622,1,0.300,0.072,0.237,0.122,0.120,0.054,0.350,0.093,7,202.1370833,-28.6061667
g1328387-312049,1,0.400,0.101,-0.033,0.138,0.300,0.069,0.250,0.091,6,202.1612917,-31.3469722
g1328448-280149,1,0.525,0.091,0.259,0.094,0.150,0.041,0.400,0.072,3,202.1867500,-28.0303056
g1328543-312918,1,0.625,0.129,-0.033,0.149,0.300,0.067,0.250,0.106,4,202.2260417,-31.4882222
g1328550-174328,1,0.675,0.135,0.257,0.172,-0.060,0.072,0.200,0.113,8,202.2290000,-17.7243889
g1328568-280345,1,1.175,0.064,-0.401,0.106,0.240,0.074,-0.175,0.051,6,202.2365417,-28.0624722
g1329017-285023,1,0.300,0.089,0.155,0.189,0.340,0.053,0.475,0.161,4,202.2570833,-28.8396667
g1329019-314955,1,0.325,0.098,0.110,0.183,-0.090,0.097,0.025,0.110,4,202.2577500,-31.8319722
g1329021-190038,1,0.875,0.152,0.365,0.115,0.090,0.055,0.450,0.086,7,202.2587083,-19.0105278
g1329152-310745,1,1.100,0.036,-0.426,0.086,0.240,0.069,-0.200,0.040,7,202.3133333,-31.1290556
g1329170-320234,1,0.625,0.132,-0.076,0.173,0.240,0.083,0.150,0.114,2,202.3207917,-32.0427500
g1329202-293016,1,0.975,0.112,-0.370,0.157,0.180,0.107,-0.200,0.070,4,202.3340000,-29.5044167
g1329206-133633,1,1.075,0.058,0.118,0.084,0.060,0.061,0.175,0.061,10,202.3358750,-13.6092778
g1329281-313305,2,0.925,0.125,-0.045,0.142,0.180,0.075,0.125,0.083,4,202.3671667,-31.5512778
g1329282-300806,1,0.150,0.060,0.265,0.161,0.090,0.066,0.350,0.131,7,202.3672917,-30.1349444
g1329417-223656,1,0.725,0.082,-0.283,0.089,0.300,0.054,0.000,0.055,2,202.4238333,-22.6155556
g1329447-202346,1,1.175,0.016,-0.326,0.060,0.240,0.060,-0.100,0.032,3,202.4362917,-20.3961944
g1329477-280023,1,0.625,0.065,-0.077,0.070,0.400,0.036,0.300,0.045,7,202.4485833,-28.0063611
g1329483-311558,1,0.625,0.139,-0.562,0.183,0.650,0.108,0.050,0.092,6,202.4513333,-31.2662222
g1329509-293052,1,0.575,0.096,0.155,0.122,0.180,0.065,0.325,0.070,10,202.4620417,-29.5144167
g1329548-292949,1,0.850,0.108,-0.033,0.095,0.300,0.050,0.250,0.064,6,202.4783333,-29.4969167
g1329551-311956,1,0.975,0.069,-0.123,0.094,0.210,0.059,0.075,0.062,5,202.4796667,-31.3322778
g1330012-275830,1,0.675,0.129,-0.509,0.152,0.620,0.087,0.075,0.084,5,202.5050000,-27.9749167
g1330116-210042,1,0.625,0.080,-0.041,0.096,0.150,0.050,0.100,0.060,7,202.5484167,-21.0115833
g1330146-211311,1,0.725,0.097,0.028,0.094,-0.030,0.057,0.000,0.065,2,202.5610000,-21.2196389
g1330190-320155,1,0.625,0.129,-0.127,0.184,0.400,0.092,0.250,0.114,7,202.5792083,-32.0318611
g1330196-002647,1,1.000,0.091,-0.139,0.095,0.360,0.053,0.200,0.061,2,202.5817083,-0.4462778
g1330316-174123,1,0.550,0.113,0.263,0.172,-0.120,0.080,0.150,0.126,10,202.6317917,-17.6896944
g1330347-321551,1,0.775,0.071,-0.552,0.085,0.400,0.064,-0.175,0.039,8,202.6445417,-32.2641389
g1330365-321836,1,0.850,0.128,0.024,0.109,0.320,0.054,0.325,0.073,5,202.6520417,-32.3100278
g1330431-205706,1,1.075,0.006,-0.104,0.049,0.270,0.037,0.150,0.020,4,202.6795417,-20.9516667
g1330476-320236,1,0.850,0.161,-0.089,0.121,0.360,0.068,0.250,0.086,7,202.6982083,-32.0432500
g1330482-293931,1,1.000,0.071,-0.333,0.080,0.300,0.058,-0.050,0.050,1,202.7008333,-29.6586389
g1330496-280228,1,1.175,0.011,-0.370,0.072,0.340,0.057,-0.050,0.033,4,202.7065417,-28.0410833
g1330502-252606,1,0.825,0.166,-0.082,0.213,0.060,0.112,-0.025,0.140,6,202.7091250,-25.4349167
g1330535-221239,1,0.825,0.148,0.146,0.136,0.270,0.058,0.400,0.100,6,202.7228333,-22.2109167
g1330577-314921,1,0.400,0.088,0.257,0.124,-0.060,0.060,0.200,0.086,5,202.7405000,-31.8224444
g1331019-314347,1,1.125,0.046,-0.029,0.079,0.270,0.062,0.225,0.040,7,202.7580833,-31.7296944
g1331025-203153,1,0.900,0.076,-0.596,0.085,0.420,0.061,-0.200,0.040,4,202.7605000,-20.5314444
g1331032-160748,1,0.750,0.092,-0.141,0.107,0.150,0.063,0.000,0.057,4,202.7633750,-16.1301111
g1331037-314558,1,0.625,0.123,-0.202,0.178,0.400,0.105,0.175,0.098,6,202.7653333,-31.7662222
g1331063-761256,1,0.900,0.118,0.012,0.131,0.120,0.080,0.125,0.080,5,202.7764167,-76.2156667
g1331076-183227,1,0.950,0.096,-0.427,0.108,0.400,0.078,-0.050,0.054,5,202.7814583,-18.5409167
g1331112-131833,1,1.075,0.027,-0.048,0.072,0.210,0.053,0.150,0.035,3,202.7965000,-13.3091389
g1331257-302545,1,0.600,0.102,0.240,0.121,0.090,0.065,0.325,0.086,5,202.8570417,-30.4292222
g1331269-131904,1,0.600,0.164,0.048,0.158,0.480,0.062,0.500,0.138,8,202.8618750,-13.3177500
g1331275-314914,1,0.900,0.084,-0.189,0.093,0.440,0.057,0.225,0.054,6,202.8647083,-31.8206389
g1331323-134759,1,0.875,0.110,-0.401,0.133,0.320,0.086,-0.100,0.062,3,202.8844583,-13.7996667
g1331335-314846,1,1.000,0.092,-0.503,0.128,0.560,0.091,0.025,0.066,4,202.8896250,-31.8128611
g1331376-313306,1,0.925,0.085,-0.095,0.088,0.340,0.050,0.225,0.055,4,202.9065833,-31.5516944
g1331427-212442,1,1.100,0.016,-0.433,0.067,0.300,0.060,-0.150,0.031,3,202.9280000,-21.4116667
g1331444-413859,1,0.350,0.092,0.362,0.144,0.120,0.061,0.475,0.111,3,202.9347917,-41.6496111
g1331459-024247,1,0.625,0.081,-0.196,0.081,0.500,0.040,0.275,0.051,4,202.9412083,-2.7129444
g1331468-325340,1,0.775,0.135,0.127,0.109,0.210,0.039,0.325,0.083,3,202.9448333,-32.8944167
g1331486-154132,1,0.600,0.137,0.087,0.139,0.120,0.070,0.200,0.098,5,202.9524583,-15.6920833
g1331487-412517,1,0.600,0.116,0.049,0.163,0.240,0.085,0.275,0.094,9,202.9530000,-41.4214722
g1331491-331422,1,1.025,0.035,-0.300,0.070,0.000,0.069,-0.300,0.033,5,202.9545000,-33.2394722
g1331514-201025,1,0.650,0.056,0.168,0.062,0.060,0.039,0.225,0.049,3,202.9640417,-20.1734722
g1331535-331404,1,0.675,0.087,0.174,0.061,0.240,0.031,0.400,0.043,2,202.9729167,-33.2343889
g1331572-225238,1,0.325,0.099,-0.014,0.180,0.360,0.074,0.325,0.137,3,202.9883750,-22.8771111
g1332077-085107,1,0.925,0.107,-0.241,0.122,0.150,0.075,-0.100,0.067,3,203.0320833,-8.8518056
g1332084-331447,1,0.150,0.063,0.387,0.153,0.120,0.056,0.500,0.144,4,203.0350000,-33.2463889
g1332134-084710,1,0.550,0.094,0.280,0.094,0.180,0.040,0.450,0.071,4,203.0557917,-8.7862222
g1332209-472846,1,1.175,0.108,-0.844,0.156,0.710,0.116,-0.175,0.067,10,203.0870000,-47.4794722
g1332243-131055,1,0.975,0.092,-0.057,0.109,0.060,0.068,0.000,0.066,3,203.1012917,-13.1818611
g1332270-232818,1,0.675,0.097,-0.020,0.114,0.180,0.057,0.150,0.077,3,203.1124583,-23.4717778
g1332272-373049,1,0.925,0.115,-0.571,0.164,0.500,0.109,-0.100,0.073,5,203.1132083,-37.5135556
g1332285-310350,1,0.400,0.091,0.200,0.134,0.000,0.064,0.200,0.088,4,203.1188333,-31.0638056
g1332310-270739,1,0.575,0.090,-0.176,0.130,0.240,0.068,0.050,0.078,5,203.1290417,-27.1274722
g1332340-272656,1,0.600,0.080,-0.095,0.100,0.180,0.050,0.075,0.070,6,203.1416667,-27.4488056
g1332365-130949,1,0.800,0.100,0.071,0.092,0.270,0.045,0.325,0.061,4,203.1521667,-13.1636667
g1332393-314953,1,0.625,0.101,-0.073,0.135,0.210,0.074,0.125,0.074,6,203.1636250,-31.8312778
g1332458-232928,1,0.675,0.093,-0.054,0.102,0.270,0.055,0.200,0.066,4,203.1909583,-23.4911389
g1332474-233119,1,1.150,0.040,-0.226,0.069,0.240,0.052,0.000,0.043,5,203.1976250,-23.5220278
g1332496-233842,1,0.750,0.106,0.165,0.100,0.090,0.046,0.250,0.072,6,203.2066250,-23.6448889
g1332541-475209,1,0.900,0.134,0.037,0.141,0.120,0.076,0.150,0.092,5,203.2252500,-47.8691667
g1332557-111205,1,1.000,0.064,-0.170,0.063,0.180,0.043,0.000,0.039,5,203.2320417,-11.2014722
g1333003-213757,1,0.600,0.136,0.160,0.154,-0.090,0.075,0.075,0.106,9,203.2512500,-21.6323889
g1333027-153707,1,0.600,0.088,-0.327,0.108,0.400,0.071,0.050,0.054,4,203.2612083,-15.6186667
g1333061-751217,1,0.500,0.109,0.049,0.156,0.240,0.080,0.275,0.132,7,203.2752917,-75.2046111
g1333071-274603,1,1.125,0.047,-0.398,0.074,0.210,0.061,-0.200,0.035,5,203.2797083,-27.7674444
g1333173-312933,1,1.175,0.015,0.118,0.056,0.060,0.041,0.175,0.032,8,203.3219167,-31.4925000
g1333278-424940,1,1.025,0.085,-0.196,0.112,0.420,0.071,0.200,0.068,6,203.3658750,-42.8278611
g1333371-313828,1,0.600,0.118,0.090,0.132,0.090,0.070,0.175,0.091,6,203.4045833,-31.6411389
g1333426-302810,1,0.550,0.083,0.207,0.110,-0.060,0.071,0.150,0.068,8,203.4274167,-30.4694167
g1333433-293920,1,0.400,0.093,-0.489,0.162,0.440,0.099,-0.075,0.084,10,203.4305417,-29.6555000
g1333511-011358,1,0.575,0.077,0.215,0.090,0.090,0.041,0.300,0.070,2,203.4630833,-1.2327778
g1333523-164844,1,0.275,0.084,0.225,0.202,0.000,0.083,0.225,0.138,6,203.4678333,-16.8122500
g1333527-330051,1,0.275,0.057,0.052,0.128,0.210,0.074,0.250,0.094,10,203.4693750,-33.0142500
g1334011-382019,1,0.125,0.049,-0.154,0.148,0.270,0.094,0.100,0.073,5,203.5043750,-38.3386667
g1334125-325839,1,0.750,0.138,-0.223,0.162,0.210,0.084,-0.025,0.092,6,203.5520833,-32.9773611
g1334145-180501,1,0.625,0.099,0.125,0.115,0.000,0.063,0.125,0.076,4,203.5602083,-18.0835278
g1334220-081628,1,0.700,0.082,0.062,0.087,0.120,0.051,0.175,0.058,4,203.5915417,-8.2744444
g1334232-314407,1,0.975,0.072,-0.126,0.083,0.240,0.051,0.100,0.045,1,203.5967083,-31.7352500
g1334304-271815,1,0.725,0.107,0.149,0.096,0.240,0.050,0.375,0.063,3,203.6267917,-27.3042222
g1334334-233151,1,1.000,0.075,0.168,0.091,0.060,0.051,0.225,0.055,4,203.6391250,-23.5307222
g1334434-182528,1,1.175,0.026,-0.445,0.076,0.340,0.055,-0.125,0.035,5,203.6810000,-18.4244722
g1334456-351354,1,0.425,0.093,-0.198,0.144,0.210,0.088,0.000,0.088,3,203.6901250,-35.2315556
g1334501-314448,1,0.200,0.074,0.538,0.162,-0.120,0.069,0.425,0.133,4,203.7088333,-31.7465556
g1334544-082633,1,1.125,0.008,-0.082,0.052,0.060,0.049,-0.025,0.031,5,203.7267500,-8.4424167
g1334564-414260,1,0.725,0.161,-0.041,0.186,0.150,0.092,0.100,0.116,7,203.7350833,-41.7165556
g1334574-313605,1,0.600,0.113,0.052,0.155,0.210,0.073,0.250,0.098,4,203.7392083,-31.6012500
g1334585-195450,1,0.125,0.066,0.062,0.145,0.120,0.077,0.175,0.090,8,203.7437500,-19.9139167
g1334585-313658,1,0.850,0.088,-0.041,0.088,0.150,0.049,0.100,0.051,3,203.7438333,-31.6160556
g1334591-152547,1,0.750,0.133,0.215,0.124,0.090,0.061,0.300,0.085,3,203.7461667,-15.4296111
g1334594-080529,1,1.000,0.053,0.085,0.078,-0.090,0.054,0.000,0.048,5,203.7476667,-8.0915000
g1335024-301648,1,1.050,0.032,-0.258,0.072,0.380,0.052,0.100,0.037,4,203.7601667,-30.2799722
g1335030-151731,1,0.650,0.092,-0.259,0.114,0.620,0.067,0.325,0.067,8,203.7624167,-15.2920278
g1335041-291551,1,1.125,0.038,-0.539,0.095,0.440,0.081,-0.125,0.037,5,203.7672500,-29.2641389
g1335049-155204,1,0.625,0.112,-0.420,0.159,0.340,0.091,-0.100,0.087,5,203.7704583,-15.8678056
g1335127-030036,1,0.650,0.149,0.328,0.157,-0.030,0.071,0.300,0.116,4,203.8027500,-3.0099722
g1335254-150809,1,1.175,0.018,-0.226,0.074,0.320,0.055,0.075,0.036,6,203.8557500,-15.1358889
g1335425-315355,1,0.125,0.054,0.305,0.148,0.180,0.057,0.475,0.130,5,203.9270417,-31.8985278
g1335464-473337,1,0.700,0.134,0.172,0.166,0.030,0.081,0.200,0.111,5,203.9431250,-47.5603611
g1335497-291349,1,0.825,0.113,-0.095,0.125,0.180,0.064,0.075,0.078,5,203.9570417,-29.2302222
g1335497-302256,1,1.000,0.062,-0.276,0.060,0.240,0.040,-0.050,0.037,3,203.9570833,-30.3821944
g1335531-260042,1,1.025,0.043,-0.183,0.061,0.300,0.040,0.100,0.036,4,203.9713333,-26.0115833
g1335567-205503,1,0.325,0.058,-0.333,0.146,0.380,0.090,0.025,0.077,5,203.9860417,-20.9173611
g1335591-273707,1,0.200,0.057,0.092,0.178,0.300,0.070,0.375,0.138,5,203.9964167,-27.6187222
g1336006-093358,1,1.175,0.008,-0.123,0.071,0.210,0.054,0.075,0.034,6,204.0025417,-9.5661111
g1336046-221425,1,1.175,0.026,0.118,0.061,0.060,0.042,0.175,0.036,4,204.0190000,-22.2403611
g1336083-082952,1,0.675,0.070,0.155,0.075,0.180,0.037,0.325,0.049,2,204.0343750,-8.4977500
g1336123-045848,1,0.450,0.061,-0.214,0.078,0.360,0.053,0.125,0.045,6,204.0513333,-4.9800278
g1336125-495410,1,0.125,0.050,-0.065,0.226,-0.090,0.125,-0.150,0.122,6,204.0520833,-49.9028333
g1336153-365344,1,0.875,0.107,-0.154,0.125,0.270,0.081,0.100,0.077,5,204.0636250,-36.8956667
g1336279-171604,1,0.375,0.055,0.034,0.088,0.150,0.059,0.175,0.049,2,204.1163750,-17.2678056
g1336345-413809,1,0.575,0.162,0.353,0.171,-0.030,0.061,0.325,0.132,4,204.1435833,-41.6358889
g1336415-033220,1,0.300,0.100,0.343,0.179,0.060,0.064,0.400,0.147,6,204.1729167,-3.5389722
g1336443-032952,1,0.700,0.115,0.027,0.125,0.210,0.070,0.225,0.089,7,204.1844167,-3.4978889
g1336453-165654,1,0.800,0.069,-0.201,0.073,0.240,0.039,0.025,0.044,3,204.1889167,-16.9482778
g1336460-415238,1,0.425,0.107,0.096,0.148,0.270,0.063,0.350,0.112,5,204.1914583,-41.8771944
g1336505-060706,1,0.300,0.077,-0.289,0.170,0.360,0.111,0.050,0.105,5,204.2103750,-6.1182778
g1336596-220133,1,1.100,0.043,-0.235,0.078,0.090,0.064,-0.150,0.035,4,204.2485000,-22.0258889
g1337097-073528,1,0.875,0.125,-0.078,0.122,0.030,0.064,-0.050,0.080,4,204.2905417,-7.5912222
g1337097-421643,1,0.425,0.120,0.591,0.176,-0.150,0.077,0.450,0.145,9,204.2904583,-42.2785000
g1337098-032702,1,1.175,0.022,0.127,0.058,0.210,0.076,0.325,0.047,9,204.2910000,-3.4504722
g1337102-472441,1,0.650,0.076,-0.308,0.088,0.300,0.062,-0.025,0.044,2,204.2922917,-47.4115000
g1337153-481801,1,0.775,0.100,-0.076,0.088,0.240,0.051,0.150,0.057,7,204.3137083,-48.3001944
g1337164-220258,1,0.925,0.075,0.034,0.070,0.150,0.042,0.175,0.046,2,204.3183333,-22.0495278
g1337166-150450,1,1.175,0.031,-0.238,0.065,0.120,0.060,-0.125,0.040,3,204.3192917,-15.0804722
g1337168-020916,1,0.650,0.069,-0.016,0.094,0.150,0.046,0.125,0.058,2,204.3200417,-2.1543333
g1337260-233920,1,0.475,0.093,0.021,0.136,0.270,0.067,0.275,0.083,6,204.3581250,-23.6556389
g1337276-412049,1,1.000,0.066,0.074,0.075,0.240,0.049,0.300,0.041,7,204.3651667,-41.3470000
g1337343-315244,1,1.175,0.020,-0.028,0.057,0.030,0.061,0.000,0.050,9,204.3927083,-31.8788056
g1337353-163754,1,0.550,0.096,0.125,0.110,0.000,0.055,0.125,0.095,8,204.3970417,-16.6317222
g1337365-200106,1,0.725,0.114,-0.198,0.129,0.210,0.075,0.000,0.074,5,204.4020833,-20.0184444
g1337387-314637,1,1.000,0.054,-0.154,0.072,0.270,0.049,0.100,0.039,5,204.4110417,-31.7769167
g1337408-194557,1,1.100,0.018,0.005,0.049,0.180,0.038,0.175,0.029,5,204.4198333,-19.7656944
g1337462-325436,1,0.500,0.094,-0.221,0.121,0.500,0.072,0.250,0.070,5,204.4424167,-32.9101111
g1337473-475748,1,1.075,0.034,-0.326,0.082,0.320,0.065,-0.025,0.036,6,204.4468750,-47.9633611
g1337481-422254,1,0.875,0.106,0.078,0.097,-0.030,0.066,0.050,0.066,3,204.4504583,-42.3816111
g1337561-130939,1,0.750,0.128,0.130,0.121,0.180,0.058,0.300,0.084,8,204.4839167,-13.1608611
g1337562-102117,1,0.425,0.110,0.162,0.155,0.120,0.064,0.275,0.114,5,204.4839583,-10.3546389
g1338012-225527,1,0.800,0.111,-0.057,0.106,0.060,0.066,0.000,0.073,3,204.5050417,-22.9242500
g1338035-421258,1,0.800,0.133,-0.221,0.125,0.420,0.071,0.175,0.079,9,204.5146667,-42.2160833
g1338061-302128,1,0.975,0.083,-0.226,0.095,0.320,0.061,0.075,0.054,5,204.5252083,-30.3578333
g1338183-310312,1,1.125,0.029,0.273,0.072,-0.210,0.054,0.075,0.039,8,204.5763750,-31.0533611
g1338220-324912,1,0.425,0.075,0.093,0.131,0.060,0.067,0.150,0.089,6,204.5915833,-32.8200833
g1338297-104215,1,0.750,0.059,0.180,0.061,0.180,0.035,0.350,0.037,2,204.6238750,-10.7041667
g1338362-354318,1,0.850,0.125,-0.095,0.159,0.180,0.090,0.075,0.091,7,204.6506667,-35.7217222
g1338558-304844,1,0.925,0.096,-0.189,0.102,0.360,0.063,0.150,0.062,7,204.7325417,-30.8121389
g1338579-353335,1,0.750,0.153,-0.458,0.197,0.460,0.114,-0.025,0.103,6,204.7413333,-35.5597500
g1338598-323605,1,0.850,0.087,0.090,0.085,0.090,0.049,0.175,0.053,6,204.7492083,-32.6013056
g1339103-304436,1,0.875,0.089,-0.191,0.091,0.150,0.062,-0.050,0.051,1,204.7927917,-30.7431944
g1339151-161923,1,1.175,0.010,-0.539,0.066,0.360,0.057,-0.200,0.024,5,204.8130000,-16.3231389
g1339235-304627,1,1.050,0.029,-0.048,0.037,0.210,0.028,0.150,0.025,5,204.8478333,-30.7740556
g1339247-113249,1,0.550,0.076,0.043,0.103,0.060,0.061,0.100,0.059,4,204.8529167,-11.5469167
g1339389-352918,1,1.000,0.079,-0.146,0.083,0.420,0.057,0.250,0.053,5,204.9122500,-35.4883333
g1339506-073832,1,0.725,0.088,-0.076,0.102,0.240,0.058,0.150,0.068,2,204.9608333,-7.6423333
g1339534-470718,1,0.950,0.098,-0.120,0.106,0.180,0.059,0.050,0.067,3,204.9722917,-47.1216667
g1339550-211737,1,0.775,0.131,0.100,0.151,0.000,0.079,0.100,0.095,8,204.9791667,-21.2935278
g1340012-193154,1,0.475,0.112,-0.771,0.210,0.500,0.128,-0.300,0.121,10,205.0049167,-19.5316944
g1340133-354031,1,1.025,0.037,-0.707,0.110,0.400,0.094,-0.330,0.046,6,205.0555417,-35.6752500
g1340178-200536,1,1.175,0.042,-0.389,0.114,0.360,0.086,-0.050,0.048,7,205.0741667,-20.0934444
g1340313-283249,1,0.925,0.074,-0.126,0.075,0.240,0.041,0.100,0.046,2,205.1302083,-28.5470000
g1340381-335927,1,0.275,0.095,0.240,0.175,0.090,0.087,0.325,0.122,5,205.1586667,-33.9907222
g1340463-354118,1,0.675,0.131,-0.070,0.176,0.180,0.092,0.100,0.102,4,205.1929583,-35.6883056
g1340466-171156,1,0.625,0.077,0.143,0.090,0.060,0.040,0.200,0.066,2,205.1940833,-17.1987778
g1340569-233556,1,1.000,0.073,0.147,0.078,0.030,0.058,0.175,0.048,4,205.2372083,-23.5989722
g1341014-104600,1,0.800,0.117,0.266,0.126,-0.150,0.085,0.125,0.076,9,205.2556250,-10.7666944
g1341061-120638,1,0.450,0.111,0.305,0.148,0.180,0.054,0.475,0.131,6,205.2755417,-12.1106667
g1341252-194949,1,0.650,0.121,0.142,0.107,0.300,0.037,0.425,0.094,6,205.3551667,-19.8303333
g1341349-120540,1,1.175,0.030,-0.163,0.093,0.120,0.069,-0.050,0.042,10,205.3955833,-12.0945000
g1342088-304548,1,0.675,0.063,0.155,0.073,0.180,0.039,0.325,0.045,2,205.5366667,-30.7634167
g1342146-310214,1,1.175,0.022,-0.341,0.052,0.150,0.041,-0.200,0.029,6,205.5606667,-31.0371667
g1342340-400654,1,0.225,0.093,0.187,0.207,0.120,0.080,0.300,0.152,8,205.6417500,-40.1150833
g1342345-103914,1,1.025,0.039,-0.395,0.054,0.340,0.041,-0.075,0.029,1,205.6436250,-10.6538056
g1342557-345818,1,0.725,0.096,0.075,0.101,0.000,0.055,0.075,0.064,6,205.7319167,-34.9715833
g1342563-050350,1,0.650,0.147,0.190,0.162,0.090,0.065,0.275,0.122,10,205.7344583,-5.0639722
g1342588-315311,1,0.825,0.106,0.162,0.107,0.120,0.050,0.275,0.068,6,205.7447917,-31.8863333
g1343015-195803,1,1.000,0.082,-0.198,0.096,0.210,0.065,0.000,0.055,3,205.7562917,-19.9674444
g1343021-481010,1,0.550,0.058,0.134,0.077,0.150,0.036,0.275,0.056,7,205.7587917,-48.1694167
g1343023-201458,1,0.800,0.139,0.187,0.138,0.120,0.063,0.300,0.097,8,205.7595833,-20.2495556
g1343058-200422,1,0.725,0.124,-0.075,0.130,0.000,0.078,-0.075,0.074,4,205.7742500,-20.0728611
g1343202-205519,1,0.750,0.161,-0.001,0.173,0.240,0.076,0.225,0.116,6,205.8342917,-20.9220000
g1343208-195119,1,1.175,0.025,-0.304,0.083,0.270,0.063,-0.050,0.038,7,205.8368333,-19.8553333
g1343229-183313,1,0.275,0.065,0.216,0.166,-0.150,0.093,0.075,0.112,9,205.8455833,-18.5536667
g1343332-381034,1,0.825,0.081,0.048,0.052,0.400,0.027,0.425,0.037,5,205.8883333,-38.1760000
g1343336-432611,1,0.675,0.098,-0.026,0.094,0.240,0.053,0.200,0.064,3,205.8900000,-43.4363611
g1343343-131742,1,0.625,0.072,0.134,0.095,0.150,0.051,0.275,0.056,2,205.8928750,-13.2948889
g1343391-242012,1,0.425,0.094,0.097,0.136,0.030,0.077,0.125,0.084,1,205.9129583,-24.3367500
g1343555-055133,1,0.700,0.162,0.130,0.171,0.180,0.081,0.300,0.109,3,205.9812083,-5.8592778
g1343596-200051,1,0.450,0.103,0.040,0.134,0.090,0.068,0.125,0.086,6,205.9984167,-20.0141389
g1344003-381710,1,0.725,0.095,0.052,0.101,0.210,0.057,0.250,0.064,2,206.0012083,-38.2862222
g1344166-171557,1,0.850,0.108,-0.195,0.130,0.340,0.080,0.125,0.069,9,206.0690000,-17.2659444
g1344174-491347,1,0.325,0.071,0.125,0.123,0.000,0.069,0.125,0.075,6,206.0723750,-49.2297778
g1344188-391121,1,0.575,0.071,-0.158,0.083,0.460,0.046,0.275,0.049,6,206.0782500,-39.1891111
g1344195-110559,1,0.900,0.122,-0.088,0.160,0.120,0.098,0.025,0.088,5,206.0813750,-11.0996111
g1344265-435045,1,0.750,0.116,-0.120,0.120,0.340,0.060,0.200,0.078,2,206.1102917,-43.8458889
g1344310-242040,1,1.175,0.014,-0.408,0.073,0.300,0.061,-0.125,0.041,3,206.1290000,-24.3443889
g1344375-183106,1,1.175,0.016,-0.577,0.059,0.400,0.057,-0.200,0.030,6,206.1560417,-18.5182222
g1344422-380610,1,0.525,0.087,0.159,0.122,0.150,0.056,0.300,0.084,4,206.1760000,-38.1026389
g1344444-191521,1,0.700,0.106,-0.302,0.113,0.400,0.065,0.075,0.065,5,206.1850417,-19.2556944
g1344510-194140,1,0.525,0.092,-0.276,0.134,0.320,0.083,0.025,0.072,4,206.2123750,-19.6944167
g1344579-200846,1,0.900,0.168,-0.329,0.219,0.270,0.099,-0.075,0.141,5,206.2411250,-20.1460556
g1344591-341658,1,0.550,0.181,0.168,0.236,0.060,0.090,0.225,0.171,3,206.2463750,-34.2827222
g1345072-413008,1,0.625,0.086,0.065,0.106,0.090,0.053,0.150,0.070,1,206.2799583,-41.5021111
g1345126-475901,1,0.975,0.080,-0.098,0.083,0.210,0.050,0.100,0.050,3,206.3025417,-47.9836389
g1345174-160705,1,1.000,0.087,-0.210,0.104,0.090,0.077,-0.125,0.054,3,206.3223333,-16.1181389
g1345174-381024,2,0.975,0.063,-0.029,0.070,0.270,0.039,0.225,0.044,4,206.3223750,-38.1732222
g1345218-300104,1,0.800,0.074,0.002,0.070,0.210,0.038,0.200,0.047,1,206.3407083,-30.0176944
g1345247-123427,1,0.750,0.068,0.084,0.069,0.150,0.036,0.225,0.047,5,206.3527917,-12.5741667
g1345428-445130,1,1.175,0.013,0.204,0.048,-0.270,0.028,-0.050,0.052,5,206.4284167,-44.8584444
g1346012-371959,1,0.575,0.094,-0.001,0.108,0.320,0.042,0.300,0.077,9,206.5047917,-37.3329167
g1346142-415217,1,0.325,0.088,0.257,0.182,-0.060,0.078,0.200,0.131,4,206.5590833,-41.8712778
g1346179-052815,1,0.300,0.122,-0.028,0.284,0.030,0.143,0.000,0.193,5,206.5745417,-5.4708333
g1346186-382019,1,0.900,0.098,-0.095,0.104,0.180,0.056,0.075,0.065,3,206.5776250,-38.3386944
g1346222-032506,1,1.175,0.008,-0.376,0.051,0.240,0.046,-0.150,0.021,6,206.5923333,-3.4182778
g1346240-375816,1,1.075,0.017,-0.170,0.048,0.340,0.032,0.150,0.026,5,206.5999167,-37.9710278
g1346365-313457,1,0.650,0.081,0.074,0.102,0.240,0.057,0.300,0.059,7,206.6518750,-31.5825278
g1346470-375443,1,1.000,0.078,-0.145,0.096,0.340,0.052,0.175,0.056,5,206.6957083,-37.9118056
g1346481-330236,1,1.150,0.014,-0.364,0.053,0.440,0.046,0.050,0.050,7,206.7002500,-33.0433611
g1346574-085907,1,1.075,0.017,-0.007,0.068,0.060,0.056,0.050,0.032,7,206.7391250,-8.9853333
g1347008-331649,1,0.850,0.158,0.134,0.165,0.150,0.091,0.275,0.106,4,206.7531667,-33.2803889
g1347014-351851,1,1.150,0.016,-0.043,0.062,-0.060,0.050,-0.100,0.029,8,206.7556667,-35.3142500
g1347106-323055,1,1.050,0.037,-0.258,0.079,0.380,0.054,0.100,0.043,6,206.7940417,-32.5152500
g1347149-281955,1,0.200,0.065,0.150,0.179,0.000,0.100,0.150,0.103,6,206.8118750,-28.3318056
g1347187-294832,2,0.950,0.094,0.127,0.079,0.210,0.047,0.325,0.048,1,206.8278750,-29.8089444
g1347225-330547,1,0.925,0.081,-0.026,0.086,0.240,0.050,0.200,0.054,5,206.8437500,-33.0964722
g1347245-302425,1,1.125,0.026,-0.298,0.044,0.210,0.039,-0.100,0.019,6,206.8520000,-30.4070000
g1347310-333520,2,1.050,0.028,-0.058,0.046,0.300,0.035,0.225,0.031,5,206.8791250,-33.5888333
g1347332-505313,1,1.100,0.083,-0.383,0.111,0.300,0.072,-0.100,0.062,6,206.8883750,-50.8868056
g1347342-304003,1,0.775,0.118,-0.195,0.145,0.180,0.078,-0.025,0.083,8,206.8923333,-30.6675278
g1347401-305622,1,0.950,0.074,-0.333,0.069,0.300,0.042,-0.050,0.040,3,206.9169583,-30.9395278
g1347432-331150,1,0.925,0.113,-0.177,0.124,0.400,0.076,0.200,0.069,7,206.9298333,-33.1971111
g1348020-102526,1,0.975,0.076,-0.057,0.088,0.060,0.062,0.000,0.052,8,207.0082083,-10.4239444
g1348029-304702,1,0.650,0.102,0.050,0.138,0.000,0.079,0.050,0.082,9,207.0118750,-30.7838333
g1348045-100831,1,0.900,0.100,0.215,0.092,0.090,0.055,0.300,0.063,5,207.0185833,-10.1418611
g1348056-324438,1,0.750,0.129,0.198,0.122,-0.210,0.086,0.000,0.082,10,207.0233750,-32.7440000
g1348059-161543,1,0.775,0.154,-0.338,0.188,0.120,0.109,-0.225,0.110,5,207.0246667,-16.2618889
g1348062-323033,2,1.000,0.049,-0.202,0.059,0.400,0.038,0.175,0.038,3,207.0256250,-32.5092778
g1348238-485856,1,0.450,0.069,0.005,0.103,0.180,0.062,0.175,0.059,7,207.0990833,-48.9822222
g1348273-355344,1,0.925,0.089,-0.085,0.099,0.090,0.060,0.000,0.056,5,207.1137083,-35.8955000
g1348365-302543,1,1.175,0.012,-0.479,0.041,0.270,0.039,-0.225,0.023,4,207.1520417,-30.4285278
g1348392-304839,2,0.750,0.055,0.087,0.059,0.120,0.036,0.200,0.038,1,207.1631667,-30.8107222
g1348467-323348,1,0.600,0.113,0.124,0.142,0.240,0.073,0.350,0.090,6,207.1945833,-32.5634167
g1348497-303040,1,0.525,0.080,0.152,0.084,0.210,0.037,0.350,0.061,4,207.2070000,-30.5111111
g1348504-330907,1,0.900,0.094,-0.016,0.088,0.150,0.047,0.125,0.062,6,207.2097917,-33.1519722
g1348522-083058,1,0.825,0.124,-0.103,0.111,0.030,0.061,-0.075,0.073,1,207.2175417,-8.5160556
g1348581-325125,2,0.625,0.147,-0.071,0.125,0.500,0.074,0.400,0.092,8,207.2418750,-32.8569444
g1349017-415603,1,0.325,0.052,0.209,0.077,0.150,0.039,0.350,0.067,2,207.2572500,-41.9341111
g1349053-301745,2,0.700,0.068,0.230,0.063,0.180,0.037,0.400,0.039,4,207.2721250,-30.2958611
g1349055-225042,1,0.350,0.090,0.255,0.162,0.180,0.059,0.425,0.128,6,207.2728333,-22.8450556
g1349080-321329,1,0.500,0.146,-0.337,0.232,0.650,0.075,0.275,0.176,7,207.2834583,-32.2246944
g1349093-330543,1,0.850,0.119,-0.001,0.122,0.320,0.061,0.300,0.080,6,207.2886250,-33.0952778
g1349094-310954,1,1.175,0.006,-0.454,0.040,0.270,0.031,-0.200,0.021,2,207.2891667,-31.1650556
g1349122-022547,1,0.400,0.075,0.118,0.112,0.060,0.061,0.175,0.069,3,207.3007917,-2.4296389
g1349146-331106,1,0.675,0.127,0.250,0.124,0.000,0.054,0.250,0.089,7,207.3109583,-33.1850556
g1349180-382656,1,0.850,0.096,-0.083,0.092,0.300,0.053,0.200,0.055,4,207.3248333,-38.4489722
g1349253-320920,1,0.900,0.111,-0.226,0.125,0.240,0.077,0.000,0.069,7,207.3552917,-32.1556111
g1349360-200326,1,0.500,0.095,0.278,0.124,-0.030,0.064,0.250,0.083,2,207.4000833,-20.0573333
g1349426-272148,1,0.250,0.070,0.015,0.174,0.090,0.097,0.100,0.103,9,207.4276667,-27.3634444
g1349459-322257,2,0.775,0.105,-0.126,0.103,0.320,0.060,0.175,0.061,7,207.4413750,-32.3823611
g1349488-293642,1,0.425,0.068,-0.276,0.119,0.240,0.076,-0.050,0.065,2,207.4532917,-29.6115556
g1349525-094328,1,0.500,0.113,0.165,0.134,0.090,0.053,0.250,0.099,7,207.4687083,-9.7243611
g1350015-303443,1,0.600,0.078,-0.029,0.104,0.270,0.063,0.225,0.063,3,207.5061667,-30.5784722
g1350016-301332,1,1.175,0.053,-0.557,0.084,0.060,0.056,-0.500,0.052,6,207.5068333,-30.2255000
g1350072-311508,1,0.225,0.052,0.265,0.130,0.090,0.060,0.350,0.117,6,207.5300000,-31.2520833
g1350095-034608,1,0.550,0.114,0.084,0.141,0.150,0.059,0.225,0.105,6,207.5397083,-3.7689167
g1350096-310144,1,0.350,0.080,-0.008,0.150,0.460,0.055,0.425,0.116,5,207.5399583,-31.0287500
g1350099-310416,1,0.600,0.099,-0.108,0.117,0.300,0.070,0.175,0.073,8,207.5410417,-31.0710278
g1350117-194726,1,0.725,0.078,0.212,0.074,0.120,0.040,0.325,0.048,1,207.5485417,-19.7906667
g1350209-045754,1,0.900,0.119,-0.323,0.144,0.210,0.095,-0.125,0.077,4,207.5872500,-4.9650833
g1350250-292730,1,-0.025,0.062,0.011,0.163,0.360,0.085,0.350,0.095,6,207.6042083,-29.4584444
g1350260-375525,1,0.650,0.088,0.005,0.110,0.180,0.053,0.175,0.074,5,207.6084167,-37.9236111
g1350325-483523,1,0.575,0.079,0.042,0.073,0.300,0.033,0.325,0.053,4,207.6352083,-48.5896111
g1350461-295955,2,0.625,0.165,-0.083,0.212,0.460,0.090,0.350,0.161,8,207.6919167,-29.9986944
g1350468-782742,1,0.625,0.119,0.168,0.136,0.060,0.060,0.225,0.093,3,207.6951667,-78.4616667
g1350537-301721,1,0.550,0.057,0.134,0.059,0.150,0.033,0.275,0.044,9,207.7239167,-30.2891944
g1351016-112847,1,1.050,0.039,-0.574,0.069,0.530,0.054,-0.075,0.032,4,207.7567500,-11.4797778
g1351122-195737,1,1.050,0.047,-0.559,0.100,0.620,0.071,0.025,0.041,6,207.8006250,-19.9603056
g1351229-124814,1,0.775,0.115,-0.023,0.124,0.210,0.063,0.175,0.074,3,207.8453333,-12.8040000
g1351245-102201,1,0.450,0.100,-0.085,0.166,0.090,0.084,0.000,0.098,9,207.8521250,-10.3668611
g1351252-281624,1,0.750,0.082,-0.070,0.100,0.180,0.064,0.100,0.059,6,207.8551667,-28.2732500
g1351321-425621,1,0.650,0.116,-0.065,0.131,-0.090,0.083,-0.150,0.075,5,207.8837917,-42.9390833
g1351342-502243,1,0.575,0.106,0.087,0.128,0.120,0.066,0.200,0.080,3,207.8923750,-50.3785278
g1351353-480136,1,0.375,0.067,0.090,0.088,0.090,0.045,0.175,0.058,4,207.8969583,-48.0265833
g1351396-302921,1,0.975,0.052,-0.277,0.087,0.400,0.059,0.100,0.046,1,207.9147917,-30.4890556
g1351443-171635,1,0.525,0.118,0.137,0.164,0.120,0.077,0.250,0.106,5,207.9345000,-17.2763889
g1351498-085928,1,0.775,0.145,-0.395,0.193,0.340,0.148,-0.075,0.092,9,207.9574167,-8.9910000
g1351571-504717,1,0.900,0.200,0.265,0.184,0.090,0.073,0.350,0.174,9,207.9878333,-50.7879167
g1352012-440908,1,0.750,0.157,0.180,0.156,0.180,0.059,0.350,0.114,6,208.0050000,-44.1522500
g1352031-421231,1,1.175,0.011,-0.427,0.067,0.480,0.053,0.025,0.048,7,208.0130417,-42.2085833
g1352153-290015,1,0.525,0.090,-0.020,0.113,0.180,0.070,0.150,0.074,6,208.0638333,-29.0040556
g1352216-134217,1,1.050,0.034,-0.104,0.065,0.270,0.056,0.150,0.037,3,208.0900833,-13.7046111
g1352258-102703,1,0.200,0.044,0.125,0.130,0.000,0.082,0.125,0.078,6,208.1073333,-10.4508333
g1352270-322158,1,0.500,0.089,-0.054,0.110,0.270,0.063,0.200,0.068,6,208.1125000,-32.3661667
g1352308-275623,1,0.700,0.125,-0.114,0.151,0.360,0.083,0.225,0.085,6,208.1283750,-27.9398333
g1352386-325316,1,0.500,0.109,0.224,0.135,0.240,0.057,0.450,0.103,7,208.1607917,-32.8877778
g1352533-282922,1,1.050,0.021,0.021,0.031,0.270,0.031,0.275,0.019,3,208.2221667,-28.4893056
g1352559-174416,1,0.675,0.101,-0.158,0.097,0.300,0.048,0.125,0.074,8,208.2328750,-17.7378056
g1352592-282814,1,0.675,0.103,-0.179,0.094,0.270,0.054,0.075,0.060,8,208.2466250,-28.4706667
g1353002-282706,1,0.875,0.086,-0.001,0.080,0.320,0.041,0.300,0.053,3,208.2507083,-28.4517778
g1353082-165737,1,0.375,0.049,-0.088,0.092,0.120,0.055,0.025,0.054,0,208.2842083,-16.9603611
g1353097-304246,1,0.675,0.071,-0.101,0.089,0.320,0.048,0.200,0.057,5,208.2902500,-30.7127500
g1353229-200701,1,0.600,0.075,0.337,0.082,0.120,0.041,0.450,0.055,6,208.3453333,-20.1169444
g1353266-275407,1,0.525,0.126,0.149,0.152,0.240,0.067,0.375,0.134,8,208.3607083,-27.9020000
g1353288-275243,1,0.775,0.120,-0.158,0.145,0.300,0.087,0.125,0.076,6,208.3701250,-27.8786389
g1353329-275808,1,0.325,0.076,-0.051,0.145,0.320,0.072,0.250,0.092,5,208.3871250,-27.9688611
g1353342-422857,1,0.825,0.177,0.184,0.188,0.150,0.066,0.325,0.139,7,208.3926250,-42.4823611
g1353565-275539,1,0.600,0.143,0.340,0.150,0.090,0.058,0.425,0.114,5,208.4852917,-27.9275556
g1353585-273724,1,1.000,0.041,-0.238,0.061,0.120,0.057,-0.125,0.036,3,208.4935417,-27.6232222
g1353591-275708,1,0.900,0.143,0.205,0.139,0.180,0.068,0.375,0.089,3,208.4962083,-27.9521111
g1354145-472011,1,-0.025,0.074,0.350,0.187,0.000,0.089,0.350,0.139,7,208.5604583,-47.3363889
g1354146-275052,1,0.700,0.132,0.224,0.104,0.240,0.042,0.450,0.090,6,208.5609583,-27.8476944
g1354149-273533,1,0.625,0.089,-0.073,0.113,0.210,0.064,0.125,0.068,3,208.5620417,-27.5924167
g1354166-160342,1,1.175,0.027,-0.301,0.086,0.240,0.067,-0.075,0.037,2,208.5692917,-16.0615278
g1354177-275111,1,0.750,0.105,0.052,0.122,0.210,0.067,0.250,0.071,4,208.5738333,-27.8531667
g1354185-265338,1,0.750,0.074,0.115,0.078,0.090,0.037,0.200,0.051,3,208.5770000,-26.8937778
g1354347-263322,1,1.175,0.005,-0.364,0.045,0.360,0.034,-0.025,0.022,2,208.6444167,-26.5561111
g1354353-263044,1,0.900,0.079,-0.035,0.067,0.090,0.043,0.050,0.047,4,208.6470417,-26.5121944
g1354389-273617,1,0.250,0.116,0.165,0.210,0.090,0.085,0.250,0.160,7,208.6622083,-27.6046944
g1354443-121315,1,1.150,0.000,-0.295,0.049,0.340,0.042,0.025,0.023,4,208.6844583,-12.2208056
g1354558-271751,1,0.950,0.086,0.130,0.082,0.180,0.042,0.300,0.051,4,208.7326667,-27.2975000
g1354572-274218,1,0.075,0.095,-0.083,0.253,0.300,0.139,0.200,0.137,9,208.7384167,-27.7050000
g1354584-193707,1,0.775,0.110,0.105,0.116,0.180,0.059,0.275,0.077,4,208.7434167,-19.6187222
g1355166-502539,1,1.100,0.014,-0.858,0.069,0.560,0.063,-0.330,0.026,6,208.8190000,-50.4275278
g1355596-302029,1,0.800,0.060,-0.020,0.052,0.180,0.036,0.150,0.031,1,208.9981250,-30.3414444
g1356032-433432,1,0.850,0.118,-0.188,0.152,0.120,0.098,-0.075,0.075,3,209.0132917,-43.5755556
g1356087-271822,1,0.825,0.131,-0.320,0.177,0.180,0.130,-0.150,0.083,7,209.0362917,-27.3061667
g1356347-123159,1,0.375,0.095,0.099,0.138,0.240,0.067,0.325,0.116,4,209.1445000,-12.5330833
g1356376-052812,1,0.575,0.176,0.024,0.084,0.320,0.065,0.325,0.095,8,209.1567500,-5.4698889
g1356389-270958,1,1.050,0.048,-0.120,0.081,0.180,0.050,0.050,0.046,5,209.1620833,-27.1661111
g1356488-180424,1,0.775,0.110,-0.189,0.118,0.360,0.071,0.150,0.069,4,209.2035000,-18.0733333
g1356492-430818,1,0.850,0.122,-0.126,0.137,0.240,0.078,0.100,0.078,8,209.2048750,-43.1383333
g1357071-265251,1,1.075,0.046,-1.150,0.101,0.770,0.072,-0.425,0.060,6,209.2797083,-26.8806944
g1357139-251445,1,0.650,0.081,0.234,0.082,0.150,0.040,0.375,0.056,2,209.3080000,-25.2458056
g1357150-185305,1,0.325,0.059,0.237,0.107,0.120,0.067,0.350,0.078,4,209.3126250,-18.8847222
g1357345-314020,1,0.350,0.110,0.391,0.176,-0.150,0.063,0.250,0.141,8,209.3937500,-31.6720833
g1357392-341308,1,0.925,0.068,-0.010,0.060,0.090,0.036,0.075,0.041,6,209.4133333,-34.2190000
g1357470-390223,1,0.600,0.093,0.072,0.116,0.030,0.066,0.100,0.072,3,209.4458333,-39.0397222
g1357495-360218,1,0.300,0.053,-0.126,0.110,0.240,0.067,0.100,0.060,4,209.4561667,-36.0383889
g1357542-291856,1,0.575,0.039,0.140,0.052,0.090,0.032,0.225,0.034,2,209.4758750,-29.3156667
g1357599-154046,1,1.100,0.039,-0.426,0.105,0.240,0.088,-0.200,0.039,4,209.4995417,-15.6795556
g1358162-791537,1,0.775,0.110,-0.759,0.160,0.620,0.109,-0.175,0.066,4,209.5676667,-79.2603611
g1358251-343102,1,0.850,0.077,0.102,0.069,0.210,0.029,0.300,0.048,1,209.6046667,-34.5173333
g1358254-151713,1,0.275,0.060,-0.098,0.151,0.210,0.089,0.100,0.086,6,209.6059167,-15.2870278
g1358308-123619,1,0.025,0.086,0.378,0.187,-0.030,0.074,0.350,0.160,3,209.6283333,-12.6051944
g1358409-332806,1,0.550,0.066,0.132,0.088,-0.060,0.048,0.075,0.056,7,209.6704583,-33.4684444
g1358517-493730,1,1.175,0.027,-0.351,0.069,0.240,0.056,-0.125,0.037,3,209.7155000,-49.6250000
g1359092-151418,1,1.100,0.026,-0.283,0.061,0.300,0.049,0.000,0.032,4,209.7882500,-15.2383056
g1359193-181802,1,1.000,0.070,-0.189,0.095,0.360,0.058,0.150,0.053,6,209.8305833,-18.3005278
g1359225-145905,1,1.100,0.026,-0.133,0.080,0.300,0.059,0.150,0.042,4,209.8435417,-14.9847778
g1359235-113232,1,0.425,0.113,0.338,0.153,-0.120,0.074,0.225,0.105,7,209.8477083,-11.5423056
g1359389-272016,1,1.050,0.083,-0.471,0.111,0.420,0.076,-0.075,0.060,5,209.9121250,-27.3378333
g1359516-165050,1,0.775,0.090,-0.023,0.108,0.210,0.063,0.175,0.062,3,209.9651667,-16.8473333
g1400025-231858,1,0.825,0.196,0.184,0.187,0.150,0.072,0.325,0.162,10,210.0103333,-23.3162222
g1400032-050401,1,0.975,0.100,-0.083,0.103,0.380,0.062,0.275,0.059,9,210.0132917,-5.0668333
g1400066-173326,1,0.375,0.095,0.172,0.177,0.030,0.078,0.200,0.119,2,210.0276667,-17.5573333
g1400178-423445,1,0.625,0.121,0.347,0.130,0.030,0.055,0.375,0.093,5,210.0742917,-42.5792500
g1400320-285229,1,0.375,0.063,-0.251,0.120,0.240,0.062,-0.025,0.070,1,210.1335000,-28.8745833
g1400336-201423,1,0.300,0.088,0.265,0.148,0.090,0.067,0.350,0.103,8,210.1400417,-20.2398333
g1400366-025432,1,0.675,0.077,0.002,0.086,0.210,0.050,0.200,0.054,4,210.1525000,-2.9090000
g1400370-191723,1,0.625,0.089,-0.308,0.120,0.460,0.074,0.125,0.063,3,210.1540000,-19.2897500
g1400534-212029,1,1.175,0.020,-0.602,0.078,0.400,0.064,-0.225,0.035,6,210.2223333,-21.3414722
g1401044-120337,1,0.475,0.110,-0.014,0.158,0.360,0.070,0.325,0.114,5,210.2682500,-12.0603611
g1401094-415208,1,0.725,0.117,0.099,0.089,0.240,0.039,0.325,0.073,7,210.2890833,-41.8690000
g1401105-335645,1,0.700,0.085,0.046,0.083,0.270,0.036,0.300,0.055,3,210.2935833,-33.9458333
g1401253-003726,1,0.750,0.080,-0.183,0.107,0.300,0.053,0.100,0.066,2,210.3555000,-0.6238611
g1401321-113926,1,1.100,0.029,-0.133,0.048,0.300,0.041,0.150,0.027,3,210.3837083,-11.6572778
g1401366-211707,1,0.400,0.077,-0.581,0.158,0.590,0.100,-0.025,0.089,6,210.4023333,-21.2851667
g1401385-022559,1,0.950,0.131,-0.083,0.126,0.300,0.074,0.200,0.083,7,210.4102917,-2.4330278
g1401462-041049,1,0.925,0.097,-0.163,0.103,0.120,0.076,-0.050,0.052,3,210.4426250,-4.1802778
g1401463-113433,1,0.850,0.117,0.080,0.115,0.180,0.063,0.250,0.080,8,210.4429167,-11.5758333
g1401532-362913,1,0.700,0.126,0.209,0.124,0.150,0.053,0.350,0.086,8,210.4716667,-36.4870278
g1402003-330239,1,0.750,0.082,-0.428,0.104,0.560,0.063,0.100,0.055,5,210.5010833,-33.0440556
g1402017-221124,1,0.175,0.095,0.608,0.163,-0.300,0.058,0.325,0.153,7,210.5070000,-22.1898889
g1402107-334727,1,0.450,0.054,-0.008,0.070,0.300,0.045,0.275,0.041,6,210.5447083,-33.7907222
g1402130-115548,1,0.725,0.116,0.011,0.114,0.360,0.054,0.350,0.077,8,210.5542500,-11.9299167
g1402158-113411,1,0.775,0.108,0.002,0.118,0.210,0.058,0.200,0.082,5,210.5656667,-11.5696389
g1402176-215901,1,0.800,0.083,-0.089,0.080,0.360,0.051,0.250,0.051,6,210.5733750,-21.9835556
g1402271-215942,1,0.625,0.119,-0.276,0.121,0.240,0.070,-0.050,0.065,5,210.6130833,-21.9949167
g1402376-043559,1,0.375,0.124,-0.126,0.221,0.320,0.106,0.175,0.141,10,210.6566667,-4.5996944
g1402490-413817,1,0.625,0.104,-0.351,0.151,0.240,0.093,-0.125,0.074,6,210.7042083,-41.6381667
g1402502-102727,1,0.650,0.124,-0.331,0.144,0.590,0.079,0.225,0.083,7,210.7090000,-10.4573611
g1402599-462548,1,0.650,0.135,0.205,0.149,0.180,0.067,0.375,0.096,5,210.7496667,-46.4300556
g1403075-044210,1,0.400,0.048,-0.091,0.092,0.150,0.064,0.050,0.046,2,210.7813750,-4.7027500
g1403079-340158,1,1.125,0.004,-0.151,0.040,0.240,0.036,0.075,0.018,3,210.7829167,-34.0328611
g1403132-135750,1,0.325,0.119,-0.117,0.171,-0.300,0.073,-0.400,0.140,9,210.8047917,-13.9638056
g1403175-141948,1,1.075,0.061,-0.158,0.098,0.300,0.068,0.125,0.052,7,210.8227500,-14.3299167
g1403237-142210,1,0.925,0.106,-0.691,0.139,0.680,0.094,-0.050,0.067,9,210.8488333,-14.3694722
g1403256-335745,1,0.275,0.052,-0.176,0.125,0.240,0.082,0.050,0.070,4,210.8566250,-33.9624722
g1403405-341058,1,0.400,0.064,-0.098,0.115,0.210,0.077,0.100,0.062,7,210.9187917,-34.1827222
g1403422-110044,1,0.775,0.149,-0.251,0.183,0.240,0.091,-0.025,0.131,4,210.9259167,-11.0122500
g1403511-315659,1,0.525,0.072,0.024,0.087,0.320,0.038,0.325,0.062,1,210.9630833,-31.9495833
g1403559-103235,1,0.350,0.132,0.246,0.193,0.270,0.064,0.500,0.175,6,210.9827083,-10.5430833
g1403588-292010,1,0.650,0.129,-0.189,0.170,0.360,0.081,0.150,0.127,7,210.9948333,-29.3361667
g1404066-165555,1,0.725,0.109,-0.085,0.120,0.090,0.072,0.000,0.069,7,211.0274167,-16.9318333
g1404095-230545,1,0.200,0.064,-0.058,0.178,0.300,0.102,0.225,0.099,5,211.0394583,-23.0959444
g1404120-180944,1,1.100,0.045,-0.191,0.079,0.150,0.063,-0.050,0.039,2,211.0501250,-18.1621667
g1404167-052727,1,1.150,0.061,-0.395,0.114,0.340,0.082,-0.075,0.057,7,211.0695833,-5.4575833
g1404173-413117,1,0.050,0.060,0.193,0.130,0.060,0.074,0.250,0.099,10,211.0720000,-41.5214167
g1404181-070254,1,1.075,0.045,-0.176,0.087,0.240,0.057,0.050,0.050,4,211.0755833,-7.0482500
g1404276-143251,1,1.175,0.018,-0.145,0.057,0.180,0.046,0.025,0.029,5,211.1151667,-14.5476111
g1404372-222926,1,0.975,0.079,-0.171,0.074,0.420,0.041,0.225,0.048,5,211.1550417,-22.4906389
g1404393-205129,1,0.475,0.068,-0.026,0.108,0.240,0.063,0.200,0.058,3,211.1637917,-20.8579444
g1404403-142657,1,0.550,0.170,0.520,0.221,-0.180,0.087,0.350,0.161,9,211.1679167,-14.4491667
g1404427-363933,1,0.625,0.141,0.246,0.139,0.270,0.050,0.500,0.118,8,211.1777917,-36.6590556
g1404474-474003,1,1.175,0.082,-0.312,0.144,-0.120,0.108,-0.425,0.070,9,211.1975000,-47.6675278
g1404512-324034,1,0.425,0.073,-0.002,0.086,0.480,0.040,0.450,0.079,7,211.2133333,-32.6759722
g1404560-140623,1,0.450,0.092,-0.145,0.140,0.180,0.067,0.025,0.093,5,211.2331667,-14.1064722
g1404575-141641,1,0.525,0.104,0.053,0.106,-0.030,0.064,0.025,0.073,8,211.2396667,-14.2781389
g1405225-290828,1,0.575,0.064,0.147,0.085,0.030,0.043,0.175,0.059,3,211.3437917,-29.1411111
g1405252-004841,1,0.275,0.071,-0.339,0.219,0.360,0.134,0.000,0.106,6,211.3551250,-0.8113056
g1405569-151755,1,1.125,0.071,-0.345,0.110,0.180,0.083,-0.175,0.054,7,211.4870833,-15.2986667
g1405581-120421,1,0.250,0.049,0.028,0.145,-0.030,0.092,0.000,0.077,7,211.4918750,-12.0725833
g1406070-335524,1,0.975,0.042,0.024,0.039,0.240,0.028,0.250,0.026,2,211.5290417,-33.9234444
g1406170-394919,1,0.275,0.063,-0.128,0.186,0.030,0.111,-0.100,0.108,7,211.5706250,-39.8219167
g1406339-333514,1,0.625,0.097,0.052,0.101,0.210,0.047,0.250,0.071,4,211.6414167,-33.5873056
g1406341-033447,1,0.325,0.108,0.297,0.183,0.030,0.075,0.325,0.127,8,211.6418750,-3.5796111
g1406355-341842,1,0.275,0.034,0.249,0.093,0.240,0.031,0.475,0.088,5,211.6478750,-34.3116111
g1406513-342931,1,0.275,0.036,-0.139,0.104,0.360,0.066,0.200,0.051,3,211.7135833,-34.4918611
g1406574-215531,1,0.700,0.114,-0.329,0.126,0.270,0.081,-0.075,0.070,8,211.7392917,-21.9253056
g1407081-123102,1,1.025,0.086,0.015,0.111,0.090,0.068,0.100,0.070,8,211.7839167,-12.5171667
g1407201-285811,1,0.750,0.091,-0.333,0.093,0.300,0.060,-0.050,0.050,2,211.8339167,-28.9698056
g1407363-313550,2,1.175,0.021,0.105,0.068,0.180,0.055,0.275,0.032,2,211.9010833,-31.5971111
g1407406-371710,1,0.875,0.088,0.002,0.083,0.210,0.045,0.200,0.055,10,211.9191250,-37.2859722
g1407460-423127,1,0.575,0.133,-0.352,0.175,0.480,0.102,0.100,0.097,7,211.9415833,-42.5241111
g1407591-320305,1,0.650,0.051,0.182,0.064,-0.060,0.041,0.125,0.049,2,211.9961667,-32.0513333
g1407597-090035,1,0.525,0.120,-0.246,0.172,0.420,0.100,0.150,0.093,5,211.9988333,-9.0097778
g1408025-303632,2,0.350,0.060,-0.170,0.115,0.340,0.070,0.150,0.064,5,212.0103333,-30.6087500
g1408031-331854,1,0.725,0.055,0.152,0.057,0.210,0.032,0.350,0.036,2,212.0129583,-33.3149167
g1408064-423952,1,1.175,0.021,0.255,0.054,0.180,0.050,0.425,0.033,8,212.0265000,-42.6643333
g1408076-475640,1,1.025,0.119,-0.139,0.124,0.440,0.082,0.275,0.081,8,212.0315833,-47.9443611
g1408155-200020,1,0.575,0.066,0.009,0.082,0.150,0.043,0.150,0.056,0,212.0647083,-20.0054444
g1408167-325637,1,0.575,0.052,0.118,0.065,0.060,0.029,0.175,0.047,2,212.0696250,-32.9435278
g1408208-335331,1,0.175,0.038,-0.071,0.116,0.420,0.050,0.325,0.091,8,212.0866250,-33.8920000
g1408267-140711,1,0.425,0.112,-0.183,0.168,0.460,0.078,0.250,0.110,5,212.1113750,-14.1196111
g1409030-062518,1,0.925,0.103,-0.362,0.112,0.650,0.068,0.250,0.063,8,212.2626250,-6.4217222
g1409120-473260,1,0.600,0.092,0.059,0.109,0.150,0.055,0.200,0.079,3,212.3001250,-47.5499444
g1409273-424420,1,0.450,0.084,0.217,0.108,0.300,0.037,0.500,0.090,6,212.3637500,-42.7388889
g1409517-060925,1,0.475,0.131,0.046,0.156,0.270,0.062,0.300,0.113,5,212.4654583,-6.1568889
g1409536-352329,1,0.225,0.054,0.159,0.143,0.150,0.070,0.300,0.096,2,212.4735000,-35.3913056
g1409580-145323,1,0.525,0.073,-0.139,0.100,0.360,0.056,0.200,0.060,8,212.4917917,-14.8898056
g1410041-201225,1,0.775,0.130,0.265,0.107,0.090,0.051,0.350,0.079,4,212.5171667,-20.2069722
g1410125-473257,1,0.675,0.198,-0.020,0.264,0.340,0.106,0.300,0.220,10,212.5521667,-47.5490833
g1410289-424656,1,0.875,0.097,-0.258,0.100,0.380,0.063,0.100,0.052,8,212.6203750,-42.7821111
g1410448-055918,1,0.475,0.058,-0.098,0.097,0.210,0.061,0.100,0.053,2,212.6864583,-5.9884444
g1410493-291209,1,0.250,0.070,0.087,0.178,0.120,0.077,0.200,0.125,4,212.7053333,-29.2024444
g1411003-370358,1,1.125,0.006,-0.198,0.075,0.210,0.054,0.000,0.037,3,212.7512083,-37.0661111
g1411084-400619,1,0.375,0.060,-0.404,0.131,0.270,0.076,-0.150,0.070,4,212.7850833,-40.1053333
g1411097-275253,1,0.600,0.089,-0.063,0.113,0.120,0.068,0.050,0.066,3,212.7905833,-27.8814167
g1411115-285948,1,0.650,0.090,0.005,0.099,0.180,0.043,0.175,0.071,5,212.7980417,-28.9965278
g1411140-273328,1,0.525,0.085,-0.173,0.132,0.210,0.089,0.025,0.067,5,212.8081250,-27.5578056
g1411185-274406,1,0.725,0.076,0.012,0.079,0.120,0.039,0.125,0.055,1,212.8270833,-27.7349167
g1411280-424147,1,1.175,0.052,-0.764,0.113,0.360,0.091,-0.425,0.051,7,212.8668333,-42.6963056
g1411342-070316,1,0.875,0.107,0.030,0.105,0.180,0.057,0.200,0.070,5,212.8926667,-7.0543333
g1411438-342508,1,0.450,0.102,0.040,0.155,0.090,0.095,0.125,0.094,8,212.9326250,-34.4189167
g1411475-214944,1,1.175,0.052,-0.083,0.074,0.300,0.052,0.200,0.042,6,212.9480417,-21.8289722
g1411559-071024,1,0.975,0.109,-0.829,0.113,0.800,0.078,-0.075,0.058,7,212.9828333,-7.1733333
g1412168-211111,1,0.800,0.127,0.234,0.116,0.150,0.050,0.375,0.082,6,213.0698333,-21.1864167
g1412178-341810,1,0.450,0.121,0.149,0.189,0.240,0.067,0.375,0.160,3,213.0740417,-34.3027778
g1412199-365810,1,0.800,0.087,0.012,0.088,0.120,0.052,0.125,0.057,5,213.0827917,-36.9693333
g1412222-330807,1,0.825,0.115,0.155,0.097,0.180,0.051,0.325,0.067,3,213.0925000,-33.1352778
g1412258-330725,1,0.900,0.092,0.118,0.085,0.060,0.054,0.175,0.057,4,213.1074583,-33.1235278
g1412469-374912,1,1.025,0.050,-0.141,0.068,0.150,0.048,0.000,0.040,2,213.1952500,-37.8200833
g1412561-284627,1,0.775,0.068,-0.089,0.064,0.360,0.035,0.250,0.041,3,213.2338333,-28.7740833
g1413065-340548,1,0.875,0.107,-0.029,0.119,0.270,0.075,0.225,0.071,6,213.2769583,-34.0966667
g1413359-433103,1,1.000,0.046,-0.201,0.057,0.240,0.045,0.025,0.036,6,213.3996250,-43.5173889
g1414055-074406,1,0.225,0.044,-0.277,0.123,0.400,0.079,0.100,0.062,8,213.5229167,-7.7350833
g1414193-031112,1,0.000,0.081,-0.114,0.229,0.360,0.129,0.225,0.132,5,213.5803333,-3.1865556
g1414246-193147,2,0.675,0.150,-0.245,0.186,0.180,0.096,-0.075,0.125,9,213.6023333,-19.5297500
g1414309-482654,1,1.075,0.047,-0.250,0.069,0.000,0.064,-0.250,0.044,6,213.6285833,-48.4483333
g1414380-403550,1,1.175,0.000,-0.063,0.051,0.120,0.045,0.050,0.026,6,213.6581250,-40.5972778
g1414437-395154,1,0.850,0.135,-0.195,0.147,0.180,0.089,-0.025,0.083,5,213.6818750,-39.8649722
g1414554-032717,1,0.975,0.113,-0.288,0.148,0.120,0.133,-0.175,0.087,9,213.7307083,-3.4546667
g1415060-013325,1,0.200,0.055,0.375,0.138,0.000,0.077,0.375,0.110,5,213.7749583,-1.5568611
g1415404-075435,1,0.700,0.084,0.075,0.108,0.000,0.069,0.075,0.063,1,213.9185000,-7.9097222
g1415457-473827,1,0.325,0.056,-0.185,0.112,0.090,0.064,-0.100,0.068,2,213.9402083,-47.6409444
g1416207-454447,1,1.175,0.034,-0.802,0.115,0.480,0.103,-0.350,0.031,5,214.0863333,-45.7463333
g1416266-482121,1,0.725,0.127,0.072,0.162,0.030,0.090,0.100,0.096,4,214.1106667,-48.3556944
g1416287-452514,1,1.175,0.020,-0.276,0.089,0.240,0.068,-0.050,0.041,5,214.1195833,-45.4205556
g1417134-342653,1,0.950,0.082,-0.082,0.085,0.060,0.054,-0.025,0.052,3,214.3060000,-34.4480556
g1417200-345119,1,0.400,0.098,0.080,0.126,0.340,0.060,0.400,0.112,8,214.3334583,-34.8552778
g1417251-351631,1,0.500,0.085,-0.120,0.118,0.180,0.060,0.050,0.072,5,214.3544583,-35.2752500
g1417358-480202,1,0.475,0.107,0.203,0.140,-0.030,0.072,0.175,0.097,4,214.3991667,-48.0338333
g1417546-212650,2,0.325,0.084,-0.429,0.155,0.800,0.045,0.325,0.141,9,214.4773333,-21.4473056
g1418018-344948,1,0.900,0.120,-0.063,0.113,0.120,0.059,0.050,0.078,5,214.5073750,-34.8300833
g1418044-382328,1,1.025,0.042,0.124,0.054,0.240,0.048,0.350,0.031,6,214.5185000,-38.3911389
g1418144-272455,1,0.450,0.065,0.196,0.080,0.270,0.033,0.450,0.068,4,214.5601667,-27.4151667
g1418487-272339,1,0.275,0.050,0.171,0.110,0.270,0.048,0.425,0.099,1,214.7028750,-27.3940278
g1418502-022338,1,0.950,0.127,-0.545,0.168,0.340,0.101,-0.225,0.087,5,214.7093333,-2.3937778
g1418508-272438,1,0.725,0.070,-0.176,0.079,0.320,0.047,0.125,0.044,5,214.7117083,-27.4104444
g1419304-272234,1,0.800,0.083,-0.058,0.079,0.300,0.041,0.225,0.049,1,214.8767500,-27.3762222
g1419326-350310,1,1.125,0.054,-0.098,0.085,0.210,0.057,0.100,0.048,6,214.8857500,-35.0528611
g1419526-091205,1,0.100,0.075,0.447,0.193,0.030,0.073,0.475,0.171,4,214.9691250,-9.2013333
g1420145-294451,1,0.650,0.054,0.047,0.076,0.030,0.048,0.075,0.042,2,215.0602083,-29.7474722
g1420233-170726,1,0.850,0.112,-0.227,0.132,0.400,0.067,0.150,0.082,4,215.0970417,-17.1238611
g1420284-091951,1,0.950,0.087,-0.358,0.113,0.380,0.072,0.000,0.067,9,215.1182500,-9.3308056
g1420335-285429,1,1.175,0.008,-0.301,0.058,0.240,0.051,-0.075,0.027,3,215.1393750,-28.9081111
g1420436-480005,1,0.600,0.155,0.075,0.165,0.000,0.078,0.075,0.111,5,215.1816667,-48.0014167
g1420477-194745,3,0.825,0.098,-0.010,0.085,0.090,0.048,0.075,0.061,2,215.1985833,-19.7959444
g1420525-453509,1,0.625,0.123,-0.201,0.145,0.240,0.089,0.025,0.088,4,215.2187500,-45.5858056
g1420588-195526,3,0.950,0.105,0.050,0.116,0.000,0.082,0.050,0.070,8,215.2451250,-19.9238333
g1420592-155755,1,1.000,0.060,-0.433,0.077,0.460,0.054,0.000,0.040,5,215.2467083,-15.9651667
g1421041-214633,2,0.525,0.111,-0.129,0.163,0.270,0.099,0.125,0.093,5,215.2671667,-21.7758056
g1421279-042606,1,0.800,0.105,0.080,0.110,0.180,0.074,0.250,0.071,6,215.3661667,-4.4348889
g1421579-195310,1,0.950,0.138,-0.024,0.128,-0.240,0.093,-0.250,0.094,10,215.4912083,-19.8860278
g1422022-460054,1,0.200,0.032,-0.295,0.098,0.340,0.066,0.025,0.050,3,215.5089583,-46.0150556
g1422083-190940,2,0.450,0.120,0.180,0.181,0.180,0.072,0.350,0.131,9,215.5347500,-19.1610833
g1422152-345842,1,0.700,0.131,-0.421,0.145,0.500,0.085,0.050,0.079,6,215.5635000,-34.9783889
g1422254-342155,1,0.875,0.066,0.090,0.059,0.090,0.031,0.175,0.041,5,215.6057500,-34.3653889
g1422356-331722,1,0.350,0.086,-0.249,0.169,0.530,0.092,0.250,0.097,10,215.6481250,-33.2895556
g1423127-105104,1,0.925,0.074,-0.095,0.083,0.340,0.046,0.225,0.050,6,215.8029167,-10.8510000
g1423136-491945,1,0.950,0.081,-0.129,0.086,0.270,0.076,0.125,0.076,8,215.8067500,-49.3290278
g1423414-192240,1,0.325,0.058,0.015,0.122,0.090,0.076,0.100,0.075,6,215.9222917,-19.3776944
g1423565-122420,1,0.700,0.137,0.287,0.123,0.120,0.051,0.400,0.088,7,215.9852500,-12.4056389
g1424198-452551,1,0.900,0.143,0.005,0.129,0.340,0.058,0.325,0.086,3,216.0824583,-45.4308611
g1424233-802757,1,1.175,0.028,-0.316,0.061,0.150,0.048,-0.175,0.035,7,216.0969583,-80.4659167
g1424251-204537,2,0.575,0.133,0.210,0.162,-0.090,0.075,0.125,0.116,6,216.1045000,-20.7601389
g1424283-082024,1,0.925,0.115,0.097,0.133,0.030,0.078,0.125,0.084,4,216.1180417,-8.3398889
g1424396-044108,1,0.750,0.102,0.043,0.115,0.060,0.064,0.100,0.067,3,216.1651250,-4.6855556
g1425031-444934,1,1.100,0.016,-0.371,0.057,0.420,0.043,0.025,0.031,7,216.2630833,-44.8260556
g1425173-145547,1,0.750,0.090,-0.016,0.100,0.150,0.048,0.125,0.064,2,216.3219583,-14.9296667
g1425522-422151,1,1.175,0.004,-0.395,0.050,0.340,0.039,-0.075,0.024,3,216.4675417,-42.3642500
g1426034-123514,1,1.125,0.021,-0.341,0.057,0.150,0.051,-0.200,0.026,8,216.5142917,-12.5872222
g1426167-163003,1,0.250,0.056,0.100,0.151,0.000,0.092,0.100,0.088,4,216.5693750,-16.5009167
g1426185-144255,1,1.025,0.042,0.150,0.061,0.000,0.045,0.150,0.037,5,216.5771667,-14.7151944
g1426407-361054,1,0.725,0.126,-0.035,0.150,0.090,0.084,0.050,0.092,5,216.6695417,-36.1816111
g1426571-212015,2,1.175,0.008,0.043,0.064,0.060,0.052,0.100,0.040,5,216.7378750,-21.3373889
g1426593-155018,1,0.725,0.096,0.137,0.108,0.120,0.051,0.250,0.070,6,216.7472083,-15.8382500
g1427384-032436,1,0.975,0.087,-0.703,0.100,0.560,0.077,-0.175,0.071,5,216.9098750,-3.4100278
g1428293-031926,1,0.600,0.107,0.112,0.129,0.120,0.061,0.225,0.101,6,217.1220833,-3.3238611
g1428343-294622,1,1.000,0.093,-0.057,0.113,0.060,0.076,0.000,0.069,8,217.1427083,-29.7726389
g1429099-464956,1,0.825,0.095,0.059,0.097,0.150,0.051,0.200,0.062,4,217.2912917,-46.8321667
g1429333-093341,1,0.325,0.095,0.099,0.137,0.240,0.070,0.325,0.095,4,217.3887083,-9.5612500
g1429373-155149,1,0.500,0.104,0.218,0.110,0.060,0.060,0.275,0.088,5,217.4055833,-15.8635556
g1429420-035223,1,0.950,0.084,0.071,0.076,0.270,0.042,0.325,0.046,7,217.4250833,-3.8729444
g1429542-293709,1,0.775,0.100,0.050,0.107,0.000,0.053,0.050,0.074,2,217.4760000,-29.6192778
g1429588-264837,1,0.325,0.060,0.122,0.110,0.030,0.058,0.150,0.071,3,217.4948750,-26.8101667
g1430071-062543,1,1.175,0.020,-0.295,0.065,0.340,0.050,0.025,0.034,6,217.5297500,-6.4285556
g1430178-051458,1,0.450,0.036,-0.038,0.070,0.120,0.047,0.075,0.044,2,217.5742500,-5.2493056
g1430320-474300,1,0.075,0.072,-0.052,0.186,0.400,0.082,0.325,0.148,6,217.6331667,-47.7167778
g1431243-080846,1,0.950,0.082,-0.858,0.149,0.560,0.109,-0.330,0.070,5,217.8514167,-8.1460556
g1431391-210919,3,0.350,0.063,0.209,0.089,0.150,0.043,0.350,0.058,5,217.9130833,-21.1552222
g1432031-061451,1,0.650,0.090,0.050,0.109,0.000,0.062,0.050,0.069,2,218.0127500,-6.2474444
g1432423-383710,1,0.800,0.162,0.185,0.181,-0.090,0.083,0.100,0.133,4,218.1762083,-38.6195556
g1433201-334439,1,1.000,0.067,0.077,0.066,0.210,0.041,0.275,0.043,4,218.3337917,-33.7442222
g1433227-184745,1,0.775,0.148,-0.521,0.161,0.420,0.101,-0.125,0.084,4,218.3446250,-18.7956944
g1433563-163451,1,0.575,0.082,-0.671,0.116,0.420,0.087,-0.275,0.049,4,218.4846667,-16.5808889
g1434026-172028,1,0.700,0.090,-0.869,0.115,0.710,0.082,-0.200,0.052,7,218.5106250,-17.3410278
g1434045-074032,1,0.750,0.112,-0.091,0.109,0.150,0.067,0.050,0.079,3,218.5187500,-7.6756111
g1434168-065237,1,0.850,0.108,-0.058,0.084,0.300,0.045,0.225,0.068,4,218.5699583,-6.8769722
g1434371-361709,1,1.075,0.025,-0.051,0.053,0.240,0.041,0.175,0.027,5,218.6547500,-36.2858333
g1435368-473532,1,1.000,0.049,-0.526,0.095,0.240,0.098,-0.300,0.060,6,218.9033333,-47.5922222
g1436095-064741,1,1.100,0.050,-0.188,0.074,0.120,0.055,-0.075,0.038,3,219.0393750,-6.7947500
g1436225-044449,1,1.175,0.049,0.100,0.101,0.000,0.072,0.100,0.054,6,219.0935417,-4.7469722
g1436245-244803,1,0.475,0.116,0.177,0.168,0.210,0.070,0.375,0.130,4,219.1020417,-24.8007222
g1436505-003719,1,0.750,0.133,-0.166,0.161,0.150,0.095,-0.025,0.090,7,219.2103750,-0.6220278
g1437194-360737,1,0.400,0.059,-0.001,0.080,0.240,0.048,0.225,0.050,2,219.3307500,-36.1270556
g1437489-190155,1,0.600,0.103,0.345,0.113,-0.180,0.075,0.175,0.092,8,219.4538750,-19.0319444
g1437490-365241,1,0.975,0.062,-0.088,0.064,0.120,0.040,0.025,0.040,6,219.4541667,-36.8780000
g1437508-213644,1,0.400,0.077,0.184,0.104,0.150,0.045,0.325,0.073,4,219.4614583,-21.6121667
g1437597-164405,1,0.625,0.119,-0.298,0.143,0.210,0.092,-0.100,0.073,3,219.4985833,-16.7346944
g1438346-784218,1,0.850,0.149,0.011,0.121,0.360,0.053,0.350,0.090,3,219.6440417,-78.7048611
g1439089-021252,1,0.875,0.131,-0.048,0.126,0.210,0.080,0.150,0.093,4,219.7870417,-2.2144444
g1439519-161441,1,0.875,0.070,0.009,0.061,0.150,0.036,0.150,0.038,1,219.9660833,-16.2446111
g1440126-422022,1,0.875,0.113,-0.801,0.190,0.500,0.129,-0.330,0.103,7,220.0526667,-42.3393056
g1440200-020118,1,0.350,0.135,0.091,0.242,-0.150,0.122,-0.050,0.159,7,220.0833333,-2.0216667
g1440288-292648,1,0.975,0.074,-0.452,0.107,0.480,0.079,0.000,0.061,9,220.1201667,-29.4467778
g1440320-293410,1,0.475,0.131,0.278,0.193,-0.030,0.073,0.250,0.147,4,220.1332917,-29.5693889
g1441497-364559,1,0.700,0.111,-0.108,0.104,0.380,0.054,0.250,0.071,6,220.4569167,-36.7664167
g1441528-145655,1,1.000,0.077,-0.089,0.074,0.440,0.041,0.325,0.044,6,220.4701250,-14.9485556
g1442075-174213,1,1.075,0.064,-0.825,0.098,0.770,0.074,-0.100,0.052,6,220.5310833,-17.7037222
g1442094-163357,1,0.900,0.090,-0.229,0.095,0.270,0.062,0.025,0.050,7,220.5392917,-16.5657500
g1442127-375245,1,0.550,0.102,-0.033,0.126,0.380,0.061,0.325,0.081,7,220.5528750,-37.8792500
g1442246-170357,1,0.675,0.109,0.052,0.104,0.210,0.047,0.250,0.073,5,220.6023750,-17.0656944
g1442483-363446,1,0.500,0.100,-0.127,0.141,0.400,0.072,0.250,0.094,5,220.7012083,-36.5795556
g1442542-174916,1,1.125,0.044,-0.603,0.110,0.560,0.080,-0.075,0.049,10,220.7256667,-17.8209722
g1442561-182642,1,0.750,0.060,-0.562,0.073,0.650,0.045,0.050,0.040,9,220.7335417,-18.4448889
g1443080-362921,1,0.725,0.083,0.121,0.077,0.270,0.039,0.375,0.049,1,220.7832083,-36.4891389
g1443092-055801,1,0.475,0.113,0.322,0.132,0.030,0.048,0.350,0.108,2,220.7884167,-5.9669722
g1443181-180824,1,0.175,0.076,-0.183,0.220,0.300,0.130,0.100,0.110,6,220.8254583,-18.1400833
g1443186-011512,1,0.200,0.064,-0.007,0.219,0.060,0.138,0.050,0.111,5,220.8273750,-1.2534167
g1443224-173203,1,0.925,0.091,0.087,0.092,0.120,0.053,0.200,0.059,5,220.8434583,-17.5341389
g1443365-051034,1,1.000,0.051,-0.023,0.056,0.210,0.036,0.175,0.035,4,220.9022500,-5.1760278
g1443505-370412,1,0.275,0.052,-0.023,0.121,0.210,0.075,0.175,0.069,2,220.9602500,-37.0700833
g1444127-291408,1,1.125,0.054,-0.207,0.099,0.060,0.077,-0.150,0.052,7,221.0530000,-29.2355556
g1444496-482136,1,0.400,0.130,0.328,0.210,-0.030,0.080,0.300,0.161,3,221.2064583,-48.3599444
g1444563-154710,1,1.150,0.013,-0.696,0.077,0.500,0.068,-0.225,0.028,9,221.2344583,-15.7861667
g1445038-361605,1,1.125,0.022,-0.195,0.070,0.340,0.061,0.125,0.056,9,221.2656667,-36.2680833
g1445166-380825,1,0.125,0.090,0.265,0.218,0.090,0.120,0.350,0.190,9,221.3189583,-38.1403611
g1445369-114835,1,0.725,0.094,0.059,0.088,0.150,0.041,0.200,0.066,8,221.4036667,-11.8096389
g1445512-115332,1,0.900,0.090,-0.501,0.122,0.320,0.089,-0.200,0.050,5,221.4632917,-11.8920833
g1446020-131811,1,0.625,0.076,0.262,0.085,0.120,0.042,0.375,0.055,2,221.5083750,-13.3030278
g1446207-170026,1,0.675,0.140,0.626,0.135,-0.240,0.067,0.400,0.097,9,221.5860417,-17.0071111
g1446269-125349,1,0.350,0.094,0.143,0.149,0.060,0.082,0.200,0.106,7,221.6122083,-12.8968056
g1446281-220044,1,1.075,0.071,-0.197,0.086,-0.030,0.083,-0.225,0.062,9,221.6170417,-22.0121111
g1446391-381718,1,0.625,0.101,0.015,0.117,0.090,0.066,0.100,0.075,4,221.6630417,-38.2881944
g1446533-274254,1,0.625,0.077,0.140,0.091,0.090,0.037,0.225,0.070,4,221.7220000,-27.7149722
g1446578-135026,1,0.575,0.146,0.249,0.150,0.240,0.055,0.475,0.124,7,221.7409167,-13.8406389
g1447023-181300,1,0.550,0.112,-0.204,0.157,0.270,0.089,0.050,0.089,8,221.7595417,-18.2167778
g1447198-062720,1,0.625,0.098,-0.254,0.114,0.270,0.064,0.000,0.064,1,221.8324583,-6.4555278
g1447335-202803,1,0.500,0.097,0.168,0.123,0.060,0.056,0.225,0.085,3,221.8895833,-20.4674167
g1448045-291632,1,0.675,0.063,0.109,0.084,0.150,0.043,0.250,0.054,5,222.0187083,-29.2754722
g1448283-361048,1,0.700,0.128,-0.176,0.147,0.240,0.080,0.050,0.086,6,222.1178333,-36.1798889
g1448299-394516,1,0.975,0.097,0.174,0.087,0.240,0.040,0.400,0.066,8,222.1245417,-39.7545556
g1448550-062804,1,1.175,0.017,-0.454,0.095,0.270,0.088,-0.200,0.036,9,222.2293333,-6.4676944
g1448554-112510,1,0.900,0.087,-0.079,0.072,0.270,0.043,0.175,0.048,3,222.2310000,-11.4194444
g1448575-413154,1,0.775,0.118,-0.170,0.119,0.340,0.072,0.150,0.077,8,222.2395000,-41.5315556
g1449158-361703,1,1.000,0.093,-0.687,0.101,0.650,0.070,-0.075,0.051,7,222.3156667,-36.2841667
g1449500-201642,1,0.675,0.063,0.055,0.065,0.180,0.034,0.225,0.045,3,222.4584167,-20.2781944
g1451087-375522,1,0.450,0.070,-0.051,0.094,0.240,0.054,0.175,0.059,5,222.7861667,-37.9226667
g1451422-123558,1,0.750,0.104,-0.151,0.121,0.240,0.075,0.075,0.062,8,222.9257917,-12.5994167
g1451529-360614,1,0.475,0.096,-0.414,0.124,0.440,0.079,0.000,0.062,5,222.9705417,-36.1039444
g1452151-290450,1,0.425,0.089,0.312,0.147,0.120,0.059,0.425,0.113,7,223.0629167,-29.0806389
g1452161-001737,1,0.600,0.074,0.027,0.111,0.210,0.065,0.225,0.067,4,223.0669583,-0.2935833
g1453012-155258,1,1.125,0.029,-0.108,0.055,0.380,0.040,0.250,0.026,4,223.2550000,-15.8826389
g1454113-310415,1,0.175,0.057,0.413,0.133,-0.120,0.056,0.300,0.123,4,223.5470417,-31.0707222
g1454334-374755,1,0.175,0.043,0.009,0.114,0.150,0.065,0.150,0.066,6,223.6390417,-37.7984722
g1454403-104125,1,0.800,0.082,0.040,0.099,0.090,0.052,0.125,0.063,4,223.6679167,-10.6902778
g1456171-374358,2,0.675,0.091,-0.058,0.111,0.380,0.049,0.300,0.071,5,224.0710417,-37.7328333
g1456222-132730,1,0.725,0.121,-0.506,0.156,0.590,0.096,0.050,0.077,9,224.0925417,-13.4584444
g1456550-355642,1,1.175,0.021,-0.745,0.066,0.340,0.058,-0.425,0.025,6,224.2290417,-35.9448611
g1457172-372757,2,0.600,0.093,-0.160,0.100,0.090,0.055,-0.075,0.060,3,224.3218333,-37.4657778
g1457273-213955,1,0.750,0.072,0.055,0.076,0.180,0.039,0.225,0.049,2,224.3635417,-21.6653333
g1458190-385304,1,0.825,0.091,-0.552,0.102,0.400,0.067,-0.175,0.068,6,224.5792500,-38.8844722
g1458198-373322,1,0.500,0.071,-0.166,0.098,0.150,0.055,-0.025,0.053,3,224.5823750,-37.5561667
g1458298-232028,1,0.650,0.094,-0.364,0.129,0.440,0.090,0.050,0.075,10,224.6243333,-23.3411944
g1458440-284324,1,1.050,0.049,-0.512,0.077,0.650,0.058,0.100,0.038,6,224.6832083,-28.7231944
g1458516-114022,1,0.800,0.133,-0.026,0.111,0.320,0.051,0.275,0.081,6,224.7148750,-11.6726667
g1458551-191421,1,0.950,0.086,-0.789,0.123,0.440,0.085,-0.375,0.096,4,224.7294167,-19.2390833
g1459022-221514,1,0.675,0.110,0.071,0.104,0.270,0.047,0.325,0.079,7,224.7592500,-22.2537500
g1459389-375421,2,0.550,0.094,-0.160,0.137,0.090,0.090,-0.075,0.074,8,224.9122083,-37.9058333
g1500009-274946,1,0.575,0.125,-0.007,0.134,0.060,0.077,0.050,0.088,5,225.0037500,-27.8293333
g1500395-442556,1,0.050,0.056,0.178,0.115,-0.030,0.062,0.150,0.081,9,225.1647083,-44.4323333
g1500491-431615,1,0.325,0.090,0.024,0.162,0.320,0.084,0.325,0.111,7,225.2044167,-43.2706944
g1501076-221035,1,0.950,0.058,-0.141,0.077,0.150,0.053,0.000,0.040,1,225.2816250,-22.1763056
g1501090-365908,1,0.700,0.093,-0.139,0.094,0.440,0.048,0.275,0.062,7,225.2872917,-36.9855278
g1501143-365618,1,1.100,0.010,-0.677,0.058,0.400,0.050,-0.300,0.028,7,225.3095833,-36.9384167
g1501419-191724,1,0.325,0.038,0.162,0.059,0.120,0.036,0.275,0.034,2,225.4243750,-19.2900278
g1501588-424029,1,0.575,0.119,-0.023,0.152,0.210,0.088,0.175,0.095,4,225.4951667,-42.6747500
g1502399-023532,1,0.725,0.117,-0.431,0.155,0.590,0.087,0.125,0.083,6,225.6662917,-2.5923056
g1503002-131658,1,0.500,0.054,0.100,0.071,0.000,0.039,0.100,0.046,5,225.7508750,-13.2826667
g1503141-042209,1,0.925,0.134,-0.477,0.151,0.400,0.090,-0.100,0.082,7,225.8085833,-4.3691667
g1503341-220608,1,0.425,0.071,0.228,0.090,-0.030,0.054,0.200,0.057,7,225.8922083,-22.1022778
g1504073-020013,1,0.800,0.103,-0.214,0.117,0.360,0.066,0.125,0.069,4,226.0304583,-2.0037222
g1504104-013522,1,0.625,0.150,-0.038,0.184,0.120,0.090,0.075,0.114,3,226.0431250,-1.5894444
g1504135-201136,1,0.800,0.130,-0.273,0.136,0.210,0.083,-0.075,0.075,6,226.0560417,-20.1933889
g1504216-422659,1,0.350,0.113,0.240,0.164,0.090,0.062,0.325,0.125,6,226.0899167,-42.4497500
g1504349-723660,1,1.175,0.004,-0.389,0.054,0.360,0.045,-0.050,0.022,5,226.1454167,-72.6166111
g1504442-002107,1,1.075,0.032,-0.320,0.075,0.340,0.055,0.000,0.040,4,226.1840833,-0.3519722
g1505049-010635,1,0.775,0.160,-0.183,0.163,0.380,0.066,0.175,0.122,3,226.2703333,-1.1097500
g1505223-014811,1,1.075,0.072,-0.103,0.095,0.030,0.065,-0.075,0.057,3,226.3427083,-1.8029167
g1505227-450831,1,1.025,0.063,-0.929,0.069,0.800,0.045,-0.175,0.042,7,226.3446667,-45.1419444
g1505352-722558,1,1.175,0.029,-0.673,0.057,0.210,0.048,-0.475,0.034,5,226.3967083,-72.4328333
g1505478-433053,1,0.400,0.097,-0.120,0.168,0.340,0.081,0.200,0.140,8,226.4492500,-43.5146111
g1505479-145753,1,0.525,0.068,-0.001,0.078,0.320,0.039,0.300,0.056,3,226.4495000,-14.9648056
g1505534-140909,1,0.925,0.087,-0.054,0.086,0.270,0.043,0.200,0.056,1,226.4723333,-14.1524167
g1505538-014351,1,1.150,0.062,-0.520,0.098,0.340,0.081,-0.200,0.043,2,226.4741667,-1.7307222
g1506193-014640,1,0.775,0.128,-0.279,0.124,0.270,0.071,-0.025,0.075,2,226.5803750,-1.7778611
g1506223-014507,1,0.825,0.086,-0.051,0.103,0.320,0.073,0.250,0.056,10,226.5927917,-1.7518056
g1506246-095426,1,1.175,0.008,-0.429,0.066,0.270,0.055,-0.175,0.024,6,226.6025833,-9.9071944
g1506262-140701,1,0.725,0.090,0.237,0.082,0.120,0.041,0.350,0.052,2,226.6089583,-14.1168889
g1506342-015130,1,0.600,0.114,0.002,0.141,0.210,0.071,0.200,0.093,4,226.6426250,-1.8582222
g1506370-411912,1,1.175,0.008,-0.414,0.043,0.360,0.034,-0.075,0.023,6,226.6542917,-41.3198611
g1506507-143418,1,0.575,0.078,-0.101,0.093,0.240,0.049,0.125,0.061,1,226.7111667,-14.5717778
g1507205-383542,1,0.425,0.068,0.065,0.116,0.090,0.064,0.150,0.069,3,226.8355000,-38.5951111
g1507213-383630,1,0.650,0.115,-0.198,0.128,0.210,0.076,0.000,0.079,4,226.8389167,-38.6082778
g1507393-000634,1,0.425,0.093,0.217,0.137,0.300,0.046,0.500,0.122,4,226.9138333,-0.1094444
g1508412-374004,1,0.550,0.090,-0.135,0.106,0.090,0.054,-0.050,0.064,5,227.1717083,-37.6677222
g1508489-365429,1,1.025,0.060,-0.504,0.091,0.270,0.070,-0.250,0.045,4,227.2035417,-36.9079722
g1508521-382846,1,0.700,0.069,0.087,0.069,0.120,0.033,0.200,0.049,6,227.2170417,-38.4793056
g1508600-115948,1,0.550,0.087,0.272,0.098,0.030,0.054,0.300,0.065,3,227.2499167,-11.9967778
g1509011-000958,1,0.825,0.111,0.005,0.097,0.340,0.044,0.325,0.068,3,227.2543750,-0.1659722
g1509047-071717,1,0.650,0.099,-0.183,0.131,0.300,0.073,0.100,0.076,4,227.2694583,-7.2880000
g1509096-395624,1,0.725,0.141,0.025,0.149,0.000,0.080,0.025,0.093,7,227.2900417,-39.9400000
g1509296-374812,1,1.050,0.054,-0.351,0.086,0.240,0.068,-0.125,0.041,5,227.3731250,-37.8033056
g1510023-105102,1,1.025,0.047,-0.041,0.064,0.150,0.046,0.100,0.037,5,227.5097500,-10.8505833
g1510191-432915,1,0.425,0.084,-0.358,0.149,0.300,0.088,-0.075,0.083,6,227.5797083,-43.4875833
g1510215-445123,1,0.625,0.084,-0.101,0.116,0.240,0.068,0.125,0.063,4,227.5894583,-44.8563333
g1510295-021007,1,0.450,0.078,-0.033,0.105,0.300,0.058,0.250,0.059,9,227.6230417,-2.1686667
g1510484-182551,1,0.700,0.057,0.247,0.074,0.030,0.042,0.275,0.042,4,227.7015000,-18.4309444
g1510486-010345,1,1.150,0.025,-0.258,0.061,0.300,0.047,0.025,0.035,3,227.7024167,-1.0625556
g1510557-112848,1,0.925,0.069,0.124,0.054,0.320,0.033,0.425,0.035,5,227.7320000,-11.4800000
g1511020-311534,1,0.750,0.127,-0.345,0.147,0.340,0.091,-0.025,0.074,7,227.7581667,-31.2595000
g1511153-114143,1,0.475,0.060,0.165,0.075,0.090,0.048,0.250,0.056,2,227.8139167,-11.6953056
g1511171-095232,1,1.175,0.010,-0.508,0.073,0.380,0.056,-0.150,0.029,6,227.8213750,-9.8755278
g1511584-071128,1,0.350,0.091,0.096,0.182,0.270,0.067,0.350,0.141,10,227.9932500,-7.1910556
g1512080-702251,1,0.600,0.129,-0.077,0.176,0.400,0.084,0.300,0.112,6,228.0331250,-70.3808056
g1512415-014829,1,0.425,0.104,0.034,0.125,0.150,0.076,0.175,0.094,5,228.1730000,-1.8081111
g1513009-080439,1,1.025,0.120,0.087,0.111,0.120,0.053,0.200,0.090,5,228.2538750,-8.0774722
g1513322-391255,1,0.750,0.105,-0.195,0.098,0.180,0.058,-0.025,0.059,5,228.3839583,-39.2153611
g1513355-003436,1,0.675,0.147,-0.383,0.185,0.300,0.117,-0.100,0.092,7,228.3978333,-0.5767500
g1513457-141611,1,1.150,0.014,-0.266,0.054,0.150,0.043,-0.125,0.025,4,228.4405000,-14.2698333
g1513462-434337,1,0.425,0.064,-0.183,0.109,0.300,0.056,0.100,0.066,3,228.4425417,-43.7268333
g1513532-384825,1,0.450,0.058,-0.120,0.089,0.180,0.053,0.050,0.050,2,228.4717500,-38.8069444
g1513535-213546,1,1.050,0.088,-0.695,0.143,0.340,0.112,-0.375,0.080,9,228.4729167,-21.5961667
g1514001-213126,1,0.675,0.093,-0.189,0.123,0.360,0.067,0.150,0.079,4,228.5005833,-21.5240000
g1514046-220820,1,0.800,0.106,-0.220,0.105,0.340,0.060,0.100,0.060,6,228.5189583,-22.1388333
g1514140-034508,1,0.350,0.063,0.068,0.110,0.060,0.065,0.125,0.067,3,228.5581667,-3.7521667
g1514142-231234,1,0.675,0.214,-0.096,0.231,0.500,0.108,0.375,0.176,7,228.5590417,-23.2093611
g1514471-093217,1,0.675,0.088,-0.051,0.097,0.240,0.047,0.175,0.065,3,228.6961667,-9.5381667
g1514489-082906,1,0.575,0.186,0.305,0.199,0.180,0.063,0.475,0.165,10,228.7038333,-8.4850556
g1515011-143444,1,0.850,0.104,-0.141,0.106,0.150,0.052,0.000,0.066,3,228.7547500,-14.5788889
g1515062-370445,1,1.175,0.000,-0.377,0.056,0.400,0.047,0.000,0.025,4,228.7757500,-37.0790278
g1515082-432138,1,0.375,0.065,-0.013,0.112,0.120,0.062,0.100,0.067,6,228.7841250,-43.3605278
g1515130-125247,1,0.850,0.122,0.171,0.081,0.270,0.041,0.425,0.056,7,228.8041667,-12.8796389
g1515182-122432,1,0.675,0.094,-0.188,0.104,0.120,0.072,-0.075,0.058,4,228.8257083,-12.4087778
g1515310-215300,1,0.225,0.118,0.209,0.224,0.150,0.090,0.350,0.190,5,228.8790417,-21.8833333
g1515317-435326,1,0.700,0.070,-0.020,0.075,0.180,0.045,0.150,0.048,6,228.8820833,-43.8905278
g1515351-215359,1,0.550,0.125,0.011,0.155,0.440,0.064,0.425,0.117,5,228.8961250,-21.8997500
g1515454-382850,1,1.175,0.027,-0.402,0.076,0.400,0.063,-0.025,0.039,8,228.9389583,-38.4805833
g1515504-390901,1,0.375,0.071,-0.145,0.151,0.180,0.097,0.025,0.072,5,228.9600000,-39.1502500
g1515537-091540,1,1.050,0.054,-0.620,0.108,0.180,0.074,-0.450,0.067,3,228.9739167,-9.2612222
g1515589-080129,1,0.425,0.101,-0.308,0.163,0.300,0.093,-0.025,0.094,6,228.9955833,-8.0247500
g1516019-082954,1,0.675,0.148,0.460,0.159,-0.090,0.075,0.375,0.107,4,229.0077917,-8.4983889
g1516128-440338,1,0.300,0.064,-0.352,0.177,0.400,0.102,0.025,0.092,4,229.0532083,-44.0604167
g1516231-001805,1,0.350,0.114,0.196,0.202,0.270,0.061,0.450,0.166,10,229.0962500,-0.3015000
g1516237-371025,1,0.575,0.088,-0.270,0.108,0.180,0.065,-0.100,0.061,3,229.0987917,-37.1735000
g1516360-713514,1,0.450,0.073,-0.116,0.089,0.150,0.052,0.025,0.058,3,229.1501667,-71.5871944
g1516422-364809,1,0.925,0.079,-0.101,0.080,0.240,0.041,0.125,0.053,10,229.1757917,-36.8024167
g1517031-222752,1,1.050,0.057,-0.196,0.080,0.420,0.055,0.200,0.044,5,229.2627083,-22.4644167
g1517122-030124,1,0.525,0.108,0.247,0.144,0.030,0.056,0.275,0.105,4,229.3009583,-3.0233333
g1517126-324337,1,0.400,0.086,0.309,0.122,0.150,0.042,0.450,0.116,2,229.3025833,-32.7268889
g1517127-111253,1,1.000,0.096,-0.251,0.110,0.240,0.072,-0.025,0.078,9,229.3029583,-11.2148333
g1517147-445257,1,0.275,0.075,0.143,0.175,0.060,0.084,0.200,0.122,6,229.3113750,-44.8823889
g1517485-012534,1,0.675,0.134,0.034,0.126,0.150,0.055,0.175,0.093,4,229.4520833,-1.4261667
g1517495-433006,1,0.875,0.073,-0.239,0.094,0.440,0.054,0.175,0.050,4,229.4560833,-43.5015833
g1517515-190407,1,0.850,0.110,0.159,0.109,0.150,0.052,0.300,0.074,8,229.4645000,-19.0687222
g1517590-161916,1,0.225,0.063,0.059,0.183,0.150,0.097,0.200,0.115,3,229.4959583,-16.3209722
g1518105-720903,1,0.350,0.108,0.243,0.166,0.060,0.050,0.300,0.139,4,229.5435833,-72.1509444
g1518213-013913,1,1.175,0.062,-0.620,0.118,0.340,0.105,-0.300,0.044,9,229.5888750,-1.6535833
g1518237-022858,1,0.325,0.102,0.360,0.161,-0.090,0.065,0.275,0.119,4,229.5986667,-2.4826389
g1518358-034605,1,0.375,0.087,0.055,0.138,0.180,0.068,0.225,0.101,4,229.6491250,-3.7680278
g1518360-240712,1,0.575,0.113,-0.370,0.164,0.340,0.097,-0.050,0.083,7,229.6497917,-24.1199444
g1518500-084046,1,0.650,0.130,0.038,0.144,-0.120,0.071,-0.075,0.093,6,229.7084167,-8.6793889
g1518557-082724,1,0.150,0.086,-0.083,0.254,0.300,0.086,0.200,0.208,4,229.7318750,-8.4566389
g1519054-155946,1,0.775,0.108,0.227,0.077,0.210,0.037,0.425,0.052,3,229.7725417,-15.9961111
g1519137-194732,1,0.300,0.071,0.353,0.128,-0.030,0.065,0.325,0.104,5,229.8072083,-19.7921389
g1520375-110303,1,0.200,0.061,0.357,0.132,-0.060,0.063,0.300,0.117,3,230.1562917,-11.0507500
g1521141-134538,1,0.775,0.097,0.087,0.094,0.120,0.046,0.200,0.061,2,230.3087917,-13.7606111
g1521152-202027,1,0.700,0.079,0.118,0.104,0.060,0.062,0.175,0.062,3,230.3135000,-20.3406944
g1521160-120618,1,0.675,0.139,-0.058,0.174,0.300,0.074,0.225,0.124,6,230.3168333,-12.1049444
g1521290-100845,1,0.925,0.075,-0.070,0.072,0.180,0.040,0.100,0.046,2,230.3707917,-10.1457778
g1521306-203126,1,0.900,0.076,-0.148,0.082,0.210,0.054,0.050,0.050,2,230.3774167,-20.5238889
g1521330-100655,1,0.375,0.082,0.165,0.128,0.090,0.059,0.250,0.089,5,230.3876667,-10.1152222
g1521514-174345,1,0.325,0.068,-0.185,0.139,0.090,0.073,-0.100,0.090,7,230.4642083,-17.7291389
g1522248-434912,1,0.525,0.100,-0.116,0.139,0.150,0.078,0.025,0.080,4,230.6032500,-43.8200278
g1522558-012123,1,1.075,0.012,-0.179,0.047,0.270,0.037,0.075,0.026,4,230.7323333,-1.3564722
g1522570-163949,1,0.700,0.090,-0.233,0.112,0.300,0.065,0.050,0.062,4,230.7376667,-16.6637222
g1523166-093317,1,0.350,0.114,-0.145,0.213,0.180,0.124,0.025,0.148,6,230.8191250,-9.5545833
g1523263-195912,1,0.200,0.046,-0.226,0.157,0.240,0.093,0.000,0.084,3,230.8594583,-19.9865278
g1523273-010956,1,0.775,0.096,-0.095,0.089,0.180,0.051,0.075,0.059,3,230.8635833,-1.1655278
g1523340-002345,1,1.050,0.053,-0.295,0.075,0.180,0.057,-0.125,0.041,5,230.8915417,-0.3959444
g1524067-110326,1,0.450,0.111,0.241,0.140,-0.150,0.078,0.100,0.093,9,231.0278750,-11.0571389
g1524540-111907,1,0.975,0.130,-0.404,0.156,0.270,0.104,-0.150,0.085,6,231.2248333,-11.3186944
g1525124-014840,1,0.300,0.080,0.507,0.116,-0.060,0.056,0.450,0.115,5,231.3016250,-1.8110556
g1526019-012327,1,0.600,0.078,0.143,0.106,0.060,0.056,0.200,0.073,8,231.5078333,-1.3909444
g1526534-200542,1,0.675,0.077,0.143,0.084,0.060,0.036,0.200,0.062,3,231.7224583,-20.0948611
g1527006-125852,1,0.675,0.089,0.152,0.087,0.210,0.042,0.350,0.057,3,231.7525417,-12.9811667
g1528496-211225,1,0.575,0.075,0.146,0.083,0.270,0.035,0.400,0.061,1,232.2064583,-21.2069444
g1528586-133556,1,0.675,0.182,0.340,0.153,0.090,0.068,0.425,0.123,9,232.2440417,-13.5987778
g1529200-211126,1,0.750,0.115,0.037,0.138,0.120,0.071,0.150,0.085,6,232.3331250,-21.1905278
g1529321-190814,1,0.750,0.072,-0.532,0.117,0.060,0.084,-0.475,0.087,5,232.3835833,-19.1372778
g1530171-314701,1,0.225,0.133,0.124,0.264,0.240,0.088,0.350,0.214,5,232.5712500,-31.7836389
g1530198-014557,1,0.725,0.147,-0.452,0.173,0.480,0.099,0.000,0.090,8,232.5826667,-1.7658611
g1530275-201147,1,0.525,0.072,-0.352,0.103,0.480,0.063,0.100,0.058,3,232.6144167,-20.1963889
g1530309-021633,1,0.725,0.099,-0.245,0.106,0.180,0.062,-0.075,0.058,5,232.6286250,-2.2758889
g1530373-410016,1,0.725,0.114,-0.104,0.131,0.270,0.072,0.150,0.074,6,232.6555000,-41.0043611
g1530395-021245,1,0.250,0.050,0.168,0.136,0.060,0.068,0.225,0.088,4,232.6647083,-2.2124167
g1531534-311016,1,0.425,0.101,0.235,0.134,-0.090,0.068,0.150,0.095,3,232.9726667,-31.1711111
g1532231-064553,1,0.850,0.100,0.078,0.099,-0.030,0.051,0.050,0.066,5,233.0962917,-6.7646667
g1532242-122355,1,0.700,0.089,0.137,0.097,0.120,0.047,0.250,0.070,4,233.1007917,-12.3985556
g1532521-065008,1,0.500,0.175,0.152,0.206,0.210,0.079,0.350,0.156,8,233.2170833,-6.8356111
g1533095-015158,1,0.600,0.099,0.155,0.110,0.180,0.053,0.325,0.080,7,233.2896667,-1.8660556
g1533117-144156,1,0.350,0.096,-0.296,0.174,0.420,0.088,0.100,0.101,3,233.2986250,-14.6989444
g1533260-050547,1,0.800,0.098,-0.076,0.085,0.240,0.046,0.150,0.057,8,233.3581667,-5.0963889
g1533271-322409,1,0.425,0.106,0.002,0.159,0.210,0.066,0.200,0.119,4,233.3629583,-32.4026111
g1533463-084638,1,0.750,0.093,0.093,0.093,0.060,0.044,0.150,0.067,2,233.4427500,-8.7771389
g1534005-155518,1,0.975,0.076,-0.426,0.097,0.240,0.067,-0.200,0.065,4,233.5018750,-15.9215278
g1534063-090333,1,0.675,0.101,0.115,0.104,0.090,0.045,0.200,0.083,5,233.5260833,-9.0591944
g1534139-211153,1,0.850,0.073,-0.151,0.070,0.240,0.040,0.075,0.044,3,233.5580833,-21.1979444
g1534188-320147,1,0.550,0.163,0.197,0.230,0.030,0.111,0.225,0.144,5,233.5784167,-32.0295833
g1534408-150420,1,0.875,0.090,-0.095,0.094,0.180,0.047,0.075,0.058,0,233.6699167,-15.0720833
g1534531-181453,1,0.525,0.072,0.155,0.077,0.180,0.042,0.325,0.063,2,233.7212917,-18.2481667
g1535283-330706,1,1.175,0.045,-0.304,0.090,0.270,0.069,-0.050,0.050,8,233.8677500,-33.1182222
g1535306-010710,1,0.375,0.077,-0.214,0.147,0.360,0.091,0.125,0.087,6,233.8775833,-1.1194167
g1535440-164657,1,0.800,0.132,0.209,0.120,0.150,0.064,0.350,0.076,5,233.9335000,-16.7824167
g1536021-052912,1,1.175,0.024,-0.326,0.067,0.240,0.056,-0.100,0.034,4,234.0088750,-5.4867222
g1536090-052151,1,0.775,0.117,-0.010,0.110,0.090,0.060,0.075,0.073,2,234.0373750,-5.3642778
g1536452-004932,1,0.700,0.121,0.002,0.161,0.210,0.076,0.200,0.110,7,234.1883750,-0.8255278
g1536521-022223,1,0.925,0.107,-0.439,0.134,0.360,0.103,-0.100,0.055,7,234.2170000,-2.3731111
g1537127-051957,1,0.675,0.104,-0.383,0.138,0.380,0.084,-0.025,0.069,9,234.3029167,-5.3325556
g1537373-084316,1,0.300,0.075,0.670,0.170,-0.180,0.060,0.500,0.137,6,234.4052500,-8.7211389
g1538153-065407,1,0.775,0.135,-0.245,0.145,0.340,0.081,0.075,0.083,6,234.5638750,-6.9020000
g1538223-002744,1,0.275,0.050,0.178,0.112,-0.030,0.066,0.150,0.073,6,234.5930000,-0.4620833
g1539100-141148,1,0.575,0.138,0.108,0.118,-0.300,0.061,-0.175,0.090,7,234.7917917,-14.1965556
g1539147-113824,1,0.650,0.090,-0.038,0.112,0.120,0.066,0.075,0.062,2,234.8113750,-11.6398889
g1539328-113426,1,1.125,0.032,-0.316,0.065,0.150,0.055,-0.175,0.035,3,234.8865833,-11.5739722
g1539383-235634,1,0.700,0.121,-0.251,0.140,0.320,0.081,0.050,0.087,6,234.9094167,-23.9426389
g1539475-132342,1,0.750,0.108,0.159,0.096,0.150,0.044,0.300,0.068,1,234.9477500,-13.3950833
g1540212-150818,1,0.125,0.104,0.247,0.247,0.030,0.091,0.275,0.208,3,235.0881250,-15.1383611
g1540231-051135,1,0.925,0.085,-0.385,0.150,0.090,0.108,-0.300,0.068,10,235.0962083,-5.1929167
g1541048-050926,1,0.350,0.058,0.165,0.090,0.090,0.053,0.250,0.050,3,235.2699167,-5.1571111
g1541090-050508,1,0.625,0.102,0.105,0.106,0.180,0.045,0.275,0.078,6,235.2873333,-5.0854722
g1541099-014223,1,0.725,0.088,-0.051,0.101,0.240,0.051,0.175,0.067,7,235.2911250,-1.7062500
g1542272-131403,1,1.050,0.036,-0.070,0.057,0.180,0.058,0.100,0.039,7,235.6135000,-13.2342778
g1542369-384203,1,1.175,0.000,-0.358,0.041,0.300,0.038,-0.075,0.017,6,235.6537917,-38.7008889
g1542554-042503,1,0.925,0.090,-0.307,0.125,0.060,0.104,-0.250,0.065,8,235.7308333,-4.4173889
g1543106-123427,1,0.375,0.058,-0.191,0.108,0.150,0.054,-0.050,0.071,2,235.7940417,-12.5740556
g1543240-024056,1,0.500,0.141,-0.228,0.190,0.030,0.103,-0.200,0.136,6,235.8498750,-2.6821389
g1544322-152509,1,0.575,0.130,0.030,0.125,0.340,0.047,0.350,0.100,10,236.1340000,-15.4190833
g1544357-203016,1,0.600,0.118,0.272,0.141,0.030,0.064,0.300,0.100,3,236.1485417,-20.5043611
g1544398-300328,1,0.850,0.152,0.315,0.118,0.090,0.055,0.400,0.084,5,236.1656250,-30.0578056
g1544482-192221,1,0.650,0.078,-0.013,0.090,0.120,0.047,0.100,0.060,2,236.2008333,-19.3725833
g1545001-153018,1,1.150,0.025,-0.429,0.078,0.270,0.069,-0.175,0.035,2,236.2503750,-15.5049444
g1545079-163152,1,0.450,0.131,0.203,0.155,-0.030,0.075,0.175,0.108,9,236.2828750,-16.5310833
g1545393-170152,1,0.850,0.103,-0.001,0.089,0.240,0.051,0.225,0.069,7,236.4138333,-17.0310000
g1545449-020617,1,0.975,0.059,-0.279,0.077,0.270,0.057,-0.025,0.038,2,236.4372083,-2.1046667
g1545586-770623,1,0.825,0.104,-0.210,0.094,0.090,0.061,-0.125,0.059,4,236.4939583,-77.1063333
g1546370-043425,1,1.150,0.050,-0.108,0.086,0.300,0.063,0.175,0.040,5,236.6540000,-4.5736111
g1546530-033329,1,0.675,0.132,0.315,0.132,0.090,0.064,0.400,0.087,8,236.7210000,-3.5580556
g1547162-731456,1,1.175,0.066,-0.514,0.090,0.360,0.068,-0.175,0.065,8,236.8173750,-73.2488889
g1547342-305042,1,0.650,0.130,0.165,0.161,0.090,0.074,0.250,0.108,4,236.8926250,-30.8449444
g1547344-013243,1,1.125,0.007,-0.179,0.057,0.270,0.044,0.075,0.026,3,236.8933333,-1.5452222
g1549325-193911,1,0.325,0.074,0.024,0.135,0.240,0.062,0.250,0.093,1,237.3852083,-19.6531389
g1549430-051924,1,0.900,0.132,-0.063,0.119,0.120,0.070,0.050,0.082,7,237.4291250,-5.3232778
g1549516-072848,1,0.600,0.079,0.037,0.102,0.120,0.048,0.150,0.069,2,237.4649167,-7.4799722
g1550001-053559,1,0.550,0.103,0.015,0.145,0.090,0.079,0.100,0.085,5,237.5005000,-5.5998333
g1550438-073338,1,0.900,0.105,-0.014,0.069,0.440,0.034,0.400,0.053,7,237.6823333,-7.5604167
g1550490-151138,1,0.700,0.132,-0.245,0.164,0.340,0.112,0.075,0.087,6,237.7043333,-15.1940000
g1550496-073958,1,0.150,0.067,0.096,0.177,0.270,0.080,0.350,0.154,6,237.7068333,-7.6661667
g1551123-744209,1,0.875,0.085,-0.035,0.077,0.090,0.040,0.050,0.056,3,237.8012500,-74.7025556
g1551468-000619,1,0.775,0.140,0.087,0.163,0.120,0.080,0.200,0.097,8,237.9451667,-0.1052500
g1552497-144426,1,0.350,0.072,0.109,0.101,0.150,0.058,0.250,0.068,4,238.2072083,-14.7405556
g1553005-271732,1,1.175,0.000,-0.048,0.065,0.210,0.046,0.150,0.031,6,238.2518750,-27.2920833
g1553449-024220,2,0.375,0.076,-0.066,0.138,0.150,0.083,0.075,0.072,3,238.4369167,-2.7056389
g1554273-075113,1,0.525,0.080,-0.508,0.137,0.380,0.104,-0.150,0.053,3,238.6138750,-7.8535000
g1554354-063433,1,0.600,0.105,0.074,0.120,0.240,0.052,0.300,0.085,3,238.6475417,-6.5757500
g1554568-171933,1,1.000,0.089,-0.108,0.084,0.380,0.053,0.250,0.061,4,238.7366250,-17.3258889
g1556074-083244,1,0.675,0.074,-0.239,0.087,0.360,0.053,0.100,0.050,8,239.0310000,-8.5456667
g1556367-140533,1,1.100,0.037,-0.378,0.088,0.030,0.082,-0.350,0.041,3,239.1530833,-14.0923889
g1556552-141342,1,0.725,0.085,-0.249,0.114,0.530,0.066,0.250,0.062,6,239.2300833,-14.2283889
g1557020-060919,1,0.700,0.139,-0.539,0.166,0.440,0.094,-0.125,0.087,6,239.2582500,-6.1551667
g1557235-153838,1,0.275,0.052,0.152,0.097,0.210,0.047,0.350,0.073,4,239.3477917,-15.6439444
g1557500-194942,1,0.600,0.141,-0.304,0.146,0.270,0.086,-0.050,0.077,5,239.4581667,-19.8282500
g1557568-055046,1,0.650,0.163,0.007,0.183,-0.060,0.089,-0.050,0.116,9,239.4867083,-5.8461111
g1559099-074019,1,0.950,0.083,-0.220,0.097,0.180,0.064,-0.050,0.052,4,239.7914167,-7.6719167
g1600141-065506,1,0.600,0.098,0.037,0.122,0.120,0.066,0.150,0.075,5,240.0587500,-6.9181944
g1600274-080734,1,0.675,0.084,0.043,0.118,0.060,0.061,0.100,0.071,1,240.1142500,-8.1260278
g1600312-055934,1,1.000,0.094,-0.057,0.110,0.060,0.071,0.000,0.067,8,240.1298750,-5.9926667
g1601322-051825,1,0.725,0.188,0.334,0.180,0.150,0.071,0.475,0.136,5,240.3840000,-5.3068056
g1602549-332818,1,0.750,0.106,-0.224,0.104,0.530,0.049,0.275,0.070,7,240.7288333,-33.4716389
g1603300-061615,1,0.650,0.126,-0.053,0.145,0.030,0.093,-0.025,0.080,5,240.8748333,-6.2709167
g1603484-014949,1,1.025,0.064,-0.399,0.076,0.530,0.055,0.100,0.041,4,240.9515833,-1.8301389
g1604280-020715,1,0.850,0.122,0.017,0.097,0.380,0.057,0.375,0.060,5,241.1165833,-2.1209167
g1604351-020548,1,0.825,0.126,-0.018,0.162,-0.060,0.104,-0.075,0.081,6,241.1463333,-2.0965833
g1604594-014452,1,1.100,0.029,-0.113,0.066,0.120,0.052,0.000,0.038,4,241.2475833,-1.7478056
g1605017-084515,1,1.175,0.032,-0.458,0.083,0.300,0.066,-0.175,0.040,5,241.2571667,-8.7540278
g1605125-021253,1,0.500,0.120,0.548,0.140,-0.210,0.057,0.350,0.124,2,241.3022083,-2.2147222
g1605267-015619,1,0.925,0.093,0.105,0.084,0.180,0.044,0.275,0.055,5,241.3611667,-1.9385833
g1605497-305157,1,0.200,0.086,-0.351,0.263,0.240,0.152,-0.125,0.163,7,241.4569167,-30.8658056
g1605539-083415,1,0.900,0.124,-0.183,0.112,0.300,0.049,0.100,0.080,4,241.4743750,-8.5707778
g1606438-181248,1,1.050,0.056,-0.395,0.075,0.340,0.055,-0.075,0.037,3,241.6825833,-18.2132778
g1607037-014929,1,0.475,0.087,0.005,0.125,0.180,0.068,0.175,0.073,4,241.7652917,-1.8247222
g1607476-024217,1,0.475,0.146,0.343,0.184,0.060,0.047,0.400,0.165,6,241.9481667,-2.7048056
g1608377-080141,1,1.150,0.019,-0.183,0.066,0.300,0.053,0.100,0.031,3,242.1570000,-8.0280556
g1608401-135627,1,1.175,0.008,-0.339,0.067,0.360,0.054,0.000,0.034,5,242.1669583,-13.9408889
g1608564-114719,1,0.925,0.083,-0.148,0.087,0.210,0.062,0.050,0.050,6,242.2349583,-11.7884722
g1609262-072631,1,0.875,0.133,0.148,0.102,-0.210,0.059,-0.050,0.080,8,242.3590417,-7.4418611
g1609345-023404,1,0.700,0.127,-0.283,0.138,0.380,0.084,0.075,0.078,5,242.3939167,-2.5676389
g1610114-022648,1,0.975,0.086,-0.126,0.137,0.320,0.086,0.175,0.075,4,242.5472917,-2.4465833
g1610345-115132,1,0.975,0.070,-0.066,0.083,0.150,0.051,0.075,0.052,2,242.6437917,-11.8588333
g1610518-245826,1,0.525,0.119,0.185,0.122,-0.090,0.061,0.100,0.089,2,242.7159583,-24.9740000
g1611545-162830,1,1.000,0.072,-0.173,0.080,0.210,0.057,0.025,0.047,4,242.9770833,-16.4749722
g1612015-012530,1,0.925,0.122,0.042,0.123,0.300,0.066,0.325,0.078,5,243.0063750,-1.4249444
g1612146-005936,1,1.175,0.028,-0.251,0.086,0.320,0.060,0.050,0.045,4,243.0610000,-0.9931944
g1612264-132445,1,0.975,0.096,-0.107,0.110,0.060,0.072,-0.050,0.064,5,243.1098333,-13.4123889
g1612332-091128,1,0.900,0.113,-0.351,0.141,0.240,0.091,-0.125,0.072,7,243.1381667,-9.1912222
g1612568-000546,1,0.350,0.099,0.170,0.178,-0.180,0.089,0.000,0.112,6,243.2367917,-0.0962222
g1613169-772849,1,0.700,0.095,0.047,0.106,0.030,0.057,0.075,0.070,5,243.3204583,-77.4802222
g1613190-011256,1,0.750,0.135,-0.108,0.147,0.300,0.073,0.175,0.094,6,243.3293333,-1.2156389
g1613225-011233,1,0.650,0.157,0.447,0.131,0.030,0.053,0.475,0.105,6,243.3439167,-1.2090278
g1613474-210055,1,1.175,0.023,-0.326,0.104,0.240,0.083,-0.100,0.039,6,243.4473750,-21.0151389
g1614124-294020,1,0.950,0.063,0.105,0.055,0.180,0.026,0.275,0.047,1,243.5516250,-29.6721667
g1614200-000154,1,0.975,0.104,-0.113,0.109,0.120,0.063,0.000,0.066,2,243.5832500,-0.0315833
g1614501-005456,1,0.800,0.111,0.113,0.116,-0.120,0.082,0.000,0.068,6,243.7088750,-0.9156389
g1615312-144442,1,0.175,0.088,0.383,0.166,-0.300,0.071,0.100,0.157,7,243.8798750,-14.7450556
g1615317-731804,1,1.050,0.033,-0.370,0.066,0.340,0.051,-0.050,0.036,5,243.8822500,-73.3011111
g1615324-825718,1,0.900,0.107,-0.301,0.130,0.240,0.080,-0.075,0.068,3,243.8847917,-82.9548889
g1616036-223731,1,0.875,0.097,-0.223,0.105,0.210,0.067,-0.025,0.058,3,244.0150417,-22.6253889
g1616327-653909,1,0.650,0.089,0.262,0.086,0.120,0.043,0.375,0.057,2,244.1361667,-65.6524167
g1617397-342157,1,-0.075,0.040,0.147,0.101,0.030,0.050,0.175,0.068,5,244.4155417,-34.3659444
g1618168-220120,1,1.050,0.038,-0.639,0.112,0.360,0.087,-0.300,0.045,5,244.5699583,-22.0221389
g1618345-151739,1,0.900,0.113,-0.288,0.132,0.120,0.083,-0.175,0.074,2,244.6437917,-15.2942500
g1618412-154212,1,0.975,0.090,-0.026,0.124,0.240,0.084,0.200,0.070,5,244.6718333,-15.7033333
g1621272-653147,1,0.700,0.120,-0.208,0.154,0.300,0.086,0.075,0.082,4,245.3633750,-65.5296667
g1621533-005024,1,0.900,0.095,-0.058,0.102,0.300,0.059,0.225,0.062,3,245.4720417,-0.8398889
g1622103-013053,1,0.500,0.077,-0.107,0.092,0.060,0.046,-0.050,0.072,4,245.5429583,-1.5148333
g1622177-012155,1,0.425,0.096,0.280,0.152,0.180,0.063,0.450,0.132,6,245.5736250,-1.3653611
g1622302-003913,1,0.950,0.105,0.092,0.083,0.300,0.038,0.375,0.060,2,245.6258750,-0.6536111
g1623046-302147,1,0.525,0.104,0.165,0.105,0.090,0.050,0.250,0.073,1,245.7690417,-30.3631667
g1623190-732135,1,0.750,0.112,-0.320,0.128,0.180,0.080,-0.150,0.072,3,245.8290417,-73.3596111
g1624131-635118,1,0.300,0.122,-0.114,0.256,0.440,0.095,0.300,0.184,7,246.0544583,-63.8548889
g1625283-765240,1,1.175,0.056,0.055,0.081,0.340,0.063,0.375,0.045,8,246.3679167,-76.8778056
g1625535-652648,1,0.950,0.063,-0.135,0.067,0.090,0.043,-0.050,0.044,6,246.4730833,-65.4465833
g1626065-004046,1,0.625,0.079,0.222,0.103,0.030,0.050,0.250,0.066,3,246.5272500,-0.6793611
g1626102-020812,1,0.200,0.051,-0.164,0.156,0.360,0.085,0.175,0.092,9,246.5425417,-2.1366111
g1626129-003934,1,0.275,0.078,0.036,0.192,0.360,0.072,0.375,0.150,6,246.5536667,-0.6593056
g1626585-663528,1,0.850,0.099,0.249,0.059,0.240,0.030,0.475,0.047,4,246.7438750,-66.5910833
g1627230-642450,1,1.175,0.016,-0.370,0.071,0.340,0.055,-0.050,0.034,8,246.8456667,-64.4138611
g1627549-645439,1,0.700,0.103,-0.195,0.120,0.340,0.061,0.125,0.075,9,246.9787083,-64.9107500
g1629133-672544,1,0.925,0.096,-0.126,0.111,0.240,0.064,0.100,0.065,7,247.3055833,-67.4288611
g1629242-671932,1,0.550,0.101,0.092,0.131,0.300,0.051,0.375,0.104,9,247.3509583,-67.3256389
g1629257-643542,1,1.175,0.011,-0.179,0.077,0.270,0.054,0.075,0.039,8,247.3570000,-64.5949722
g1629319-642337,1,0.875,0.103,0.275,0.109,0.000,0.058,0.275,0.070,9,247.3829167,-64.3935000
g1629438-680012,1,1.175,0.000,-0.301,0.049,0.320,0.033,0.000,0.027,2,247.4322917,-68.0033889
g1630394-004926,1,-0.150,0.064,0.140,0.188,0.090,0.089,0.225,0.121,6,247.6642083,-0.8239722
g1630565-682555,1,0.800,0.084,-0.214,0.082,0.360,0.049,0.125,0.051,8,247.7354167,-68.4320278
g1630599-000654,1,0.575,0.138,-0.377,0.176,0.400,0.105,0.000,0.105,9,247.7495833,-0.1148889
g1632432-022847,1,0.825,0.090,-0.629,0.080,0.800,0.048,0.125,0.051,9,248.1800833,-2.4796667
g1633041-005637,1,0.950,0.074,-0.424,0.095,0.530,0.061,0.075,0.051,6,248.2669167,-0.9436111
g1634173-000412,1,0.550,0.107,0.277,0.102,0.210,0.039,0.475,0.081,3,248.5720417,-0.0700556
g1634218-652130,1,0.825,0.087,-0.414,0.111,0.440,0.076,0.000,0.054,9,248.5906667,-65.3583333
g1635006-653027,1,1.050,0.070,-0.051,0.098,0.240,0.056,0.175,0.059,8,248.7526250,-65.5074444
g1635110-731010,1,0.375,0.085,-0.145,0.180,0.180,0.102,0.025,0.093,4,248.7957083,-73.1694722
g1635117-634331,1,0.300,0.108,0.109,0.188,0.150,0.112,0.250,0.123,9,248.7987083,-63.7251667
g1635326-640256,1,0.450,0.082,-0.170,0.120,0.180,0.069,0.000,0.071,7,248.8857917,-64.0490000
g1635471-774723,1,0.750,0.106,-0.104,0.124,0.270,0.082,0.150,0.085,6,248.9462917,-77.7896944
g1635598-661302,1,0.375,0.072,0.418,0.112,0.060,0.040,0.475,0.093,6,248.9990833,-66.2171389
g1636041-640303,1,0.300,0.121,0.092,0.180,0.300,0.085,0.375,0.142,6,249.0171667,-64.0509444
g1636397-654856,1,1.000,0.059,0.178,0.081,-0.030,0.069,0.150,0.058,9,249.1655000,-65.8155556
g1637504-012159,1,0.600,0.090,0.105,0.110,0.180,0.067,0.275,0.080,5,249.4598750,-1.3662500
g1637539-670453,1,0.225,0.035,-0.188,0.141,0.120,0.084,-0.075,0.080,3,249.4746667,-67.0815000
g1638218-663846,1,0.775,0.106,0.153,0.126,-0.030,0.065,0.125,0.086,8,249.5908750,-66.6462222
g1639218-651546,1,1.025,0.052,0.209,0.058,0.150,0.041,0.350,0.034,10,249.8409583,-65.2626389
g1639235-022423,1,1.100,0.026,-0.176,0.054,0.240,0.045,0.050,0.025,2,249.8479583,-2.4063611
g1639312-634218,1,0.900,0.109,-0.521,0.146,0.500,0.103,-0.050,0.062,6,249.8798750,-63.7050556
g1639313-654626,1,1.000,0.056,-0.252,0.071,0.400,0.051,0.125,0.040,9,249.8802500,-65.7739444
g1639524-644857,1,0.950,0.071,-0.004,0.085,0.270,0.050,0.250,0.052,7,249.9683750,-64.8157222
g1639594-161408,1,1.175,0.062,-0.862,0.103,0.650,0.072,-0.250,0.052,7,249.9976667,-16.2354444
g1640118-621614,1,0.575,0.084,0.284,0.085,0.150,0.040,0.425,0.064,5,250.0491667,-62.2706389
g1640137-651221,1,0.850,0.108,0.128,0.092,-0.030,0.046,0.100,0.086,8,250.0570417,-65.2059444
g1640179-843259,1,1.000,0.077,0.172,0.089,0.030,0.075,0.200,0.058,5,250.0747500,-84.5497500
g1640211-642611,1,0.175,0.065,0.560,0.166,-0.090,0.068,0.475,0.142,7,250.0877500,-64.4364722
g1640238-641645,1,0.825,0.129,0.190,0.111,0.090,0.060,0.275,0.087,5,250.0992917,-64.2792500
g1640480-724328,1,0.650,0.113,-0.120,0.120,0.180,0.066,0.050,0.075,6,250.2001667,-72.7245278
g1642106-195856,1,0.425,0.110,0.278,0.144,-0.030,0.072,0.250,0.099,4,250.5440833,-19.9821667
g1642255-685405,1,1.175,0.004,-0.354,0.053,0.270,0.050,-0.100,0.025,1,250.6062917,-68.9014167
g1642352-653314,1,1.175,0.032,-0.079,0.058,0.270,0.038,0.175,0.040,10,250.6465417,-65.5538889
g1642381-653943,1,0.800,0.097,-0.402,0.112,0.480,0.063,0.050,0.064,6,250.6587083,-65.6619722
g1642455-645030,1,0.775,0.104,-0.208,0.123,0.300,0.062,0.075,0.079,9,250.6895833,-64.8415833
g1643114-631013,1,1.175,0.017,-0.176,0.077,0.240,0.062,0.050,0.035,6,250.7975417,-63.1701389
g1643387-641705,1,0.050,0.055,0.291,0.128,-0.150,0.074,0.150,0.082,5,250.9112083,-64.2845833
g1643399-003909,1,1.175,0.061,-0.170,0.104,0.180,0.090,0.000,0.069,8,250.9162500,-0.6524722
g1643424-190615,1,1.175,0.039,-0.133,0.090,0.300,0.061,0.150,0.053,3,250.9267917,-19.1042778
g1644021-615635,1,1.050,0.017,-0.045,0.039,0.340,0.029,0.275,0.023,4,251.0087083,-61.9429167
g1644400-154055,1,0.950,0.148,0.243,0.121,0.060,0.061,0.300,0.091,7,251.1667500,-15.6820556
g1645079-663701,1,0.975,0.052,-0.173,0.052,0.210,0.037,0.025,0.035,6,251.2830000,-66.6168056
g1645307-625441,1,1.175,0.004,-0.183,0.047,0.300,0.032,0.100,0.025,3,251.3777917,-62.9114444
g1645506-843407,1,0.650,0.101,-0.058,0.130,0.300,0.069,0.225,0.076,3,251.4609167,-84.5685000
g1645557-690418,1,0.675,0.103,-0.010,0.115,0.090,0.060,0.075,0.070,1,251.4818750,-69.0716389
g1646581-724443,1,0.500,0.110,0.115,0.141,0.090,0.067,0.200,0.090,3,251.7419583,-72.7453889
g1647321-194324,1,0.825,0.140,0.105,0.147,0.180,0.070,0.275,0.092,5,251.8837500,-19.7232500
g1647365-012510,1,0.875,0.085,-0.013,0.064,0.120,0.036,0.100,0.046,4,251.9018750,-1.4193056
g1648085-723832,1,1.150,0.034,-0.358,0.071,0.300,0.055,-0.075,0.039,4,252.0354167,-72.6423056
g1648240-061620,1,0.725,0.113,0.215,0.101,0.090,0.047,0.300,0.077,4,252.0997917,-6.2721389
g1648317-631148,1,0.350,0.080,-0.147,0.152,-0.030,0.082,-0.175,0.089,7,252.1320833,-63.1965556
g1648327-722233,1,1.075,0.028,-0.063,0.049,0.120,0.039,0.050,0.022,3,252.1363333,-72.3756944
g1648353-010514,1,1.175,0.019,-0.220,0.061,0.180,0.043,-0.050,0.039,5,252.1472083,-1.0873333
g1649008-161244,1,0.825,0.107,0.235,0.103,-0.090,0.066,0.150,0.072,5,252.2535000,-16.2120833
g1649022-194524,1,1.175,0.017,-0.370,0.082,0.340,0.061,-0.050,0.034,9,252.2589583,-19.7567500
g1649175-603344,1,0.225,0.069,0.257,0.181,-0.060,0.094,0.200,0.121,6,252.3227500,-60.5621667
g1649403-705759,1,0.100,0.063,0.147,0.154,0.030,0.073,0.175,0.104,9,252.4177083,-70.9663889
g1650268-634726,1,0.725,0.105,0.057,0.113,-0.060,0.070,0.000,0.069,7,252.6115417,-63.7906389
g1650307-614920,1,1.175,0.008,-0.304,0.054,0.270,0.047,-0.050,0.023,8,252.6278333,-61.8221111
g1650440-624251,1,0.525,0.072,-0.013,0.094,0.120,0.053,0.100,0.058,5,252.6833333,-62.7140833
g1650546-614846,1,0.375,0.071,0.302,0.110,0.210,0.037,0.500,0.097,8,252.7275833,-61.8126389
g1651027-604831,1,0.500,0.076,0.130,0.073,0.180,0.040,0.300,0.051,5,252.7613750,-60.8086944
g1651201-144439,1,0.750,0.126,0.068,0.125,0.060,0.059,0.125,0.093,5,252.8339167,-14.7440556
g1651477-613359,1,1.125,0.004,-0.173,0.053,0.210,0.041,0.025,0.025,4,252.9485417,-61.5662500
g1651540-800148,1,0.850,0.118,-0.609,0.150,0.620,0.105,-0.025,0.069,9,252.9751667,-80.0300833
g1652077-170314,1,0.575,0.090,-0.179,0.119,0.270,0.077,0.075,0.084,6,253.0322500,-17.0537500
g1652120-020345,1,0.525,0.091,0.105,0.095,0.180,0.047,0.275,0.075,4,253.0500000,-2.0625278
g1652183-690731,1,0.425,0.054,0.162,0.063,0.120,0.029,0.275,0.047,4,253.0763750,-69.1251389
g1652266-595853,1,0.825,0.162,-0.039,0.163,0.360,0.073,0.300,0.110,5,253.1106250,-59.9812500
g1652268-600837,1,0.800,0.182,-0.224,0.172,0.530,0.072,0.275,0.134,8,253.1117500,-60.1435000
g1652342-794112,1,0.950,0.099,-0.108,0.100,0.300,0.062,0.175,0.061,4,253.1426667,-79.6866944
g1652420-083605,1,1.075,0.040,-0.220,0.068,0.340,0.056,0.100,0.039,4,253.1750833,-8.6012500
g1652481-795023,1,0.350,0.094,0.305,0.149,0.180,0.074,0.475,0.134,8,253.2005417,-79.8398056
g1653251-162058,1,0.850,0.109,-0.035,0.134,0.090,0.104,0.050,0.075,7,253.3547500,-16.3494722
g1653577-670646,1,0.800,0.099,0.293,0.088,0.060,0.045,0.350,0.055,8,253.4902500,-67.1128889
g1653585-163306,1,0.800,0.119,-0.078,0.128,0.030,0.088,-0.050,0.064,4,253.4936250,-16.5516944
g1654244-054144,1,1.000,0.077,-0.117,0.113,-0.300,0.056,-0.400,0.084,10,253.6015833,-5.6956389
g1654393-800411,1,0.975,0.126,0.197,0.128,0.030,0.075,0.225,0.078,4,253.6635417,-80.0697778
g1654575-723514,1,1.125,0.020,-0.273,0.052,0.210,0.038,-0.075,0.028,3,253.7396667,-72.5870833
g1655245-071526,1,0.775,0.169,0.052,0.190,0.210,0.092,0.250,0.128,9,253.8521250,-7.2571111
g1655337-654942,1,0.500,0.075,-0.170,0.096,0.340,0.060,0.150,0.051,8,253.8902500,-65.8284167
g1655595-060911,1,0.400,0.100,-0.054,0.167,0.270,0.076,0.200,0.110,7,253.9979167,-6.1529722
g1656029-630838,1,0.700,0.098,-0.904,0.106,0.800,0.064,-0.150,0.062,7,254.0122500,-63.1439444
g1656099-003713,1,0.500,0.088,-0.133,0.126,0.300,0.081,0.150,0.070,9,254.0411667,-0.6201944
g1656222-623558,1,0.700,0.087,-0.029,0.098,0.270,0.046,0.225,0.067,4,254.0925833,-62.5993056
g1656465-015743,1,0.500,0.086,0.357,0.102,-0.060,0.048,0.300,0.078,7,254.1936250,-1.9620000
g1656597-655711,1,1.100,0.005,-0.038,0.033,0.120,0.028,0.075,0.018,2,254.2486250,-65.9529167
g1657051-713748,1,0.950,0.078,-0.051,0.082,0.240,0.047,0.175,0.051,4,254.2713750,-71.6299167
g1657057-755259,1,0.700,0.096,-0.148,0.126,0.210,0.081,0.050,0.076,7,254.2738750,-75.8829167
g1657104-592841,1,0.650,0.119,-0.038,0.144,0.120,0.073,0.075,0.093,5,254.2933750,-59.4779444
g1657143-061351,1,0.975,0.082,0.000,0.110,0.000,0.079,0.000,0.053,4,254.3094583,-6.2308611
g1657238-014750,1,0.950,0.084,-0.154,0.075,0.270,0.040,0.100,0.053,7,254.3492500,-1.7971944
g1657518-625940,1,1.150,0.005,-0.148,0.064,0.210,0.047,0.050,0.034,3,254.4657917,-62.9943333
g1658114-611122,1,1.175,0.095,0.037,0.116,0.120,0.058,0.150,0.077,7,254.5473750,-61.1893056
g1658173-651527,1,0.950,0.084,-0.045,0.108,0.180,0.058,0.125,0.065,9,254.5720833,-65.2576111
g1658420-815953,1,0.625,0.102,0.137,0.118,0.120,0.058,0.250,0.073,5,254.6748333,-81.9980833
g1658440-013960,1,1.175,0.033,-0.674,0.096,0.530,0.078,-0.175,0.030,9,254.6833333,-1.6665278
g1658531-600830,1,1.125,0.091,-0.301,0.142,0.240,0.088,-0.075,0.076,8,254.7212917,-60.1416944
g1658550-015006,1,1.175,0.037,-0.404,0.063,0.270,0.050,-0.150,0.032,7,254.7290000,-1.8350278
g1659059-015450,1,0.825,0.097,0.062,0.087,0.120,0.053,0.175,0.060,6,254.7745833,-1.9138889
g1659073-054431,1,1.100,0.027,0.009,0.063,0.150,0.050,0.150,0.034,7,254.7803750,-5.7419722
g1659438-013403,1,1.175,0.000,-0.229,0.052,0.270,0.039,0.025,0.027,7,254.9323750,-1.5673611
g1700170-631301,1,0.450,0.113,0.162,0.153,0.120,0.067,0.275,0.108,4,255.0707917,-63.2169167
g1700178-661831,1,0.525,0.087,0.229,0.094,-0.270,0.047,-0.025,0.077,6,255.0739583,-66.3085000
g1700230-021932,1,0.850,0.100,-0.070,0.092,0.340,0.049,0.250,0.057,4,255.0960000,-2.3255833
g1701065-665659,1,1.150,0.000,-0.223,0.038,0.210,0.036,-0.025,0.017,3,255.2770417,-66.9497500
g1701159-621207,1,0.150,0.074,-0.020,0.197,0.180,0.102,0.150,0.131,5,255.3164167,-62.2018056
g1701397-624511,1,0.800,0.100,0.140,0.090,0.090,0.044,0.225,0.065,3,255.4155000,-62.7529722
g1701513-015356,1,0.275,0.028,0.237,0.077,0.120,0.038,0.350,0.061,4,255.4636667,-1.8990000
g1701580-631842,1,0.875,0.092,0.272,0.074,0.030,0.046,0.300,0.051,4,255.4915417,-63.3116667
g1702009-783333,1,0.975,0.042,-0.129,0.066,0.270,0.047,0.125,0.039,3,255.5035833,-78.5591944
g1702026-025101,1,0.975,0.099,-0.072,0.096,-0.030,0.058,-0.100,0.059,6,255.5108750,-2.8503611
g1702165-043711,1,1.000,0.085,-0.020,0.082,0.180,0.047,0.150,0.064,7,255.5689167,-4.6198333
g1702328-691737,1,0.350,0.079,0.234,0.098,0.150,0.049,0.375,0.076,3,255.6367917,-69.2935556
g1702537-011411,1,0.475,0.086,0.034,0.128,0.150,0.066,0.175,0.080,7,255.7235417,-1.2364167
g1702548-651444,1,0.650,0.081,-0.533,0.117,0.380,0.079,-0.175,0.052,8,255.7281250,-65.2455556
g1703011-785809,1,0.575,0.104,-0.176,0.112,0.240,0.074,0.050,0.069,10,255.7545833,-78.9691944
g1703450-634859,1,0.725,0.092,-0.251,0.110,0.320,0.063,0.050,0.062,1,255.9376667,-63.8162500
g1703540-711731,1,0.550,0.110,0.184,0.143,0.150,0.065,0.325,0.113,3,255.9749167,-71.2918889
g1703585-711746,1,0.800,0.099,-0.364,0.124,0.440,0.075,0.050,0.064,5,255.9938750,-71.2960833
g1704569-013150,1,1.125,0.061,0.128,0.080,-0.030,0.052,0.100,0.047,8,256.2369167,-1.5304444
g1704572-025019,1,0.800,0.105,-0.063,0.093,0.120,0.044,0.050,0.067,4,256.2381250,-2.8385278
g1705203-641804,1,0.850,0.154,0.560,0.120,-0.090,0.056,0.475,0.086,10,256.3345833,-64.3011667
g1705221-634528,1,0.850,0.116,-0.141,0.130,0.150,0.083,0.000,0.067,4,256.3418750,-63.7577500
g1705513-630250,1,0.650,0.094,-0.533,0.144,0.300,0.095,-0.250,0.061,6,256.4636250,-63.0472778
g1705532-632725,1,0.750,0.082,-0.104,0.092,0.270,0.048,0.150,0.055,6,256.4717083,-63.4569167
g1706148-631143,1,0.625,0.095,-0.029,0.106,0.270,0.063,0.225,0.066,6,256.5616250,-63.1951944
g1706447-611814,1,0.675,0.119,-0.145,0.145,0.180,0.082,0.025,0.080,3,256.6863333,-61.3037778
g1707044-625613,1,0.800,0.110,-0.326,0.129,0.240,0.083,-0.100,0.064,5,256.7683333,-62.9370556
g1708077-013053,1,0.975,0.122,0.249,0.087,0.240,0.046,0.475,0.068,8,257.0321667,-1.5146111
g1708451-780857,1,1.125,0.024,-0.604,0.089,0.270,0.077,-0.350,0.034,6,257.1880417,-78.1491389
g1709351-705527,1,1.050,0.033,-0.198,0.058,0.210,0.051,0.000,0.036,6,257.3963750,-70.9240278
g1710309-233840,1,1.175,0.060,-0.122,0.090,-0.030,0.068,-0.150,0.048,9,257.6289167,-23.6443333
g1710474-002120,1,0.650,0.113,-0.133,0.128,0.300,0.067,0.150,0.081,9,257.6975833,-0.3556667
g1711245-654432,1,0.575,0.086,0.215,0.088,0.090,0.038,0.300,0.062,6,257.8520000,-65.7422222
g1711577-234208,1,0.850,0.148,-0.270,0.165,0.180,0.091,-0.100,0.096,7,257.9904167,-23.7021111
g1713236-645118,1,0.100,0.057,0.090,0.104,0.090,0.059,0.175,0.107,9,258.3481250,-64.8551111
g1713289-091948,1,0.625,0.116,-0.822,0.174,0.740,0.103,-0.125,0.086,8,258.3703333,-9.3300000
g1714037-641250,1,0.450,0.099,0.503,0.143,-0.030,0.051,0.475,0.110,9,258.5152500,-64.2139444
g1714169-652459,1,0.200,0.076,0.159,0.178,0.150,0.077,0.300,0.124,10,258.5703750,-65.4164167
g1714461-744846,1,1.025,0.068,0.172,0.076,0.030,0.070,0.200,0.057,9,258.6919583,-74.8128333
g1715023-684609,1,0.775,0.114,-0.076,0.120,0.240,0.062,0.150,0.071,7,258.7597083,-68.7690556
g1715046-652119,1,0.625,0.095,0.077,0.101,0.210,0.049,0.275,0.066,4,258.7692500,-65.3552778
g1715317-864117,1,0.975,0.083,0.265,0.073,0.090,0.050,0.350,0.045,6,258.8819583,-86.6880000
g1716112-732307,1,1.175,0.008,-0.191,0.049,0.150,0.034,-0.050,0.030,3,259.0465000,-73.3853889
g1717288-712805,1,0.275,0.067,0.591,0.161,-0.150,0.061,0.450,0.135,4,259.3699167,-71.4681389
g1717353-043231,1,0.850,0.190,-0.008,0.140,0.460,0.062,0.425,0.120,7,259.3969167,-4.5418611
g1717432-661207,1,0.175,0.055,0.290,0.137,0.090,0.048,0.375,0.110,3,259.4300417,-66.2020000
g1717514-703310,1,1.125,0.016,-0.308,0.073,0.300,0.090,-0.025,0.066,6,259.4639583,-70.5528889
g1718192-643019,1,1.025,0.028,-0.239,0.059,0.360,0.044,0.100,0.031,7,259.5800000,-64.5053056
g1718201-690104,1,0.850,0.105,-0.254,0.116,0.270,0.077,0.000,0.057,8,259.5836250,-69.0178611
g1719040-632226,1,1.025,0.057,-0.251,0.102,0.320,0.078,0.050,0.049,5,259.7667083,-63.3740000
g1719585-013518,1,0.950,0.074,-0.001,0.074,0.240,0.050,0.225,0.047,5,259.9938750,-1.5884444
g1720143-661202,1,0.275,0.060,-0.053,0.178,0.030,0.122,-0.025,0.084,9,260.0597083,-66.2004722
g1720221-002842,1,0.750,0.156,-0.445,0.199,0.340,0.115,-0.125,0.133,9,260.0918750,-0.4782778
g1720290-003830,1,1.125,0.014,-0.389,0.080,0.360,0.062,-0.050,0.031,8,260.1207917,-0.6417500
g1720315-801844,1,0.850,0.124,-0.091,0.131,0.150,0.070,0.050,0.082,7,260.1310833,-80.3123056
g1720357-014032,1,1.175,0.015,-0.514,0.082,0.360,0.069,-0.175,0.043,5,260.1487917,-1.6756111
g1720586-651203,1,0.725,0.142,0.203,0.140,-0.030,0.076,0.175,0.095,6,260.2440417,-65.2009167
g1721331-660438,1,0.750,0.118,0.040,0.122,0.090,0.055,0.125,0.084,4,260.3879167,-66.0772500
g1721590-005049,1,1.125,0.011,-0.621,0.065,0.420,0.060,-0.225,0.025,7,260.4958333,-0.8468056
g1723044-012553,1,0.475,0.066,0.062,0.092,0.120,0.049,0.175,0.058,4,260.7682917,-1.4314722
g1723099-615319,1,0.525,0.100,-0.008,0.117,0.380,0.048,0.350,0.083,3,260.7912500,-61.8885833
g1724188-714943,1,1.175,0.054,-0.326,0.090,0.240,0.083,-0.100,0.049,7,261.0783750,-71.8285833
g1724443-013056,1,1.175,0.045,-0.366,0.085,0.150,0.073,-0.225,0.038,4,261.1843750,-1.5155278
g1724538-011913,1,1.175,0.018,-0.358,0.072,0.380,0.053,0.000,0.038,7,261.2240833,-1.3203056
g1725148-660402,1,0.775,0.090,0.005,0.088,0.180,0.047,0.175,0.055,5,261.3117917,-66.0671389
g1726389-712050,1,1.175,0.037,-0.003,0.078,0.030,0.068,0.025,0.067,10,261.6619583,-71.3470833
g1727280-620037,1,1.125,0.007,-0.148,0.040,0.210,0.030,0.050,0.022,2,261.8665417,-62.0101667
g1727374-664557,1,0.150,0.069,0.234,0.162,0.150,0.068,0.375,0.116,9,261.9057083,-66.7659167
g1728087-681423,1,0.575,0.105,-0.139,0.137,0.440,0.070,0.275,0.086,7,262.0364167,-68.2398056
g1728592-664748,1,0.975,0.063,0.053,0.079,-0.030,0.048,0.025,0.046,5,262.2464583,-66.7965278
g1728599-615209,1,0.950,0.069,-0.173,0.068,0.210,0.044,0.025,0.040,3,262.2497083,-61.8691667
g1729065-652314,1,0.500,0.086,0.253,0.102,-0.030,0.044,0.225,0.075,5,262.2770833,-65.3871944
g1729088-652248,1,0.225,0.063,-0.300,0.183,0.000,0.112,-0.300,0.113,10,262.2865000,-65.3799722
g1729096-622644,1,1.175,0.004,-0.163,0.042,0.120,0.033,-0.050,0.020,2,262.2898750,-62.4456111
g1729283-663434,1,1.125,0.010,-0.308,0.063,0.300,0.050,-0.025,0.027,8,262.3677917,-66.5759722
g1729394-110531,1,0.575,0.110,-0.085,0.113,0.090,0.067,0.000,0.074,3,262.4143333,-11.0919444
g1729404-701322,1,1.050,0.051,-0.264,0.087,0.360,0.073,0.075,0.047,6,262.4183333,-70.2227222
g1730030-632535,1,0.500,0.117,-0.058,0.155,0.300,0.080,0.225,0.098,7,262.5126250,-63.4264167
g1730280-620141,1,1.125,0.004,-0.023,0.038,0.210,0.031,0.175,0.018,2,262.6164583,-62.0280833
g1730315-104803,1,0.850,0.102,0.090,0.115,0.090,0.064,0.175,0.075,5,262.6310833,-10.8009444
g1730400-655844,1,0.450,0.109,0.021,0.148,0.270,0.068,0.275,0.096,3,262.6666667,-65.9787778
g1730457-663335,1,1.100,0.023,-0.245,0.056,0.180,0.049,-0.075,0.027,4,262.6905000,-66.5597222
g1731062-653122,1,0.125,0.067,-0.146,0.199,0.500,0.077,0.325,0.147,9,262.7757500,-65.5227500
g1731297-021544,1,1.175,0.037,-0.148,0.085,0.210,0.064,0.050,0.040,4,262.8736250,-2.2622500
g1731457-652558,1,0.275,0.086,0.230,0.173,0.180,0.059,0.400,0.150,7,262.9405833,-65.4326944
g1732374-534727,1,0.575,0.079,0.147,0.089,0.030,0.046,0.175,0.065,1,263.1559583,-53.7906944
g1732464-605527,1,0.200,0.089,0.463,0.201,-0.120,0.076,0.350,0.176,6,263.1931667,-60.9242778
g1733212-604633,1,0.550,0.075,0.290,0.083,0.090,0.035,0.375,0.060,5,263.3381250,-60.7759167
g1733483-003549,1,0.850,0.111,-0.191,0.137,0.150,0.082,-0.050,0.072,7,263.4511667,-0.5969444
g1733505-622135,1,0.725,0.080,-0.291,0.084,0.150,0.052,-0.150,0.045,4,263.4602083,-62.3597778
g1733539-821131,1,1.075,0.052,-0.164,0.068,0.360,0.054,0.175,0.049,9,263.4744167,-82.1919444
g1734106-663912,1,0.700,0.165,-0.550,0.238,0.770,0.084,0.175,0.173,10,263.5441667,-66.6533611
g1734528-532350,1,0.750,0.091,0.212,0.097,0.120,0.063,0.325,0.055,7,263.7201250,-53.3971667
g1735128-625330,1,0.450,0.097,-0.004,0.130,0.270,0.066,0.250,0.086,4,263.8035000,-62.8916111
g1735435-564234,1,0.675,0.094,0.259,0.076,0.150,0.035,0.400,0.055,2,263.9313333,-56.7095556
g1737079-742253,1,1.125,0.029,-0.270,0.049,0.180,0.044,-0.100,0.028,3,264.2828750,-74.3814444
g1737192-673311,1,0.425,0.072,0.227,0.100,0.210,0.038,0.425,0.077,3,264.3300000,-67.5531667
g1737518-650138,1,0.525,0.132,0.187,0.151,0.120,0.067,0.300,0.125,6,264.4659167,-65.0271111
g1737566-781633,1,1.075,0.046,-0.314,0.065,0.440,0.085,0.100,0.060,9,264.4857500,-78.2759167
g1739278-665540,1,0.725,0.088,-0.088,0.099,0.120,0.058,0.025,0.059,3,264.8658750,-66.9278889
g1739429-013823,1,0.550,0.085,0.115,0.103,0.090,0.053,0.200,0.070,3,264.9288750,-1.6396389
g1739522-033035,1,1.100,0.030,-0.389,0.074,0.360,0.055,-0.050,0.031,4,264.9672917,-3.5096389
g1740058-672624,1,0.200,0.041,-0.001,0.102,0.240,0.056,0.225,0.060,7,265.0241250,-67.4399722
g1740183-745912,1,0.975,0.066,-0.166,0.067,0.150,0.042,-0.025,0.040,5,265.0761667,-74.9867222
g1741108-632327,1,0.800,0.072,0.222,0.069,0.030,0.033,0.250,0.047,2,265.2947917,-63.3908611
g1741587-033402,1,0.550,0.127,0.012,0.183,0.120,0.097,0.125,0.112,6,265.4945833,-3.5672500
g1742344-653603,1,0.800,0.112,-0.226,0.116,0.240,0.071,0.000,0.068,6,265.6433333,-65.6007778
g1742378-870148,1,1.025,0.059,0.328,0.065,-0.030,0.045,0.300,0.037,4,265.6575000,-87.0300556
g1742503-633109,1,0.950,0.110,-0.004,0.105,0.270,0.061,0.250,0.067,8,265.7094167,-63.5190556
g1743065-011307,1,0.550,0.126,0.055,0.153,0.180,0.060,0.225,0.119,2,265.7770417,-1.2185833
g1743236-614056,1,0.950,0.076,-0.113,0.077,0.120,0.046,0.000,0.050,5,265.8481667,-61.6821111
g1745116-553308,1,0.550,0.114,-0.195,0.151,0.180,0.085,-0.025,0.085,2,266.2983333,-55.5523056
g1745597-772508,1,0.250,0.064,-0.026,0.180,0.240,0.090,0.200,0.130,8,266.4986667,-77.4189444
g1746102-604141,1,1.175,0.007,-0.163,0.050,0.120,0.035,-0.050,0.034,9,266.5426667,-60.6947222
g1746152-551103,1,0.975,0.060,-0.073,0.073,0.210,0.044,0.125,0.044,4,266.5632917,-55.1841667
g1746232-834343,1,0.350,0.101,-0.683,0.220,0.460,0.137,-0.250,0.155,8,266.5968333,-83.7285278
g1746508-591530,1,1.100,0.061,-0.477,0.107,0.400,0.079,-0.100,0.051,2,266.7117083,-59.2583889
g1747466-651745,1,1.100,0.020,-0.213,0.056,0.120,0.047,-0.100,0.034,3,266.9441250,-65.2956944
g1748349-680731,1,0.400,0.081,0.175,0.108,0.000,0.056,0.175,0.073,3,267.1452500,-68.1253333
g1748366-662542,1,0.250,0.047,-0.263,0.182,0.120,0.107,-0.150,0.099,5,267.1525000,-66.4283333
g1748542-624330,1,1.025,0.039,0.002,0.062,0.210,0.042,0.200,0.038,3,267.2258750,-62.7250556
g1749571-652722,1,1.125,0.000,-0.179,0.053,0.270,0.043,0.075,0.027,3,267.4878333,-65.4560556
g1750048-610136,1,0.700,0.075,0.047,0.097,0.030,0.052,0.075,0.074,4,267.5197917,-61.0267222
g1750563-692259,1,1.175,0.018,-0.176,0.058,0.240,0.047,0.050,0.027,5,267.7343750,-69.3830000
g1752217-652947,1,0.850,0.105,-0.164,0.118,0.360,0.065,0.175,0.077,5,268.0902083,-65.4964722
g1752546-714141,1,0.600,0.089,-0.108,0.108,0.300,0.060,0.175,0.069,6,268.2273333,-71.6948056
g1754189-493450,1,1.175,0.075,-0.483,0.104,0.380,0.076,-0.125,0.077,10,268.5785417,-49.5805000
g1754425-691108,1,0.350,0.129,0.172,0.213,0.030,0.107,0.200,0.178,5,268.6769583,-69.1856389
g1755564-504938,1,0.350,0.087,0.055,0.162,0.340,0.058,0.375,0.132,6,268.9850000,-50.8272500
g1756245-575513,1,0.900,0.137,-0.183,0.135,0.300,0.069,0.100,0.088,2,269.1022500,-57.9201667
g1756274-521508,1,0.300,0.056,0.012,0.129,0.120,0.077,0.125,0.071,7,269.1143333,-52.2522222
g1757187-701354,1,0.650,0.117,0.002,0.130,0.210,0.069,0.200,0.081,9,269.3277917,-70.2315556
g1757378-811100,1,1.075,0.048,-0.379,0.087,0.270,0.069,-0.125,0.037,4,269.4076250,-81.1834444
g1757481-625557,1,0.350,0.077,-0.148,0.207,0.210,0.131,0.050,0.095,8,269.4502917,-62.9325833
g1758032-520236,1,0.200,0.070,0.212,0.178,0.120,0.079,0.325,0.120,6,269.5133750,-52.0432500
g1758396-582218,1,0.775,0.103,-0.427,0.123,0.400,0.074,-0.050,0.062,7,269.6647917,-58.3716111
g1759074-651957,1,0.725,0.117,0.027,0.118,0.210,0.050,0.225,0.083,4,269.7807500,-65.3325833
g1759362-463852,1,0.625,0.079,0.112,0.092,0.120,0.044,0.225,0.061,4,269.9007917,-46.6477222
g1800240-680126,1,0.250,0.090,0.237,0.175,0.120,0.080,0.350,0.118,3,270.1001250,-68.0238333
g1801287-634452,1,1.000,0.047,-0.154,0.066,0.270,0.043,0.100,0.032,3,270.3695417,-63.7476944
g1801557-694453,1,0.625,0.108,0.212,0.114,0.120,0.055,0.325,0.081,6,270.4818750,-69.7480833
g1802483-662550,1,0.875,0.118,-0.073,0.117,0.210,0.057,0.125,0.078,6,270.7014167,-66.4306389
g1802541-790818,1,0.350,0.119,0.028,0.218,-0.030,0.113,0.000,0.133,4,270.7252500,-79.1383333
g1803240-710031,1,0.250,0.078,0.180,0.173,0.340,0.052,0.500,0.157,3,270.8498750,-71.0085278
g1803259-522841,1,1.000,0.062,-0.129,0.061,0.270,0.041,0.125,0.040,5,270.8577917,-52.4781667
g1803467-660110,1,0.500,0.116,0.450,0.142,0.000,0.054,0.450,0.113,7,270.9445000,-66.0194167
g1803534-635000,1,0.650,0.155,0.177,0.163,0.210,0.064,0.375,0.128,6,270.9724167,-63.8334444
g1804113-665651,1,0.600,0.123,-0.108,0.166,0.300,0.079,0.175,0.102,4,271.0470417,-66.9476111
g1804150-700325,1,0.900,0.140,-0.108,0.146,0.300,0.058,0.175,0.111,4,271.0623333,-70.0570278
g1804280-663929,1,0.700,0.133,-0.051,0.141,0.320,0.069,0.250,0.088,5,271.1167917,-66.6581667
g1806141-700436,1,0.925,0.096,-0.133,0.097,0.300,0.056,0.150,0.061,6,271.5586667,-70.0766111
g1806174-704329,1,1.175,0.005,-0.226,0.055,0.320,0.042,0.075,0.025,2,271.5723750,-70.7246111
g1806382-660902,1,-0.225,0.056,0.284,0.184,0.150,0.090,0.425,0.123,10,271.6592917,-66.1505556
g1806440-650029,1,0.950,0.109,0.235,0.129,-0.090,0.079,0.150,0.084,4,271.6831667,-65.0080000
g1806492-520327,1,0.225,0.034,0.302,0.124,0.210,0.051,0.500,0.126,3,271.7050417,-52.0574167
g1807007-574351,1,0.600,0.089,0.184,0.082,0.150,0.036,0.325,0.062,4,271.7528333,-57.7309167
g1807149-701238,1,1.000,0.055,-0.195,0.075,0.180,0.057,-0.025,0.039,8,271.8119167,-70.2106667
g1808252-470925,1,0.250,0.050,0.074,0.129,0.240,0.067,0.300,0.095,5,272.1050417,-47.1568889
g1808252-565803,1,1.175,0.039,-0.108,0.073,0.300,0.055,0.175,0.037,6,272.1051250,-56.9674167
g1808297-520622,1,0.850,0.123,-0.157,0.122,0.060,0.071,-0.100,0.077,2,272.1239167,-52.1059722
g1808349-664402,1,0.375,0.069,0.062,0.123,0.120,0.065,0.175,0.082,2,272.1453750,-66.7338333
g1808431-635134,1,0.625,0.118,-0.298,0.136,0.210,0.078,-0.100,0.078,6,272.1797083,-63.8594444
g1808540-653531,1,0.300,0.052,-0.004,0.103,0.270,0.059,0.250,0.060,6,272.2250417,-65.5920000
g1808559-484429,1,1.175,0.029,-0.163,0.069,0.120,0.052,-0.050,0.038,6,272.2329167,-48.7414444
g1809003-650404,1,0.750,0.137,-0.126,0.145,0.320,0.081,0.175,0.096,8,272.2511250,-65.0678333
g1809113-571904,1,0.225,0.075,-0.058,0.214,0.300,0.105,0.225,0.148,4,272.2972500,-57.3177500
g1809246-571921,1,1.175,0.010,-0.113,0.070,0.120,0.050,0.000,0.037,8,272.3522917,-57.3224722
g1809262-573227,1,0.575,0.117,-0.321,0.167,0.500,0.088,0.150,0.106,8,272.3592917,-57.5408611
g1809294-645926,1,0.425,0.121,-0.358,0.250,0.380,0.136,0.000,0.131,9,272.3724583,-64.9904722
g1809305-523356,1,0.350,0.063,0.205,0.080,0.180,0.031,0.375,0.071,4,272.3772500,-52.5656111
g1809409-631301,1,1.100,0.013,-0.351,0.042,0.240,0.039,-0.125,0.019,4,272.4205833,-63.2168333
g1809585-690705,1,0.275,0.082,0.333,0.121,-0.300,0.053,0.050,0.097,8,272.4938333,-69.1180278
g1810292-731516,1,0.600,0.136,0.137,0.173,0.120,0.073,0.250,0.123,4,272.6216667,-73.2545556
g1810396-475950,1,0.700,0.156,-0.157,0.180,0.060,0.110,-0.100,0.116,9,272.6649583,-47.9973056
g1810446-700003,1,0.275,0.060,0.368,0.165,0.060,0.063,0.425,0.132,6,272.6858333,-70.0008889
g1811164-515517,1,0.200,0.088,0.291,0.211,-0.150,0.091,0.150,0.201,10,272.8185000,-51.9214167
g1812142-731506,1,0.300,0.137,0.199,0.224,0.240,0.079,0.425,0.174,8,273.0593333,-73.2516111
g1812148-634634,1,0.875,0.072,-0.166,0.060,0.150,0.037,-0.025,0.038,4,273.0615417,-63.7761389
g1812322-480917,2,0.950,0.091,0.121,0.062,0.270,0.036,0.375,0.045,2,273.1339583,-48.1546111
g1812440-441809,1,0.900,0.118,-0.333,0.131,0.300,0.080,-0.050,0.070,4,273.1833333,-44.3023889
g1812586-644027,1,0.575,0.131,0.363,0.165,-0.120,0.083,0.250,0.121,6,273.2440417,-64.6741389
g1813165-492005,1,1.000,0.036,-0.066,0.057,0.150,0.047,0.075,0.032,4,273.3186250,-49.3346667
g1813208-412227,1,0.600,0.087,-0.001,0.105,0.240,0.050,0.225,0.071,8,273.3366667,-41.3740556
g1813296-642836,1,0.650,0.069,0.065,0.075,0.090,0.047,0.150,0.056,4,273.3735000,-64.4767222
g1813429-730921,1,1.075,0.083,0.030,0.086,0.340,0.073,0.350,0.044,9,273.4286667,-73.1556944
g1814119-803657,1,0.575,0.141,-0.245,0.165,0.180,0.094,-0.075,0.093,4,273.5496250,-80.6157778
g1814309-443414,1,0.450,0.084,-0.083,0.107,0.300,0.053,0.200,0.068,4,273.6287500,-44.5706667
g1815239-730135,1,0.625,0.097,0.090,0.111,0.090,0.059,0.175,0.074,4,273.8495833,-73.0262778
g1815277-440352,1,0.675,0.108,0.071,0.138,0.270,0.067,0.325,0.086,2,273.8653750,-44.0643889
g1815389-583650,1,0.300,0.049,-0.053,0.096,0.030,0.056,-0.025,0.062,4,273.9120833,-58.6137778
g1815540-645832,1,1.125,0.032,-0.358,0.067,0.380,0.046,0.000,0.040,7,273.9748750,-64.9755833
g1816037-643931,1,1.075,0.035,-0.104,0.075,0.270,0.060,0.150,0.035,10,274.0152500,-64.6585556
g1816503-421526,1,1.175,0.018,-0.233,0.061,0.380,0.050,0.125,0.028,9,274.2095417,-42.2573333
g1817086-714842,1,1.125,0.038,-0.339,0.093,0.440,0.066,0.075,0.043,9,274.2858333,-71.8116389
g1817151-565400,1,1.125,0.053,-0.358,0.089,0.460,0.059,0.075,0.052,9,274.3130833,-56.9001111
g1817317-692120,1,0.475,0.110,-0.008,0.147,0.300,0.108,0.275,0.103,9,274.3822500,-69.3555000
g1817478-714016,1,0.350,0.104,0.450,0.168,0.000,0.085,0.450,0.155,5,274.4491667,-71.6711111
g1817596-832141,1,0.725,0.081,0.015,0.093,0.090,0.046,0.100,0.059,1,274.4981667,-83.3614444
g1818417-714737,1,1.175,0.018,-0.063,0.060,0.120,0.045,0.050,0.030,6,274.6735833,-71.7935000
g1819522-643521,1,0.475,0.118,0.528,0.155,-0.030,0.056,0.500,0.132,8,274.9676250,-64.5890556
g1820039-440744,1,0.650,0.091,-0.045,0.106,0.340,0.048,0.275,0.071,8,275.0160417,-44.1289722
g1821057-511550,1,0.375,0.068,-0.148,0.123,0.210,0.062,0.050,0.074,3,275.2738750,-51.2639444
g1821225-471512,2,0.975,0.147,-0.029,0.157,0.270,0.070,0.225,0.105,10,275.3439167,-47.2533333
g1821247-763500,1,0.575,0.075,0.021,0.088,0.270,0.041,0.275,0.059,1,275.3527917,-76.5833333
g1821410-455640,1,1.125,0.038,-0.153,0.084,0.030,0.082,-0.125,0.041,5,275.4207083,-45.9444722
g1822048-451740,1,0.650,0.126,0.093,0.142,0.060,0.071,0.150,0.096,8,275.5198333,-45.2944722
g1822304-483342,1,0.850,0.092,0.137,0.094,0.120,0.049,0.250,0.061,8,275.6267500,-48.5616944
g1823038-591420,1,1.125,0.000,0.005,0.045,0.180,0.034,0.175,0.023,7,275.7659167,-59.2389444
g1823069-774149,1,1.175,0.018,-0.201,0.081,0.240,0.061,0.025,0.038,5,275.7788333,-77.6969722
g1823226-613921,1,0.100,0.056,0.391,0.126,-0.150,0.050,0.250,0.094,7,275.8443333,-61.6557222
g1823242-710757,1,1.025,0.054,-0.246,0.072,0.420,0.042,0.150,0.043,5,275.8508333,-71.1324167
g1823369-711151,1,0.775,0.095,-0.098,0.098,0.210,0.056,0.100,0.057,1,275.9038333,-71.1974722
g1824105-441349,1,-0.100,0.054,0.334,0.128,0.150,0.064,0.475,0.090,7,276.0438333,-44.2302500
g1824437-680837,1,1.050,0.059,-0.302,0.096,0.400,0.067,0.075,0.050,7,276.1820833,-68.1435000
g1825072-631454,1,1.150,0.000,-0.123,0.034,0.210,0.026,0.075,0.021,5,276.2800417,-63.2483611
g1825296-645241,1,0.475,0.095,-0.233,0.157,0.300,0.095,0.050,0.083,8,276.3732500,-64.8780833
g1826402-512319,1,0.250,0.090,0.124,0.211,0.240,0.077,0.350,0.157,6,276.6674167,-51.3886389
g1826473-720258,1,0.425,0.118,-0.023,0.187,0.210,0.103,0.175,0.118,6,276.6971250,-72.0494722
g1827051-642951,1,0.600,0.123,-0.038,0.163,0.120,0.094,0.075,0.092,2,276.7711250,-64.4974722
g1827075-624330,1,0.975,0.047,-0.098,0.057,0.210,0.033,0.100,0.037,2,276.7812917,-62.7250833
g1827091-350310,1,0.075,0.087,0.109,0.194,0.150,0.076,0.250,0.139,6,276.7880000,-35.0528889
g1827340-610048,1,0.400,0.059,0.072,0.093,0.030,0.051,0.100,0.060,2,276.8916250,-61.0133333
g1827360-512736,1,0.575,0.074,0.127,0.083,0.210,0.043,0.325,0.062,5,276.9000000,-51.4599167
g1827518-531236,1,1.175,0.004,-0.329,0.035,0.270,0.032,-0.075,0.019,6,276.9659167,-53.2100556
g1828040-364324,1,0.525,0.074,-0.045,0.090,0.180,0.048,0.125,0.057,2,277.0166667,-36.7232222
g1828409-344403,1,0.475,0.111,-0.053,0.130,0.030,0.069,-0.025,0.084,5,277.1703750,-34.7342778
g1828430-793758,1,0.650,0.170,0.145,0.179,-0.180,0.094,-0.025,0.112,7,277.1791250,-79.6328889
g1828516-720532,1,0.775,0.065,0.040,0.062,0.090,0.041,0.125,0.035,3,277.2147917,-72.0921389
g1829005-802619,1,0.825,0.147,-0.051,0.153,0.240,0.070,0.175,0.132,4,277.2519583,-80.4386667
g1829359-711447,1,0.725,0.090,-0.003,0.088,0.030,0.045,0.025,0.062,3,277.3996250,-71.2463333
g1829423-770604,1,1.100,0.032,-0.758,0.088,0.380,0.075,-0.400,0.040,5,277.4261667,-77.1011944
g1830253-514637,1,0.475,0.085,0.262,0.111,0.120,0.045,0.375,0.078,3,277.6053750,-51.7770556
g1830283-644315,1,0.275,0.057,0.134,0.115,0.150,0.053,0.275,0.079,4,277.6179167,-64.7208889
g1830441-455215,1,0.875,0.079,-0.148,0.080,0.210,0.050,0.050,0.049,6,277.6835833,-45.8708333
g1830575-514317,1,1.175,0.083,0.137,0.083,0.120,0.049,0.250,0.061,10,277.7397083,-51.7213333
g1831221-521545,1,0.600,0.114,-0.078,0.141,0.030,0.092,-0.050,0.093,6,277.8421667,-52.2625833
g1831490-555011,1,0.550,0.050,0.009,0.065,0.150,0.031,0.150,0.043,4,277.9542500,-55.8363056
g1832080-710531,1,1.050,0.037,-0.066,0.065,0.150,0.046,0.075,0.038,7,278.0333750,-71.0918611
g1832294-601726,1,0.950,0.099,0.199,0.082,0.240,0.045,0.425,0.055,7,278.1224583,-60.2905833
g1832353-662535,1,0.800,0.152,0.240,0.140,0.090,0.068,0.325,0.102,6,278.1471250,-66.4262778
g1833100-502621,1,0.225,0.076,0.077,0.205,0.210,0.091,0.275,0.140,9,278.2915000,-50.4392222
g1833173-575833,1,0.775,0.094,-0.182,0.099,0.060,0.060,-0.125,0.053,4,278.3218750,-57.9757222
g1833180-423922,1,0.775,0.091,-0.110,0.103,0.090,0.070,-0.025,0.052,3,278.3251667,-42.6562222
g1833539-521320,1,0.750,0.112,0.234,0.102,0.150,0.062,0.375,0.066,5,278.4743750,-52.2221944
g1835358-772405,1,1.025,0.058,-0.471,0.092,0.500,0.067,0.000,0.043,7,278.8990000,-77.4012500
g1836024-594219,1,0.800,0.131,-0.046,0.096,0.500,0.042,0.425,0.068,8,279.0101667,-59.7052500
g1836094-453938,1,0.625,0.131,-0.226,0.179,0.240,0.101,0.000,0.096,7,279.0390417,-45.6606389
g1836104-454317,1,0.375,0.070,-0.126,0.133,0.240,0.083,0.100,0.088,8,279.0433750,-45.7214444
g1836394-771717,1,0.300,0.063,0.343,0.122,0.060,0.045,0.400,0.100,5,279.1641250,-77.2880556
g1836552-434548,1,0.775,0.070,-0.048,0.068,0.210,0.037,0.150,0.041,1,279.2299583,-43.7631944
g1837325-664323,1,0.450,0.084,0.190,0.117,0.090,0.052,0.275,0.082,4,279.3854583,-66.7229444
g1837486-641708,1,0.475,0.100,-0.004,0.147,0.270,0.078,0.250,0.089,3,279.4524583,-64.2855278
g1838251-584656,1,0.475,0.094,-0.001,0.123,0.240,0.065,0.225,0.078,4,279.6043750,-58.7821667
g1838348-535709,1,0.700,0.120,0.312,0.101,0.120,0.044,0.425,0.070,4,279.6448750,-53.9524722
g1838376-720929,1,0.225,0.037,0.034,0.096,0.150,0.057,0.175,0.057,3,279.6565000,-72.1580833
g1839124-464717,1,0.275,0.045,0.257,0.108,-0.060,0.069,0.200,0.057,2,279.8016250,-46.7881389
g1840292-770801,1,0.425,0.116,0.180,0.126,0.180,0.052,0.350,0.103,7,280.1215833,-77.1335000
g1840386-770929,1,0.600,0.063,-0.146,0.074,0.500,0.038,0.325,0.047,6,280.1608750,-77.1579444
g1840555-755537,1,0.875,0.136,-0.052,0.096,0.480,0.047,0.400,0.076,6,280.2310417,-75.9270556
g1841292-614620,1,0.675,0.084,0.218,0.088,0.060,0.037,0.275,0.066,4,280.3714583,-61.7722222
g1841423-514141,1,1.000,0.081,-0.041,0.092,0.150,0.051,0.100,0.060,4,280.4262083,-51.6947778
g1841488-465307,1,0.675,0.084,-0.164,0.100,0.360,0.058,0.175,0.078,10,280.4534583,-46.8851944
g1842010-771303,1,1.125,0.073,0.016,0.112,-0.150,0.083,-0.125,0.061,7,280.5042083,-77.2176111
g1842015-650544,1,1.050,0.021,-0.251,0.046,0.240,0.036,-0.025,0.022,6,280.5063750,-65.0955556
g1842161-633660,1,0.475,0.099,0.280,0.098,0.180,0.043,0.450,0.088,7,280.5670833,-63.6165278
g1842359-645635,1,0.325,0.060,-0.045,0.106,0.180,0.065,0.125,0.064,9,280.6495000,-64.9429167
g1843556-525111,1,0.875,0.103,0.072,0.115,0.030,0.066,0.100,0.067,7,280.9816667,-52.8530278
g1844223-760050,1,0.950,0.101,-0.001,0.113,0.240,0.069,0.225,0.069,7,281.0929583,-76.0138056
g1844392-651603,1,0.450,0.100,-0.233,0.131,0.300,0.057,0.050,0.093,4,281.1632083,-65.2675833
g1846067-551733,1,1.050,0.051,0.140,0.059,0.090,0.043,0.225,0.045,6,281.5280000,-55.2925278
g1846349-592402,1,0.925,0.088,-0.076,0.102,0.240,0.056,0.150,0.066,9,281.6453750,-59.4006111
g1846544-542920,1,0.650,0.104,-0.170,0.129,0.340,0.069,0.150,0.080,5,281.7267500,-54.4888333
g1847001-474623,1,0.500,0.102,-0.276,0.155,0.240,0.097,-0.050,0.086,6,281.7505833,-47.7731111
g1847349-712209,1,0.400,0.107,0.130,0.163,0.180,0.070,0.300,0.116,5,281.8952917,-71.3692500
g1847577-800857,2,0.875,0.121,-0.426,0.142,0.240,0.078,-0.200,0.086,6,281.9903750,-80.1492500
g1848287-440526,1,0.625,0.066,0.184,0.073,0.150,0.038,0.325,0.050,2,282.1194167,-44.0906389
g1848459-571408,1,0.525,0.131,0.184,0.129,0.150,0.063,0.325,0.096,4,282.1912917,-57.2356111
g1849138-624228,1,0.875,0.121,-0.346,0.110,0.420,0.066,0.050,0.070,10,282.3075000,-62.7077778
g1850004-614310,1,0.250,0.027,0.182,0.070,-0.060,0.044,0.125,0.043,3,282.5015417,-61.7195000
g1850034-595823,1,0.975,0.081,0.197,0.083,0.030,0.050,0.225,0.059,6,282.5141250,-59.9730278
g1851468-523422,1,1.150,0.018,-0.072,0.039,-0.030,0.032,-0.100,0.022,3,282.9447917,-52.5727500
g1852017-504115,1,1.025,0.069,-0.404,0.092,0.270,0.065,-0.150,0.050,4,283.0070833,-50.6874167
g1852167-470028,1,0.850,0.059,0.055,0.053,0.180,0.032,0.225,0.036,5,283.0696250,-47.0076389
g1852534-542030,1,0.675,0.061,0.003,0.065,-0.030,0.046,-0.025,0.044,4,283.2226667,-54.3416667
g1852552-591520,1,0.825,0.093,0.147,0.077,0.030,0.038,0.175,0.056,4,283.2301250,-59.2554167
g1854114-443845,1,0.700,0.106,-0.204,0.136,0.270,0.085,0.050,0.071,10,283.5476667,-44.6459167
g1855129-472532,1,0.850,0.095,-0.245,0.115,0.180,0.072,-0.075,0.062,8,283.8035833,-47.4254444
g1855431-464651,1,0.500,0.054,0.209,0.059,0.150,0.032,0.350,0.042,6,283.9295000,-46.7806944
g1856198-405839,1,1.175,0.000,-0.098,0.038,0.210,0.025,0.100,0.024,2,284.0825833,-40.9775278
g1857488-694755,1,1.100,0.028,0.080,0.083,0.180,0.057,0.250,0.040,4,284.4533333,-69.7986944
g1858175-481643,1,0.825,0.113,0.143,0.110,0.060,0.071,0.200,0.078,10,284.5728333,-48.2785556
g1859191-300747,1,0.300,0.059,-0.339,0.146,0.440,0.094,0.075,0.069,5,284.8297500,-30.1296667
g1859236-524248,1,0.275,0.068,0.410,0.151,-0.090,0.085,0.325,0.132,8,284.8482917,-52.7131944
g1859585-490700,1,0.650,0.080,-0.133,0.111,0.300,0.061,0.150,0.069,8,284.9935833,-49.1167778
g1900010-483831,1,0.425,0.098,0.318,0.138,0.060,0.062,0.375,0.118,10,285.0039583,-48.6419722
g1900044-475226,1,0.775,0.096,-0.270,0.121,0.340,0.080,0.050,0.058,10,285.0184167,-47.8739722
g1900485-490503,1,0.925,0.091,-0.101,0.101,0.320,0.061,0.200,0.058,6,285.2020833,-49.0842500
g1901272-293159,1,0.625,0.116,-0.333,0.155,0.460,0.089,0.100,0.087,6,285.3632500,-29.5331667
g1902280-531134,1,0.675,0.091,-0.038,0.109,0.120,0.054,0.075,0.073,4,285.6166250,-53.1928056
g1904212-534239,1,0.625,0.105,0.303,0.139,-0.030,0.059,0.275,0.096,5,286.0882500,-53.7108889
g1905011-575907,1,0.800,0.115,0.037,0.117,0.120,0.061,0.150,0.074,5,286.2546667,-57.9851667
g1905230-294748,1,1.050,0.068,-0.379,0.095,0.270,0.077,-0.125,0.047,8,286.3457917,-29.7965278
g1905361-253741,1,0.225,0.047,-0.559,0.162,0.620,0.108,0.025,0.073,6,286.4005833,-25.6280278
g1905599-422157,1,0.875,0.076,0.077,0.078,0.210,0.039,0.275,0.052,6,286.4997500,-42.3656944
g1906247-320652,1,0.450,0.108,-0.045,0.124,0.340,0.057,0.275,0.083,4,286.6027917,-32.1144722
g1906477-320057,1,0.800,0.084,-0.251,0.089,0.240,0.049,-0.025,0.051,2,286.6987083,-32.0158889
g1906555-420006,1,0.950,0.078,-0.498,0.109,0.210,0.089,-0.300,0.076,8,286.7312083,-42.0016389
g1907488-612205,1,0.900,0.066,0.055,0.066,0.180,0.035,0.225,0.043,2,286.9531667,-61.3681111
g1907567-551751,1,0.275,0.060,0.395,0.140,-0.180,0.066,0.225,0.098,4,286.9861667,-55.2974167
g1909530-433210,1,0.700,0.069,0.097,0.074,0.030,0.044,0.125,0.048,4,287.4707083,-43.5359722
g1910219-804410,1,1.175,0.090,-0.801,0.147,0.320,0.103,-0.500,0.073,5,287.5911250,-80.7360000
g1910541-474053,1,0.750,0.134,-0.659,0.183,0.620,0.113,-0.075,0.087,5,287.7252500,-47.6813056
g1911118-505742,1,0.950,0.112,-0.752,0.158,0.480,0.104,-0.300,0.075,5,287.7990833,-50.9617222
g1911217-503734,1,0.750,0.090,-0.110,0.085,0.090,0.049,-0.025,0.052,2,287.8402083,-50.6260833
g1911235-570258,1,0.550,0.064,0.187,0.078,0.120,0.034,0.300,0.053,7,287.8480833,-57.0493889
g1912092-341632,1,0.500,0.115,-0.195,0.151,0.180,0.083,-0.025,0.084,4,288.0385000,-34.2754444
g1912359-175233,1,0.850,0.134,0.027,0.107,0.210,0.056,0.225,0.076,6,288.1493750,-17.8759444
g1912596-523049,1,0.750,0.132,-0.113,0.154,0.120,0.076,0.000,0.095,6,288.2483333,-52.5136389
g1913401-441544,1,1.100,0.048,0.068,0.082,0.060,0.053,0.125,0.047,7,288.4171667,-44.2620833
g1913425-312555,1,0.075,0.074,0.092,0.223,0.300,0.086,0.375,0.181,7,288.4270000,-31.4318056
g1913430-643849,1,0.575,0.097,-0.364,0.141,0.440,0.077,0.050,0.081,5,288.4289583,-64.6470556
g1913486-591740,1,0.600,0.090,0.022,0.101,0.030,0.052,0.050,0.069,4,288.4523333,-59.2943611
g1913500-440858,1,0.350,0.084,-0.132,0.182,0.060,0.117,-0.075,0.090,9,288.4585000,-44.1495556
g1914243-581544,1,1.175,0.004,-0.248,0.044,0.210,0.033,-0.050,0.022,4,288.6011250,-58.2621667
g1914253-461425,1,0.850,0.110,-0.001,0.107,0.240,0.051,0.225,0.073,3,288.6055000,-46.2402222
g1915104-462243,1,0.850,0.106,-0.676,0.166,0.320,0.093,-0.375,0.106,4,288.7935000,-46.3785278
g1916326-401233,1,0.725,0.068,0.055,0.069,0.180,0.036,0.225,0.046,5,289.1358333,-40.2091667
g1916478-251208,1,0.225,0.082,0.443,0.180,0.060,0.054,0.500,0.150,5,289.1990000,-25.2021667
g1917007-704954,1,1.175,0.064,-0.627,0.092,0.480,0.074,-0.175,0.040,9,289.2528333,-70.8316389
g1917095-590549,1,0.225,0.053,-0.060,0.163,0.090,0.080,0.025,0.098,9,289.2895000,-59.0968611
g1917298-212001,1,0.350,0.072,-0.283,0.154,0.380,0.093,0.075,0.082,10,289.3740833,-21.3336944
g1917319-730844,1,0.475,0.165,0.190,0.226,0.090,0.082,0.275,0.174,8,289.3829583,-73.1454444
g1917496-161840,1,1.000,0.079,0.065,0.119,0.090,0.080,0.150,0.073,7,289.4568333,-16.3110833
g1917515-633229,1,0.825,0.132,0.535,0.091,-0.090,0.048,0.450,0.065,8,289.4645000,-63.5414722
g1917546-581446,1,0.925,0.102,-0.479,0.146,0.270,0.115,-0.225,0.073,5,289.4775833,-58.2461389
g1918064-095154,1,0.950,0.082,-0.191,0.093,0.150,0.062,-0.050,0.050,4,289.5268333,-9.8649444
g1919245-603839,1,1.100,0.018,-0.301,0.052,0.240,0.043,-0.075,0.023,8,289.8519583,-60.6442500
g1919261-201003,1,0.475,0.113,-0.148,0.154,0.210,0.089,0.050,0.085,6,289.8587917,-20.1674167
g1919395-135654,1,0.575,0.127,0.043,0.148,0.060,0.075,0.100,0.094,8,289.9146250,-13.9483333
g1920018-604907,1,0.825,0.106,-0.401,0.124,0.320,0.077,-0.100,0.063,3,290.0074583,-60.8186944
g1920089-180559,1,0.350,0.118,0.157,0.197,-0.060,0.097,0.100,0.145,8,290.0372500,-18.0996389
g1920288-633006,1,1.050,0.046,0.018,0.079,0.060,0.058,0.075,0.042,3,290.1200833,-63.5016944
g1920448-601103,1,0.925,0.074,-0.403,0.112,0.030,0.081,-0.375,0.073,3,290.1866250,-60.1840833
g1920463-135510,1,0.625,0.126,0.025,0.148,0.000,0.094,0.025,0.088,2,290.1927917,-13.9193056
g1920545-120332,1,0.950,0.075,-0.066,0.077,0.150,0.049,0.075,0.047,5,290.2270417,-12.0590000
g1921093-584838,1,0.525,0.105,-0.276,0.116,0.320,0.057,0.025,0.073,7,290.2889167,-58.8106111
g1921352-244744,1,0.450,0.096,0.092,0.120,0.300,0.043,0.375,0.100,4,290.3967500,-24.7955833
g1921594-600235,1,0.750,0.070,-0.241,0.080,0.150,0.048,-0.100,0.043,5,290.4975000,-60.0430000
g1922055-113842,1,0.900,0.086,-0.007,0.099,0.060,0.053,0.050,0.062,4,290.5228750,-11.6450556
g1922117-190056,1,0.375,0.083,0.363,0.123,-0.120,0.049,0.250,0.095,10,290.5485833,-19.0155278
g1923079-625813,1,0.125,0.055,0.002,0.132,0.210,0.067,0.200,0.089,5,290.7827500,-62.9703611
g1923086-174325,1,1.150,0.024,-0.906,0.096,0.590,0.085,-0.350,0.039,8,290.7859583,-17.7235000
g1923327-642744,1,1.175,0.030,0.334,0.074,0.150,0.058,0.475,0.039,8,290.8862917,-64.4621667
g1923378-114803,1,0.700,0.107,-0.445,0.132,0.340,0.085,-0.125,0.069,7,290.9075417,-11.8008889
g1924137-154436,1,0.975,0.095,-0.345,0.130,0.180,0.087,-0.175,0.062,6,291.0568750,-15.7431944
g1924145-121343,1,0.900,0.091,-0.208,0.100,0.380,0.060,0.150,0.056,10,291.0604583,-12.2286667
g1924185-245725,1,0.300,0.078,0.237,0.151,0.120,0.071,0.350,0.113,9,291.0771667,-24.9569167
g1924438-600911,1,0.650,0.099,-0.038,0.120,0.120,0.062,0.075,0.077,7,291.1824167,-60.1531389
g1925024-625755,1,1.000,0.041,0.134,0.055,0.150,0.031,0.275,0.039,5,291.2601250,-62.9653889
g1925034-630812,1,0.475,0.121,-0.364,0.185,0.360,0.110,-0.025,0.101,5,291.2641667,-63.1365833
g1925040-581056,1,1.175,0.019,-0.066,0.050,0.150,0.040,0.075,0.032,8,291.2667083,-58.1821667
g1925388-100443,1,1.075,0.055,-0.179,0.090,0.270,0.062,0.075,0.051,5,291.4117917,-10.0785000
g1926360-653704,1,0.675,0.088,0.049,0.086,0.240,0.043,0.275,0.066,6,291.6499583,-65.6176944
g1926497-545705,1,1.125,0.004,-0.316,0.046,0.150,0.043,-0.175,0.021,3,291.7072500,-54.9513056
g1926509-114717,1,0.475,0.091,-0.308,0.132,0.300,0.074,-0.025,0.075,6,291.7120833,-11.7880278
g1926587-625655,1,0.825,0.091,-0.054,0.103,0.270,0.057,0.200,0.062,2,291.7443750,-62.9485000
g1927055-481901,1,0.450,0.075,0.072,0.145,0.030,0.083,0.100,0.089,6,291.7727500,-48.3169167
g1927253-794108,1,0.400,0.105,0.005,0.160,0.180,0.084,0.175,0.106,9,291.8553333,-79.6855278
g1927276-092714,1,1.175,0.019,-0.066,0.105,0.150,0.072,0.075,0.048,10,291.8649583,-9.4537500
g1927299-100454,1,1.075,0.057,-0.070,0.099,0.180,0.071,0.100,0.050,6,291.8745000,-10.0816389
g1927379-692504,1,0.850,0.157,0.142,0.121,0.300,0.072,0.425,0.085,8,291.9079167,-69.4178611
g1928127-294026,1,1.100,0.008,-0.327,0.054,0.400,0.042,0.050,0.027,3,292.0529583,-29.6737500
g1928170-293144,1,0.600,0.096,0.217,0.086,0.300,0.026,0.500,0.071,4,292.0708750,-29.5290000
g1929511-623839,1,0.575,0.092,0.368,0.095,0.060,0.041,0.425,0.071,4,292.4630417,-62.6441111
g1930057-703444,2,0.825,0.156,-0.208,0.143,0.460,0.085,0.225,0.093,8,292.5238333,-70.5788611
g1930278-275056,1,0.425,0.090,0.199,0.134,0.320,0.058,0.500,0.099,8,292.6157917,-27.8489722
g1930377-521726,1,0.300,0.065,-0.095,0.154,0.340,0.066,0.225,0.108,6,292.6571667,-52.2905556
g1932165-555429,1,1.025,0.033,-0.401,0.059,0.240,0.043,-0.175,0.029,4,293.0688750,-55.9079167
g1932228-623256,1,0.900,0.092,-0.116,0.096,0.150,0.058,0.025,0.060,6,293.0947917,-62.5488333
g1932249-642448,1,0.675,0.071,-0.224,0.093,0.530,0.052,0.275,0.051,8,293.1035833,-64.4133889
g1932251-511124,1,0.775,0.087,-0.120,0.090,0.180,0.055,0.050,0.057,2,293.1045000,-51.1899444
g1932318-515642,1,1.000,0.089,-0.201,0.108,0.320,0.066,0.100,0.062,4,293.1326667,-51.9451111
g1932447-611126,1,0.750,0.112,-0.010,0.118,0.090,0.063,0.075,0.070,9,293.1860833,-61.1906111
g1932457-114821,1,0.900,0.124,-0.039,0.103,0.440,0.040,0.375,0.078,9,293.1902500,-11.8057222
g1933014-222248,1,-0.025,0.054,-0.239,0.175,0.360,0.110,0.100,0.090,7,293.2557500,-22.3801111
g1933188-153051,1,0.275,0.075,0.195,0.163,-0.180,0.092,0.025,0.108,7,293.3282500,-15.5141389
g1933190-580651,1,1.150,0.005,-0.239,0.042,0.360,0.031,0.100,0.025,2,293.3290000,-58.1142500
g1933224-594310,1,1.100,0.010,-0.091,0.060,0.150,0.069,0.050,0.039,8,293.3432500,-59.7195278
g1934029-080553,1,0.350,0.118,0.234,0.180,0.150,0.055,0.375,0.155,8,293.5121667,-8.0980833
g1934178-753647,1,1.100,0.014,-0.589,0.081,0.440,0.067,-0.175,0.033,7,293.5742917,-75.6131389
g1934263-174833,1,0.125,0.058,0.447,0.131,0.030,0.056,0.475,0.135,6,293.6095000,-17.8092778
g1934275-743744,1,0.575,0.103,-0.439,0.124,0.440,0.075,-0.025,0.067,7,293.6146667,-74.6288056
g1935058-804507,1,1.175,0.051,-0.227,0.056,0.400,0.047,0.150,0.043,6,293.7741667,-80.7519722
g1935330-111419,1,0.300,0.091,0.134,0.189,0.150,0.089,0.275,0.152,8,293.8875833,-11.2385000
g1935426-594723,1,1.175,0.011,-0.204,0.057,0.270,0.041,0.050,0.029,5,293.9276667,-59.7896111
g1936121-335942,1,0.525,0.073,0.268,0.088,0.060,0.045,0.325,0.062,1,294.0504583,-33.9949167
g1936377-150655,1,0.625,0.135,-0.276,0.175,0.320,0.102,0.025,0.095,5,294.1570000,-15.1153889
g1936549-531809,1,0.625,0.139,0.174,0.160,0.240,0.067,0.400,0.118,4,294.2285833,-53.3024444
g1937090-633114,1,0.775,0.101,-0.129,0.103,0.270,0.056,0.125,0.062,3,294.2875417,-63.5204167
g1937242-174502,1,0.900,0.098,0.165,0.081,0.090,0.044,0.250,0.060,5,294.3507500,-17.7505278
g1938137-590711,1,0.425,0.122,0.478,0.155,-0.030,0.059,0.450,0.134,3,294.5570000,-59.1198056
g1938156-524916,1,0.700,0.096,-0.104,0.132,0.270,0.081,0.150,0.087,8,294.5649583,-52.8210833
g1938218-503915,1,0.775,0.095,-0.045,0.072,0.340,0.039,0.275,0.052,6,294.5907083,-50.6541389
g1938392-091509,1,1.175,0.031,-0.627,0.081,0.480,0.070,-0.175,0.032,2,294.6632083,-9.2524722
g1938429-053515,1,0.700,0.092,0.030,0.109,0.180,0.053,0.200,0.076,4,294.6787917,-5.5875833
g1939071-155316,1,0.800,0.164,0.182,0.165,-0.060,0.077,0.125,0.124,8,294.7795000,-15.8876389
g1939154-345657,1,1.175,0.012,-0.379,0.074,0.270,0.057,-0.125,0.034,3,294.8143333,-34.9490278
g1939176-171423,1,0.425,0.088,0.149,0.118,0.240,0.044,0.375,0.093,5,294.8233333,-17.2395833
g1939412-601857,1,0.850,0.112,-0.133,0.108,0.300,0.056,0.150,0.076,3,294.9218333,-60.3159444
g1939432-003004,1,1.175,0.053,-1.059,0.115,0.620,0.092,-0.475,0.058,7,294.9299167,-0.5010556
g1939583-510323,1,0.625,0.090,-0.001,0.106,0.240,0.047,0.225,0.081,2,294.9927917,-51.0565000
g1939599-223810,1,0.150,0.075,0.149,0.179,0.240,0.067,0.375,0.151,3,294.9995417,-22.6360278
g1940174-190359,1,0.775,0.121,0.262,0.099,0.120,0.051,0.375,0.061,3,295.0723333,-19.0664444
g1940240-795831,1,0.650,0.117,0.036,0.112,0.360,0.051,0.375,0.088,6,295.1001667,-79.9753611
g1940309-562437,1,0.950,0.061,-0.191,0.062,0.150,0.043,-0.050,0.037,2,295.1287917,-56.4101667
g1940409-185937,1,0.675,0.135,0.046,0.137,0.270,0.067,0.300,0.092,5,295.1704583,-18.9936389
g1940423-702547,1,0.750,0.164,0.074,0.159,0.320,0.061,0.375,0.118,5,295.1762500,-70.4296389
g1941097-064258,1,0.425,0.087,0.075,0.125,0.000,0.070,0.075,0.082,3,295.2904583,-6.7160000
g1942143-355944,1,0.925,0.093,-0.351,0.095,0.320,0.066,-0.050,0.046,5,295.5596667,-35.9954722
g1942150-775100,1,1.175,0.007,-0.339,0.088,0.360,0.068,0.000,0.042,5,295.5623750,-77.8500833
g1942411-065603,1,0.750,0.128,-0.010,0.116,0.090,0.063,0.075,0.075,1,295.6713750,-6.9342500
g1943013-535407,1,0.925,0.089,-0.085,0.089,0.090,0.061,0.000,0.053,3,295.7555000,-53.9020556
g1943096-070412,1,0.550,0.098,0.222,0.112,0.030,0.058,0.250,0.078,2,295.7899583,-7.0700000
g1943146-514827,1,0.275,0.062,0.190,0.123,0.090,0.060,0.275,0.079,5,295.8106250,-51.8075000
g1943245-483207,1,0.425,0.065,0.034,0.100,0.150,0.055,0.175,0.063,5,295.8522500,-48.5353056
g1943392-351715,1,0.750,0.104,-0.001,0.100,0.240,0.046,0.225,0.070,2,295.9132083,-35.2875000
g1944292-511215,1,0.725,0.081,-0.554,0.111,0.270,0.063,-0.300,0.067,3,296.1216250,-51.2041667
g1944458-514810,1,0.050,0.089,0.303,0.188,-0.030,0.080,0.275,0.139,6,296.1909167,-51.8027500
g1945152-542039,1,0.625,0.051,0.143,0.071,0.060,0.033,0.200,0.050,6,296.3131250,-54.3441389
g1945187-521102,1,0.925,0.091,-0.176,0.116,0.240,0.085,0.050,0.066,4,296.3278750,-52.1838333
g1945242-552049,1,1.175,0.000,0.009,0.043,0.150,0.031,0.150,0.024,3,296.3509583,-55.3468889
g1945506-061828,1,1.125,0.079,0.068,0.096,0.060,0.069,0.125,0.056,9,296.4608333,-6.3078333
g1946029-190333,1,0.300,0.074,-0.096,0.153,0.420,0.059,0.300,0.125,7,296.5120417,-19.0591389
g1946137-193140,1,1.175,0.119,-1.116,0.189,0.680,0.126,-0.475,0.083,10,296.5570833,-19.5276667
g1946203-554332,1,0.375,0.075,-0.138,0.155,0.120,0.097,-0.025,0.074,3,296.5845000,-55.7254167
g1946445-651449,1,1.100,0.005,-0.254,0.043,0.270,0.035,0.000,0.022,2,296.6854583,-65.2469722
g1946472-115721,1,1.025,0.083,-0.070,0.106,0.180,0.071,0.100,0.059,7,296.6964583,-11.9556944
g1947053-201220,1,0.600,0.092,0.127,0.093,0.210,0.039,0.325,0.070,5,296.7720000,-20.2055833
g1947099-224456,1,0.725,0.082,0.130,0.102,0.180,0.053,0.300,0.062,3,296.7912083,-22.7490000
g1947175-614237,1,1.100,0.040,-0.201,0.067,0.240,0.047,0.025,0.036,3,296.8227500,-61.7101667
g1947203-090052,1,0.575,0.119,-0.025,0.148,0.000,0.081,-0.025,0.090,3,296.8346667,-9.0144167
g1947330-100656,1,1.125,0.034,-0.166,0.066,0.150,0.046,-0.025,0.041,3,296.8875000,-10.1155833
g1947343-083753,1,0.150,0.112,0.407,0.245,-0.060,0.079,0.350,0.212,4,296.8927083,-8.6314444
g1947453-791139,1,1.025,0.072,-0.151,0.089,0.320,0.062,0.150,0.054,2,296.9388750,-79.1942778
g1947459-141555,1,0.425,0.124,-0.341,0.221,0.150,0.141,-0.200,0.133,7,296.9412500,-14.2652778
g1948043-593127,1,0.575,0.119,-0.213,0.150,0.120,0.091,-0.100,0.082,3,297.0177917,-59.5242778
g1948077-180353,1,1.175,0.030,-0.379,0.105,0.270,0.080,-0.125,0.043,6,297.0321250,-18.0647778
g1948176-141828,1,0.625,0.122,-0.379,0.142,0.270,0.093,-0.125,0.079,3,297.0735000,-14.3078333
g1948234-122608,1,1.175,0.047,-0.763,0.112,0.460,0.085,-0.330,0.050,5,297.0974167,-12.4356667
g1948280-232456,1,1.000,0.046,-0.198,0.074,0.210,0.052,0.000,0.035,0,297.1166667,-23.4154722
g1948584-224105,1,1.175,0.032,-0.283,0.074,0.380,0.058,0.075,0.035,8,297.2433333,-22.6846667
g1949065-045555,1,0.700,0.145,0.172,0.140,0.030,0.074,0.200,0.097,4,297.2772083,-4.9319722
g1949340-343729,1,0.000,0.077,-0.133,0.209,0.300,0.099,0.150,0.130,7,297.3914583,-34.6247778
g1949385-215606,1,0.500,0.071,-0.016,0.112,0.150,0.070,0.125,0.060,6,297.4102500,-21.9350000
g1949390-225441,1,0.775,0.096,-0.195,0.100,0.180,0.058,-0.025,0.059,1,297.4126667,-22.9114167
g1949442-093736,1,0.225,0.082,0.397,0.171,0.030,0.055,0.425,0.149,4,297.4341667,-9.6265833
g1950020-064752,1,0.475,0.164,-0.053,0.261,0.030,0.115,-0.025,0.186,10,297.5084583,-6.7977222
g1950046-062011,1,0.225,0.058,0.104,0.174,0.420,0.068,0.500,0.151,2,297.5192500,-6.3363333
g1950070-090205,1,0.475,0.113,0.263,0.151,-0.120,0.065,0.150,0.112,7,297.5291667,-9.0346667
g1950123-185424,1,0.900,0.086,-0.095,0.070,0.340,0.036,0.225,0.051,4,297.5513333,-18.9066944
g1950284-060027,1,0.675,0.138,0.184,0.122,0.150,0.063,0.325,0.097,7,297.6182500,-6.0074722
g1950483-191452,1,0.650,0.107,0.200,0.107,0.000,0.046,0.200,0.087,2,297.7012917,-19.2476389
g1951157-310305,1,0.775,0.105,-0.323,0.123,0.210,0.079,-0.125,0.064,2,297.8155417,-31.0513333
g1951199-445239,1,0.425,0.108,-0.195,0.184,0.340,0.105,0.125,0.101,3,297.8330417,-44.8773889
g1951206-021542,1,0.850,0.103,-0.176,0.118,0.240,0.070,0.050,0.064,5,297.8358333,-2.2617778
g1951215-324021,1,0.975,0.061,-0.764,0.095,0.440,0.062,-0.350,0.054,7,297.8393750,-32.6724167
g1951384-174945,1,1.100,0.046,-0.063,0.082,0.120,0.056,0.050,0.048,6,297.9098333,-17.8292222
g1951432-124435,1,0.725,0.087,0.122,0.101,0.030,0.057,0.150,0.062,4,297.9299167,-12.7429722
g1951519-304830,1,0.525,0.081,0.071,0.080,0.270,0.040,0.325,0.061,5,297.9664167,-30.8084444
g1951599-834433,1,1.175,0.079,-0.889,0.128,0.440,0.106,-0.475,0.085,5,297.9994167,-83.7425833
g1952025-604850,1,1.175,0.000,-0.070,0.039,0.180,0.034,0.100,0.020,4,298.0105417,-60.8140000
g1952137-115323,1,0.500,0.128,0.397,0.154,0.030,0.064,0.425,0.132,7,298.0572500,-11.8895833
g1952191-115214,1,1.025,0.078,-0.602,0.106,0.480,0.074,-0.150,0.064,8,298.0796250,-11.8704722
g1952287-694047,1,1.075,0.057,-0.451,0.078,0.240,0.055,-0.225,0.044,5,298.1193750,-69.6796111
g1952325-100836,1,1.000,0.097,-0.241,0.108,0.150,0.074,-0.100,0.060,7,298.1355833,-10.1433889
g1952359-222242,1,0.525,0.163,0.157,0.215,-0.060,0.088,0.100,0.153,7,298.1494583,-22.3783889
g1952417-490421,1,1.000,0.053,-0.098,0.075,0.210,0.050,0.100,0.039,1,298.1735417,-49.0725833
g1952552-175219,1,0.350,0.057,0.062,0.090,0.120,0.052,0.175,0.057,4,298.2299583,-17.8720000
g1952556-605904,1,1.025,0.039,-0.364,0.051,0.440,0.041,0.050,0.032,2,298.2315000,-60.9844722
g1953040-191332,1,0.225,0.072,0.322,0.179,0.030,0.071,0.350,0.128,8,298.2667500,-19.2256111
g1953074-213016,1,1.100,0.057,0.059,0.071,0.150,0.049,0.200,0.041,6,298.2809167,-21.5043611
g1953098-130934,1,0.350,0.072,-0.045,0.097,0.340,0.057,0.275,0.059,2,298.2906250,-13.1595556
g1953156-082310,1,0.525,0.134,0.103,0.158,-0.030,0.079,0.075,0.104,9,298.3150417,-8.3859722
g1953181-213144,1,0.400,0.109,0.123,0.189,0.400,0.062,0.500,0.155,7,298.3252500,-21.5289444
g1953222-702610,1,0.575,0.099,0.099,0.119,0.240,0.054,0.325,0.087,8,298.3425417,-70.4362222
g1953280-200958,1,0.500,0.099,0.237,0.134,0.120,0.059,0.350,0.105,5,298.3667083,-20.1661389
g1953374-211342,1,0.525,0.093,-0.091,0.130,0.150,0.076,0.050,0.071,5,298.4057917,-21.2282778
g1954094-660041,1,0.250,0.040,0.243,0.103,0.060,0.052,0.300,0.071,3,298.5392917,-66.0115000
g1954156-061034,1,0.600,0.128,-0.084,0.153,-0.150,0.093,-0.225,0.096,6,298.5649583,-6.1761389
g1954226-172860,1,0.675,0.145,0.268,0.175,0.060,0.079,0.325,0.123,10,298.5940833,-17.4833056
g1954250-470229,1,0.775,0.088,0.030,0.083,0.180,0.043,0.200,0.053,3,298.6041667,-47.0414444
g1954388-252005,1,0.625,0.124,0.165,0.140,0.090,0.067,0.250,0.092,2,298.6615833,-25.3347222
g1954564-062854,1,0.375,0.064,-0.398,0.134,0.210,0.080,-0.200,0.070,5,298.7351250,-6.4815278
g1955127-231622,1,0.825,0.079,-0.066,0.066,0.150,0.048,0.075,0.042,2,298.8029583,-23.2728889
g1955230-213502,1,0.675,0.122,-0.045,0.149,0.180,0.074,0.125,0.091,5,298.8456250,-21.5837500
g1955268-550920,1,1.175,0.007,-0.527,0.069,0.480,0.058,-0.075,0.027,7,298.8616250,-55.1555556
g1955429-062304,1,0.600,0.112,0.165,0.131,0.090,0.064,0.250,0.093,3,298.9288750,-6.3845556
g1955435-043250,1,1.000,0.078,0.068,0.103,0.060,0.071,0.125,0.067,4,298.9314167,-4.5471389
g1955539-122509,1,0.750,0.122,-0.370,0.144,0.180,0.080,-0.200,0.080,3,298.9747500,-12.4191667
g1956028-051728,1,0.700,0.111,-0.314,0.154,0.440,0.092,0.100,0.101,10,299.0117083,-5.2910278
g1956131-163857,1,0.400,0.168,0.278,0.212,-0.030,0.092,0.250,0.149,8,299.0545833,-16.6491944
g1956299-205612,1,0.725,0.133,0.422,0.126,0.030,0.059,0.450,0.084,5,299.1246250,-20.9365556
g1956412-183008,1,0.375,0.086,0.180,0.120,0.180,0.051,0.350,0.095,5,299.1715000,-18.5021944
g1956475-602805,1,0.725,0.088,-0.014,0.068,0.360,0.038,0.325,0.046,7,299.1980833,-60.4680000
g1957059-184927,1,0.200,0.070,0.210,0.164,-0.090,0.090,0.125,0.109,9,299.2747083,-18.8240556
g1957092-601006,1,0.850,0.111,-0.783,0.192,0.300,0.099,-0.500,0.124,5,299.2883750,-60.1681944
g1957181-322841,1,0.750,0.115,-0.037,0.113,-0.120,0.070,-0.150,0.068,6,299.3253750,-32.4780000
g1957297-192331,1,1.175,0.031,-0.088,0.071,0.120,0.053,0.025,0.042,6,299.3737917,-19.3920278
g1957339-094637,1,0.625,0.151,-0.368,0.222,-0.060,0.123,-0.425,0.167,8,299.3911250,-9.7770000
g1957392-005504,1,1.125,0.057,-0.273,0.082,0.210,0.058,-0.075,0.045,5,299.4133333,-0.9177778
g1957408-590728,1,0.250,0.046,0.153,0.122,-0.030,0.072,0.125,0.068,1,299.4200000,-59.1243056
g1957441-523149,1,0.425,0.137,-0.218,0.227,-0.060,0.118,-0.275,0.139,2,299.4335417,-52.5301389
g1957471-241752,1,0.300,0.079,0.165,0.137,0.090,0.057,0.250,0.098,4,299.4460417,-24.2977500
g1958034-175317,1,0.500,0.073,-0.101,0.107,0.320,0.062,0.200,0.059,3,299.5141250,-17.8881389
g1958184-191640,1,0.475,0.068,0.115,0.079,0.090,0.043,0.200,0.057,1,299.5765833,-19.2777500
g1958268-154916,1,0.750,0.108,0.184,0.109,0.150,0.049,0.325,0.077,4,299.6115000,-15.8211667
g1958280-070650,1,0.600,0.120,-0.128,0.145,0.030,0.088,-0.100,0.080,8,299.6166667,-7.1137778
g1958307-523739,1,0.800,0.140,-0.102,0.125,0.400,0.063,0.275,0.082,8,299.6277500,-52.6276111
g1958358-523510,1,0.450,0.088,0.237,0.123,0.120,0.049,0.350,0.098,5,299.6490833,-52.5860278
g1958435-523823,1,0.725,0.156,0.197,0.170,0.030,0.074,0.225,0.125,5,299.6810417,-52.6397778
g1958482-521634,1,0.550,0.158,-0.132,0.197,0.060,0.115,-0.075,0.139,8,299.7007917,-52.2760278
g1958513-115246,1,1.125,0.008,-0.145,0.065,0.180,0.050,0.025,0.031,7,299.7136250,-11.8795556
g1959067-750332,1,0.475,0.066,-0.252,0.114,0.400,0.073,0.125,0.056,10,299.7780000,-75.0590000
g1959117-594240,1,1.025,0.056,-0.016,0.066,0.150,0.039,0.125,0.045,3,299.7986250,-59.7110000
g1959228-002249,1,0.875,0.114,-0.245,0.107,0.180,0.051,-0.075,0.070,5,299.8449167,-0.3803889
g1959280-434554,1,1.175,0.014,-0.420,0.069,0.340,0.061,-0.100,0.033,2,299.8667083,-43.7648889
g1959428-111531,1,0.900,0.088,-0.048,0.083,0.210,0.046,0.150,0.068,9,299.9285000,-11.2586111
g1959493-000216,1,0.850,0.094,-0.026,0.101,0.240,0.052,0.200,0.063,1,299.9553333,-0.0377500
g1959508-114122,1,0.500,0.111,0.451,0.105,-0.240,0.050,0.225,0.089,7,299.9617500,-11.6894444
g1959517-534333,1,1.175,0.004,-0.531,0.086,0.590,0.066,0.025,0.038,3,299.9653333,-53.7257500
g2000027-524427,1,1.100,0.067,-0.526,0.129,0.240,0.097,-0.300,0.054,8,300.0111667,-52.7409167
g2000035-320505,1,0.550,0.102,0.199,0.133,0.240,0.062,0.425,0.109,8,300.0146667,-32.0848056
g2000054-595341,1,0.800,0.091,0.072,0.091,0.030,0.049,0.100,0.064,3,300.0225000,-59.8947500
g2000249-604827,1,1.100,0.027,-0.529,0.085,0.270,0.070,-0.275,0.030,6,300.1035833,-60.8073611
g2000376-611458,1,0.575,0.113,-0.016,0.156,0.150,0.075,0.125,0.095,5,300.1564583,-61.2495556
g2000390-264814,1,0.650,0.123,-0.185,0.151,0.090,0.085,-0.100,0.086,5,300.1623750,-26.8038611
g2000566-553754,1,0.800,0.088,0.062,0.068,0.120,0.038,0.175,0.047,6,300.2357083,-55.6315833
g2000574-523754,1,0.900,0.075,0.034,0.072,0.150,0.038,0.175,0.051,4,300.2390417,-52.6316667
g2000595-140825,1,0.850,0.112,-0.402,0.128,0.400,0.083,-0.025,0.064,4,300.2477500,-14.1401944
g2001027-170309,1,0.700,0.091,-0.173,0.102,0.210,0.055,0.025,0.065,2,300.2613333,-17.0524722
g2001046-711204,1,1.175,0.006,-0.383,0.051,0.300,0.047,-0.100,0.020,5,300.2692083,-71.2009722
g2001122-613645,1,1.025,0.037,0.022,0.062,0.030,0.041,0.050,0.036,3,300.3006250,-61.6123889
g2001196-525756,1,0.375,0.062,-0.176,0.116,0.240,0.070,0.050,0.064,2,300.3317083,-52.9655000
g2001209-464001,1,0.675,0.065,-0.956,0.105,0.590,0.065,-0.400,0.065,8,300.3368750,-46.6670000
g2001265-212040,1,0.575,0.119,0.087,0.131,0.120,0.059,0.200,0.087,5,300.3604583,-21.3444444
g2001584-180342,1,1.175,0.014,-0.101,0.059,0.240,0.047,0.125,0.030,5,300.4932083,-18.0617778
g2002274-101759,1,0.850,0.093,0.168,0.087,0.060,0.046,0.225,0.059,4,300.6141250,-10.2996667
g2002315-104529,1,0.950,0.098,0.103,0.103,-0.030,0.063,0.075,0.070,5,300.6313750,-10.7581667
g2002361-554928,1,1.000,0.081,-0.333,0.114,0.300,0.082,-0.050,0.051,7,300.6503333,-55.8245278
g2002376-555405,1,0.650,0.124,-0.133,0.154,0.300,0.078,0.150,0.100,4,300.6565833,-55.9013056
g2002495-790513,1,1.125,0.026,-0.251,0.065,0.240,0.047,-0.025,0.041,6,300.7062917,-79.0869722
g2003017-122406,1,1.175,0.036,-0.508,0.105,0.300,0.093,-0.225,0.054,9,300.7568750,-12.4016111
g2003038-131849,1,1.175,0.047,-0.260,0.092,0.090,0.072,-0.175,0.044,10,300.7657917,-13.3135556
g2003143-500455,1,0.600,0.099,-0.314,0.114,0.360,0.060,0.025,0.068,4,300.8096667,-50.0818056
g2003157-602601,1,0.250,0.063,0.323,0.152,-0.210,0.083,0.125,0.105,7,300.8152083,-60.4335000
g2003179-525106,1,0.850,0.095,-0.051,0.100,0.320,0.052,0.250,0.062,4,300.8245000,-52.8517778
g2003196-825938,1,0.400,0.102,0.034,0.175,0.150,0.093,0.175,0.126,5,300.8316250,-82.9938056
g2003301-545041,1,0.650,0.084,-0.122,0.097,-0.030,0.055,-0.150,0.055,5,300.8754167,-54.8447778
g2003344-481704,1,0.525,0.044,0.259,0.056,0.150,0.029,0.400,0.035,4,300.8932083,-48.2845000
g2003375-184057,1,1.175,0.101,-1.116,0.169,0.680,0.118,-0.475,0.078,6,300.9061250,-18.6826111
g2004286-103751,1,0.875,0.091,-0.079,0.094,0.270,0.056,0.175,0.055,5,301.1192500,-10.6307222
g2004341-573553,1,0.975,0.048,-0.313,0.061,0.120,0.045,-0.200,0.032,2,301.1421667,-57.5981667
g2004371-501836,1,0.475,0.072,0.357,0.078,-0.060,0.038,0.300,0.060,5,301.1545833,-50.3100833
g2004379-184925,1,0.700,0.090,0.002,0.121,0.210,0.061,0.200,0.074,3,301.1577500,-18.8235000
g2004502-214251,1,0.575,0.069,0.002,0.081,0.210,0.043,0.200,0.053,6,301.2090833,-21.7142500
g2005116-125042,1,0.250,0.031,0.018,0.103,0.060,0.068,0.075,0.055,5,301.2981250,-12.8450833
g2005252-074651,1,0.725,0.115,-0.379,0.149,0.270,0.097,-0.125,0.074,6,301.3549167,-7.7807222
g2005388-542232,1,1.100,0.026,-0.314,0.061,0.360,0.042,0.025,0.029,7,301.4116667,-54.3756111
g2005437-103441,1,0.775,0.117,-0.308,0.132,0.300,0.074,-0.025,0.073,5,301.4322500,-10.5780000
g2005463-010105,1,0.150,0.074,0.302,0.190,0.210,0.073,0.500,0.162,6,301.4430000,-1.0179444
g2005565-090227,1,0.300,0.038,0.180,0.070,0.180,0.037,0.350,0.045,3,301.4853333,-9.0409167
g2006031-200011,1,0.725,0.117,-0.060,0.143,0.090,0.076,0.025,0.089,4,301.5129583,-20.0030278
g2006225-202252,1,0.900,0.110,-0.220,0.116,0.180,0.077,-0.050,0.066,4,301.5935417,-20.3811667
g2006283-482232,1,0.825,0.082,-0.101,0.077,0.320,0.038,0.200,0.050,6,301.6177500,-48.3756111
g2006344-463623,1,0.725,0.068,-0.054,0.074,0.270,0.036,0.200,0.049,2,301.6432083,-46.6063611
g2006524-541814,1,0.750,0.089,0.222,0.088,0.030,0.044,0.250,0.062,2,301.7184167,-54.3039722
g2007064-424850,1,0.900,0.063,0.024,0.062,0.240,0.034,0.250,0.040,2,301.7765417,-42.8137778
g2007175-200419,1,0.375,0.081,-0.271,0.144,0.420,0.085,0.125,0.085,6,301.8227917,-20.0719444
g2007271-203452,1,1.025,0.085,-0.066,0.121,0.150,0.079,0.075,0.073,5,301.8627917,-20.5809722
g2007361-530426,1,0.775,0.101,0.030,0.105,0.180,0.058,0.200,0.068,4,301.9002917,-53.0739444
g2007520-602119,1,0.750,0.132,-0.065,0.133,-0.090,0.078,-0.150,0.079,7,301.9665000,-60.3551389
g2007564-841120,1,0.725,0.182,0.322,0.211,0.030,0.088,0.350,0.151,6,301.9850417,-84.1887778
g2008053-663909,1,0.525,0.132,0.102,0.160,0.210,0.060,0.300,0.123,5,302.0221250,-66.6524444
g2008195-481241,1,0.700,0.049,0.137,0.053,0.120,0.032,0.250,0.034,2,302.0811250,-48.2114167
g2008233-213930,1,0.225,0.064,0.432,0.197,-0.060,0.078,0.375,0.161,8,302.0969167,-21.6582778
g2008377-552713,1,0.875,0.096,-0.068,0.093,-0.060,0.052,-0.125,0.058,7,302.1569167,-55.4536667
g2008382-531435,1,0.250,0.091,0.193,0.215,0.060,0.101,0.250,0.136,9,302.1589583,-53.2431389
g2009032-542702,1,0.525,0.119,0.243,0.163,0.060,0.069,0.300,0.123,6,302.2632500,-54.4504722
g2009133-542122,1,0.575,0.122,0.234,0.142,0.150,0.052,0.375,0.124,6,302.3055417,-54.3560278
g2009147-462103,1,0.950,0.108,-0.129,0.130,0.270,0.073,0.125,0.078,6,302.3110417,-46.3507222
g2009156-541918,1,0.900,0.097,0.153,0.094,-0.030,0.056,0.125,0.063,5,302.3151667,-54.3215278
g2009256-481705,1,1.075,0.014,-0.273,0.034,0.210,0.030,-0.075,0.019,1,302.3567500,-48.2848333
g2009266-532006,1,0.525,0.108,-0.171,0.133,0.420,0.080,0.225,0.089,4,302.3608750,-53.3348611
g2009303-211316,1,0.825,0.154,0.203,0.153,-0.030,0.075,0.175,0.112,4,302.3762083,-21.2209722
g2009392-491954,1,0.450,0.044,0.015,0.060,0.090,0.035,0.100,0.040,2,302.4131250,-49.3317222
g2009441-664025,1,0.575,0.100,-0.198,0.119,0.210,0.067,0.000,0.071,4,302.4338333,-66.6736667
g2009492-590047,1,0.575,0.129,0.118,0.150,0.060,0.071,0.175,0.093,9,302.4549167,-59.0129444
g2009541-482246,1,1.175,0.000,-0.151,0.030,0.320,0.021,0.150,0.018,5,302.4752917,-48.3795556
g2010109-481713,1,0.800,0.061,-0.026,0.055,0.240,0.029,0.200,0.036,2,302.5452083,-48.2870556
g2010117-435831,1,0.150,0.046,0.362,0.120,0.120,0.044,0.475,0.131,9,302.5486667,-43.9753889
g2010238-214631,1,0.475,0.117,0.073,0.150,0.400,0.057,0.450,0.139,6,302.5992500,-21.7753611
g2010246-593851,1,-0.075,0.037,0.322,0.094,0.030,0.052,0.350,0.066,4,302.6025833,-59.6475000
g2010377-865129,1,0.625,0.170,0.237,0.185,0.120,0.082,0.350,0.140,6,302.6569167,-86.8579167
g2011046-541159,1,0.675,0.145,-0.048,0.191,0.210,0.074,0.150,0.131,5,302.7691667,-54.1997222
g2011263-524709,1,1.075,0.026,-0.124,0.047,-0.240,0.040,-0.350,0.033,5,302.8596667,-52.7857778
g2011405-204914,1,0.675,0.091,-0.158,0.121,0.300,0.074,0.125,0.067,1,302.9187500,-20.8204167
g2012036-561321,1,0.625,0.163,0.425,0.172,0.000,0.069,0.425,0.139,5,303.0149583,-56.2225556
g2012043-525113,1,1.150,0.016,-0.458,0.093,0.460,0.076,-0.025,0.033,5,303.0179583,-52.8536389
g2012118-440848,1,0.425,0.083,0.105,0.113,0.340,0.039,0.425,0.095,5,303.0490000,-44.1466667
g2012204-173530,1,0.675,0.081,-0.010,0.098,0.090,0.049,0.075,0.064,2,303.0847917,-17.5916111
g2012271-184614,1,0.525,0.133,-0.360,0.249,0.090,0.171,-0.275,0.127,7,303.1127500,-18.7706111
g2012343-454654,1,0.475,0.108,0.025,0.149,0.000,0.084,0.025,0.087,2,303.1427500,-45.7817222
g2012386-454533,1,1.000,0.073,0.105,0.063,0.180,0.036,0.275,0.050,6,303.1606667,-45.7591667
g2012570-201124,1,0.300,0.094,0.187,0.198,0.120,0.078,0.300,0.181,6,303.2375833,-20.1899444
g2013125-460942,1,0.675,0.050,-0.007,0.067,0.060,0.042,0.050,0.041,5,303.3019583,-46.1616389
g2013328-535740,1,0.725,0.103,-0.277,0.112,0.480,0.064,0.175,0.064,3,303.3864583,-53.9610556
g2013513-640848,1,0.375,0.100,0.305,0.153,0.180,0.058,0.475,0.130,7,303.4638750,-64.1465556
g2014000-131345,1,0.225,0.065,0.228,0.187,-0.030,0.080,0.200,0.141,7,303.5001667,-13.2290278
g2014125-443723,1,0.150,0.024,-0.051,0.065,0.240,0.048,0.175,0.039,7,303.5522083,-44.6231667
g2014136-592933,1,0.850,0.094,0.234,0.066,0.150,0.035,0.375,0.045,5,303.5566667,-59.4924722
g2014343-121615,1,0.750,0.136,0.059,0.163,0.150,0.073,0.200,0.106,6,303.6428750,-12.2707778
g2014345-151407,1,0.925,0.114,-0.276,0.127,0.320,0.079,0.025,0.072,5,303.6437917,-15.2351667
g2014432-070035,1,0.700,0.127,-0.295,0.140,0.180,0.082,-0.125,0.074,4,303.6801250,-7.0096111
g2014460-514035,1,0.775,0.086,-0.095,0.099,0.180,0.057,0.075,0.058,1,303.6916667,-51.6763889
g2014550-194405,1,1.150,0.005,-0.133,0.057,0.300,0.042,0.150,0.031,2,303.7289583,-19.7346389
g2015261-615127,1,1.050,0.035,-0.333,0.052,0.300,0.041,-0.050,0.032,4,303.8588750,-61.8575278
g2015411-615230,1,0.750,0.132,-0.329,0.153,0.270,0.096,-0.075,0.080,4,303.9212083,-61.8750833
g2015530-531622,1,0.675,0.135,0.365,0.113,0.090,0.043,0.450,0.085,7,303.9706250,-53.2728889
g2015556-460902,1,0.350,0.046,-0.126,0.089,0.240,0.057,0.100,0.047,8,303.9816250,-46.1505833
g2015557-441849,1,0.525,0.082,0.090,0.111,0.090,0.058,0.175,0.068,1,303.9821250,-44.3136111
g2016098-491848,1,0.700,0.140,0.018,0.141,0.060,0.074,0.075,0.090,4,304.0406667,-49.3132222
g2016175-524213,1,0.000,0.072,0.240,0.177,0.090,0.073,0.325,0.125,5,304.0727083,-52.7037222
g2016180-441760,1,0.675,0.064,-0.229,0.076,0.270,0.041,0.025,0.048,3,304.0750417,-44.2999167
g2016206-002210,2,1.175,0.048,-0.304,0.076,0.270,0.049,-0.050,0.049,8,304.0860000,-0.3693611
g2016291-525540,1,0.400,0.091,0.301,0.145,-0.240,0.065,0.075,0.102,10,304.1213333,-52.9278889
g2016358-465758,1,1.175,0.000,-0.248,0.038,0.210,0.032,-0.050,0.021,5,304.1492500,-46.9660000
g2016432-454553,1,0.200,0.069,0.030,0.176,0.340,0.050,0.350,0.160,7,304.1798750,-45.7646944
g2017052-433506,1,0.875,0.087,0.190,0.073,0.090,0.039,0.275,0.052,6,304.2714583,-43.5849444
g2017134-650232,1,0.275,0.060,-0.054,0.134,0.270,0.060,0.200,0.094,7,304.3059167,-65.0420833
g2017164-190611,1,1.175,0.040,-0.051,0.088,0.240,0.062,0.175,0.048,4,304.3182083,-19.1030833
g2017222-531710,1,0.600,0.107,-0.016,0.122,0.150,0.062,0.125,0.079,1,304.3424167,-53.2861667
g2017252-633110,1,0.975,0.117,-0.016,0.118,0.150,0.067,0.125,0.079,4,304.3551250,-63.5194722
g2017442-221420,1,0.900,0.095,0.012,0.091,0.120,0.049,0.125,0.068,5,304.4339583,-22.2390000
g2017453-462102,1,0.950,0.109,0.209,0.096,0.150,0.043,0.350,0.067,6,304.4385417,-46.3504167
g2017465-015336,1,0.425,0.099,0.175,0.148,0.000,0.064,0.175,0.106,2,304.4438750,-1.8931944
g2017528-121044,1,0.425,0.173,-0.021,0.254,0.420,0.079,0.375,0.220,5,304.4700417,-12.1788333
g2017584-215657,1,0.700,0.107,-0.170,0.133,0.180,0.078,0.000,0.075,7,304.4931667,-21.9492222
g2018033-453109,1,1.075,0.017,-0.216,0.043,0.150,0.035,-0.075,0.023,4,304.5136250,-45.5192500
g2018109-663426,1,1.175,0.024,-0.376,0.085,0.320,0.072,-0.075,0.038,4,304.5453750,-66.5738333
g2018221-415348,1,0.900,0.090,-0.220,0.088,0.180,0.051,-0.050,0.050,3,304.5922500,-41.8965278
g2018233-410301,1,0.700,0.071,0.167,0.049,0.300,0.026,0.450,0.035,3,304.5970000,-41.0501667
g2018570-411610,1,0.850,0.074,-0.004,0.065,0.270,0.034,0.250,0.042,5,304.7373750,-41.2694167
g2019037-010852,1,0.775,0.135,-0.439,0.158,0.440,0.108,-0.025,0.091,7,304.7655000,-1.1478056
g2019131-194222,1,0.550,0.131,0.230,0.138,0.180,0.060,0.400,0.115,5,304.8047500,-19.7061111
g2019166-104603,1,1.175,0.082,-0.398,0.109,0.210,0.087,-0.200,0.052,7,304.8190833,-10.7675833
g2019247-524446,1,0.900,0.097,-0.126,0.104,0.240,0.062,0.100,0.060,3,304.8527500,-52.7462222
g2019314-653914,1,0.050,0.061,0.130,0.139,0.180,0.058,0.300,0.100,7,304.8806667,-65.6539167
g2019399-494422,1,0.975,0.074,0.065,0.077,0.090,0.048,0.150,0.051,3,304.9162500,-49.7393333
g2019408-523631,1,0.575,0.111,-0.054,0.135,0.270,0.065,0.200,0.090,9,304.9200833,-52.6086944
g2019421-525709,1,1.175,0.051,-0.871,0.137,0.500,0.106,-0.400,0.052,6,304.9255833,-52.9525833
g2019434-294743,1,0.650,0.107,0.209,0.114,0.150,0.048,0.350,0.085,3,304.9309167,-29.7951667
g2019445-532651,1,0.850,0.084,-0.220,0.082,0.340,0.050,0.100,0.047,5,304.9355417,-53.4473611
g2019469-664542,1,0.600,0.084,0.034,0.107,0.150,0.054,0.175,0.068,3,304.9452500,-66.7617500
g2019544-031427,1,0.525,0.135,0.192,0.146,0.300,0.051,0.475,0.123,4,304.9766250,-3.2408056
g2020043-585611,1,0.925,0.085,-0.020,0.081,0.180,0.043,0.150,0.053,5,305.0178750,-58.9364444
g2020111-194415,1,0.975,0.087,-0.138,0.108,0.120,0.071,-0.025,0.056,5,305.0460833,-19.7374167
g2020137-531448,1,1.175,0.084,-0.556,0.153,0.240,0.114,-0.330,0.064,5,305.0572083,-53.2465833
g2020290-513723,1,0.775,0.083,-0.020,0.078,0.180,0.039,0.150,0.050,3,305.1206667,-51.6229722
g2020346-122225,1,1.175,0.008,0.037,0.078,0.120,0.059,0.150,0.038,8,305.1442083,-12.3735833
g2020433-530351,1,1.150,0.062,-0.371,0.089,0.500,0.055,0.100,0.055,6,305.1804167,-53.0641389
g2020510-004526,1,0.975,0.102,-0.010,0.122,0.090,0.078,0.075,0.084,6,305.2124583,-0.7571111
g2020531-524102,1,0.975,0.138,0.180,0.138,0.180,0.067,0.350,0.090,7,305.2212083,-52.6840000
g2020537-494649,1,0.675,0.079,-0.070,0.090,0.180,0.049,0.100,0.064,2,305.2239167,-49.7802222
g2021195-534548,1,0.900,0.091,0.093,0.089,0.060,0.039,0.150,0.062,5,305.3312500,-53.7631944
g2021438-012520,1,0.350,0.105,0.055,0.218,0.180,0.091,0.225,0.158,3,305.4325417,-1.4220833
g2021480-525930,1,0.725,0.114,0.105,0.122,0.180,0.064,0.275,0.074,2,305.4501667,-52.9917778
g2021507-494208,1,0.525,0.121,-0.524,0.160,0.530,0.101,-0.025,0.083,7,305.4612500,-49.7022778
g2022030-475913,1,0.900,0.095,-0.264,0.095,0.360,0.059,0.075,0.059,3,305.5126667,-47.9868611
g2022050-413449,1,0.425,0.079,0.080,0.110,0.180,0.055,0.250,0.070,5,305.5210000,-41.5802222
g2022186-531104,1,0.700,0.157,-0.572,0.168,0.740,0.083,0.125,0.107,9,305.5775417,-53.1843611
g2022325-760424,1,0.775,0.105,-0.227,0.104,0.480,0.057,0.225,0.065,6,305.6352083,-76.0733056
g2022366-595430,1,0.375,0.071,0.168,0.115,0.060,0.054,0.225,0.075,3,305.6523750,-59.9083056
g2022433-525903,1,0.425,0.085,-0.254,0.111,0.800,0.025,0.500,0.105,8,305.6803333,-52.9840556
g2022434-530119,1,1.075,0.048,-0.151,0.074,0.320,0.048,0.150,0.044,5,305.6807083,-53.0218889
g2022466-513616,1,0.900,0.085,-0.051,0.090,0.240,0.053,0.175,0.052,3,305.6941667,-51.6045556
g2023057-022129,1,0.700,0.131,0.043,0.154,0.060,0.085,0.100,0.097,6,305.7737500,-2.3581667
g2023141-444723,1,0.950,0.098,-0.235,0.109,0.090,0.074,-0.150,0.064,7,305.8086667,-44.7897222
g2023204-822046,1,0.900,0.136,0.074,0.117,0.240,0.060,0.300,0.084,2,305.8347917,-82.3461389
g2023211-181921,1,1.100,0.016,-0.396,0.062,0.500,0.050,0.075,0.027,4,305.8379583,-18.3224167
g2023226-520459,1,0.500,0.110,0.037,0.148,0.120,0.055,0.150,0.118,5,305.8440833,-52.0831111
g2023265-464616,1,0.775,0.111,-0.029,0.110,0.270,0.061,0.225,0.067,8,305.8605417,-46.7712222
g2023272-523155,1,0.950,0.095,0.228,0.092,-0.030,0.049,0.200,0.058,4,305.8631250,-52.5318333
g2023286-524453,1,0.950,0.111,-0.164,0.131,0.360,0.076,0.175,0.083,7,305.8690000,-52.7481111
g2023449-191932,1,1.175,0.023,-0.637,0.065,0.650,0.052,-0.025,0.024,10,305.9369167,-19.3254167
g2023527-593914,1,0.375,0.066,0.109,0.104,0.150,0.053,0.250,0.064,4,305.9695833,-59.6537778
g2023573-091653,1,0.550,0.104,0.121,0.124,0.270,0.048,0.375,0.092,6,305.9888750,-9.2813611
g2024116-502239,1,0.400,0.068,-0.548,0.109,0.210,0.072,-0.350,0.074,1,306.0481667,-50.3775556
g2024255-070420,1,1.025,0.041,-0.133,0.066,0.300,0.046,0.150,0.039,2,306.1062917,-7.0720833
g2024356-302754,1,0.625,0.110,0.127,0.155,0.210,0.081,0.325,0.098,2,306.1483750,-30.4650278
g2024407-222923,1,1.025,0.081,-0.496,0.114,0.420,0.084,-0.100,0.053,3,306.1696250,-22.4896944
g2024598-623418,1,0.800,0.131,-0.233,0.152,0.380,0.069,0.125,0.098,4,306.2493333,-62.5717778
g2025074-652004,1,0.975,0.108,-0.101,0.136,0.240,0.073,0.125,0.083,4,306.2808750,-65.3345278
g2025128-205201,1,0.775,0.138,-0.250,0.215,0.000,0.140,-0.250,0.112,7,306.3035000,-20.8670556
g2025238-532111,1,0.775,0.121,-0.133,0.150,0.300,0.092,0.150,0.088,7,306.3493333,-53.3529444
g2025295-155113,1,0.600,0.130,-0.308,0.155,0.380,0.091,0.050,0.093,4,306.3729583,-15.8537222
g2025401-632052,1,0.550,0.096,-0.174,0.128,0.530,0.055,0.325,0.089,3,306.4170000,-63.3476944
g2025416-172633,1,0.875,0.096,-0.301,0.096,0.240,0.061,-0.075,0.055,1,306.4232083,-17.4425556
g2025518-220843,1,0.875,0.094,-0.125,0.100,0.000,0.059,-0.125,0.057,4,306.4658333,-22.1452222
g2025536-080918,1,0.600,0.101,0.027,0.121,0.210,0.067,0.225,0.075,3,306.4732500,-8.1549167
g2026012-220034,1,0.950,0.099,-0.108,0.102,0.300,0.052,0.175,0.074,4,306.5051250,-22.0093889
g2026135-332135,1,0.700,0.112,-0.054,0.122,0.270,0.066,0.200,0.079,2,306.5564167,-33.3598333
g2026176-522417,1,1.075,0.021,-0.370,0.057,0.340,0.041,-0.050,0.032,3,306.5731250,-52.4047500
g2026199-480238,1,0.225,0.032,-0.120,0.124,0.180,0.083,0.050,0.066,2,306.5830000,-48.0438611
g2026399-544759,1,1.075,0.022,-0.204,0.046,0.270,0.038,0.050,0.046,4,306.6662500,-54.7996944
g2026469-740623,1,0.875,0.092,-0.041,0.094,0.150,0.053,0.100,0.059,3,306.6955833,-74.1062778
g2026563-525410,1,0.100,0.073,0.520,0.174,-0.180,0.078,0.350,0.162,7,306.7344167,-52.9027500
g2027037-733834,1,0.850,0.106,-0.029,0.113,0.270,0.068,0.225,0.064,6,306.7652917,-73.6427778
g2027196-514219,1,0.850,0.115,-0.168,0.119,-0.060,0.083,-0.225,0.087,4,306.8316667,-51.7052222
g2027234-670630,1,1.175,0.025,-0.429,0.099,0.270,0.084,-0.175,0.038,6,306.8473750,-67.1083333
g2027283-421601,1,0.800,0.132,0.208,0.099,-0.300,0.036,-0.075,0.084,9,306.8678333,-42.2669444
g2027325-442909,1,0.325,0.069,-0.295,0.144,0.340,0.086,0.025,0.077,5,306.8853750,-44.4859167
g2027375-665414,1,0.825,0.081,-0.133,0.073,0.300,0.040,0.150,0.046,2,306.9062500,-66.9039444
g2027461-030437,1,0.225,0.025,-0.070,0.069,0.180,0.036,0.100,0.040,2,306.9419167,-3.0770556
g2027498-470428,1,0.525,0.089,-0.176,0.118,0.240,0.061,0.050,0.071,3,306.9573333,-47.0743056
g2027526-425721,1,-0.025,0.065,0.613,0.130,-0.120,0.067,0.500,0.113,9,306.9690417,-42.9556944
g2027568-443638,1,0.725,0.189,-0.070,0.156,0.340,0.075,0.250,0.133,7,306.9865000,-44.6106389
g2028050-450843,1,0.250,0.096,-0.471,0.246,0.150,0.141,-0.330,0.139,6,307.0209583,-45.1451389
g2028329-440430,1,0.900,0.101,0.037,0.107,0.120,0.058,0.150,0.065,6,307.1370833,-44.0750556
g2028506-740612,1,0.950,0.080,-0.038,0.090,0.120,0.044,0.075,0.059,6,307.2107917,-74.1031944
g2028520-185106,1,0.250,0.090,0.280,0.187,0.180,0.073,0.450,0.168,5,307.2165833,-18.8516667
g2028524-792153,1,1.000,0.088,-0.089,0.074,0.440,0.054,0.325,0.051,3,307.2182083,-79.3648333
g2028541-211145,1,1.175,0.027,-0.248,0.068,0.210,0.058,-0.050,0.043,3,307.2254167,-21.1958056
g2029247-001026,1,0.675,0.090,0.046,0.090,0.270,0.044,0.300,0.060,1,307.3528750,-0.1740000
g2029256-074409,1,0.475,0.089,-0.038,0.113,0.120,0.056,0.075,0.075,6,307.3565000,-7.7357500
g2029315-211353,1,1.175,0.045,-0.445,0.102,0.340,0.079,-0.125,0.050,4,307.3811667,-21.2312778
g2030143-190658,1,0.325,0.050,-0.196,0.075,0.500,0.043,0.275,0.046,8,307.5595000,-19.1159722
g2030223-524301,1,0.600,0.195,-0.154,0.282,0.270,0.108,0.100,0.192,9,307.5927083,-52.7168611
g2030267-660551,1,0.125,0.077,0.061,0.181,0.360,0.075,0.400,0.164,7,307.6111667,-66.0973611
g2030321-442040,1,0.775,0.090,-0.395,0.117,0.180,0.082,-0.225,0.052,3,307.6337500,-44.3443889
g2030395-021931,1,0.650,0.117,-0.245,0.133,0.180,0.083,-0.075,0.078,3,307.6647083,-2.3251944
g2030464-443035,1,0.725,0.095,-0.625,0.099,0.770,0.068,0.100,0.068,9,307.6932500,-44.5095833
g2031115-534140,1,1.100,0.044,-0.151,0.076,0.240,0.055,0.075,0.038,10,307.7977083,-53.6945556
g2031284-542049,1,0.950,0.113,-0.619,0.130,0.710,0.086,0.050,0.064,6,307.8682083,-54.3468056
g2031322-535155,1,0.300,0.119,0.180,0.203,0.180,0.079,0.350,0.149,9,307.8841250,-53.8651389
g2031335-192207,1,1.075,0.028,-0.333,0.069,0.300,0.049,-0.050,0.036,5,307.8897083,-19.3686667
g2031459-840330,1,0.775,0.150,0.136,0.113,0.360,0.047,0.475,0.080,7,307.9414167,-84.0583611
g2031544-013033,1,0.850,0.131,-0.227,0.138,0.480,0.080,0.225,0.080,5,307.9765417,-1.5091667
g2032006-502308,1,0.575,0.070,0.012,0.103,0.120,0.065,0.125,0.070,5,308.0025833,-50.3856667
g2032031-442501,1,0.175,0.043,0.128,0.105,-0.030,0.064,0.100,0.063,8,308.0128750,-44.4169167
g2032048-195949,1,0.550,0.093,-0.358,0.122,0.300,0.072,-0.075,0.068,3,308.0200000,-19.9969444
g2032123-090322,1,0.450,0.064,0.415,0.082,0.090,0.034,0.500,0.067,2,308.0512500,-9.0560278
g2032274-210958,1,0.950,0.081,-0.014,0.068,0.360,0.032,0.325,0.048,4,308.1143333,-21.1661667
g2033264-593536,1,1.175,0.064,-0.445,0.113,0.340,0.077,-0.125,0.055,7,308.3600833,-59.5933333
g2033295-664522,1,1.150,0.056,-0.020,0.055,0.340,0.040,0.300,0.036,4,308.3729167,-66.7562222
g2033392-435420,1,1.175,0.004,-0.073,0.049,0.210,0.036,0.125,0.023,5,308.4132917,-43.9055278
g2033551-210742,1,0.275,0.092,0.200,0.185,0.000,0.069,0.200,0.147,4,308.4796667,-21.1282222
g2033576-524707,1,0.675,0.084,-0.151,0.107,0.240,0.054,0.075,0.068,5,308.4897917,-52.7851667
g2034035-494230,1,0.225,0.088,0.280,0.214,0.180,0.100,0.450,0.184,10,308.5147500,-49.7083889
g2034036-484201,2,1.150,0.038,-0.279,0.094,0.270,0.068,-0.025,0.060,8,308.5147917,-48.7003611
g2034250-474003,1,0.425,0.058,-0.154,0.086,0.270,0.052,0.100,0.061,5,308.6042917,-47.6675278
g2034289-834011,1,0.825,0.207,-0.258,0.275,0.380,0.100,0.100,0.200,7,308.6204167,-83.6696944
g2034493-460633,1,0.850,0.111,-0.283,0.134,0.300,0.078,0.000,0.075,6,308.7055833,-46.1091667
g2034584-420335,1,0.975,0.066,-0.238,0.081,0.120,0.060,-0.125,0.039,5,308.7434167,-42.0598333
g2034592-673635,1,0.825,0.085,-0.270,0.098,0.180,0.065,-0.100,0.051,4,308.7464583,-67.6095833
g2035130-575905,1,0.250,0.042,0.068,0.113,0.060,0.068,0.125,0.062,3,308.8039583,-57.9848056
g2035271-750737,1,1.050,0.048,-0.314,0.098,0.360,0.074,0.025,0.049,6,308.8630833,-75.1268889
g2035310-024553,1,0.275,0.059,0.168,0.113,0.060,0.055,0.225,0.079,2,308.8792500,-2.7648056
g2035317-432618,1,0.625,0.076,-0.110,0.098,0.090,0.056,-0.025,0.057,4,308.8818750,-43.4384444
g2035545-522545,1,0.450,0.085,0.009,0.115,0.150,0.062,0.150,0.067,7,308.9768750,-52.4291944
g2035573-541758,1,0.875,0.082,-0.085,0.079,0.090,0.041,0.000,0.051,2,308.9885417,-54.2994722
g2035574-005125,1,1.000,0.060,-0.204,0.083,0.270,0.059,0.050,0.045,3,308.9890833,-0.8568611
g2035579-493615,1,0.725,0.096,0.177,0.081,0.210,0.036,0.375,0.058,4,308.9912083,-49.6042222
g2036018-493446,1,0.900,0.090,-0.045,0.106,0.180,0.061,0.125,0.063,7,309.0076667,-49.5794444
g2036025-420509,1,1.050,0.066,-0.288,0.086,0.120,0.067,-0.175,0.045,6,309.0104583,-42.0858611
g2036081-525529,1,0.775,0.109,-0.170,0.108,0.340,0.057,0.150,0.071,5,309.0338333,-52.9247500
g2036250-491533,1,0.900,0.072,0.002,0.059,0.210,0.032,0.200,0.040,4,309.1043333,-49.2590556
g2036272-521704,1,0.475,0.081,0.287,0.098,0.120,0.042,0.400,0.072,5,309.1134167,-52.2845000
g2036447-543737,1,0.425,0.099,0.350,0.141,0.000,0.068,0.350,0.095,5,309.1860417,-54.6268611
g2036575-514709,1,0.350,0.092,-0.198,0.174,0.210,0.099,0.000,0.102,9,309.2394167,-51.7859167
g2037066-202335,1,1.175,0.018,-0.553,0.095,0.560,0.073,-0.025,0.045,7,309.2774167,-20.3929444
g2037123-543906,1,0.850,0.111,0.177,0.078,0.210,0.042,0.375,0.053,3,309.3010417,-54.6517778
g2037222-740838,1,0.250,0.082,0.368,0.181,0.060,0.068,0.425,0.144,5,309.3424583,-74.1440000
g2037275-443835,1,0.925,0.101,-0.070,0.095,0.340,0.050,0.250,0.058,6,309.3645833,-44.6431111
g2037391-030333,1,0.650,0.121,0.032,0.134,-0.060,0.077,-0.025,0.083,2,309.4129167,-3.0591389
g2037421-014420,1,0.775,0.162,0.227,0.149,0.210,0.064,0.425,0.108,6,309.4254167,-1.7388611
g2037447-155231,1,0.850,0.173,0.443,0.126,0.060,0.057,0.500,0.104,10,309.4363750,-15.8752500
g2037521-015629,1,0.525,0.127,-0.471,0.203,0.500,0.124,0.000,0.099,9,309.4669167,-1.9414722
g2037564-183901,1,0.525,0.104,0.038,0.137,-0.120,0.080,-0.075,0.085,4,309.4848750,-18.6503611
g2038059-701134,1,0.275,0.136,-0.014,0.250,0.440,0.099,0.400,0.180,7,309.5243750,-70.1927778
g2038081-551037,1,0.675,0.131,-0.314,0.162,0.440,0.088,0.100,0.091,6,309.5337500,-55.1768333
g2038202-520638,1,0.800,0.070,-0.070,0.066,0.180,0.042,0.100,0.039,3,309.5842500,-52.1104722
g2038279-440305,1,1.050,0.016,-0.364,0.046,0.360,0.037,-0.025,0.024,9,309.6163750,-44.0515000
g2038359-152754,1,0.575,0.089,-0.245,0.118,0.340,0.079,0.075,0.082,8,309.6494583,-15.4649722
g2038392-202903,1,0.800,0.094,-0.383,0.117,0.460,0.073,0.050,0.058,7,309.6632083,-20.4841389
g2038552-571306,1,0.375,0.089,0.030,0.151,0.180,0.072,0.200,0.103,4,309.7301250,-57.2183889
g2038571-224412,1,1.025,0.044,-0.130,0.082,-0.180,0.067,-0.300,0.038,4,309.7379583,-22.7366389
g2039142-434217,1,0.750,0.090,0.059,0.096,0.150,0.046,0.200,0.063,7,309.8090833,-43.7046667
g2039329-530604,1,0.675,0.129,0.249,0.092,0.240,0.036,0.475,0.072,3,309.8869583,-53.1010833
g2039357-420134,1,0.275,0.043,-0.277,0.117,0.400,0.083,0.100,0.052,8,309.8987083,-42.0261389
g2039361-530101,1,0.550,0.112,-0.013,0.149,0.120,0.076,0.100,0.092,2,309.9003333,-53.0168333
g2039541-213614,1,1.150,0.025,-0.426,0.069,0.240,0.060,-0.200,0.030,2,309.9755417,-21.6038056
g2040067-425534,1,0.950,0.080,-0.509,0.082,0.620,0.056,0.075,0.045,9,310.0277500,-42.9261944
g2040093-204805,1,1.175,0.025,-0.333,0.073,0.300,0.058,-0.050,0.040,3,310.0389167,-20.8014444
g2040172-224654,1,1.075,0.044,-0.032,0.075,0.060,0.050,0.025,0.047,4,310.0714583,-22.7817222
g2040185-533157,1,0.600,0.133,-0.033,0.156,0.300,0.081,0.250,0.094,8,310.0770417,-53.5323611
g2040197-530031,1,0.500,0.089,0.062,0.119,0.120,0.051,0.175,0.084,3,310.0820833,-53.0084722
g2040284-531726,1,0.850,0.123,0.390,0.096,0.090,0.048,0.475,0.069,6,310.1181667,-53.2906667
g2040379-541811,1,1.125,0.019,-0.420,0.053,0.340,0.047,-0.100,0.022,5,310.1577083,-54.3030556
g2040446-205011,1,0.325,0.054,-0.041,0.108,0.150,0.060,0.100,0.064,1,310.1858333,-20.8364167
g2040598-473600,1,0.600,0.084,0.134,0.092,0.150,0.040,0.275,0.071,4,310.2491250,-47.6000000
g2041049-221211,1,0.225,0.076,0.265,0.153,0.090,0.063,0.350,0.130,4,310.2705000,-22.2029167
g2041196-490940,2,0.675,0.121,-0.669,0.151,0.710,0.086,0.000,0.080,7,310.3314583,-49.1612222
g2041226-510249,2,0.500,0.111,0.733,0.167,-0.300,0.050,0.450,0.153,10,310.3442917,-51.0468056
g2041317-202627,1,1.150,0.031,-0.413,0.098,0.120,0.089,-0.300,0.031,4,310.3820417,-20.4406944
g2041331-205529,1,0.175,0.056,0.222,0.127,0.030,0.064,0.250,0.085,9,310.3878750,-20.9246111
g2041402-425542,1,0.975,0.049,0.017,0.058,0.300,0.033,0.300,0.035,6,310.4176250,-42.9283056
g2041517-203209,1,0.400,0.064,0.227,0.088,0.210,0.041,0.425,0.077,2,310.4653333,-20.5357778
g2041528-502600,2,1.075,0.039,-0.258,0.069,0.460,0.048,0.175,0.039,6,310.4701250,-50.4334444
g2042056-525445,1,0.725,0.101,-0.196,0.118,0.420,0.079,0.200,0.067,8,310.5233750,-52.9124722
g2042086-733710,1,1.050,0.021,-0.213,0.056,0.120,0.048,-0.100,0.022,6,310.5357500,-73.6193611
g2042268-201052,1,0.900,0.132,-0.273,0.136,0.210,0.083,-0.075,0.075,3,310.6118333,-20.1811944
g2042313-780946,1,0.800,0.113,0.018,0.115,0.060,0.056,0.075,0.080,5,310.6305417,-78.1626944
g2042355-434523,1,0.900,0.118,-0.104,0.121,0.270,0.055,0.150,0.083,6,310.6480417,-43.7564444
g2042402-511236,1,0.975,0.084,-0.287,0.139,-0.120,0.095,-0.400,0.080,8,310.6673750,-51.2099167
g2042512-525352,1,0.100,0.040,0.500,0.125,0.000,0.045,0.500,0.113,6,310.7132500,-52.8976944
g2043291-532124,1,0.450,0.090,-0.238,0.135,0.120,0.074,-0.125,0.077,6,310.8714167,-53.3567222
g2043405-511335,2,0.725,0.151,0.340,0.122,0.090,0.045,0.425,0.103,6,310.9187083,-51.2263056
g2043417-525946,1,0.375,0.089,0.280,0.130,0.180,0.050,0.450,0.112,4,310.9237500,-52.9960556
g2043417-570149,1,0.675,0.139,0.100,0.158,0.000,0.074,0.100,0.105,7,310.9236250,-57.0303056
g2043435-262509,1,1.125,0.031,-0.204,0.075,0.270,0.051,0.050,0.043,3,310.9314167,-26.4191389
g2043451-481341,1,0.300,0.059,0.084,0.112,0.150,0.062,0.225,0.064,4,310.9380000,-48.2280000
g2043528-015238,1,1.075,0.051,-0.235,0.074,0.090,0.058,-0.150,0.041,1,310.9698333,-1.8773056
g2044154-474328,1,1.075,0.027,-0.041,0.053,0.150,0.041,0.100,0.030,6,311.0642917,-47.7244444
g2044225-263118,1,1.100,0.056,0.038,0.108,-0.120,0.089,-0.075,0.056,5,311.0939167,-26.5217778
g2044273-304336,1,0.225,0.066,-0.154,0.186,0.270,0.106,0.100,0.109,2,311.1136250,-30.7267778
g2044291-533333,1,0.525,0.111,0.098,0.133,0.400,0.055,0.475,0.109,5,311.1212500,-53.5591667
g2044309-731628,1,1.175,0.087,-0.265,0.128,-0.090,0.105,-0.350,0.084,10,311.1285417,-73.2743056
g2044344-574236,1,0.650,0.120,-0.007,0.128,0.060,0.055,0.050,0.086,2,311.1434583,-57.7100278
g2044395-203206,1,-0.100,0.062,-0.014,0.191,0.360,0.089,0.325,0.121,9,311.1643750,-20.5349167
g2044446-441216,1,0.400,0.070,0.207,0.102,-0.060,0.049,0.150,0.069,7,311.1857917,-44.2043056
g2044514-541434,1,0.900,0.098,-0.388,0.158,0.120,0.116,-0.275,0.065,6,311.2141250,-54.2426667
g2045030-110615,1,1.025,0.052,-0.571,0.074,0.420,0.058,-0.175,0.035,4,311.2623750,-11.1041389
g2045182-712350,1,0.600,0.082,0.143,0.096,0.060,0.048,0.200,0.067,2,311.3257083,-71.3972222
g2045204-453656,1,0.925,0.063,-0.033,0.061,0.300,0.047,0.250,0.036,4,311.3347917,-45.6156667
g2045266-531830,1,0.675,0.095,0.002,0.096,0.210,0.044,0.200,0.067,3,311.3606250,-53.3082222
g2045334-655540,1,0.700,0.137,0.074,0.157,0.240,0.059,0.300,0.124,4,311.3890417,-65.9278056
g2045523-510627,1,0.825,0.108,0.030,0.087,0.340,0.055,0.350,0.058,5,311.4677083,-51.1074722
g2046037-513658,2,0.750,0.068,-0.066,0.084,0.150,0.049,0.075,0.053,1,311.5152083,-51.6160556
g2046112-523911,1,1.100,0.048,-0.379,0.075,0.270,0.061,-0.125,0.036,5,311.5467500,-52.6529444
g2046166-520951,1,1.175,0.026,-0.708,0.081,0.380,0.066,-0.350,0.044,6,311.5689583,-52.1640833
g2046218-523723,2,0.600,0.107,0.071,0.113,0.270,0.043,0.325,0.081,6,311.5909583,-52.6230278
g2046358-500711,2,1.175,0.052,0.180,0.071,0.180,0.049,0.350,0.037,6,311.6492083,-50.1197778
g2046372-233750,1,0.525,0.069,-0.073,0.087,0.210,0.047,0.125,0.056,3,311.6551250,-23.6304722
g2046436-441658,1,0.600,0.094,-0.099,0.102,0.530,0.046,0.400,0.075,5,311.6816250,-44.2828333
g2046436-822920,1,0.575,0.096,-0.043,0.119,-0.060,0.073,-0.100,0.067,2,311.6816667,-82.4888611
g2046470-531101,1,1.150,0.021,0.130,0.069,0.180,0.057,0.300,0.025,9,311.6956250,-53.1836389
g2046471-775907,1,0.475,0.154,-0.049,0.191,0.530,0.087,0.450,0.173,7,311.6961250,-77.9851944
g2047151-533122,1,0.775,0.124,-0.113,0.132,0.120,0.079,0.000,0.073,3,311.8127500,-53.5228611
g2047156-762637,1,0.575,0.070,0.049,0.070,0.320,0.046,0.350,0.069,6,311.8150417,-76.4437222
g2047168-670300,1,1.075,0.027,-0.377,0.069,0.400,0.062,0.000,0.029,4,311.8199583,-67.0501111
g2047175-512157,1,0.675,0.092,0.102,0.102,0.210,0.047,0.300,0.067,8,311.8228333,-51.3659444
g2047242-424649,1,0.525,0.109,0.393,0.130,0.060,0.056,0.450,0.087,4,311.8509167,-42.7801667
g2047486-521243,1,0.425,0.075,-0.120,0.134,0.180,0.072,0.050,0.077,8,311.9526250,-52.2120278
g2048078-571315,2,0.400,0.097,0.343,0.154,0.060,0.062,0.400,0.129,6,312.0322917,-57.2209167
g2048095-231460,1,0.975,0.091,-0.226,0.118,0.320,0.076,0.075,0.068,4,312.0395417,-23.2498611
g2048121-685822,1,0.250,0.107,0.538,0.172,-0.120,0.077,0.425,0.143,5,312.0503750,-68.9726944
g2048147-531550,1,0.900,0.102,0.117,0.126,0.300,0.081,0.400,0.062,8,312.0612917,-53.2638889
g2048186-223129,1,0.475,0.084,0.168,0.109,0.060,0.057,0.225,0.074,1,312.0772917,-22.5248056
g2048197-354037,1,0.800,0.114,-0.045,0.121,0.180,0.061,0.125,0.077,4,312.0821667,-35.6768611
g2048239-531905,1,1.175,0.060,-0.320,0.086,0.180,0.063,-0.150,0.051,3,312.0995000,-53.3180278
g2048241-442930,1,1.175,0.024,-0.158,0.066,0.380,0.045,0.200,0.038,9,312.1005000,-44.4917500
g2048345-472925,1,0.675,0.064,-0.026,0.079,0.240,0.046,0.200,0.047,5,312.1435833,-47.4901389
g2048546-004917,1,0.550,0.100,0.215,0.115,0.090,0.048,0.300,0.089,2,312.2275417,-0.8213611
g2049158-534517,1,1.175,0.013,-0.473,0.067,0.210,0.061,-0.275,0.028,2,312.3160000,-53.7545833
g2049217-512643,1,0.675,0.099,0.132,0.128,-0.060,0.062,0.075,0.087,9,312.3404583,-51.4451389
g2049226-520005,1,0.625,0.175,0.285,0.232,-0.090,0.085,0.200,0.169,7,312.3441667,-52.0015000
g2050033-524742,1,0.725,0.119,-1.104,0.161,0.800,0.085,-0.350,0.126,9,312.5137083,-52.7951111
g2050079-113025,1,0.850,0.129,-0.055,0.132,-0.180,0.093,-0.225,0.080,10,312.5329583,-11.5068056
g2050150-192533,1,1.000,0.073,-0.326,0.097,0.320,0.068,-0.025,0.056,5,312.5624167,-19.4259167
g2050302-525402,1,0.675,0.128,0.177,0.111,0.210,0.050,0.375,0.082,3,312.6256250,-52.9005000
g2050313-533455,1,0.925,0.085,-0.427,0.096,0.480,0.061,0.025,0.051,4,312.6305417,-53.5820556
g2050430-802849,1,1.175,0.007,-0.035,0.065,0.090,0.054,0.050,0.036,5,312.6792083,-80.4801667
g2051017-623805,1,0.100,0.046,0.283,0.148,-0.300,0.066,0.000,0.109,7,312.7570000,-62.6348333
g2051419-121223,1,0.800,0.095,-0.048,0.081,0.210,0.047,0.150,0.054,6,312.9245417,-12.2063889
g2051458-295050,1,-0.050,0.052,0.175,0.106,0.000,0.049,0.175,0.091,3,312.9408333,-29.8472778
g2051514-532429,1,0.950,0.113,-0.132,0.125,0.060,0.074,-0.075,0.076,3,312.9640417,-53.4081389
g2052016-132857,1,0.900,0.129,-0.178,0.144,0.030,0.075,-0.150,0.084,7,313.0068333,-13.4824722
g2052022-380560,1,0.525,0.075,-0.208,0.085,0.300,0.051,0.075,0.055,3,313.0092083,-38.0999167
g2052096-524746,3,1.175,0.044,0.105,0.055,0.180,0.037,0.275,0.034,9,313.0398750,-52.7959722
g2052149-430516,1,0.925,0.068,-0.129,0.062,0.270,0.038,0.125,0.036,8,313.0620000,-43.0877500
g2052295-555528,1,0.350,0.106,0.143,0.177,0.060,0.086,0.200,0.116,4,313.1229583,-55.9243611
g2052366-431048,1,1.000,0.047,-0.183,0.072,0.300,0.058,0.100,0.036,10,313.1525833,-43.1800556
g2052444-685155,1,0.350,0.069,0.072,0.125,0.030,0.064,0.100,0.077,5,313.1848333,-68.8653889
g2053338-524354,1,0.725,0.167,0.253,0.185,-0.030,0.081,0.225,0.133,7,313.3908333,-52.7315556
g2053353-143034,1,0.650,0.101,0.284,0.095,0.150,0.043,0.425,0.074,5,313.3969167,-14.5094722
g2053362-710828,1,0.825,0.111,-0.454,0.133,0.270,0.088,-0.200,0.070,3,313.4008750,-71.1412222
g2053456-521417,1,0.950,0.088,-0.527,0.104,0.480,0.069,-0.075,0.052,9,313.4400000,-52.2379444
g2054018-424240,1,0.950,0.102,0.099,0.083,0.320,0.048,0.400,0.050,5,313.5075417,-42.7110000
g2054042-564960,1,0.300,0.076,-0.083,0.148,0.300,0.086,0.200,0.080,3,313.5173750,-56.8331944
g2054094-531332,1,0.525,0.119,0.074,0.152,0.240,0.068,0.300,0.114,2,313.5390000,-53.2254722
g2054116-732447,1,0.775,0.114,0.273,0.120,-0.210,0.056,0.075,0.085,7,313.5485000,-73.4131111
g2054211-440346,1,0.625,0.093,0.205,0.084,0.180,0.033,0.375,0.064,3,313.5878750,-44.0626667
g2054215-425623,1,0.525,0.120,-0.058,0.172,0.380,0.077,0.300,0.116,6,313.5894583,-42.9398333
g2054320-552103,1,0.775,0.121,-0.229,0.127,0.270,0.077,0.025,0.074,4,313.6334583,-55.3507500
g2054379-725060,1,0.250,0.092,0.259,0.181,0.150,0.075,0.400,0.139,7,313.6578750,-72.8499167
g2054397-433043,1,0.725,0.070,-0.079,0.095,0.270,0.052,0.175,0.056,6,313.6655000,-43.5119167
g2054400-430435,1,0.675,0.083,0.278,0.102,-0.030,0.055,0.250,0.071,8,313.6665833,-43.0764444
g2054455-121546,1,0.850,0.149,-0.018,0.167,-0.060,0.081,-0.075,0.105,9,313.6895000,-12.2627778
g2055124-543125,1,0.775,0.104,-0.048,0.118,0.210,0.057,0.150,0.075,5,313.8015000,-54.5236389
g2055211-544528,1,0.625,0.117,-0.029,0.165,0.270,0.089,0.225,0.096,9,313.8377083,-54.7578056
g2055306-432745,1,0.475,0.084,0.060,0.112,-0.090,0.055,-0.025,0.076,2,313.8775000,-43.4625000
g2055485-433525,1,1.175,0.014,-0.223,0.054,0.210,0.037,-0.025,0.029,7,313.9518750,-43.5903333
g2055497-540810,1,1.000,0.042,-0.376,0.076,0.240,0.060,-0.150,0.036,3,313.9570833,-54.1361111
g2055534-434848,1,0.800,0.121,0.059,0.144,0.150,0.073,0.200,0.085,6,313.9725000,-43.8134444
g2055595-431954,1,0.775,0.113,0.290,0.086,0.090,0.042,0.375,0.060,6,313.9980000,-43.3316389
g2056044-460504,1,0.600,0.109,-0.495,0.164,0.340,0.096,-0.175,0.081,8,314.0184583,-46.0843056
g2056073-081349,1,0.300,0.076,0.127,0.172,0.210,0.076,0.325,0.139,5,314.0303333,-8.2301667
g2056114-170233,1,0.500,0.159,0.309,0.172,0.150,0.062,0.450,0.146,10,314.0473750,-17.0425833
g2056230-141816,1,0.350,0.056,0.118,0.088,0.060,0.054,0.175,0.050,2,314.0958750,-14.3043056
g2056316-520832,1,0.875,0.095,0.121,0.069,0.270,0.036,0.375,0.045,5,314.1318333,-52.1421389
g2056363-032053,1,0.925,0.071,-0.154,0.079,0.270,0.045,0.100,0.049,2,314.1512083,-3.3479444
g2056366-513341,1,0.525,0.088,0.174,0.104,0.240,0.044,0.400,0.074,9,314.1524167,-51.5612500
g2057081-615253,1,0.550,0.089,0.015,0.114,0.090,0.060,0.100,0.070,5,314.2835833,-61.8813611
g2057103-075425,1,1.050,0.039,-0.113,0.072,0.120,0.057,0.000,0.043,9,314.2929583,-7.9069722
g2057288-350601,1,0.900,0.100,0.057,0.114,-0.060,0.078,0.000,0.064,4,314.3700417,-35.1001667
g2057289-525836,1,0.650,0.115,0.002,0.110,0.210,0.057,0.200,0.076,3,314.3705833,-52.9767500
g2057401-511146,1,0.975,0.045,-0.151,0.067,0.240,0.050,0.075,0.031,7,314.4171667,-51.1961667
g2057419-333154,1,0.325,0.105,-0.048,0.249,0.210,0.091,0.150,0.186,8,314.4243750,-33.5315833
g2057424-612619,1,0.825,0.080,0.122,0.066,0.030,0.042,0.150,0.044,1,314.4265417,-61.4386389
g2057539-544833,1,1.175,0.029,-0.351,0.083,0.240,0.062,-0.125,0.037,3,314.4744167,-54.8091389
g2057552-503832,1,1.175,0.008,-0.413,0.063,0.120,0.058,-0.300,0.022,10,314.4800417,-50.6421944
g2057555-175634,1,0.750,0.094,0.027,0.098,0.210,0.059,0.225,0.057,2,314.4813333,-17.9428333
g2057576-725701,1,0.900,0.119,0.112,0.116,0.120,0.060,0.225,0.088,8,314.4899167,-72.9503056
g2058006-532847,1,0.550,0.092,-0.328,0.112,0.560,0.063,0.200,0.067,5,314.5024167,-53.4798056
g2058062-274806,1,0.950,0.098,-0.248,0.110,0.210,0.065,-0.050,0.065,2,314.5259583,-27.8016667
g2058096-434950,1,1.075,0.027,-0.446,0.067,0.420,0.055,-0.050,0.028,8,314.5398750,-43.8305278
g2058104-483749,1,0.900,0.080,-0.152,0.070,0.400,0.035,0.225,0.045,7,314.5431667,-48.6303056
g2058181-490045,1,0.825,0.073,0.132,0.061,-0.060,0.038,0.075,0.045,8,314.5755000,-49.0124722
g2058218-792260,1,0.275,0.137,0.192,0.255,0.300,0.092,0.475,0.220,7,314.5910000,-79.3832500
g2058250-312818,1,0.575,0.071,-0.048,0.092,0.210,0.051,0.150,0.057,5,314.6041250,-31.4716667
g2058253-152743,1,0.525,0.060,-0.126,0.092,0.240,0.062,0.100,0.050,4,314.6052917,-15.4620556
g2058298-584254,1,0.225,0.067,0.112,0.205,0.120,0.086,0.225,0.163,8,314.6240000,-58.7149167
g2058350-604704,1,0.475,0.079,-0.033,0.102,0.300,0.056,0.250,0.064,1,314.6458333,-60.7843889
g2058376-575636,2,0.400,0.101,0.280,0.153,0.180,0.064,0.450,0.130,5,314.6565833,-57.9433333
g2058381-431637,1,0.225,0.087,0.375,0.193,0.000,0.066,0.375,0.153,9,314.6588333,-43.2770278
g2058486-452006,1,0.550,0.116,0.099,0.149,0.240,0.062,0.325,0.103,10,314.7025000,-45.3348889
g2058499-140222,1,0.525,0.082,-0.172,0.118,-0.030,0.071,-0.200,0.076,6,314.7077917,-14.0395556
g2058517-530118,1,0.700,0.173,-0.189,0.172,0.360,0.081,0.150,0.111,7,314.7153333,-53.0216111
g2058591-182027,1,1.175,0.012,-0.316,0.064,0.150,0.069,-0.175,0.027,3,314.7460833,-18.3406944
g2059093-542857,1,0.275,0.098,0.096,0.211,0.270,0.074,0.350,0.167,7,314.7885833,-54.4826111
g2059151-520711,1,0.800,0.077,0.065,0.074,0.090,0.037,0.150,0.049,6,314.8127083,-52.1198333
g2059152-510135,1,1.100,0.021,-0.226,0.051,0.240,0.038,0.000,0.032,6,314.8131667,-51.0262778
g2059245-542257,1,0.250,0.074,0.152,0.182,0.210,0.085,0.350,0.130,5,314.8520417,-54.3823611
g2059359-515918,1,0.800,0.101,-0.123,0.116,0.210,0.059,0.075,0.074,8,314.8993750,-51.9882222
g2059434-693846,1,0.525,0.107,0.030,0.146,0.340,0.064,0.350,0.126,9,314.9309583,-69.6461111
g2059461-535222,1,0.275,0.077,0.049,0.173,0.240,0.078,0.275,0.125,4,314.9420833,-53.8726667
g2059584-490213,1,0.950,0.059,-0.179,0.066,0.270,0.040,0.075,0.042,4,314.9933750,-49.0370278
g2100008-775745,1,0.400,0.128,0.302,0.163,0.210,0.083,0.500,0.135,5,315.0033333,-77.9623889
g2100167-135835,1,1.100,0.051,-0.429,0.070,0.270,0.055,-0.175,0.041,5,315.0695417,-13.9764444
g2100183-495517,1,0.375,0.066,0.150,0.120,0.000,0.062,0.150,0.072,8,315.0762500,-49.9214444
g2100262-032208,1,0.800,0.141,0.178,0.172,-0.030,0.087,0.150,0.108,7,315.1090000,-3.3689722
g2100360-380907,1,0.250,0.051,0.097,0.139,0.030,0.090,0.125,0.067,3,315.1500000,-38.1518056
g2100494-324344,1,0.900,0.081,-0.095,0.092,0.180,0.056,0.075,0.055,6,315.2058333,-32.7288333
g2100532-481423,1,0.975,0.050,-0.451,0.071,0.240,0.052,-0.225,0.034,5,315.2218333,-48.2396944
g2100548-521327,1,0.800,0.132,0.255,0.091,0.180,0.054,0.425,0.059,5,315.2282917,-52.2241389
g2101007-152413,1,1.175,0.000,-0.145,0.049,0.180,0.046,0.025,0.047,8,315.2527917,-15.4036389
g2101054-410812,1,0.700,0.159,0.080,0.184,0.180,0.101,0.250,0.109,7,315.2722917,-41.1366389
g2101078-001143,1,0.500,0.097,0.209,0.115,0.150,0.050,0.350,0.086,5,315.2822917,-0.1951667
g2101124-180132,1,0.450,0.110,0.143,0.140,0.060,0.067,0.200,0.094,4,315.3015833,-18.0256667
g2101186-523857,1,1.000,0.115,0.285,0.124,-0.090,0.069,0.200,0.082,5,315.3272917,-52.6491389
g2101224-543045,1,1.025,0.068,-0.151,0.092,0.320,0.057,0.150,0.059,5,315.3432083,-54.5124722
g2101317-460215,1,0.575,0.068,0.096,0.074,0.270,0.039,0.350,0.051,8,315.3821667,-46.0375278
g2101370-135739,1,0.975,0.113,0.066,0.103,-0.150,0.067,-0.075,0.075,10,315.4042500,-13.9606944
g2101381-425259,1,0.725,0.058,0.175,0.061,0.000,0.030,0.175,0.043,7,315.4089167,-42.8830278
g2101420-382952,1,0.625,0.076,0.130,0.071,0.180,0.038,0.300,0.054,2,315.4247917,-38.4978056
g2101440-132127,1,1.075,0.031,-0.222,0.088,-0.030,0.083,-0.250,0.029,10,315.4333750,-13.3574444
g2101444-490901,1,0.125,0.031,0.548,0.090,-0.210,0.048,0.350,0.072,5,315.4350833,-49.1501944
g2101498-493324,1,0.975,0.062,-0.098,0.060,0.210,0.034,0.100,0.043,4,315.4573750,-49.5566389
g2101523-135109,1,0.450,0.100,0.325,0.133,0.000,0.045,0.325,0.103,6,315.4677917,-13.8526111
g2101534-482533,1,0.875,0.107,-0.241,0.096,0.150,0.053,-0.100,0.060,5,315.4726250,-48.4257222
g2101562-433817,1,1.000,0.042,-0.551,0.073,0.320,0.056,-0.250,0.034,5,315.4843333,-43.6381111
g2101594-281536,1,0.900,0.097,-0.054,0.090,0.270,0.055,0.200,0.057,2,315.4975417,-28.2600278
g2102036-061749,1,0.925,0.092,-0.029,0.101,0.270,0.053,0.225,0.056,1,315.5149167,-6.2968889
g2102111-510008,1,0.800,0.097,-0.088,0.111,0.120,0.061,0.025,0.064,9,315.5462917,-51.0022500
g2102147-380014,1,0.400,0.088,0.184,0.107,0.150,0.047,0.325,0.083,4,315.5611250,-38.0038333
g2102165-145023,1,0.875,0.110,0.193,0.087,0.060,0.049,0.250,0.069,6,315.5687500,-14.8397500
g2102168-173108,1,0.500,0.088,0.140,0.104,0.090,0.060,0.225,0.067,5,315.5700000,-17.5189444
g2102247-180104,1,0.525,0.077,0.043,0.102,0.060,0.061,0.100,0.063,3,315.6029583,-18.0176667
g2102251-432927,1,0.500,0.087,-0.207,0.132,0.060,0.091,-0.150,0.067,1,315.6046250,-43.4909444
g2102295-131141,1,1.175,0.045,-0.654,0.097,0.270,0.076,-0.400,0.041,5,315.6228333,-13.1946111
g2102299-142556,1,0.525,0.117,0.017,0.126,0.300,0.062,0.300,0.103,9,315.6247500,-14.4320833
g2102420-171633,1,0.325,0.089,0.358,0.131,-0.300,0.059,0.075,0.106,9,315.6751667,-17.2757500
g2102434-482128,2,0.550,0.070,0.099,0.080,0.240,0.034,0.325,0.068,4,315.6807917,-48.3578056
g2103003-305843,1,0.700,0.141,0.099,0.092,0.320,0.040,0.400,0.071,5,315.7510833,-30.9786389
g2103032-375627,1,0.925,0.083,-0.076,0.086,0.320,0.048,0.225,0.052,4,315.7633333,-37.9408611
g2103042-470845,2,1.175,0.007,-0.470,0.047,0.180,0.038,-0.300,0.021,6,315.7676667,-47.1458056
g2103052-164805,1,0.825,0.080,0.009,0.075,0.150,0.044,0.150,0.048,2,315.7717500,-16.8012500
g2103057-143126,1,1.000,0.059,0.125,0.081,0.000,0.052,0.125,0.045,4,315.7736667,-14.5237500
g2103074-140911,1,0.850,0.156,-0.048,0.182,0.210,0.074,0.150,0.140,9,315.7808333,-14.1531667
g2103080-135140,1,1.125,0.018,0.090,0.060,0.090,0.044,0.175,0.034,10,315.7833750,-13.8609722
g2103091-143129,1,0.950,0.080,0.192,0.061,0.300,0.036,0.475,0.043,5,315.7880833,-14.5245833
g2103200-513251,1,0.625,0.103,-0.048,0.122,0.210,0.061,0.150,0.079,3,315.8331667,-51.5474444
g2103242-492957,1,0.825,0.083,-0.053,0.079,0.030,0.049,-0.025,0.045,6,315.8510000,-49.4991111
g2103253-374238,1,0.225,0.064,0.155,0.169,0.180,0.069,0.325,0.127,6,315.8552917,-37.7105833
g2103269-481218,1,0.700,0.072,-0.039,0.067,0.440,0.033,0.375,0.042,7,315.8621250,-48.2049444
g2103281-351218,1,0.525,0.094,0.087,0.105,0.120,0.059,0.200,0.068,5,315.8668750,-35.2050000
g2103285-300005,1,0.850,0.119,-0.007,0.115,0.060,0.076,0.050,0.078,3,315.8685833,-30.0013611
g2103296-671053,1,0.550,0.055,0.090,0.062,0.090,0.032,0.175,0.042,1,315.8734167,-67.1813333
g2103363-514133,1,0.350,0.059,0.100,0.117,0.000,0.063,0.100,0.069,10,315.9014167,-51.6924722
g2103417-513029,1,0.900,0.088,-0.308,0.106,0.300,0.068,-0.025,0.053,7,315.9237500,-51.5080556
g2103418-350359,1,0.300,0.050,-0.016,0.110,0.150,0.068,0.125,0.061,4,315.9242083,-35.0662778
g2103424-464501,1,0.525,0.116,0.334,0.143,0.150,0.059,0.475,0.112,4,315.9266667,-46.7503889
g2103556-323935,1,1.050,0.051,-0.662,0.101,0.650,0.073,-0.050,0.044,10,315.9815833,-32.6597778
g2103585-514937,1,0.350,0.146,0.520,0.209,-0.180,0.077,0.350,0.161,9,315.9937500,-51.8270278
g2104022-490651,1,0.275,0.044,0.059,0.101,0.150,0.053,0.200,0.060,3,316.0090833,-49.1142500
g2104070-273048,1,1.075,0.063,-0.183,0.105,0.300,0.071,0.100,0.053,2,316.0292083,-27.5132222
g2104095-462940,1,1.075,0.046,-0.138,0.074,0.120,0.048,-0.025,0.043,8,316.0395000,-46.4943611
g2104133-600250,1,0.975,0.144,-0.716,0.176,0.680,0.121,-0.075,0.087,5,316.0555000,-60.0472500
g2104187-460256,1,0.600,0.076,-0.872,0.113,0.740,0.077,-0.175,0.052,9,316.0777917,-46.0488611
g2104249-214650,1,0.850,0.121,-0.308,0.151,0.300,0.085,-0.025,0.086,4,316.1035833,-21.7804722
g2104254-375821,1,0.525,0.081,-0.026,0.102,0.240,0.049,0.200,0.065,2,316.1058750,-37.9723889
g2104271-515035,1,0.825,0.112,-0.083,0.103,0.300,0.063,0.200,0.062,6,316.1128333,-51.8431389
g2104304-724545,1,0.750,0.109,0.078,0.112,-0.030,0.059,0.050,0.071,7,316.1268333,-72.7624167
g2104410-481127,2,0.900,0.073,0.080,0.059,0.180,0.027,0.250,0.045,4,316.1709583,-48.1908889
g2104514-514924,1,0.775,0.124,0.030,0.113,0.340,0.057,0.350,0.069,5,316.2140000,-51.8233889
g2104532-485711,1,0.775,0.095,0.134,0.089,0.150,0.040,0.275,0.061,2,316.2216667,-48.9530833
g2104575-135648,1,1.175,0.000,-0.378,0.065,0.560,0.046,0.150,0.031,9,316.2396250,-13.9467500
g2104592-502510,1,0.975,0.078,0.170,0.093,-0.180,0.081,0.000,0.064,9,316.2466250,-50.4195278
g2105045-432511,1,0.900,0.077,0.017,0.064,0.380,0.036,0.375,0.040,8,316.2687917,-43.4196944
g2105146-441445,1,0.825,0.092,0.099,0.064,0.240,0.034,0.325,0.046,8,316.3110000,-44.2457778
g2105165-143832,1,0.550,0.090,-0.010,0.121,0.090,0.061,0.075,0.079,4,316.3188333,-14.6420833
g2105167-683748,1,1.175,0.034,-0.352,0.086,0.480,0.064,0.100,0.037,6,316.3194583,-68.6298611
g2105243-504302,1,1.175,0.000,-0.289,0.057,0.360,0.042,0.050,0.029,7,316.3510417,-50.7171111
g2105279-523307,1,0.375,0.056,0.187,0.082,0.120,0.034,0.300,0.064,3,316.3663333,-52.5519722
g2105310-470245,1,0.925,0.067,-0.133,0.072,0.300,0.038,0.150,0.048,3,316.3790833,-47.0456944
g2105445-514236,1,0.250,0.050,0.199,0.153,0.240,0.053,0.425,0.136,5,316.4352500,-51.7099167
g2105497-610931,1,0.825,0.138,-0.669,0.209,0.360,0.134,-0.330,0.112,8,316.4569167,-61.1585833
g2105590-344157,1,0.875,0.096,0.024,0.094,0.240,0.048,0.250,0.063,7,316.4957917,-34.6990833
g2106007-630057,1,0.300,0.074,0.143,0.159,0.060,0.093,0.200,0.087,3,316.5027083,-63.0157500
g2106046-452559,1,0.900,0.053,0.218,0.040,0.060,0.029,0.275,0.029,4,316.5193333,-45.4329167
g2106055-393751,1,0.375,0.077,0.362,0.124,0.120,0.044,0.475,0.107,2,316.5227083,-39.6309167
g2106086-544459,1,0.950,0.092,0.009,0.100,0.150,0.054,0.150,0.064,5,316.5359583,-54.7496667
g2106089-154754,1,0.975,0.093,-0.558,0.130,0.460,0.086,-0.125,0.057,8,316.5372083,-15.7983056
g2106127-140750,1,1.100,0.031,0.220,0.081,-0.180,0.058,0.050,0.044,5,316.5528333,-14.1306111
g2106245-490245,1,0.800,0.084,-0.073,0.090,0.210,0.046,0.125,0.057,7,316.6020417,-49.0458333
g2106385-545625,1,0.650,0.106,-0.544,0.124,0.710,0.074,0.125,0.076,7,316.6605000,-54.9403056
g2106472-442346,1,0.800,0.092,0.005,0.086,0.180,0.042,0.175,0.059,2,316.6965417,-44.3961944
g2106475-471116,1,1.050,0.026,0.059,0.042,0.150,0.028,0.200,0.029,3,316.6979167,-47.1878333
g2106508-621717,1,0.600,0.089,0.055,0.118,0.180,0.087,0.225,0.073,7,316.7116667,-62.2879167
g2106522-445410,1,0.625,0.062,-0.001,0.081,0.240,0.044,0.225,0.049,3,316.7175833,-44.9027500
g2107057-451229,1,0.925,0.059,-0.414,0.055,0.440,0.035,0.000,0.034,4,316.7736250,-45.2080000
g2107082-370832,1,0.975,0.082,-0.204,0.106,0.270,0.066,0.050,0.068,6,316.7840000,-37.1422500
g2107118-445009,1,0.725,0.103,-0.004,0.113,0.270,0.059,0.250,0.067,4,316.7992083,-44.8357222
g2107267-394112,1,0.350,0.090,0.099,0.156,0.240,0.067,0.325,0.120,5,316.8610833,-39.6865556
g2107308-442108,1,1.050,0.031,-0.066,0.045,0.150,0.031,0.075,0.027,4,316.8783333,-44.3521667
g2107465-581813,1,1.000,0.045,-0.104,0.068,0.270,0.043,0.150,0.043,5,316.9439167,-58.3037222
g2107522-471044,1,1.150,0.000,-0.139,0.029,0.360,0.027,0.200,0.015,5,316.9673750,-47.1790000
g2107545-344617,1,0.275,0.097,0.334,0.168,0.150,0.061,0.475,0.140,9,316.9768750,-34.7713889
g2107549-024330,1,-0.050,0.046,0.397,0.098,0.030,0.073,0.425,0.080,9,316.9788750,-2.7250833
g2108032-551735,1,0.950,0.086,-0.408,0.117,0.300,0.083,-0.125,0.051,4,317.0131250,-55.2930833
g2108075-331434,1,0.650,0.067,0.112,0.070,0.120,0.032,0.225,0.050,4,317.0313750,-33.2427778
g2108193-362321,1,0.650,0.104,-0.121,0.121,0.420,0.057,0.275,0.079,6,317.0805000,-36.3890556
g2108227-153344,1,0.650,0.122,0.134,0.137,0.150,0.084,0.275,0.100,10,317.0943750,-15.5623333
g2108272-271720,1,1.175,0.033,-0.408,0.070,0.300,0.055,-0.125,0.038,3,317.1133333,-27.2888889
g2108429-144715,1,0.400,0.122,0.023,0.157,0.480,0.062,0.475,0.134,9,317.1787500,-14.7875556
g2109027-021719,1,0.350,0.112,0.234,0.194,0.150,0.068,0.375,0.156,5,317.2612500,-2.2886111
g2109098-791036,1,0.375,0.078,0.030,0.128,0.180,0.071,0.200,0.074,2,317.2907500,-79.1766111
g2109194-140500,1,1.175,0.006,-0.248,0.051,0.210,0.038,-0.050,0.027,5,317.3306250,-14.0833333
g2109214-191758,1,1.000,0.057,-0.123,0.090,0.210,0.060,0.075,0.051,4,317.3392500,-19.2995278
g2109222-231458,1,0.600,0.093,0.155,0.108,0.180,0.049,0.325,0.079,2,317.3426667,-23.2495000
g2109260-161309,1,1.175,0.050,0.202,0.072,0.210,0.058,0.400,0.037,10,317.3583333,-16.2191667
g2109281-525560,1,1.000,0.059,-0.371,0.065,0.500,0.044,0.100,0.034,4,317.3672500,-52.9333056
g2109323-292018,1,0.850,0.134,-0.796,0.223,0.420,0.140,-0.400,0.128,8,317.3847500,-29.3384167
g2109323-645321,1,0.925,0.096,-0.351,0.115,0.240,0.079,-0.125,0.055,3,317.3843750,-64.8891389
g2109378-033042,1,0.150,0.050,0.074,0.135,0.320,0.059,0.375,0.125,6,317.4074583,-3.5117500
g2109536-160854,1,1.175,0.030,0.180,0.064,0.180,0.052,0.350,0.027,6,317.4731250,-16.1483333
g2109559-701408,1,0.950,0.095,0.202,0.070,0.210,0.040,0.400,0.049,4,317.4828750,-70.2355556
g2110009-140441,1,0.875,0.073,0.168,0.070,0.060,0.042,0.225,0.044,3,317.5035833,-14.0779722
g2110036-511012,1,0.300,0.085,-0.471,0.225,0.420,0.146,-0.075,0.111,10,317.5150000,-51.1700556
g2110082-004623,1,-0.100,0.043,0.238,0.104,-0.120,0.072,0.125,0.078,8,317.5340000,-0.7729444
g2110199-023050,1,0.175,0.072,0.341,0.182,-0.150,0.116,0.200,0.125,7,317.5830833,-2.5139722
g2110272-291512,1,0.425,0.162,0.266,0.266,-0.150,0.114,0.125,0.209,7,317.6134167,-29.2533889
g2110289-231248,1,0.900,0.105,0.027,0.104,0.210,0.057,0.225,0.065,3,317.6202500,-23.2133611
g2110476-232231,1,0.900,0.072,-0.035,0.086,0.090,0.057,0.050,0.053,2,317.6984167,-23.3752500
g2110542-034635,1,0.950,0.097,-0.351,0.130,0.240,0.090,-0.125,0.058,6,317.7259167,-3.7763056
g2110564-020548,1,-0.200,0.048,0.238,0.113,-0.120,0.064,0.125,0.112,10,317.7350833,-2.0966944
g2110572-434240,1,0.550,0.124,0.037,0.140,0.120,0.076,0.150,0.085,7,317.7384583,-43.7110000
g2111074-204357,1,1.150,0.073,-0.729,0.132,0.270,0.098,-0.475,0.071,3,317.7809583,-20.7326111
g2111079-231411,1,1.100,0.056,-0.352,0.103,0.400,0.068,0.025,0.057,5,317.7827917,-23.2362500
g2111102-220635,1,1.100,0.069,-0.270,0.092,0.180,0.074,-0.100,0.043,3,317.7926667,-22.1096389
g2111125-805048,1,0.600,0.100,0.012,0.118,0.120,0.063,0.125,0.076,3,317.8020000,-80.8467778
g2111148-483016,1,1.025,0.040,-0.539,0.067,0.440,0.047,-0.125,0.030,3,317.8116250,-48.5044722
g2111324-423852,1,0.250,0.091,0.388,0.214,-0.120,0.070,0.275,0.167,3,317.8850417,-42.6478333
g2111521-491701,1,1.025,0.035,-0.223,0.055,0.210,0.037,-0.025,0.031,3,317.9668750,-49.2837222
g2111577-230936,1,0.750,0.123,0.275,0.124,0.000,0.055,0.275,0.090,5,317.9905417,-23.1600000
g2111577-482700,1,0.600,0.057,-0.023,0.079,0.210,0.056,0.175,0.052,7,317.9904167,-48.4500556
g2112080-232445,1,0.850,0.102,-0.035,0.133,0.090,0.084,0.050,0.077,4,318.0334583,-23.4124722
g2112122-461744,1,0.850,0.087,0.128,0.093,-0.030,0.052,0.100,0.057,3,318.0508750,-46.2956667
g2112284-051708,1,1.000,0.072,-0.564,0.111,0.440,0.081,-0.150,0.053,3,318.1182917,-5.2854167
g2112346-815201,1,0.575,0.122,0.057,0.133,-0.060,0.086,0.000,0.084,5,318.1442500,-81.8668056
g2112478-443727,1,0.700,0.094,0.272,0.097,0.030,0.045,0.300,0.068,4,318.1993333,-44.6240556
g2113002-550248,1,0.525,0.091,-0.101,0.123,0.320,0.053,0.200,0.086,5,318.2509583,-55.0466111
g2113120-000837,1,0.400,0.084,0.429,0.111,-0.270,0.051,0.175,0.086,6,318.3000000,-0.1435556
g2113154-373213,1,0.775,0.081,-0.360,0.109,0.090,0.091,-0.275,0.063,2,318.3143333,-37.5368889
g2113208-475712,1,0.200,0.043,0.228,0.101,-0.030,0.050,0.200,0.067,2,318.3367083,-47.9533889
g2113232-722920,1,0.200,0.068,0.203,0.177,-0.030,0.080,0.175,0.124,4,318.3465833,-72.4888611
g2113283-742656,1,1.175,0.016,-0.707,0.063,0.400,0.056,-0.330,0.024,1,318.3679583,-74.4489722
g2113327-012248,1,0.250,0.042,-0.116,0.141,0.150,0.090,0.025,0.068,5,318.3861250,-1.3799722
g2113355-430022,1,0.325,0.143,0.209,0.223,0.150,0.078,0.350,0.173,6,318.3977917,-43.0061667
g2113568-515120,1,0.775,0.139,-0.020,0.147,0.180,0.068,0.150,0.097,6,318.4866250,-51.8555278
g2114125-424048,1,0.775,0.147,-0.104,0.165,0.270,0.083,0.150,0.101,6,318.5519167,-42.6799444
g2114146-651336,1,0.300,0.074,0.113,0.142,-0.120,0.082,0.000,0.094,5,318.5607917,-65.2267222
g2114163-514722,1,0.550,0.100,-0.066,0.122,0.150,0.073,0.075,0.074,5,318.5679583,-51.7893333
g2114203-790702,1,1.000,0.074,-0.101,0.104,0.320,0.064,0.200,0.059,4,318.5846250,-79.1172500
g2114236-050557,1,0.050,0.044,0.107,0.121,-0.060,0.071,0.050,0.078,4,318.5981250,-5.0990278
g2114369-511857,1,0.800,0.120,-0.003,0.136,0.030,0.078,0.025,0.090,5,318.6535417,-51.3158056
g2114401-282721,1,0.975,0.098,-0.304,0.125,0.270,0.080,-0.050,0.073,4,318.6672083,-28.4557222
g2114516-463352,1,1.075,0.030,-0.606,0.089,0.590,0.070,-0.050,0.037,4,318.7147917,-46.5643333
g2114560-672924,1,0.575,0.107,0.002,0.130,0.210,0.060,0.200,0.085,2,318.7334167,-67.4900278
g2115082-232131,1,1.150,0.027,0.059,0.064,0.150,0.056,0.200,0.038,6,318.7842917,-23.3584722
g2115192-722212,1,1.075,0.030,-0.123,0.051,0.210,0.042,0.075,0.032,4,318.8300833,-72.3700000
g2115356-465229,1,0.525,0.133,0.074,0.134,0.240,0.060,0.300,0.107,6,318.8982917,-46.8745833
g2115358-471730,1,0.975,0.110,0.057,0.124,-0.060,0.070,0.000,0.080,9,318.8992500,-47.2915556
g2115443-225924,1,0.550,0.122,-0.191,0.155,0.150,0.096,-0.050,0.084,5,318.9344583,-22.9898889
g2116009-464030,1,0.575,0.100,0.065,0.130,0.090,0.071,0.150,0.078,5,319.0037917,-46.6748889
g2116124-734956,1,0.600,0.128,-0.173,0.176,0.210,0.108,0.025,0.097,5,319.0515417,-73.8322500
g2116144-221404,1,1.175,0.030,-0.370,0.070,0.340,0.053,-0.050,0.035,5,319.0601250,-22.2344722
g2116171-553039,1,0.600,0.115,0.012,0.134,0.120,0.068,0.125,0.088,2,319.0713333,-55.5109444
g2116254-513934,1,0.500,0.085,0.368,0.108,0.060,0.048,0.425,0.089,7,319.1058750,-51.6593889
g2116324-482149,1,1.100,0.000,-0.098,0.029,0.210,0.026,0.100,0.016,2,319.1349167,-48.3635556
g2116462-421542,1,1.175,0.014,-0.220,0.034,0.180,0.031,-0.050,0.021,7,319.1925000,-42.2616944
g2116571-281935,1,0.575,0.123,0.143,0.129,0.060,0.060,0.200,0.093,3,319.2378750,-28.3263611
g2116577-735657,1,1.100,0.026,-0.246,0.065,0.500,0.059,0.225,0.040,5,319.2405833,-73.9491389
g2117017-501523,1,0.975,0.077,-0.033,0.075,0.300,0.044,0.250,0.056,4,319.2570000,-50.2563333
g2117064-230717,1,1.175,0.004,-0.183,0.042,0.380,0.036,0.175,0.023,5,319.2765417,-23.1215000
g2117104-755710,1,0.275,0.081,0.143,0.156,0.060,0.081,0.200,0.121,6,319.2934583,-75.9527222
g2117120-555616,1,0.550,0.099,-0.521,0.168,0.420,0.107,-0.125,0.079,7,319.2997917,-55.9377778
g2117127-193737,1,0.675,0.103,0.034,0.116,0.150,0.058,0.175,0.075,4,319.3030417,-19.6270000
g2117283-224858,1,1.000,0.060,-0.066,0.085,0.150,0.060,0.075,0.050,2,319.3680000,-22.8161111
g2117291-804809,1,0.050,0.077,0.328,0.176,-0.030,0.078,0.300,0.126,4,319.3712083,-80.8023611
g2117551-224624,1,0.175,0.050,-0.326,0.194,0.240,0.114,-0.100,0.103,5,319.4795417,-22.7733889
g2118041-514338,1,0.400,0.118,-0.017,0.178,-0.300,0.067,-0.300,0.140,6,319.5171250,-51.7273333
g2118055-223950,1,0.550,0.099,-0.013,0.146,0.120,0.088,0.100,0.085,7,319.5229583,-22.6639722
g2118215-272053,1,1.175,0.025,-0.270,0.078,0.340,0.063,0.050,0.040,4,319.5897500,-27.3480556
g2118419-450026,1,0.875,0.092,-0.371,0.104,0.420,0.060,0.025,0.061,4,319.6745000,-45.0071667
g2118529-552644,1,1.175,0.019,-0.183,0.072,0.460,0.062,0.250,0.026,10,319.7203333,-55.4454444
g2119154-711500,1,0.500,0.061,-0.226,0.087,0.320,0.058,0.075,0.047,6,319.8141667,-71.2500556
g2119187-061441,1,0.800,0.100,0.057,0.111,-0.060,0.070,0.000,0.065,3,319.8278750,-6.2447778
g2119259-064530,1,1.100,0.046,-0.208,0.060,0.300,0.048,0.075,0.035,8,319.8579583,-6.7584167
g2119344-552203,1,1.025,0.038,-0.652,0.097,0.400,0.076,-0.275,0.038,2,319.8932083,-55.3674167
g2119382-670313,1,0.400,0.068,0.100,0.106,0.000,0.060,0.100,0.066,2,319.9093333,-67.0536111
g2119475-684744,1,0.850,0.121,-0.338,0.159,0.120,0.138,-0.225,0.076,9,319.9480417,-68.7954444
g2119517-513108,1,0.925,0.110,-0.220,0.136,0.180,0.080,-0.050,0.078,5,319.9653750,-51.5189444
g2119531-304620,1,0.475,0.094,0.250,0.110,0.000,0.057,0.250,0.073,4,319.9711250,-30.7722778
g2119570-432716,1,0.900,0.112,-0.151,0.105,0.240,0.061,0.075,0.065,4,319.9872917,-43.4545278
g2120003-050746,1,0.475,0.063,0.022,0.095,0.030,0.056,0.050,0.057,4,320.0012500,-5.1295556
g2120029-692416,1,1.100,0.025,-0.476,0.066,0.240,0.064,-0.250,0.033,3,320.0122500,-69.4043611
g2120054-195004,1,0.825,0.153,-0.008,0.172,0.300,0.089,0.275,0.102,6,320.0226250,-19.8344444
g2120285-201012,1,0.950,0.079,-0.276,0.111,0.240,0.078,-0.050,0.056,3,320.1186667,-20.1700278
g2120312-432653,1,0.950,0.097,-0.123,0.115,0.210,0.068,0.075,0.069,5,320.1298333,-43.4481667
g2120425-530048,1,0.500,0.136,-0.132,0.185,0.060,0.093,-0.075,0.111,5,320.1769167,-53.0132778
g2120523-303429,1,0.600,0.087,-0.039,0.097,0.360,0.041,0.300,0.069,4,320.2180417,-30.5748056
g2120565-724552,1,0.625,0.085,-0.016,0.108,0.150,0.072,0.125,0.070,3,320.2353750,-72.7643056
g2121038-724608,1,0.400,0.067,-0.079,0.108,0.270,0.054,0.175,0.068,4,320.2660000,-72.7688056
g2121094-600655,1,0.250,0.057,0.215,0.130,0.090,0.069,0.300,0.098,8,320.2889583,-60.1153333
g2121240-525332,1,0.475,0.075,0.102,0.103,0.210,0.050,0.300,0.064,7,320.3498750,-52.8922778
g2121366-711814,1,0.800,0.111,-0.278,0.113,0.030,0.069,-0.250,0.067,4,320.4026250,-71.3039167
g2121549-555537,1,0.500,0.110,0.121,0.134,0.270,0.053,0.375,0.111,7,320.4788750,-55.9268333
g2122093-405019,1,0.700,0.082,-0.220,0.111,0.180,0.073,-0.050,0.055,2,320.5387500,-40.8385833
g2122204-502644,1,0.375,0.131,-0.193,0.233,-0.060,0.136,-0.250,0.138,8,320.5851250,-50.4456389
g2122229-560014,1,1.175,0.035,0.109,0.074,0.150,0.052,0.250,0.034,6,320.5954583,-56.0039722
g2122294-451155,1,1.150,0.071,-0.583,0.126,0.300,0.098,-0.300,0.056,3,320.6222917,-45.1986389
g2122310-495255,1,0.850,0.123,0.168,0.111,0.060,0.059,0.225,0.081,9,320.6290000,-49.8818333
g2122381-192828,1,0.900,0.093,-0.176,0.109,0.240,0.067,0.050,0.066,5,320.6585417,-19.4743056
g2122457-213658,1,0.725,0.096,0.005,0.112,0.180,0.055,0.175,0.075,3,320.6905000,-21.6160000
g2122485-220456,1,1.175,0.034,-0.558,0.085,0.460,0.070,-0.125,0.032,6,320.7022083,-22.0823333
g2122537-195350,1,0.525,0.101,0.080,0.123,0.180,0.068,0.250,0.076,4,320.7239167,-19.8972500
g2122565-481851,1,0.675,0.126,0.168,0.138,0.060,0.065,0.225,0.101,6,320.7354583,-48.3141389
g2123046-712030,1,0.275,0.055,-0.020,0.126,0.180,0.080,0.150,0.070,4,320.7691667,-71.3415833
g2123064-473917,1,0.350,0.055,-0.020,0.114,0.180,0.061,0.150,0.063,6,320.7765417,-47.6547778
g2123130-193624,1,1.050,0.054,0.240,0.075,0.090,0.056,0.325,0.034,8,320.8040833,-19.6066667
g2123340-494711,1,0.750,0.125,-0.373,0.164,0.210,0.096,-0.175,0.090,8,320.8915417,-49.7863056
g2123397-052602,1,0.550,0.088,0.190,0.112,0.090,0.051,0.275,0.106,6,320.9153333,-5.4338056
g2123544-110513,1,0.775,0.123,-0.514,0.130,0.440,0.074,-0.100,0.072,7,320.9766667,-11.0868889
g2124096-544239,1,0.475,0.118,-0.371,0.168,0.420,0.094,0.025,0.094,6,321.0401667,-54.7108333
g2124260-113111,1,1.075,0.052,-0.140,0.102,-0.090,0.078,-0.225,0.041,5,321.1081250,-11.5197500
g2124263-491649,1,1.075,0.012,-0.201,0.051,0.240,0.042,0.025,0.024,2,321.1096250,-49.2802222
g2124386-200701,1,0.575,0.106,0.109,0.128,0.150,0.059,0.250,0.085,2,321.1607083,-20.1170000
g2124587-422738,1,0.750,0.072,0.034,0.066,0.150,0.032,0.175,0.048,4,321.2445417,-42.4604444
g2125005-184802,1,0.900,0.089,-0.191,0.101,0.150,0.066,-0.050,0.050,3,321.2522083,-18.8004167
g2125329-424145,1,0.725,0.110,-0.041,0.129,0.150,0.073,0.100,0.076,8,321.3870000,-42.6956944
g2125466-545214,1,0.725,0.076,0.027,0.090,0.210,0.052,0.225,0.052,5,321.4440417,-54.8704444
g2125535-095146,1,0.725,0.089,-0.270,0.108,0.340,0.066,0.050,0.058,5,321.4727917,-9.8626667
g2125536-422441,1,0.300,0.032,0.065,0.070,0.090,0.040,0.150,0.039,2,321.4732500,-42.4112778
g2125574-090156,1,1.025,0.042,-0.060,0.069,0.090,0.056,0.025,0.036,4,321.4890833,-9.0320833
g2126425-065942,1,0.250,0.056,-0.670,0.144,0.340,0.100,-0.350,0.086,5,321.6770833,-6.9949444
g2126435-214959,1,0.700,0.082,0.137,0.093,0.120,0.044,0.250,0.064,5,321.6810417,-21.8329722
g2126518-190136,1,0.800,0.152,-0.048,0.142,0.210,0.069,0.150,0.096,5,321.7157500,-19.0265556
g2127226-452254,1,0.275,0.070,0.362,0.139,0.120,0.058,0.475,0.117,3,321.8441250,-45.3817500
g2127269-490349,1,0.775,0.067,-0.004,0.064,0.270,0.036,0.250,0.039,3,321.8618750,-49.0635000
g2127285-094443,1,0.500,0.077,0.034,0.111,0.150,0.060,0.175,0.073,4,321.8688333,-9.7453056
g2127337-011119,1,0.975,0.079,-0.045,0.099,0.180,0.070,0.125,0.052,8,321.8904583,-1.1886111
g2127534-111824,1,0.275,0.055,-0.048,0.126,0.210,0.072,0.150,0.069,7,321.9722917,-11.3066944
g2128307-523109,1,0.600,0.115,0.065,0.139,0.090,0.065,0.150,0.099,5,322.1280000,-52.5191111
g2128439-672232,1,1.100,0.028,-0.110,0.062,0.090,0.051,-0.025,0.032,4,322.1828333,-67.3756389
g2128480-452305,1,0.575,0.100,-0.088,0.113,0.120,0.061,0.025,0.073,4,322.2000833,-45.3845833
g2129125-003718,1,0.400,0.088,0.012,0.156,0.120,0.087,0.125,0.086,2,322.3021667,-0.6217500
g2129168-511902,2,0.650,0.116,0.203,0.144,-0.030,0.068,0.175,0.094,7,322.3201250,-51.3172500
g2129346-790732,1,1.175,0.035,-0.583,0.092,0.300,0.086,-0.300,0.045,5,322.3940000,-79.1254444
g2129374-211144,1,0.900,0.079,0.230,0.059,0.180,0.031,0.400,0.040,4,322.4060000,-21.1956389
g2129397-060822,1,0.900,0.093,-0.270,0.083,0.340,0.057,0.050,0.054,7,322.4154167,-6.1393333
g2129522-003753,1,0.675,0.094,-0.088,0.110,0.120,0.062,0.025,0.065,4,322.4674583,-0.6312500
g2130142-080401,1,0.850,0.133,-0.799,0.198,0.530,0.122,-0.300,0.104,8,322.5592917,-8.0669722
g2130232-512621,1,1.150,0.030,-0.348,0.083,0.210,0.075,-0.150,0.043,4,322.5966667,-51.4392500
g2130282-634435,1,0.950,0.065,-0.254,0.083,0.270,0.056,0.000,0.042,5,322.6175417,-63.7430833
g2130382-123219,1,0.300,0.092,-0.170,0.206,0.180,0.127,0.000,0.101,4,322.6593333,-12.5385833
g2130540-512521,1,0.625,0.112,0.368,0.105,0.060,0.041,0.425,0.079,6,322.7249167,-51.4225278
g2131303-571921,1,0.500,0.076,-0.035,0.096,0.090,0.055,0.050,0.061,1,322.8762917,-57.3223611
g2131338-520307,1,1.175,0.044,-0.426,0.093,0.240,0.072,-0.200,0.040,5,322.8906667,-52.0518056
g2131357-465315,1,1.175,0.054,-0.539,0.094,0.440,0.067,-0.125,0.047,8,322.8986667,-46.8874167
g2131515-111007,1,1.175,0.020,-0.458,0.064,0.300,0.052,-0.175,0.029,3,322.9645833,-11.1685833
g2131527-460331,1,1.150,0.032,-0.928,0.096,0.560,0.081,-0.400,0.036,4,322.9693750,-46.0585278
g2131560-625028,1,1.100,0.023,-0.264,0.084,0.360,0.067,0.075,0.035,8,322.9834583,-62.8412222
g2132062-110744,1,0.725,0.134,0.038,0.139,-0.120,0.083,-0.075,0.078,3,323.0259583,-11.1289167
g2132135-480015,1,0.700,0.142,0.132,0.162,-0.060,0.082,0.075,0.104,7,323.0563750,-48.0041111
g2132293-714112,1,0.725,0.155,0.159,0.153,0.150,0.068,0.300,0.108,3,323.1220000,-71.6866389
g2132353-440403,1,1.025,0.022,-0.182,0.047,0.060,0.039,-0.125,0.020,5,323.1468750,-44.0675556
g2132395-602504,1,1.150,0.027,-0.235,0.064,0.090,0.052,-0.150,0.034,8,323.1645417,-60.4178333
g2132477-064723,1,0.450,0.071,0.187,0.078,0.120,0.038,0.300,0.052,2,323.1988750,-6.7897778
g2132586-480300,1,0.775,0.094,0.109,0.087,0.150,0.044,0.250,0.060,4,323.2440417,-48.0500556
g2133227-791758,1,1.125,0.057,-0.595,0.118,0.180,0.097,-0.425,0.048,7,323.3444167,-79.2994722
g2133240-023701,1,0.775,0.129,0.115,0.121,0.090,0.060,0.200,0.083,7,323.3498750,-2.6168611
g2133245-311311,1,0.650,0.116,-0.001,0.132,0.240,0.063,0.225,0.090,2,323.3521667,-31.2196389
g2133435-633439,1,0.275,0.035,-0.023,0.093,0.210,0.062,0.175,0.048,6,323.4311667,-63.5775556
g2133526-554048,1,1.175,0.032,-0.157,0.086,0.060,0.063,-0.100,0.038,7,323.4689583,-55.6800833
g2134202-523951,1,0.325,0.092,0.078,0.166,-0.030,0.088,0.050,0.101,5,323.5840000,-52.6641389
g2134242-194033,1,1.100,0.005,-0.113,0.061,0.120,0.046,0.000,0.033,1,323.6009583,-19.6758611
g2134245-705740,1,0.600,0.136,-0.191,0.142,0.150,0.085,-0.050,0.082,3,323.6020833,-70.9610000
g2134250-332507,1,0.675,0.089,-0.195,0.105,0.340,0.061,0.125,0.063,5,323.6042917,-33.4186389
g2135000-703543,1,0.725,0.119,-0.721,0.201,0.500,0.148,-0.250,0.090,8,323.7500000,-70.5951389
g2135004-003041,1,0.900,0.105,-0.263,0.119,0.120,0.079,-0.150,0.061,2,323.7517083,-0.5113889
g2135016-201544,1,0.400,0.091,-0.278,0.154,0.030,0.094,-0.250,0.082,10,323.7568333,-20.2621111
g2135028-001015,1,0.300,0.093,0.096,0.177,0.270,0.076,0.350,0.138,7,323.7617917,-0.1708889
g2135052-731450,1,0.550,0.081,0.122,0.098,0.030,0.058,0.150,0.068,1,323.7716250,-73.2473333
g2135174-031125,1,0.575,0.125,-0.420,0.165,0.340,0.091,-0.100,0.094,5,323.8225833,-3.1902222
g2135183-093008,1,0.550,0.126,0.187,0.142,0.120,0.062,0.300,0.105,8,323.8260417,-9.5022500
g2135202-205646,1,0.400,0.096,0.168,0.132,0.060,0.058,0.225,0.091,3,323.8341250,-20.9460000
g2135208-374130,1,1.175,0.015,-0.079,0.050,0.270,0.044,0.175,0.034,6,323.8366250,-37.6915278
g2135326-581750,1,0.750,0.113,-0.082,0.110,0.060,0.060,-0.025,0.064,6,323.8857917,-58.2970833
g2135502-344257,1,0.950,0.085,0.024,0.084,0.240,0.043,0.250,0.055,3,323.9591667,-34.7157222
g2135576-085328,1,0.650,0.140,0.197,0.158,0.030,0.068,0.225,0.108,8,323.9898333,-8.8910833
g2135588-042332,1,0.525,0.081,0.092,0.084,0.380,0.039,0.450,0.071,7,323.9949583,-4.3920833
g2136039-032016,1,0.700,0.079,0.146,0.070,0.270,0.033,0.400,0.046,3,324.0161250,-3.3378056
g2136082-073510,1,0.750,0.090,-0.329,0.093,0.270,0.059,-0.075,0.048,3,324.0340833,-7.5862222
g2136168-083040,1,0.775,0.151,0.284,0.130,0.150,0.064,0.425,0.093,6,324.0701250,-8.5110000
g2136237-035822,1,1.000,0.053,0.017,0.060,0.300,0.044,0.300,0.038,6,324.0988750,-3.9728889
g2136238-642532,1,0.650,0.061,-0.221,0.069,0.420,0.048,0.175,0.039,6,324.0989583,-64.4255278
g2136306-035929,1,0.325,0.078,0.443,0.148,0.060,0.060,0.500,0.118,7,324.1274583,-3.9914722
g2136376-274331,1,0.450,0.052,0.100,0.067,0.000,0.039,0.100,0.050,2,324.1565417,-27.7252222
g2136487-224820,1,1.100,0.015,-0.316,0.060,0.150,0.053,-0.175,0.031,2,324.2030000,-22.8054167
g2136542-202037,1,0.650,0.076,-0.045,0.089,0.180,0.052,0.125,0.056,6,324.2257500,-20.3437222
g2137224-035644,1,0.900,0.098,-0.352,0.114,0.480,0.068,0.100,0.064,8,324.3433333,-3.9454167
g2137237-705100,1,0.900,0.111,-0.226,0.137,0.240,0.086,0.000,0.071,4,324.3488333,-70.8500278
g2137282-470209,1,1.175,0.055,-0.733,0.132,0.460,0.103,-0.300,0.048,7,324.3673750,-47.0358333
g2137310-292640,1,0.700,0.067,-0.045,0.091,0.180,0.048,0.125,0.054,1,324.3791667,-29.4445278
g2137329-144139,1,1.175,0.011,-0.370,0.070,0.340,0.053,-0.050,0.038,5,324.3872083,-14.6940556
g2138049-042618,1,0.375,0.094,-0.041,0.178,0.150,0.079,0.100,0.130,8,324.5202083,-4.4383333
g2138070-264158,1,0.575,0.076,-0.123,0.092,0.210,0.050,0.075,0.059,2,324.5290000,-26.6993889
g2138079-423618,1,0.975,0.069,-0.078,0.064,0.030,0.041,-0.050,0.039,2,324.5330833,-42.6048611
g2138082-115212,1,0.225,0.077,0.228,0.176,-0.030,0.070,0.200,0.133,3,324.5342500,-11.8700000
g2138181-070915,1,0.425,0.124,0.648,0.176,-0.210,0.071,0.450,0.155,6,324.5755000,-7.1541667
g2138201-211906,1,0.925,0.095,-0.248,0.101,0.210,0.061,-0.050,0.061,1,324.5835417,-21.3183611
g2138339-041329,1,0.975,0.058,-0.702,0.084,0.480,0.066,-0.250,0.045,8,324.6413750,-4.2247500
g2138346-075426,1,0.875,0.088,0.052,0.089,0.210,0.046,0.250,0.056,3,324.6441667,-7.9071944
g2138346-511239,1,0.550,0.136,0.055,0.153,0.180,0.062,0.225,0.113,3,324.6439583,-51.2108333
g2138424-724642,1,1.150,0.005,-0.095,0.053,0.180,0.039,0.075,0.028,2,324.6766667,-72.7784444
g2138446-492139,1,1.075,0.038,-0.333,0.065,0.380,0.046,0.025,0.033,4,324.6858333,-49.3608611
g2139173-531929,2,0.275,0.057,-0.013,0.143,0.120,0.067,0.100,0.096,4,324.8220833,-53.3247500
g2139228-504329,1,0.700,0.088,-0.377,0.112,0.400,0.069,0.000,0.061,7,324.8448750,-50.7246944
g2139463-295237,1,0.425,0.080,0.012,0.134,0.120,0.073,0.125,0.080,4,324.9427500,-29.8770556
g2139517-360213,1,0.875,0.083,-0.010,0.083,0.090,0.047,0.075,0.055,1,324.9655833,-36.0369722
g2139524-224536,1,0.150,0.102,0.234,0.218,0.150,0.084,0.375,0.183,8,324.9681667,-22.7600000
g2139592-224131,1,0.950,0.091,-0.151,0.085,0.320,0.054,0.150,0.054,5,324.9965417,-22.6920278
g2140007-064325,1,0.400,0.090,0.105,0.123,0.180,0.062,0.275,0.075,5,325.0030000,-6.7235556
g2140029-503804,1,1.100,0.027,-0.179,0.074,0.270,0.056,0.075,0.037,7,325.0120833,-50.6344167
g2140034-635432,1,0.550,0.076,0.205,0.079,0.180,0.033,0.375,0.060,4,325.0142500,-63.9089444
g2140143-222441,1,0.725,0.135,0.162,0.141,0.120,0.066,0.275,0.097,3,325.0593750,-22.4113889
g2140230-571627,1,0.750,0.096,0.022,0.112,0.030,0.065,0.050,0.066,4,325.0956250,-57.2740278
g2140334-132043,1,0.975,0.089,-0.063,0.110,0.120,0.082,0.050,0.064,6,325.1390833,-13.3452778
g2140354-494818,1,0.700,0.085,0.197,0.090,0.030,0.044,0.225,0.060,4,325.1475417,-49.8049722
g2140372-222023,1,1.100,0.032,-0.113,0.056,0.120,0.043,0.000,0.035,3,325.1549583,-22.3396667
g2140591-504538,2,0.625,0.140,-0.066,0.161,0.150,0.091,0.075,0.098,2,325.2462500,-50.7606667
g2141138-555836,1,0.250,0.033,0.034,0.095,0.150,0.061,0.175,0.053,4,325.3073750,-55.9766667
g2141189-012951,1,0.200,0.055,0.391,0.135,-0.150,0.051,0.250,0.103,6,325.3287917,-1.4976111
g2141193-635431,1,0.425,0.070,-0.049,0.082,0.530,0.040,0.450,0.078,7,325.3303333,-63.9086944
g2141212-700024,1,0.875,0.149,0.175,0.166,0.000,0.074,0.175,0.114,6,325.3382917,-70.0065833
g2141414-103808,1,0.425,0.067,0.087,0.084,0.120,0.042,0.200,0.054,4,325.4222917,-10.6356111
g2141469-464916,1,1.100,0.036,-0.520,0.094,0.340,0.071,-0.200,0.041,8,325.4452917,-46.8210556
g2141538-064232,1,0.725,0.082,-0.220,0.098,0.180,0.056,-0.050,0.055,3,325.4739583,-6.7088056
g2141597-064619,1,0.500,0.102,-0.114,0.128,0.440,0.053,0.300,0.095,5,325.4986250,-6.7720556
g2142074-190440,1,-0.025,0.050,0.393,0.102,0.060,0.067,0.450,0.079,6,325.5307500,-19.0776389
g2142197-102157,1,0.200,0.052,-0.020,0.144,0.180,0.084,0.150,0.075,3,325.5820833,-10.3657778
g2142217-744107,1,1.150,0.011,-0.609,0.107,0.620,0.087,-0.025,0.040,10,325.5904583,-74.6853056
g2142244-123348,1,0.450,0.112,0.293,0.144,0.060,0.050,0.350,0.125,8,325.6017500,-12.5632778
g2142299-062540,1,0.375,0.057,0.132,0.112,-0.060,0.067,0.075,0.062,4,325.6245417,-6.4277500
g2142327-292203,1,0.950,0.069,-0.763,0.124,0.460,0.087,-0.330,0.072,3,325.6360417,-29.3674167
g2142449-383329,1,0.925,0.126,-0.114,0.142,0.360,0.064,0.225,0.096,5,325.6872500,-38.5581111
g2142483-752043,1,0.250,0.053,-0.364,0.176,0.360,0.114,-0.025,0.095,8,325.7011250,-75.3452222
g2142488-065207,1,0.625,0.111,0.202,0.085,0.210,0.045,0.400,0.065,7,325.7032500,-6.8685278
g2142557-063553,1,0.250,0.076,0.141,0.181,-0.150,0.094,0.000,0.104,8,325.7320000,-6.5981389
g2142590-551457,1,0.525,0.129,0.124,0.178,0.240,0.071,0.350,0.135,10,325.7459583,-55.2491944
g2143023-070154,1,0.975,0.079,0.043,0.099,0.060,0.063,0.100,0.058,6,325.7595833,-7.0315556
g2143058-070407,1,0.900,0.097,0.005,0.100,0.180,0.053,0.175,0.065,4,325.7740833,-7.0685000
g2143125-515740,1,0.575,0.159,-0.541,0.259,0.150,0.141,-0.400,0.150,3,325.8020417,-51.9610833
g2143405-520646,2,0.800,0.098,0.147,0.092,0.030,0.048,0.175,0.063,3,325.9189167,-52.1127500
g2143438-532809,1,1.175,0.007,0.025,0.052,0.000,0.045,0.025,0.030,5,325.9325833,-53.4691944
g2143470-083412,1,1.100,0.101,-0.614,0.117,0.360,0.077,-0.275,0.063,9,325.9460000,-8.5700000
g2143513-001917,1,0.625,0.084,-0.126,0.097,0.240,0.052,0.100,0.066,3,325.9637500,-0.3213611
g2143562-513503,2,0.875,0.112,0.093,0.097,0.060,0.052,0.150,0.070,6,325.9841250,-51.5842500
g2143567-084131,1,0.775,0.112,-0.088,0.108,0.120,0.069,0.025,0.074,2,325.9862500,-8.6919444
g2144040-085811,1,0.400,0.124,0.315,0.171,0.090,0.064,0.400,0.135,4,326.0165833,-8.9696667
g2144282-063223,1,0.050,0.065,-0.183,0.153,0.460,0.088,0.250,0.083,6,326.1173750,-6.5398333
g2144315-091128,1,1.000,0.075,-0.408,0.103,0.460,0.070,0.025,0.054,7,326.1310417,-9.1912222
g2144334-100128,1,0.725,0.149,0.084,0.158,0.150,0.068,0.225,0.112,7,326.1390833,-10.0245278
g2144357-060922,1,0.425,0.092,0.118,0.120,0.060,0.063,0.175,0.077,6,326.1487083,-6.1562222
g2144493-084413,1,0.250,0.088,-0.054,0.188,0.270,0.078,0.200,0.134,6,326.2055000,-8.7368056
g2144494-722515,1,0.650,0.091,-0.016,0.104,0.150,0.058,0.125,0.068,1,326.2056250,-72.4207500
g2145002-095429,1,0.700,0.098,-0.201,0.126,0.240,0.077,0.025,0.069,4,326.2506250,-9.9079167
g2145124-545434,1,1.125,0.065,-0.051,0.080,0.240,0.059,0.175,0.049,4,326.3016667,-54.9095278
g2145152-081606,1,-0.025,0.066,-0.070,0.182,0.340,0.098,0.250,0.101,6,326.3131667,-8.2684444
g2145251-772318,1,0.800,0.121,0.068,0.128,0.060,0.069,0.125,0.082,3,326.3544167,-77.3883056
g2145310-753760,1,0.950,0.128,-0.333,0.144,0.300,0.131,-0.050,0.083,7,326.3790417,-75.6332222
g2145354-524102,2,0.500,0.123,0.118,0.180,0.060,0.077,0.175,0.132,5,326.3974167,-52.6838333
g2145376-551851,1,0.275,0.075,0.243,0.165,0.060,0.071,0.300,0.122,2,326.4066667,-55.3140278
g2145417-513849,1,1.000,0.083,-0.189,0.121,0.360,0.075,0.150,0.065,2,326.4236667,-51.6470278
g2145440-104234,1,0.750,0.120,0.385,0.125,-0.090,0.058,0.300,0.085,6,326.4332917,-10.7093611
g2145471-482514,1,0.325,0.082,0.199,0.122,0.320,0.048,0.500,0.101,5,326.4460417,-48.4205000
g2146097-482114,1,0.825,0.122,-0.320,0.152,0.180,0.095,-0.150,0.077,6,326.5405833,-48.3538056
g2146142-521606,1,0.200,0.085,0.215,0.209,0.090,0.075,0.300,0.170,4,326.5590833,-52.2681944
g2146152-463106,1,0.350,0.120,-0.166,0.250,0.150,0.106,-0.025,0.179,10,326.5632083,-46.5184167
g2146342-505901,2,0.850,0.123,-0.104,0.129,0.270,0.065,0.150,0.092,7,326.6423750,-50.9836111
g2146358-522460,2,1.175,0.025,-0.326,0.095,0.320,0.074,-0.025,0.047,6,326.6493333,-52.4166389
g2146426-051345,1,0.300,0.057,0.099,0.092,0.240,0.046,0.325,0.067,3,326.6773333,-5.2290278
g2146508-523949,2,0.575,0.104,0.074,0.141,0.240,0.076,0.300,0.084,5,326.7117500,-52.6636944
g2146561-541602,1,0.750,0.087,-0.051,0.097,0.240,0.049,0.175,0.062,3,326.7337917,-54.2671944
g2147017-103105,1,0.625,0.106,-0.104,0.121,0.270,0.061,0.150,0.082,5,326.7569167,-10.5179444
g2147033-463945,1,0.800,0.103,0.140,0.098,0.090,0.052,0.225,0.065,7,326.7639167,-46.6625278
g2147101-533707,1,0.175,0.052,0.393,0.140,0.060,0.060,0.450,0.145,3,326.7921250,-53.6185833
g2147263-075047,1,0.425,0.096,0.072,0.156,0.030,0.088,0.100,0.090,3,326.8595000,-7.8464444
g2147361-131058,1,0.575,0.066,0.127,0.077,0.210,0.038,0.325,0.052,4,326.9004167,-13.1827222
g2147541-494506,1,0.850,0.106,-0.408,0.117,0.300,0.074,-0.125,0.061,4,326.9752917,-49.7516389
g2148065-762603,1,0.875,0.124,0.021,0.104,0.270,0.053,0.275,0.070,5,327.0271250,-76.4341667
g2148158-545855,1,0.675,0.093,-0.104,0.136,0.270,0.078,0.150,0.077,3,327.0658750,-54.9820000
g2148307-570325,1,0.275,0.078,0.500,0.152,0.000,0.057,0.500,0.124,3,327.1280000,-57.0568056
g2148418-763942,1,0.925,0.114,-0.398,0.170,0.210,0.139,-0.200,0.079,7,327.1740417,-76.6617778
g2149090-554015,1,0.775,0.142,0.065,0.148,0.090,0.076,0.150,0.096,1,327.2875000,-55.6709167
g2149148-093707,1,1.025,0.040,-0.028,0.053,0.030,0.047,0.000,0.037,3,327.3115417,-9.6185278
g2149391-564117,1,0.575,0.151,0.282,0.160,-0.060,0.064,0.225,0.118,6,327.4129167,-56.6880556
g2149531-534937,1,0.225,0.059,-0.060,0.178,0.090,0.091,0.025,0.114,4,327.4714167,-53.8269167
g2149570-524219,1,0.700,0.096,-0.220,0.139,0.340,0.082,0.100,0.080,5,327.4874583,-52.7052500
g2149574-045031,1,0.850,0.110,0.009,0.131,0.150,0.071,0.150,0.076,4,327.4890000,-4.8418056
g2150125-132313,1,1.075,0.049,-0.245,0.073,0.180,0.063,-0.075,0.033,3,327.5519583,-13.3868056
g2150152-144952,1,1.125,0.037,-0.145,0.084,0.180,0.062,0.025,0.045,6,327.5634583,-14.8311389
g2150181-595416,1,0.625,0.105,-0.491,0.143,0.680,0.074,0.150,0.083,5,327.5752917,-59.9045000
g2150206-040411,1,1.000,0.059,-0.178,0.070,0.030,0.045,-0.150,0.042,2,327.5859583,-4.0696667
g2150470-614551,1,0.550,0.136,0.158,0.120,-0.300,0.059,-0.125,0.105,10,327.6956667,-61.7641389
g2150556-025149,1,0.700,0.167,-0.139,0.199,0.360,0.073,0.200,0.168,6,327.7317917,-2.8636389
g2150564-091560,1,0.450,0.052,-0.038,0.083,0.120,0.040,0.075,0.057,2,327.7349167,-9.2665833
g2151067-461631,1,0.350,0.066,0.137,0.114,0.120,0.050,0.250,0.079,2,327.7778750,-46.2753056
g2151203-551928,1,1.075,0.047,-0.095,0.081,0.180,0.051,0.075,0.048,4,327.8347500,-55.3245278
g2151204-013859,1,0.500,0.077,0.197,0.089,0.030,0.053,0.225,0.055,7,327.8349583,-1.6495833
g2151204-633554,1,1.075,0.073,0.041,0.106,-0.150,0.092,-0.100,0.060,5,327.8349583,-63.5982778
g2151216-092312,1,0.500,0.083,-0.338,0.123,0.120,0.078,-0.225,0.063,5,327.8400000,-9.3867222
g2151258-633656,1,0.325,0.072,-0.072,0.162,-0.030,0.106,-0.100,0.090,4,327.8576250,-63.6156111
g2151375-714427,1,0.675,0.107,0.187,0.114,0.120,0.054,0.300,0.080,2,327.9062500,-71.7409444
g2151434-025951,1,0.775,0.113,0.030,0.133,0.180,0.069,0.200,0.085,7,327.9309167,-2.9974444
g2151468-535121,1,0.525,0.109,0.203,0.137,-0.030,0.070,0.175,0.103,5,327.9450833,-53.8558333
g2151531-272518,1,1.075,0.030,-0.864,0.084,0.440,0.070,-0.450,0.046,4,327.9713333,-27.4216389
g2151545-550720,1,0.300,0.079,-0.158,0.154,0.300,0.089,0.125,0.084,5,327.9772500,-55.1221944
g2152075-801551,1,0.725,0.190,0.099,0.170,0.240,0.069,0.325,0.123,8,328.0311250,-80.2641111
g2152126-013603,1,0.750,0.168,-0.633,0.225,0.460,0.135,-0.200,0.126,5,328.0522917,-1.6008333
g2152155-440319,1,0.450,0.089,-0.073,0.140,0.210,0.064,0.125,0.094,4,328.0645833,-44.0553611
g2152173-620148,1,0.500,0.132,0.152,0.176,0.210,0.080,0.350,0.129,9,328.0719167,-62.0301111
g2152183-640934,1,0.675,0.186,0.075,0.255,0.000,0.116,0.075,0.160,8,328.0762917,-64.1594722
g2152593-724100,1,0.275,0.090,0.203,0.195,-0.030,0.090,0.175,0.140,2,328.2471250,-72.6833333
g2153090-132048,1,0.800,0.115,-0.053,0.127,0.030,0.069,-0.025,0.071,6,328.2875417,-13.3467222
g2153108-073411,1,0.675,0.089,-0.114,0.107,0.360,0.061,0.225,0.069,5,328.2947917,-7.5698056
g2153276-572623,1,0.850,0.136,-0.441,0.197,0.150,0.127,-0.300,0.108,3,328.3650417,-57.4396389
g2153520-174048,1,0.675,0.128,-0.083,0.144,0.380,0.063,0.275,0.097,8,328.4666667,-17.6799167
g2153532-030656,1,0.950,0.104,-0.214,0.126,0.360,0.071,0.125,0.068,6,328.4715417,-3.1155833
g2154102-171347,1,0.900,0.091,-0.152,0.095,0.400,0.051,0.225,0.058,3,328.5425833,-17.2296667
g2154127-551525,1,0.375,0.079,-0.126,0.139,0.240,0.077,0.100,0.085,3,328.5528750,-55.2570278
g2154161-164023,1,0.550,0.061,0.182,0.074,-0.060,0.038,0.125,0.054,3,328.5670417,-16.6730000
g2154196-140938,1,0.750,0.107,-0.051,0.114,0.320,0.064,0.250,0.070,6,328.5814583,-14.1605556
g2154376-062245,1,0.850,0.121,-0.132,0.144,0.060,0.092,-0.075,0.079,5,328.6565417,-6.3791667
g2154377-035358,1,0.625,0.125,-0.221,0.169,0.500,0.072,0.250,0.133,7,328.6571667,-3.8995556
g2154434-124406,1,0.350,0.113,0.102,0.189,0.210,0.062,0.300,0.153,4,328.6806667,-12.7348889
g2155059-062509,1,0.575,0.100,-0.158,0.122,0.300,0.065,0.125,0.083,3,328.7747083,-6.4192778
g2155079-004613,1,0.850,0.115,0.043,0.109,0.060,0.056,0.100,0.073,3,328.7827917,-0.7703611
g2155109-120321,1,1.175,0.004,-0.370,0.080,0.340,0.072,-0.050,0.029,5,328.7955000,-12.0556944
g2155167-553420,1,1.075,0.036,0.237,0.055,0.120,0.043,0.350,0.029,5,328.8195000,-55.5722778
g2155588-463539,1,1.175,0.013,-0.514,0.074,0.440,0.059,-0.100,0.034,5,328.9950833,-46.5940278
g2156164-570402,1,0.600,0.111,-0.283,0.165,0.380,0.108,0.075,0.090,9,329.0683750,-57.0672222
g2156323-535356,1,0.250,0.049,0.385,0.122,-0.090,0.060,0.300,0.096,6,329.1347500,-53.8988333
g2156366-553316,1,0.875,0.130,-0.358,0.154,0.300,0.085,-0.075,0.090,6,329.1526667,-55.5544722
g2156480-445000,1,0.625,0.106,-0.091,0.128,0.150,0.062,0.050,0.081,3,329.1998333,-44.8334167
g2156516-112632,1,0.725,0.122,0.002,0.157,0.210,0.074,0.200,0.099,2,329.2148333,-11.4421667
g2156545-553943,1,0.825,0.103,-0.229,0.115,0.270,0.069,0.025,0.065,5,329.2269583,-55.6618056
g2156570-684709,1,0.975,0.065,-0.201,0.076,0.320,0.044,0.100,0.045,5,329.2376667,-68.7859167
g2157018-712756,1,1.175,0.004,-0.270,0.075,0.340,0.062,0.050,0.028,3,329.2576250,-71.4654722
g2157288-562651,1,1.050,0.067,-0.216,0.089,0.150,0.056,-0.075,0.051,5,329.3701250,-56.4473611
g2157334-140223,1,0.475,0.077,-0.095,0.098,0.340,0.049,0.225,0.066,3,329.3890000,-14.0396944
g2157421-162250,1,0.525,0.067,0.190,0.090,0.090,0.043,0.275,0.063,5,329.4252500,-16.3806667
g2157507-042905,1,0.850,0.115,-0.396,0.112,0.500,0.070,0.075,0.063,3,329.4610833,-4.4846667
g2157534-695025,1,0.575,0.080,0.080,0.081,0.180,0.038,0.250,0.060,3,329.4726667,-69.8403056
g2157585-040943,1,0.625,0.134,0.155,0.153,0.180,0.076,0.325,0.096,6,329.4935417,-4.1618611
g2158045-730050,1,0.875,0.106,0.107,0.111,-0.060,0.063,0.050,0.076,4,329.5185417,-73.0138056
g2158114-501127,1,0.625,0.146,0.307,0.172,-0.060,0.087,0.250,0.134,9,329.5475417,-50.1906944
g2158145-693845,1,0.725,0.129,-0.295,0.135,0.180,0.079,-0.125,0.075,2,329.5605000,-69.6459167
g2158215-471758,1,0.300,0.107,0.583,0.152,-0.300,0.049,0.300,0.139,6,329.5895833,-47.2994167
g2158266-030609,1,0.725,0.093,-0.770,0.127,0.340,0.080,-0.450,0.080,5,329.6108750,-3.1024167
g2158285-583404,1,0.150,0.024,-0.339,0.115,0.360,0.075,0.000,0.055,6,329.6186667,-58.5678056
g2158350-042914,1,0.850,0.131,-0.050,0.153,0.000,0.089,-0.050,0.089,7,329.6456250,-4.4871111
g2158407-590607,1,0.675,0.089,-0.359,0.109,0.620,0.063,0.225,0.058,6,329.6695833,-59.1018056
g2158436-042316,1,0.425,0.136,0.275,0.171,0.000,0.064,0.275,0.133,4,329.6816667,-4.3876667
g2158540-071532,2,0.850,0.114,0.043,0.112,0.060,0.061,0.100,0.080,4,329.7250417,-7.2588056
g2159063-693841,1,0.875,0.111,-0.032,0.119,0.060,0.073,0.025,0.079,3,329.7763333,-69.6446944
g2159136-152948,1,0.850,0.094,-0.201,0.086,0.240,0.047,0.025,0.052,5,329.8067917,-15.4966111
g2159212-075049,1,0.950,0.086,-0.104,0.102,0.270,0.058,0.150,0.061,6,329.8381667,-7.8468611
g2159263-701360,1,0.450,0.128,-0.123,0.207,0.210,0.126,0.075,0.133,7,329.8594167,-70.2332500
g2159355-544729,1,1.175,0.048,0.022,0.084,0.030,0.066,0.050,0.046,7,329.8977500,-54.7915000
g2159369-561227,1,0.775,0.118,0.009,0.136,0.150,0.077,0.150,0.082,2,329.9038750,-56.2075833
g2159433-701214,1,0.775,0.075,-0.179,0.093,0.270,0.053,0.075,0.056,2,329.9304167,-70.2037500
g2159442-152844,1,0.825,0.102,-0.001,0.106,0.240,0.047,0.225,0.072,1,329.9340417,-15.4789444
g2159455-465335,1,0.975,0.078,-0.108,0.086,0.380,0.047,0.250,0.055,4,329.9394583,-46.8929167
g2159464-175238,1,0.775,0.107,0.112,0.090,0.120,0.043,0.225,0.067,6,329.9435000,-17.8772778
g2159498-121711,1,0.775,0.116,-0.070,0.128,0.180,0.074,0.100,0.091,4,329.9576250,-12.2863889
g2159578-173914,1,0.600,0.080,-0.301,0.111,0.320,0.064,0.000,0.062,6,329.9907083,-17.6538333
g2200006-713940,1,0.625,0.132,-0.238,0.189,0.120,0.117,-0.125,0.097,3,330.0024583,-71.6612222
g2200008-013802,1,1.175,0.056,-0.724,0.100,0.530,0.083,-0.225,0.039,5,330.0032500,-1.6337778
g2200021-134742,1,0.950,0.081,0.009,0.095,0.150,0.051,0.150,0.061,4,330.0087083,-13.7950278
g2200258-463607,1,0.425,0.061,0.172,0.089,0.030,0.049,0.200,0.057,4,330.1072917,-46.6020000
g2200323-580046,1,0.450,0.120,0.312,0.161,0.120,0.066,0.425,0.122,2,330.1343750,-58.0126667
g2200329-432323,1,0.975,0.035,0.099,0.041,0.240,0.025,0.325,0.024,1,330.1371667,-43.3897222
g2200427-464906,1,0.725,0.107,-0.120,0.126,0.340,0.065,0.200,0.074,6,330.1780833,-46.8184167
g2200443-550630,1,1.175,0.024,-0.329,0.085,0.270,0.073,-0.075,0.034,3,330.1846250,-55.1083333
g2200498-152158,1,0.625,0.060,-0.141,0.069,0.150,0.046,0.000,0.044,4,330.2073333,-15.3661111
g2200511-015022,1,0.900,0.092,0.002,0.083,0.210,0.038,0.200,0.057,3,330.2127500,-1.8393056
g2200560-141204,1,0.975,0.041,-0.057,0.057,0.060,0.042,0.000,0.034,2,330.2331667,-14.2009722
g2201043-144227,1,0.750,0.088,0.127,0.081,0.210,0.039,0.325,0.054,4,330.2678750,-14.7074722
g2201050-044751,1,0.525,0.089,0.235,0.103,-0.090,0.059,0.150,0.066,6,330.2710000,-4.7973611
g2201078-110537,1,0.275,0.065,-0.108,0.151,0.300,0.082,0.175,0.085,5,330.2823750,-11.0935000
g2201163-550426,1,1.100,0.016,-0.127,0.052,0.400,0.035,0.250,0.026,5,330.3177083,-55.0738889
g2201193-522101,1,0.500,0.123,0.055,0.173,0.180,0.085,0.225,0.107,7,330.3302917,-52.3501667
g2201263-052558,1,0.675,0.090,-0.026,0.120,0.240,0.066,0.200,0.069,3,330.3594167,-5.4327778
g2201373-155446,1,1.100,0.016,-0.214,0.066,0.360,0.053,0.125,0.027,6,330.4054167,-15.9127778
g2201435-015738,1,0.750,0.078,0.043,0.073,0.060,0.045,0.100,0.049,1,330.4313333,-1.9605556
g2201517-021148,1,0.775,0.104,-0.050,0.101,0.000,0.061,-0.050,0.060,4,330.4652500,-2.1966389
g2201548-772454,1,1.125,0.063,-0.437,0.138,0.650,0.108,0.175,0.064,9,330.4782917,-77.4148611
g2201596-142824,1,0.850,0.168,-0.013,0.184,0.120,0.070,0.100,0.149,5,330.4982917,-14.4734167
g2202022-623049,1,0.675,0.109,-0.063,0.125,0.120,0.068,0.050,0.072,3,330.5093333,-62.5135556
g2202181-514706,1,0.600,0.135,0.009,0.189,0.150,0.087,0.150,0.127,2,330.5752917,-51.7850278
g2202216-185459,1,0.325,0.054,0.118,0.079,0.060,0.041,0.175,0.055,6,330.5900833,-18.9165000
g2202277-022436,1,0.650,0.182,0.049,0.210,0.240,0.082,0.275,0.156,5,330.6155417,-2.4100556
g2202295-020055,1,0.750,0.087,-0.045,0.091,0.180,0.050,0.125,0.061,1,330.6228333,-2.0152778
g2202333-091731,1,0.750,0.110,-0.120,0.134,0.340,0.071,0.200,0.079,7,330.6387917,-9.2920556
g2202369-473027,1,0.850,0.097,-0.204,0.102,0.270,0.065,0.050,0.055,5,330.6536667,-47.5075833
g2202420-023059,1,0.875,0.127,0.423,0.130,-0.210,0.070,0.225,0.088,6,330.6747917,-2.5164722
g2202437-020607,1,0.675,0.117,-0.301,0.144,0.320,0.087,0.000,0.078,7,330.6821667,-2.1018889
g2202486-474152,1,0.675,0.077,0.036,0.073,0.360,0.037,0.375,0.051,6,330.7026667,-47.6978333
g2203411-100229,1,0.650,0.079,-0.104,0.107,0.270,0.060,0.150,0.064,3,330.9210833,-10.0413611
g2203478-022825,1,1.175,0.011,-0.308,0.059,0.380,0.048,0.050,0.039,9,330.9490417,-2.4735556
g2203478-175749,1,0.775,0.130,-0.251,0.149,0.240,0.081,-0.025,0.082,5,330.9493333,-17.9635556
g2203504-132606,1,0.575,0.136,-0.603,0.208,0.560,0.139,-0.075,0.091,7,330.9598333,-13.4349444
g2203570-115041,1,0.425,0.089,0.284,0.125,0.150,0.058,0.425,0.093,6,330.9876667,-11.8447500
g2203572-680300,1,1.175,0.009,-0.170,0.074,0.180,0.066,0.000,0.036,5,330.9882500,-68.0500833
g2204052-695330,1,0.125,0.086,0.077,0.221,0.210,0.087,0.275,0.185,3,331.0218333,-69.8917222
g2204069-194107,1,0.650,0.086,-0.273,0.102,-0.060,0.063,-0.330,0.080,5,331.0288750,-19.6853056
g2204130-713508,1,0.975,0.083,-0.133,0.099,0.380,0.056,0.225,0.059,7,331.0540417,-71.5856667
g2204164-553730,1,0.900,0.177,-0.164,0.204,0.440,0.096,0.250,0.147,5,331.0682083,-55.6248889
g2204192-092430,1,0.250,0.059,0.272,0.135,0.030,0.059,0.300,0.103,3,331.0798750,-9.4084444
g2204208-734648,2,0.350,0.129,0.291,0.171,-0.150,0.088,0.150,0.134,4,331.0865833,-73.7798611
g2204229-483745,1,0.850,0.108,-0.004,0.089,0.270,0.050,0.250,0.064,6,331.0955000,-48.6291944
g2204380-201420,1,1.175,0.022,-0.464,0.057,0.440,0.057,-0.050,0.031,5,331.1584167,-20.2387500
g2204405-501505,1,0.850,0.074,-0.033,0.075,0.300,0.036,0.250,0.048,5,331.1686250,-50.2512500
g2205142-003854,1,0.325,0.053,0.059,0.093,0.150,0.054,0.200,0.052,1,331.3092917,-0.6482222
g2205154-010733,1,0.100,0.052,-0.091,0.136,0.150,0.079,0.050,0.078,6,331.3142917,-1.1259444
g2205217-072510,1,0.500,0.075,0.046,0.094,0.270,0.050,0.300,0.055,6,331.3402083,-7.4193611
g2205259-182231,1,0.900,0.097,-0.070,0.107,0.180,0.071,0.100,0.063,8,331.3579583,-18.3752222
g2205270-003201,1,0.600,0.120,-0.201,0.157,0.240,0.085,0.025,0.091,6,331.3625417,-0.5335556
g2205473-704816,1,1.175,0.037,-0.452,0.083,0.400,0.063,-0.075,0.041,5,331.4470000,-70.8045556
g2205493-053504,1,0.650,0.119,0.046,0.137,0.270,0.073,0.300,0.095,8,331.4555000,-5.5845278
g2205561-102815,2,1.025,0.136,-0.079,0.171,0.270,0.092,0.175,0.115,10,331.4836250,-10.4709167
g2206121-503332,1,0.600,0.102,-0.039,0.100,0.360,0.043,0.300,0.073,8,331.5505000,-50.5587500
g2206219-080524,2,0.350,0.059,0.065,0.088,0.090,0.049,0.150,0.053,4,331.5911667,-8.0900278
g2206347-711324,1,0.800,0.129,-0.176,0.143,0.240,0.073,0.050,0.089,3,331.6444167,-71.2232500
g2206418-714120,1,0.675,0.101,-0.054,0.116,0.270,0.060,0.200,0.075,4,331.6740417,-71.6887778
g2206521-575835,1,0.775,0.095,-0.239,0.112,0.440,0.069,0.175,0.056,6,331.7172083,-57.9763611
g2207159-531136,1,1.100,0.025,-0.314,0.076,0.360,0.064,0.025,0.036,4,331.8163333,-53.1931944
g2207275-434954,1,0.525,0.088,0.230,0.102,0.180,0.045,0.400,0.075,5,331.8644583,-43.8316944
g2207303-433545,1,0.475,0.067,0.052,0.085,0.210,0.046,0.250,0.055,8,331.8761667,-43.5957778
g2207390-725447,1,0.975,0.089,-0.151,0.094,0.240,0.063,0.075,0.055,2,331.9126667,-72.9131111
g2207395-490350,1,0.975,0.079,-0.401,0.088,0.240,0.066,-0.175,0.048,2,331.9145833,-49.0638611
g2207420-472223,1,0.600,0.072,-0.204,0.111,0.270,0.070,0.050,0.054,4,331.9250000,-47.3729444
g2207584-774416,1,1.075,0.078,-0.175,0.105,0.000,0.073,-0.175,0.060,5,331.9932083,-77.7376389
g2208031-163517,1,0.175,0.047,0.307,0.106,-0.060,0.047,0.250,0.088,3,332.0128750,-16.5880833
g2208227-492552,1,0.900,0.085,-0.001,0.115,0.240,0.070,0.225,0.062,7,332.0947083,-49.4310833
g2208334-185914,1,0.425,0.112,0.027,0.188,0.210,0.072,0.225,0.135,10,332.1392083,-18.9871944
g2208361-720257,1,0.950,0.080,-0.658,0.121,0.380,0.077,-0.300,0.060,4,332.1505417,-72.0491389
g2208365-185902,1,1.100,0.011,-0.179,0.052,0.270,0.034,0.075,0.035,7,332.1518750,-18.9839444
g2208413-435147,1,0.850,0.124,-0.145,0.131,0.180,0.080,0.025,0.079,4,332.1720417,-43.8629167
g2208445-532031,1,0.300,0.139,0.591,0.224,-0.150,0.085,0.450,0.174,6,332.1855833,-53.3419722
g2208550-571804,1,0.650,0.108,-0.088,0.133,0.120,0.107,0.025,0.076,8,332.2293333,-57.3011111
g2209067-620419,1,1.050,0.064,0.057,0.101,-0.060,0.073,0.000,0.052,10,332.2777917,-62.0720556
g2209310-704847,1,1.075,0.023,-0.098,0.050,0.210,0.041,0.100,0.034,3,332.3792083,-70.8131111
g2209393-613012,1,0.225,0.120,0.425,0.245,0.000,0.091,0.425,0.198,5,332.4138333,-61.5032500
g2209409-144704,1,0.450,0.088,-0.279,0.147,0.270,0.085,-0.025,0.079,9,332.4205417,-14.7845000
g2209458-503801,1,0.450,0.081,0.528,0.101,-0.030,0.038,0.500,0.091,4,332.4409583,-50.6335278
g2209512-571616,1,0.225,0.046,0.184,0.132,0.150,0.056,0.325,0.090,4,332.4631250,-57.2712222
g2210014-494033,1,1.050,0.014,-0.204,0.046,0.270,0.037,0.050,0.020,2,332.5056250,-49.6758056
g2210105-620718,1,0.650,0.180,0.501,0.180,-0.240,0.058,0.275,0.143,10,332.5437083,-62.1217500
g2210165-444348,1,0.900,0.080,0.021,0.080,0.270,0.038,0.275,0.052,3,332.5687083,-44.7300833
g2210417-102752,1,1.175,0.026,-0.433,0.088,0.380,0.065,-0.075,0.042,6,332.6736250,-10.4644167
g2210422-851912,1,0.650,0.118,-0.229,0.140,0.270,0.070,0.025,0.089,5,332.6757500,-85.3199722
g2210454-725044,1,0.950,0.118,-0.487,0.137,0.650,0.080,0.125,0.084,10,332.6892917,-72.8455833
g2210468-832002,1,0.575,0.149,0.150,0.170,0.000,0.082,0.150,0.118,7,332.6948333,-83.3338333
g2211274-000302,1,0.625,0.112,0.097,0.137,0.030,0.072,0.125,0.084,7,332.8642917,-0.0505556
g2211295-181926,1,0.800,0.109,-0.020,0.110,0.180,0.057,0.150,0.071,4,332.8727917,-18.3239722
g2211310-225710,1,0.350,0.054,-0.073,0.089,0.210,0.049,0.125,0.055,5,332.8792083,-22.9528611
g2211552-101316,1,0.850,0.117,-0.320,0.122,0.340,0.068,0.000,0.073,4,332.9799167,-10.2211389
g2212107-124556,1,0.925,0.076,-0.481,0.099,0.590,0.063,0.075,0.053,7,333.0444583,-12.7655556
g2212142-460817,1,0.325,0.077,0.077,0.132,0.210,0.063,0.275,0.083,7,333.0590417,-46.1379722
g2212194-541754,1,0.400,0.111,0.450,0.141,0.000,0.061,0.450,0.122,3,333.0806250,-54.2984167
g2212358-683943,1,1.175,0.032,-0.310,0.060,0.090,0.057,-0.225,0.027,4,333.1493333,-68.6618611
g2212416-192516,1,0.900,0.104,-0.283,0.114,0.460,0.062,0.150,0.068,8,333.1731250,-19.4209722
g2212485-614658,1,0.900,0.132,-0.264,0.148,0.360,0.088,0.075,0.086,4,333.2019583,-61.7827222
g2212487-130344,1,0.625,0.116,-0.248,0.157,0.210,0.090,-0.050,0.085,5,333.2027917,-13.0623333
g2212512-010550,1,0.825,0.097,-0.276,0.109,0.240,0.067,-0.050,0.054,3,333.2133750,-1.0971944
g2212528-672636,1,0.800,0.137,-0.018,0.144,-0.060,0.094,-0.075,0.088,5,333.2199583,-67.4432500
g2213105-714446,1,0.700,0.131,-0.058,0.139,0.300,0.073,0.225,0.087,5,333.2936250,-71.7460278
g2213128-572436,1,0.600,0.066,-0.129,0.090,0.270,0.059,0.125,0.053,7,333.3035000,-57.4099722
g2213134-073306,1,0.825,0.085,-0.048,0.081,0.210,0.047,0.150,0.050,7,333.3059167,-7.5516389
g2213400-730153,1,0.850,0.117,-0.026,0.105,0.240,0.049,0.200,0.072,3,333.4168333,-73.0314722
g2213542-724649,1,1.175,0.025,-0.508,0.073,0.460,0.053,-0.075,0.034,3,333.4757500,-72.7803889
g2213543-665412,1,0.900,0.138,-0.514,0.153,0.360,0.089,-0.175,0.090,4,333.4763750,-66.9032500
g2213543-725036,1,1.125,0.060,-0.160,0.088,0.090,0.064,-0.075,0.048,4,333.4762500,-72.8434444
g2213547-180211,1,0.600,0.142,-0.033,0.131,0.380,0.045,0.325,0.120,9,333.4777083,-18.0363611
g2214079-522029,1,0.675,0.155,-0.100,0.153,0.000,0.088,-0.100,0.096,9,333.5330417,-52.3413333
g2214158-540714,1,0.400,0.099,0.100,0.150,0.000,0.080,0.100,0.099,5,333.5659583,-54.1204167
g2214241-670447,1,0.425,0.110,-0.008,0.138,0.300,0.056,0.275,0.122,8,333.6002917,-67.0796111
g2214282-761510,1,1.000,0.071,-0.166,0.088,0.150,0.056,-0.025,0.050,2,333.6175417,-76.2527500
g2214331-480838,1,0.550,0.100,-0.458,0.139,0.380,0.087,-0.100,0.071,3,333.6380000,-48.1440000
g2214507-015059,1,0.575,0.085,-0.029,0.109,0.270,0.057,0.225,0.066,3,333.7114167,-1.8497500
g2215019-555830,1,0.700,0.125,-0.179,0.145,0.270,0.084,0.075,0.084,3,333.7577917,-55.9748611
g2215418-421253,1,0.975,0.062,-0.071,0.073,0.420,0.048,0.325,0.045,8,333.9241250,-42.2147500
g2216068-092102,1,0.525,0.109,0.112,0.145,0.120,0.075,0.225,0.093,3,334.0281667,-9.3506111
g2216134-592511,1,0.775,0.078,-0.101,0.084,0.240,0.050,0.125,0.053,5,334.0557083,-59.4196667
g2216192-483154,1,0.475,0.103,0.397,0.135,0.030,0.042,0.425,0.111,6,334.0801667,-48.5316667
g2216193-811253,1,1.100,0.027,0.025,0.087,0.000,0.068,0.025,0.037,8,334.0805417,-81.2146389
g2216194-785305,1,0.100,0.067,0.282,0.174,-0.060,0.082,0.225,0.119,6,334.0809167,-78.8847222
g2216249-803331,1,0.525,0.105,0.262,0.138,0.120,0.061,0.375,0.099,5,334.1038750,-80.5585278
g2216291-212551,1,0.425,0.037,-0.016,0.061,0.150,0.051,0.125,0.030,9,334.1212083,-21.4306944
g2216383-480457,1,0.325,0.068,0.175,0.115,0.000,0.063,0.175,0.074,7,334.1593750,-48.0824167
g2216402-212909,1,0.775,0.094,-0.226,0.088,0.240,0.054,0.000,0.048,5,334.1672917,-21.4859444
g2217002-523137,1,1.175,0.054,-0.674,0.103,0.530,0.080,-0.175,0.047,6,334.2509167,-52.5269167
g2217098-811445,1,0.800,0.127,-0.002,0.130,0.400,0.073,0.375,0.078,7,334.2907500,-81.2459444
g2217112-482944,1,0.775,0.074,-0.403,0.077,0.560,0.044,0.125,0.045,9,334.2965833,-48.4954722
g2217132-482334,1,1.175,0.020,-0.095,0.064,0.180,0.049,0.075,0.036,10,334.3050833,-48.3927222
g2217158-481802,1,0.675,0.147,0.142,0.142,0.300,0.043,0.425,0.118,4,334.3156667,-48.3004722
g2217513-123518,1,0.700,0.116,-0.020,0.140,0.180,0.078,0.150,0.090,3,334.4637500,-12.5882500
g2217547-083123,1,0.575,0.070,0.043,0.087,0.060,0.040,0.100,0.063,3,334.4777500,-8.5230833
g2217591-482836,1,0.950,0.111,-0.001,0.107,0.240,0.056,0.225,0.070,5,334.4962917,-48.4766389
g2218192-661203,1,0.550,0.103,0.055,0.141,0.180,0.066,0.225,0.093,2,334.5801667,-66.2008611
g2218267-635619,1,1.025,0.083,0.059,0.095,0.150,0.055,0.200,0.061,2,334.6113750,-63.9386667
g2218300-551040,1,1.100,0.051,-0.083,0.077,0.300,0.058,0.200,0.056,5,334.6250833,-55.1777222
g2218421-701433,1,0.875,0.109,0.150,0.112,0.000,0.059,0.150,0.080,4,334.6755417,-70.2424444
g2218436-571312,1,0.950,0.093,-0.227,0.104,0.480,0.058,0.225,0.059,6,334.6815000,-57.2199167
g2218492-491326,1,1.175,0.014,-0.221,0.044,0.420,0.032,0.175,0.027,10,334.7048750,-49.2237500
g2218586-535651,1,1.150,0.045,-0.564,0.080,0.440,0.067,-0.150,0.034,4,334.7442500,-53.9474167
g2219282-184226,1,1.075,0.058,-0.833,0.122,0.380,0.093,-0.475,0.058,9,334.8675833,-18.7071667
g2219557-074128,1,0.900,0.091,-0.176,0.103,0.240,0.062,0.050,0.058,4,334.9821667,-7.6910000
g2220108-565820,2,1.075,0.114,0.372,0.134,0.030,0.076,0.400,0.079,8,335.0451667,-56.9722500
g2221272-083850,1,1.125,0.018,-0.358,0.057,0.300,0.047,-0.075,0.034,5,335.3631667,-8.6471111
g2221356-065835,1,1.075,0.049,-0.624,0.081,0.530,0.066,-0.125,0.044,4,335.3982083,-6.9763611
g2221359-484501,1,0.775,0.090,-0.378,0.091,0.560,0.050,0.150,0.052,5,335.3994167,-48.7503889
g2221514-483749,1,0.200,0.044,-0.189,0.135,0.440,0.087,0.225,0.076,9,335.4641667,-48.6303611
g2222211-080750,1,0.375,0.073,0.185,0.134,-0.090,0.073,0.100,0.084,5,335.5878750,-8.1305000
g2222311-185211,1,0.625,0.058,0.212,0.064,0.120,0.032,0.325,0.044,3,335.6296250,-18.8696944
g2222364-040715,1,0.900,0.079,-0.175,0.093,0.000,0.071,-0.175,0.045,6,335.6518333,-4.1207500
g2222431-185249,1,0.875,0.093,0.042,0.070,0.300,0.039,0.325,0.048,3,335.6794583,-18.8802222
g2222530-173749,1,0.350,0.074,0.140,0.129,0.090,0.060,0.225,0.090,5,335.7206250,-17.6303611
g2223147-601950,1,0.725,0.090,-0.023,0.096,0.210,0.051,0.175,0.061,5,335.8110417,-60.3304722
g2223247-574329,1,1.000,0.069,-0.076,0.088,0.320,0.054,0.225,0.054,3,335.8529583,-57.7247778
g2223365-545238,1,0.700,0.181,-0.327,0.232,0.400,0.135,0.050,0.130,8,335.9018750,-54.8773056
g2223392-032554,1,0.950,0.047,-0.298,0.052,0.210,0.039,-0.100,0.032,4,335.9132083,-3.4316111
g2223442-731718,1,0.575,0.160,0.037,0.170,0.120,0.085,0.150,0.115,6,335.9342917,-73.2882500
g2223447-750119,1,0.550,0.155,0.241,0.196,-0.150,0.094,0.100,0.139,2,335.9361250,-75.0218611
g2224001-110829,1,0.675,0.106,-0.120,0.124,0.180,0.059,0.050,0.079,5,336.0002083,-11.1413611
g2224086-691311,1,0.450,0.117,-0.263,0.193,0.120,0.097,-0.150,0.115,4,336.0356250,-69.2197222
g2224166-802609,1,0.900,0.113,0.062,0.128,0.120,0.068,0.175,0.076,4,336.0693333,-80.4358889
g2224328-044507,1,0.750,0.104,0.037,0.117,0.120,0.069,0.150,0.067,3,336.1367500,-4.7518056
g2224343-651339,1,1.000,0.062,-0.248,0.067,0.210,0.045,-0.050,0.040,3,336.1427917,-65.2274167
g2224514-582536,2,0.850,0.107,0.030,0.095,0.180,0.049,0.200,0.067,3,336.2142083,-58.4266944
g2225070-723518,1,0.975,0.070,0.021,0.065,0.270,0.043,0.275,0.048,3,336.2792500,-72.5882222
g2225071-020629,1,0.750,0.116,-0.664,0.158,0.440,0.109,-0.250,0.069,4,336.2797083,-2.1081111
g2225161-591523,1,0.700,0.205,0.255,0.200,0.180,0.061,0.425,0.174,5,336.3170417,-59.2565000
g2225419-024737,1,0.200,0.059,0.225,0.145,0.000,0.074,0.225,0.116,5,336.4244167,-2.7935556
g2225491-135448,1,0.500,0.086,-0.133,0.113,0.300,0.055,0.150,0.074,4,336.4545833,-13.9134444
g2226041-631705,1,0.950,0.121,0.042,0.111,0.300,0.054,0.325,0.072,7,336.5169167,-63.2845833
g2226096-800609,1,0.650,0.093,0.052,0.106,0.210,0.049,0.250,0.073,2,336.5401667,-80.1023889
g2226171-701741,1,0.625,0.136,0.228,0.159,-0.030,0.074,0.200,0.118,5,336.5713750,-70.2947222
g2226356-634133,1,1.175,0.035,-0.549,0.093,0.530,0.073,-0.050,0.046,3,336.6482500,-63.6926111
g2226362-503927,1,1.125,0.028,0.028,0.086,-0.030,0.067,0.000,0.039,4,336.6507500,-50.6575833
g2226464-150123,1,1.175,0.006,-0.458,0.045,0.300,0.040,-0.175,0.021,2,336.6931667,-15.0230278
g2226541-634252,1,0.675,0.159,0.463,0.144,-0.120,0.070,0.350,0.104,10,336.7253750,-63.7144167
g2226575-592304,1,0.975,0.097,0.011,0.083,0.360,0.052,0.350,0.046,9,336.7397500,-59.3843889
g2227123-123850,1,0.700,0.107,0.080,0.117,0.180,0.062,0.250,0.077,2,336.8012917,-12.6471944
g2227418-611314,1,0.975,0.086,-0.013,0.095,0.120,0.058,0.100,0.061,5,336.9242500,-61.2206389
g2228209-802640,1,0.600,0.113,-0.203,0.126,0.030,0.100,-0.175,0.089,7,337.0872500,-80.4444167
g2228222-664127,1,0.825,0.162,0.422,0.136,0.030,0.064,0.450,0.096,6,337.0925000,-66.6907222
g2228485-640560,1,1.175,0.029,-0.133,0.079,0.300,0.053,0.150,0.047,3,337.2018750,-64.0998611
g2229182-132449,1,0.925,0.116,-0.327,0.155,0.400,0.091,0.050,0.083,9,337.3260000,-13.4136389
g2229215-732141,1,0.900,0.105,-0.298,0.144,0.210,0.099,-0.100,0.067,5,337.3397500,-73.3613056
g2229296-353310,1,0.850,0.100,-0.016,0.100,0.150,0.053,0.125,0.066,2,337.3731250,-35.5528889
g2229409-172621,1,0.575,0.124,0.162,0.164,0.120,0.084,0.275,0.109,5,337.4205000,-17.4391944
g2230211-805909,1,0.350,0.073,-0.283,0.152,0.380,0.097,0.075,0.088,7,337.5880417,-80.9858889
g2230440-170032,1,0.225,0.047,0.213,0.127,-0.120,0.074,0.100,0.077,5,337.6833750,-17.0089444
g2230489-184255,1,1.025,0.041,-0.379,0.055,0.270,0.047,-0.125,0.025,4,337.7036250,-18.7151944
g2230524-133805,1,0.800,0.091,0.134,0.092,0.150,0.045,0.275,0.057,4,337.7183333,-13.6346667
g2231040-801317,1,1.025,0.050,-0.183,0.087,0.300,0.068,0.100,0.040,2,337.7665417,-80.2214167
g2231058-192131,1,0.775,0.094,-0.098,0.094,0.210,0.048,0.100,0.058,5,337.7741250,-19.3586944
g2231133-171941,1,0.725,0.056,-0.051,0.068,0.320,0.036,0.250,0.045,3,337.8054167,-17.3280278
g2231249-071735,1,0.525,0.116,-0.020,0.150,0.180,0.073,0.150,0.093,5,337.8537917,-7.2930278
g2231584-152624,1,0.675,0.078,-0.008,0.079,0.300,0.042,0.275,0.051,1,337.9932500,-15.4400000
g2232077-635136,1,0.550,0.140,-0.562,0.208,0.650,0.127,0.050,0.101,8,338.0320833,-63.8600278
g2232345-093109,1,0.575,0.125,0.190,0.164,0.090,0.080,0.275,0.105,10,338.1436667,-9.5191667
g2232446-592818,1,0.200,0.041,0.140,0.113,0.090,0.060,0.225,0.078,2,338.1856667,-59.4715833
g2233060-221425,1,0.475,0.090,0.048,0.139,-0.210,0.097,-0.150,0.081,8,338.2747917,-22.2402778
g2233094-170404,1,0.525,0.059,0.022,0.072,0.030,0.041,0.050,0.052,4,338.2892500,-17.0678611
g2233134-373714,1,1.125,0.008,-0.714,0.082,0.440,0.065,-0.300,0.034,8,338.3057917,-37.6206389
g2233319-373239,1,0.625,0.080,-0.038,0.113,0.120,0.070,0.075,0.066,6,338.3830000,-37.5440278
g2233340-101058,1,0.850,0.090,0.087,0.085,0.120,0.046,0.200,0.055,2,338.3917083,-10.1826944
g2234311-480639,1,0.625,0.080,0.243,0.083,0.060,0.040,0.300,0.060,5,338.6294167,-48.1107778
g2234479-652548,2,1.150,0.056,-0.176,0.168,0.320,0.114,0.125,0.078,10,338.6994167,-65.4299722
g2234570-615301,1,0.100,0.046,0.093,0.124,0.060,0.085,0.150,0.074,5,338.7376667,-61.8836389
g2235046-381518,1,0.975,0.071,-0.370,0.096,0.180,0.070,-0.200,0.046,4,338.7691250,-38.2550000
g2235269-701655,1,0.750,0.130,-0.270,0.169,0.340,0.081,0.050,0.125,8,338.8619167,-70.2818889
g2235477-743652,1,0.925,0.083,0.024,0.092,0.240,0.047,0.250,0.060,3,338.9488333,-74.6143056
g2238213-360101,1,0.250,0.052,0.479,0.111,-0.270,0.053,0.225,0.088,7,339.5886667,-36.0168333
g2238488-200449,1,1.000,0.056,-0.095,0.073,0.180,0.047,0.075,0.051,3,339.7032500,-20.0801944
g2238567-192449,1,0.900,0.087,0.015,0.076,0.090,0.051,0.100,0.054,3,339.7363750,-19.4136389
g2239058-193944,1,0.525,0.068,0.068,0.089,0.060,0.048,0.125,0.059,5,339.7740417,-19.6623333
g2239363-040932,1,0.275,0.057,0.018,0.126,0.060,0.079,0.075,0.075,6,339.9010417,-4.1589722
g2240238-463140,1,1.025,0.038,-0.091,0.060,0.150,0.046,0.050,0.037,5,340.0991667,-46.5277778
g2240594-124737,1,0.675,0.094,0.043,0.096,0.060,0.046,0.100,0.069,5,340.2474583,-12.7936667
g2242050-484943,1,0.275,0.039,-0.494,0.106,0.710,0.073,0.175,0.046,8,340.5207917,-48.8287222
g2242125-674708,1,0.625,0.085,0.162,0.097,0.120,0.049,0.275,0.068,2,340.5522500,-67.7855000
g2242292-112818,1,0.900,0.105,-0.433,0.147,0.300,0.088,-0.150,0.071,6,340.6215000,-11.4715278
g2242549-420249,1,0.275,0.045,0.197,0.103,0.030,0.064,0.225,0.060,5,340.7286250,-42.0470000
g2243107-051419,1,0.850,0.071,0.049,0.069,0.240,0.039,0.275,0.046,2,340.7945000,-5.2384722
g2243281-810503,1,0.375,0.110,0.287,0.159,0.120,0.056,0.400,0.130,5,340.8671250,-81.0840556
g2243337-210350,1,0.675,0.088,0.203,0.112,-0.030,0.072,0.175,0.072,9,340.8905417,-21.0639444
g2243421-053218,1,0.125,0.085,-0.027,0.233,0.400,0.112,0.350,0.158,9,340.9255833,-5.5383056
g2243473-485309,1,0.675,0.110,0.060,0.120,-0.090,0.063,-0.025,0.085,4,340.9470000,-48.8856944
g2244138-640236,3,0.675,0.074,-0.095,0.088,0.340,0.056,0.225,0.053,5,341.0572917,-64.0433889
g2245100-195707,1,0.700,0.060,0.059,0.056,0.150,0.033,0.200,0.039,10,341.2917917,-19.9520000
g2245239-061355,1,0.675,0.139,0.068,0.155,0.060,0.078,0.125,0.101,6,341.3497500,-6.2318611
g2245279-373335,1,0.850,0.121,-0.026,0.125,0.240,0.059,0.200,0.083,5,341.3662917,-37.5595833
g2246070-033250,1,0.400,0.069,-0.348,0.123,0.210,0.082,-0.150,0.066,2,341.5291250,-3.5473056
g2246078-711924,1,1.075,0.017,-0.008,0.038,0.300,0.026,0.275,0.020,7,341.5326250,-71.3234444
g2246488-212314,1,1.075,0.010,-0.308,0.062,0.380,0.050,0.050,0.030,6,341.7032083,-21.3871944
g2246542-132659,1,0.400,0.090,0.197,0.130,0.030,0.066,0.225,0.115,7,341.7259583,-13.4496111
g2246585-455622,1,1.175,0.066,-0.426,0.108,0.240,0.098,-0.200,0.061,7,341.7436667,-45.9395278
g2246595-455701,1,1.175,0.005,-0.110,0.065,0.090,0.055,-0.025,0.030,7,341.7480833,-45.9503611
g2247139-450128,1,0.700,0.125,-0.066,0.145,0.150,0.072,0.075,0.094,3,341.8079583,-45.0245278
g2247289-120726,1,0.775,0.113,-0.095,0.123,0.180,0.072,0.075,0.074,4,341.8702083,-12.1238056
g2247421-172057,1,0.675,0.081,-0.148,0.090,0.210,0.060,0.050,0.057,3,341.9253333,-17.3492222
g2247537-041050,1,0.750,0.120,-0.229,0.153,0.270,0.101,0.025,0.079,8,341.9736667,-4.1805833
g2248129-042024,1,1.100,0.043,-0.950,0.099,0.770,0.075,-0.225,0.038,6,342.0535417,-4.3399444
g2248132-573130,1,0.500,0.178,-0.164,0.279,0.440,0.126,0.250,0.181,9,342.0549167,-57.5251111
g2248214-582029,1,0.625,0.113,0.071,0.111,0.270,0.050,0.325,0.085,5,342.0889583,-58.3414722
g2248334-451158,1,0.150,0.080,-0.083,0.233,0.300,0.108,0.200,0.180,6,342.1389583,-45.1994722
g2248437-482123,1,1.175,0.000,-0.339,0.068,0.440,0.051,0.075,0.035,9,342.1820833,-48.3563056
g2249021-593824,1,1.175,0.018,-0.345,0.063,0.340,0.055,-0.025,0.032,1,342.2587500,-59.6398889
g2249266-372509,1,0.450,0.130,0.121,0.163,0.270,0.070,0.375,0.135,6,342.3609167,-37.4191111
g2249573-373255,1,0.650,0.116,-0.101,0.133,0.240,0.070,0.125,0.085,3,342.4887917,-37.5485000
g2250010-803731,1,0.775,0.107,0.034,0.105,0.150,0.052,0.175,0.068,4,342.5040833,-80.6252500
g2250063-074527,1,0.725,0.111,-0.441,0.188,0.150,0.113,-0.300,0.108,7,342.5262083,-7.7574444
g2250096-055105,1,0.350,0.076,-0.045,0.168,0.180,0.105,0.125,0.084,6,342.5397917,-5.8515000
g2250123-211832,1,1.150,0.019,-0.429,0.056,0.270,0.050,-0.175,0.030,5,342.5510833,-21.3088889
g2250217-202104,1,1.025,0.030,-0.098,0.061,0.210,0.043,0.100,0.033,4,342.5903750,-20.3512222
g2250361-013241,1,1.125,0.011,-0.104,0.042,0.270,0.033,0.150,0.020,3,342.6505417,-1.5448333
g2250395-492939,1,1.175,0.020,-0.295,0.063,0.180,0.056,-0.125,0.034,1,342.6646667,-49.4942778
g2250397-043735,1,1.175,0.030,-0.105,0.055,-0.180,0.065,-0.275,0.045,8,342.6653333,-4.6263056
g2250413-054210,1,0.925,0.073,-0.089,0.072,0.360,0.046,0.250,0.045,5,342.6719167,-5.7028889
g2251032-042408,1,0.700,0.161,0.152,0.166,0.210,0.062,0.350,0.129,5,342.7633750,-4.4022778
g2251415-481054,1,0.375,0.111,0.275,0.183,0.000,0.090,0.275,0.134,3,342.9227083,-48.1817222
g2251487-203629,1,0.725,0.051,-0.148,0.062,0.210,0.039,0.050,0.036,6,342.9530833,-20.6080833
g2254023-151632,1,0.700,0.171,0.117,0.148,0.300,0.063,0.400,0.113,2,343.5095417,-15.2756667
g2254039-111013,1,0.625,0.131,0.132,0.104,-0.060,0.077,0.075,0.087,10,343.5162917,-11.1701389
g2255162-184327,1,0.350,0.098,0.182,0.157,-0.060,0.078,0.125,0.099,3,343.8174167,-18.7242778
g2255162-584209,1,1.175,0.058,-0.448,0.089,0.210,0.074,-0.250,0.046,7,343.8172917,-58.7024722
g2255570-703425,1,1.075,0.019,-0.326,0.065,0.320,0.054,-0.025,0.021,6,343.9873333,-70.5736667
g2255580-040833,1,1.125,0.039,-0.471,0.096,0.500,0.074,0.000,0.045,4,343.9915833,-4.1425556
g2256355-014342,1,0.875,0.118,-0.214,0.134,0.360,0.070,0.125,0.077,5,344.1480417,-1.7282778
g2257060-140651,1,0.625,0.106,-0.656,0.155,0.590,0.099,-0.100,0.074,6,344.2750000,-14.1140278
g2257135-432346,1,0.825,0.053,-0.101,0.053,0.240,0.040,0.125,0.040,3,344.3062083,-43.3959722
g2257137-030944,1,1.025,0.068,-0.456,0.095,0.590,0.056,0.100,0.053,5,344.3070833,-3.1621389
g2257148-205801,1,0.825,0.111,-0.158,0.109,0.300,0.063,0.125,0.073,2,344.3117083,-20.9670278
g2257598-005520,1,0.975,0.135,-0.064,0.123,0.440,0.049,0.350,0.116,8,344.4992083,-0.9221667
g2258527-072344,1,0.725,0.137,-0.232,0.169,0.060,0.098,-0.175,0.098,7,344.7195417,-7.3956111
g2258555-073654,1,0.700,0.087,-0.302,0.114,0.480,0.071,0.150,0.061,3,344.7310417,-7.6149444
g2258584-272842,1,0.925,0.119,0.035,0.137,-0.090,0.091,-0.050,0.085,5,344.7432917,-27.4784167
g2259030-452327,1,0.625,0.137,0.141,0.161,-0.150,0.079,0.000,0.101,9,344.7625833,-45.3907778
g2259080-722441,1,0.425,0.073,0.218,0.075,0.060,0.036,0.275,0.054,2,344.7831250,-72.4113056
g2259252-692949,1,0.725,0.092,0.005,0.090,0.180,0.046,0.175,0.064,4,344.8550417,-69.4970556
g2259394-114129,1,0.850,0.149,0.152,0.132,0.210,0.084,0.350,0.087,8,344.9140417,-11.6915000
g2301083-442317,1,0.975,0.115,-0.179,0.145,0.270,0.081,0.075,0.087,6,345.2845833,-44.3879722
g2301518-603227,1,0.475,0.092,0.177,0.119,0.210,0.053,0.375,0.090,5,345.4658750,-60.5406944
g2302274-490215,1,1.175,0.048,-0.252,0.079,0.400,0.054,0.125,0.049,3,345.6142917,-49.0376111
g2302458-781238,1,0.475,0.119,-0.001,0.165,0.320,0.077,0.300,0.120,5,345.6906250,-78.2105556
g2303383-790343,1,0.425,0.129,0.130,0.186,0.180,0.063,0.300,0.151,3,345.9095833,-79.0620556
g2303391-024632,1,-0.025,0.056,0.337,0.118,0.120,0.057,0.450,0.103,6,345.9127083,-2.7754444
g2303405-790325,1,0.400,0.095,0.122,0.136,0.030,0.059,0.150,0.111,6,345.9188750,-79.0569444
g2304156-424417,1,1.075,0.034,-0.048,0.072,0.210,0.053,0.150,0.039,4,346.0650417,-42.7379167
g2304395-720701,1,1.125,0.011,-0.091,0.054,0.150,0.043,0.050,0.025,4,346.1644167,-72.1169167
g2304413-210541,1,1.025,0.040,-0.241,0.080,0.150,0.064,-0.100,0.034,5,346.1722500,-21.0947500
g2304447-431245,1,-0.125,0.065,0.196,0.182,0.270,0.088,0.450,0.116,10,346.1864167,-43.2125000
g2304522-282748,1,0.925,0.102,-0.176,0.129,0.320,0.079,0.125,0.070,4,346.2175833,-28.4631944
g2305270-025726,1,0.475,0.058,-0.101,0.077,0.320,0.043,0.200,0.047,7,346.3626250,-2.9571944
g2305544-304416,1,0.625,0.101,-0.298,0.107,0.210,0.061,-0.100,0.068,2,346.4768333,-30.7377222
g2305572-590658,1,0.500,0.080,-0.133,0.108,0.380,0.060,0.225,0.060,8,346.4884583,-59.1160833
g2306130-064109,1,0.650,0.141,-0.351,0.178,0.240,0.116,-0.125,0.081,3,346.5542500,-6.6859444
g2306514-842254,1,0.975,0.092,-0.123,0.106,0.210,0.064,0.075,0.061,5,346.7140000,-84.3817778
g2306560-425355,1,0.600,0.067,-0.095,0.090,0.340,0.047,0.225,0.056,5,346.7332500,-42.8985833
g2306581-091710,1,0.550,0.066,0.171,0.074,0.270,0.035,0.425,0.053,4,346.7422083,-9.2861667
g2307002-062419,1,0.600,0.120,0.146,0.120,0.270,0.050,0.400,0.094,3,346.7508750,-6.4052778
g2307019-063223,1,0.525,0.073,-0.023,0.107,0.210,0.064,0.175,0.062,3,346.7578333,-6.5396944
g2307049-361631,1,0.975,0.058,-0.151,0.061,0.240,0.032,0.075,0.039,2,346.7704583,-36.2753611
g2307096-373454,1,0.950,0.119,-0.731,0.149,0.590,0.091,-0.175,0.077,5,346.7900000,-37.5815556
g2307529-430118,1,1.050,0.036,-0.223,0.066,0.210,0.060,-0.025,0.036,4,346.9702083,-43.0215556
g2308448-123822,1,0.275,0.051,0.282,0.107,-0.060,0.069,0.225,0.085,5,347.1868333,-12.6394444
g2309069-803932,1,0.625,0.127,0.247,0.140,0.030,0.059,0.275,0.098,6,347.2787500,-80.6590000
g2309121-015113,1,0.800,0.102,-0.073,0.104,0.210,0.061,0.125,0.060,9,347.3004583,-1.8535556
g2309303-761754,1,0.425,0.105,0.243,0.135,0.060,0.054,0.300,0.102,2,347.3761667,-76.2982778
g2310219-084119,1,0.475,0.070,-0.208,0.090,0.380,0.047,0.150,0.057,4,347.5910417,-8.6886667
g2311108-750332,1,1.050,0.048,-0.091,0.087,0.150,0.068,0.050,0.047,6,347.7950000,-75.0589444
g2311519-281860,1,0.600,0.119,0.059,0.136,0.150,0.067,0.200,0.104,2,347.9663333,-28.3165278
g2311521-743811,1,0.625,0.125,-0.145,0.151,0.340,0.075,0.175,0.093,5,347.9671250,-74.6362500
g2312096-282554,1,0.350,0.086,-0.054,0.173,0.270,0.076,0.200,0.119,4,348.0400833,-28.4317778
g2312126-575936,1,0.350,0.067,-0.376,0.138,0.240,0.079,-0.150,0.080,2,348.0525833,-57.9933889
g2312407-762041,1,0.925,0.119,-0.464,0.175,0.360,0.113,-0.125,0.084,7,348.1696250,-76.3448333
g2312461-533433,1,0.225,0.038,0.187,0.110,0.120,0.044,0.300,0.081,8,348.1919583,-53.5757222
g2312562-443913,1,1.175,0.005,-0.251,0.090,0.320,0.069,0.050,0.036,6,348.2340000,-44.6534722
g2313235-534426,1,0.975,0.095,-0.366,0.087,0.680,0.040,0.275,0.061,9,348.3478333,-53.7405556
g2313490-424709,1,0.675,0.155,0.149,0.170,0.240,0.076,0.375,0.121,5,348.4540417,-42.7858889
g2314159-291159,1,0.850,0.122,-0.151,0.145,0.240,0.084,0.075,0.089,5,348.5661667,-29.1998056
g2314221-020202,1,0.900,0.093,-0.201,0.108,0.320,0.069,0.100,0.056,9,348.5919583,-2.0337500
g2314499-001429,1,1.075,0.024,-0.076,0.047,0.240,0.036,0.150,0.024,6,348.7078333,-0.2413889
g2315051-711620,1,0.925,0.088,-0.328,0.107,0.560,0.065,0.200,0.062,5,348.7714167,-71.2722222
g2315143-011432,1,0.775,0.119,0.375,0.098,0.000,0.059,0.375,0.062,9,348.8093750,-1.2421111
g2315175-212159,1,0.550,0.088,0.093,0.114,0.060,0.070,0.150,0.072,5,348.8227083,-21.3662778
g2315284-093553,1,0.875,0.133,0.212,0.126,0.120,0.063,0.325,0.083,4,348.8684583,-9.5980000
g2315448-021552,1,0.875,0.098,-0.183,0.116,0.300,0.065,0.100,0.069,9,348.9364583,-2.2643056
g2315484-022357,1,0.950,0.063,-0.220,0.075,0.340,0.051,0.100,0.043,7,348.9514583,-2.3991111
g2315542-482113,1,1.150,0.054,-0.338,0.112,0.120,0.086,-0.225,0.049,7,348.9758750,-48.3535000
g2316454-185257,1,0.575,0.075,-0.157,0.093,0.060,0.062,-0.100,0.051,1,349.1890000,-18.8825556
g2317008-022329,1,1.175,0.035,-0.658,0.082,0.300,0.065,-0.375,0.034,1,349.2531250,-2.3913611
g2317390-155848,1,0.350,0.089,0.124,0.138,0.240,0.054,0.350,0.118,6,349.4123333,-15.9800556
g2317578-194402,1,0.750,0.140,-0.378,0.225,0.030,0.122,-0.350,0.133,8,349.4908750,-19.7339444
g2318084-002326,1,1.000,0.066,-0.004,0.074,0.270,0.042,0.250,0.048,3,349.5350833,-0.3905278
g2318089-480454,1,1.075,0.047,-0.333,0.090,0.300,0.068,-0.050,0.046,5,349.5372500,-48.0815833
g2318431-100027,1,0.900,0.106,-0.128,0.131,0.030,0.078,-0.100,0.068,8,349.6794167,-10.0075833
g2318435-030020,1,1.000,0.074,0.143,0.086,0.060,0.046,0.200,0.056,7,349.6812500,-3.0055278
g2318526-101534,1,0.775,0.079,-0.008,0.084,0.300,0.044,0.275,0.053,4,349.7189583,-10.2593056
g2318538-010337,1,0.325,0.061,0.277,0.113,0.210,0.042,0.475,0.099,1,349.7241667,-1.0602500
g2318540-101943,1,1.000,0.098,-0.308,0.117,0.300,0.069,-0.025,0.065,7,349.7251667,-10.3284722
g2319197-285634,1,0.450,0.090,-0.051,0.121,0.240,0.056,0.175,0.079,2,349.8322083,-28.9428333
g2319452-101305,1,1.000,0.072,-0.694,0.119,0.710,0.080,-0.025,0.063,10,349.9382083,-10.2180556
g2320038-562659,1,0.175,0.053,0.078,0.158,-0.030,0.093,0.050,0.087,3,350.0160000,-56.4496389
g2320291-010009,1,0.800,0.107,0.237,0.092,0.120,0.052,0.350,0.059,3,350.1211667,-1.0024444
g2320383-280607,1,0.525,0.167,-0.054,0.183,0.270,0.092,0.200,0.121,8,350.1596667,-28.1018056
g2320514-010041,1,1.100,0.020,-1.072,0.083,0.740,0.071,-0.375,0.033,7,350.2142917,-1.0113333
g2321095-435556,1,0.650,0.119,-0.145,0.127,0.180,0.056,0.025,0.083,4,350.2897500,-43.9322222
g2321164-211721,1,1.025,0.037,-0.208,0.059,0.300,0.049,0.075,0.032,4,350.3183333,-21.2891944
g2321248-005908,1,0.375,0.122,0.205,0.167,0.180,0.064,0.375,0.129,5,350.3533333,-0.9856111
g2321373-005402,1,0.800,0.097,-0.323,0.099,0.210,0.066,-0.125,0.051,3,350.4055833,-0.9005556
g2321373-761234,1,0.625,0.126,0.147,0.152,0.030,0.064,0.175,0.111,6,350.4052917,-76.2095000
g2321409-480056,1,0.850,0.116,-0.197,0.127,-0.030,0.077,-0.225,0.069,10,350.4203750,-48.0155833
g2322048-533004,1,0.400,0.073,0.217,0.116,0.300,0.042,0.500,0.099,7,350.5201250,-53.5011111
g2322116-423544,1,0.650,0.095,-0.188,0.100,0.120,0.060,-0.075,0.062,5,350.5484583,-42.5955833
g2322229-783503,1,1.100,0.035,-0.204,0.070,0.270,0.055,0.050,0.037,2,350.5954583,-78.5841111
g2322353-130539,1,0.425,0.068,-0.110,0.111,0.090,0.073,-0.025,0.062,2,350.6469583,-13.0941111
g2322492-375341,1,0.400,0.088,0.155,0.107,0.180,0.055,0.325,0.082,7,350.7051667,-37.8947222
g2324142-704749,1,0.575,0.099,0.093,0.119,0.060,0.066,0.150,0.079,6,351.0592917,-70.7969722
g2324303-824044,1,1.100,0.028,-0.025,0.089,0.000,0.080,-0.025,0.050,6,351.1260417,-82.6790000
g2324348-502926,1,0.875,0.101,-0.279,0.106,0.270,0.067,-0.025,0.055,2,351.1448333,-50.4905000
g2325332-440232,1,1.175,0.124,-0.198,0.163,0.210,0.062,0.000,0.119,10,351.3883333,-44.0420833
g2325376-575315,1,0.700,0.080,-0.083,0.093,0.300,0.054,0.200,0.055,1,351.4066667,-57.8874722
g2326165-015827,1,0.250,0.063,0.265,0.138,0.090,0.055,0.350,0.101,5,351.5687083,-1.9741111
g2327532-174159,1,0.675,0.068,0.072,0.095,0.030,0.055,0.100,0.058,3,351.9714583,-17.6998333
g2328082-531928,1,0.175,0.045,0.182,0.102,-0.060,0.071,0.125,0.073,7,352.0342083,-53.3244722
g2329017-594300,1,1.050,0.016,0.009,0.047,0.150,0.037,0.150,0.027,4,352.2571667,-59.7166667
g2329166-123324,1,0.850,0.108,-0.173,0.115,0.210,0.070,0.025,0.061,7,352.3191667,-12.5565278
g2329178-345930,1,1.100,0.029,-0.276,0.080,0.240,0.058,-0.050,0.039,5,352.3241250,-34.9917778
g2330067-592753,1,0.875,0.086,-0.132,0.099,0.060,0.062,-0.075,0.054,6,352.5277917,-59.4646944
g2330361-030224,1,0.875,0.074,0.049,0.064,0.240,0.031,0.275,0.045,2,352.6504167,-3.0398889
g2330433-174344,1,1.175,0.057,-0.217,0.074,-0.300,0.048,-0.500,0.058,7,352.6804583,-17.7287500
g2330535-025604,1,0.625,0.092,0.115,0.117,0.090,0.062,0.200,0.076,4,352.7230000,-2.9343056
g2331000-273130,1,0.700,0.075,-0.010,0.093,0.090,0.052,0.075,0.061,5,352.7500417,-27.5250556
g2332251-114413,1,0.650,0.141,0.068,0.155,0.060,0.091,0.125,0.092,3,353.1046667,-11.7370278
g2332324-014427,1,0.400,0.064,0.137,0.099,0.120,0.057,0.250,0.057,5,353.1349583,-1.7408056
g2332400-162621,1,0.250,0.058,-0.171,0.155,0.500,0.078,0.300,0.098,6,353.1666250,-16.4392778
g2332402-373953,1,0.575,0.088,0.140,0.106,0.090,0.058,0.225,0.073,3,353.1674583,-37.6648333
g2333117-525944,1,0.675,0.069,-0.264,0.095,0.440,0.054,0.150,0.054,4,353.2987083,-52.9955278
g2333164-450057,1,0.925,0.076,0.212,0.056,0.120,0.032,0.325,0.037,10,353.3183333,-45.0159167
g2333177-524604,1,0.600,0.083,0.046,0.087,0.270,0.045,0.300,0.060,7,353.3237917,-52.7678056
g2333525-011959,1,0.675,0.111,0.090,0.132,0.090,0.074,0.175,0.081,8,353.4688333,-1.3330556
g2334315-025115,1,1.050,0.061,-0.323,0.069,0.210,0.045,-0.125,0.038,3,353.6312500,-2.8542778
g2334414-590335,1,1.175,0.053,-0.584,0.095,0.270,0.074,-0.330,0.044,4,353.6726667,-59.0596111
g2334477-155701,1,0.850,0.079,-0.023,0.089,0.210,0.049,0.175,0.055,2,353.6988750,-15.9502222
g2335429-442107,1,0.000,0.053,0.343,0.120,0.060,0.057,0.400,0.095,3,353.9286667,-44.3520556
g2336068-015342,1,0.450,0.129,0.147,0.147,0.030,0.068,0.175,0.110,4,354.0282917,-1.8950278
g2336451-050217,1,0.900,0.083,-0.123,0.080,0.210,0.052,0.075,0.046,5,354.1879583,-5.0380000
g2337039-192522,1,0.550,0.142,0.100,0.171,0.000,0.086,0.100,0.105,5,354.2663333,-19.4227500
g2337248-153842,1,0.525,0.110,-0.008,0.134,0.300,0.061,0.275,0.099,8,354.3531667,-15.6448889
g2337312-193714,1,0.850,0.085,0.112,0.079,0.120,0.040,0.225,0.052,1,354.3798750,-19.6205556
g2337321-175338,1,0.675,0.107,0.053,0.115,-0.030,0.070,0.025,0.072,4,354.3838750,-17.8940000
g2337433-003105,1,0.525,0.097,0.037,0.120,0.120,0.063,0.150,0.077,4,354.4302917,-0.5180833
g2337444-473023,1,0.400,0.052,0.124,0.063,0.320,0.029,0.425,0.049,4,354.4350417,-47.5063611
g2338440-012819,1,1.000,0.080,0.372,0.087,0.030,0.064,0.400,0.049,6,354.6832083,-1.4720278
g2339087-165530,1,0.600,0.083,0.143,0.109,0.060,0.051,0.200,0.075,0,354.7861250,-16.9249167
g2339413-000204,1,0.275,0.071,0.193,0.135,0.060,0.059,0.250,0.102,3,354.9219583,-0.0345000
g2339538-121734,1,0.575,0.059,0.121,0.068,0.270,0.037,0.375,0.044,6,354.9742083,-12.2927222
g2340299-610512,1,0.725,0.083,-0.020,0.094,0.180,0.051,0.150,0.054,0,355.1246667,-61.0866389
g2340480-023212,1,0.650,0.133,0.010,0.145,-0.090,0.085,-0.075,0.088,4,355.1998333,-2.5366111
g2340530-020141,1,1.150,0.018,-0.276,0.073,0.240,0.058,-0.050,0.034,9,355.2206250,-2.0280278
g2341021-081318,1,0.775,0.133,-0.343,0.180,-0.060,0.096,-0.400,0.119,9,355.2587500,-8.2216667
g2341259-003944,1,1.175,0.054,-0.270,0.097,0.340,0.077,0.050,0.054,7,355.3580000,-0.6621667
g2341371-033354,1,0.900,0.077,0.115,0.070,0.090,0.032,0.200,0.054,2,355.4046250,-3.5649722
g2341509-280129,1,0.900,0.085,-0.220,0.084,0.180,0.049,-0.050,0.050,5,355.4620833,-28.0246944
g2342258-192708,1,0.875,0.080,-0.051,0.076,0.240,0.038,0.175,0.051,0,355.6074583,-19.4522500
g2342562-033902,1,0.650,0.076,0.159,0.083,0.150,0.062,0.300,0.060,4,355.7342500,-3.6504167
g2343127-362220,1,0.275,0.049,0.323,0.083,-0.210,0.055,0.125,0.065,2,355.8027500,-36.3722778
g2343170-723415,1,0.400,0.069,-0.063,0.106,0.120,0.061,0.050,0.065,2,355.8210000,-72.5707778
g2343277-290525,1,0.275,0.075,-0.102,0.175,0.400,0.065,0.275,0.141,7,355.8655833,-29.0902778
g2343402-363210,1,0.775,0.102,0.074,0.094,0.240,0.048,0.300,0.061,2,355.9173750,-36.5360000
g2343469-530240,1,0.625,0.053,-0.408,0.098,0.460,0.067,0.025,0.045,9,355.9452083,-53.0444167
g2344286-355502,1,0.925,0.105,-0.527,0.130,0.480,0.079,-0.075,0.067,3,356.1192083,-35.9171667
g2344313-280634,1,0.775,0.117,-0.141,0.137,0.150,0.081,0.000,0.082,10,356.1302083,-28.1093056
g2344395-234842,1,0.925,0.087,0.200,0.081,0.000,0.049,0.200,0.052,5,356.1645833,-23.8115556
g2344486-243605,1,0.750,0.122,-0.032,0.149,0.060,0.086,0.025,0.080,6,356.2024167,-24.6012500
g2344549-235818,1,0.750,0.110,0.087,0.116,0.120,0.059,0.200,0.073,5,356.2288750,-23.9715556
g2345177-213442,1,0.850,0.080,-0.201,0.089,0.240,0.053,0.025,0.049,2,356.3237500,-21.5781944
g2345190-000849,1,0.525,0.110,0.163,0.135,-0.120,0.071,0.050,0.088,4,356.3290417,-0.1470556
g2345200-014106,1,0.700,0.098,-0.151,0.115,0.240,0.058,0.075,0.070,3,356.3333333,-1.6848889
g2345377-001220,1,1.075,0.036,-0.570,0.092,0.340,0.081,-0.250,0.041,7,356.4070417,-0.2056667
g2345473-023530,1,0.475,0.116,0.362,0.136,0.120,0.060,0.475,0.098,3,356.4472500,-2.5915556
g2346151-280556,1,0.425,0.064,0.065,0.092,0.090,0.050,0.150,0.061,5,356.5627917,-28.0989722
g2346227-280022,1,0.400,0.056,-0.070,0.087,0.180,0.049,0.100,0.060,2,356.5946250,-28.0060000
g2346367-353118,1,1.175,0.061,-1.154,0.116,0.800,0.080,-0.400,0.061,6,356.6530833,-35.5216389
g2346448-021017,1,0.850,0.104,0.080,0.103,0.180,0.056,0.250,0.063,7,356.6867500,-2.1713333
g2346484-031548,1,1.175,0.000,-0.283,0.059,0.300,0.049,0.000,0.028,3,356.7018333,-3.2632500
g2347071-355018,1,0.125,0.058,-0.098,0.166,0.210,0.108,0.100,0.089,8,356.7797083,-35.8381944
g2347086-003639,1,0.950,0.073,-0.558,0.094,0.300,0.065,-0.275,0.045,6,356.7856250,-0.6107778
g2347187-015944,1,0.900,0.089,-0.216,0.076,0.150,0.048,-0.075,0.047,3,356.8280000,-1.9954444
g2347434-601909,1,1.000,0.103,-0.329,0.152,0.270,0.096,-0.075,0.077,6,356.9306667,-60.3191111
g2347451-280826,1,0.850,0.106,-0.001,0.083,0.240,0.048,0.225,0.060,5,356.9377500,-28.1406667
g2348097-225648,1,0.575,0.083,-0.151,0.120,0.320,0.075,0.150,0.064,9,357.0404167,-22.9467222
g2348206-281355,1,0.975,0.056,-0.095,0.067,0.340,0.042,0.225,0.044,2,357.0857500,-28.2318611
g2348248-632720,1,0.950,0.059,0.022,0.064,0.030,0.044,0.050,0.039,5,357.1031667,-63.4554444
g2348262-281644,1,0.775,0.108,-0.552,0.139,0.480,0.089,-0.100,0.070,8,357.1091250,-28.2787500
g2348263-284449,1,0.725,0.137,-0.304,0.196,0.270,0.113,-0.050,0.100,8,357.1093750,-28.7468056
g2348564-600749,1,1.025,0.036,-0.129,0.061,0.270,0.048,0.125,0.028,1,357.2348333,-60.1303889
g2349022-350009,1,0.675,0.142,0.366,0.163,-0.150,0.081,0.225,0.112,6,357.2591667,-35.0026111
g2349190-170836,1,1.175,0.006,-0.441,0.044,0.150,0.042,-0.300,0.020,8,357.3291667,-17.1431944
g2349352-182606,1,0.625,0.108,-0.221,0.141,0.500,0.070,0.250,0.086,7,357.3966667,-18.4351111
g2349483-140711,1,0.850,0.117,0.262,0.111,0.120,0.060,0.375,0.071,4,357.4514167,-14.1196667
g2350172-040804,1,0.925,0.080,-0.141,0.082,0.150,0.050,0.000,0.045,2,357.5715833,-4.1345278
g2350239-814854,1,0.325,0.095,0.216,0.174,-0.150,0.099,0.075,0.109,3,357.5996667,-81.8149722
g2350255-593045,1,0.825,0.119,0.093,0.134,0.060,0.075,0.150,0.080,3,357.6063750,-59.5125000
g2350277-241542,1,0.775,0.098,0.093,0.086,0.060,0.045,0.150,0.065,5,357.6155000,-24.2615278
g2351224-635656,1,0.325,0.067,0.241,0.137,-0.150,0.083,0.100,0.072,7,357.8433750,-63.9488611
g2351289-132254,1,0.325,0.051,0.162,0.086,0.120,0.050,0.275,0.055,4,357.8704167,-13.3815556
g2352107-623418,1,0.900,0.069,-0.213,0.079,0.120,0.052,-0.100,0.039,7,358.0445000,-62.5715556
g2352172-184153,1,0.575,0.078,-0.045,0.105,0.180,0.056,0.125,0.064,4,358.0718333,-18.6979167
g2352221-301349,1,0.275,0.044,0.040,0.096,0.090,0.056,0.125,0.057,2,358.0920000,-30.2302500
g2352271-174907,1,0.950,0.059,-0.076,0.078,0.240,0.050,0.150,0.041,9,358.1127083,-17.8185833
g2352384-234952,1,0.750,0.089,0.034,0.091,0.150,0.048,0.175,0.058,7,358.1601250,-23.8310556
g2352546-521310,1,0.725,0.068,0.034,0.088,0.150,0.053,0.175,0.049,9,358.2276250,-52.2194167
g2352578-024333,1,0.650,0.073,0.107,0.090,-0.060,0.055,0.050,0.062,2,358.2407083,-2.7259444
g2353084-025638,1,0.625,0.137,0.328,0.154,-0.030,0.069,0.300,0.108,6,358.2848750,-2.9438056
g2353176-181243,1,0.650,0.077,0.115,0.108,0.090,0.058,0.200,0.065,6,358.3235000,-18.2119722
g2353263-404858,1,1.075,0.025,-0.254,0.075,0.270,0.074,0.000,0.045,1,358.3593750,-40.8159722
g2353310-004425,1,0.850,0.117,-0.373,0.130,0.210,0.075,-0.175,0.076,3,358.3792500,-0.7401667
g2354056-175245,1,1.075,0.027,-0.151,0.047,0.320,0.034,0.150,0.024,5,358.5232500,-17.8792222
g2354064-023149,1,1.175,0.028,-0.527,0.081,0.400,0.066,-0.150,0.030,3,358.5266250,-2.5301944
g2354170-420956,1,0.925,0.089,-0.148,0.082,0.210,0.051,0.050,0.050,1,358.5706667,-42.1656389
g2354359-273403,3,0.875,0.138,0.365,0.106,0.090,0.056,0.450,0.080,6,358.6495833,-27.5674722
g2354402-314931,1,0.500,0.134,0.042,0.161,0.380,0.057,0.400,0.129,4,358.6675000,-31.8252778
g2354597-111808,1,1.175,0.019,-0.576,0.078,0.240,0.083,-0.350,0.042,5,358.7488750,-11.3021389
g2355033-022603,1,0.950,0.087,-0.364,0.092,0.360,0.053,-0.025,0.051,2,358.7638750,-2.4340278
g2355137-034447,1,0.450,0.119,0.058,0.154,-0.300,0.075,-0.225,0.124,9,358.8071250,-3.7465000
g2355162-012524,1,1.075,0.021,-0.123,0.059,0.210,0.044,0.075,0.029,3,358.8175833,-1.4232778
g2355275-751814,1,0.700,0.180,0.004,0.183,0.500,0.062,0.475,0.153,10,358.8646250,-75.3039722
g2355416-595739,1,1.050,0.027,-0.029,0.056,0.270,0.044,0.225,0.031,5,358.9233750,-59.9607222
g2355438-340931,1,0.725,0.097,-0.013,0.126,0.120,0.070,0.100,0.075,3,358.9325417,-34.1587222
g2355452-011520,1,0.925,0.119,0.047,0.104,0.030,0.060,0.075,0.065,5,358.9382917,-1.2554722
g2355497-295211,1,0.725,0.146,0.116,0.145,-0.150,0.078,-0.025,0.092,1,358.9571667,-29.8696667
g2355580-012621,1,0.525,0.194,0.202,0.254,0.210,0.076,0.400,0.203,7,358.9916250,-1.4392500
g2355597-013410,1,1.050,0.053,-0.248,0.072,0.210,0.054,-0.050,0.041,2,358.9988750,-1.5694722
g2356094-180448,1,0.775,0.110,-0.113,0.117,0.120,0.072,0.000,0.067,5,359.0391667,-18.0800000
g2356188-001820,1,0.700,0.100,-0.063,0.116,0.120,0.068,0.050,0.068,2,359.0784167,-0.3056389
g2356224-570317,1,1.175,0.004,-0.229,0.054,0.270,0.045,0.025,0.025,7,359.0932500,-57.0548333
g2356252-290124,2,0.925,0.092,-0.170,0.117,0.340,0.074,0.150,0.067,7,359.1051667,-29.0233889
g2356266-110510,1,0.925,0.085,-0.126,0.088,0.240,0.050,0.100,0.058,4,359.1106250,-11.0860833
g2356462-013500,1,0.275,0.126,-0.041,0.242,0.150,0.089,0.100,0.201,9,359.1922917,-1.5834167
g2356462-023849,1,0.775,0.094,0.052,0.086,0.210,0.043,0.250,0.060,3,359.1925417,-2.6469167
g2357127-183735,1,1.150,0.014,-0.458,0.045,0.300,0.042,-0.175,0.022,4,359.3029167,-18.6262778
g2357286-290251,2,1.025,0.064,-0.016,0.068,0.150,0.043,0.125,0.048,5,359.3691250,-29.0475833
g2357355-011857,1,0.150,0.073,0.466,0.138,-0.150,0.056,0.325,0.118,6,359.3980000,-1.3157778
g2357400-213446,1,0.525,0.052,0.074,0.067,0.240,0.040,0.300,0.044,2,359.4167917,-21.5795278
g2357405-493413,1,1.050,0.024,-0.189,0.035,0.360,0.024,0.150,0.024,6,359.4187083,-49.5702222
g2358484-115732,1,0.625,0.143,-0.070,0.179,0.180,0.096,0.100,0.111,6,359.7015833,-11.9588333
g2358598-552730,1,1.100,0.000,-0.246,0.027,0.420,0.023,0.150,0.015,6,359.7491250,-55.4583333
g2358599-620048,1,0.650,0.063,-0.120,0.074,0.180,0.040,0.050,0.048,5,359.7497083,-62.0134167
g2359026-035715,1,0.225,0.022,-0.020,0.068,0.180,0.043,0.150,0.034,2,359.7607083,-3.9541111
g2359035-052419,1,0.625,0.098,-0.202,0.120,0.400,0.064,0.175,0.071,6,359.7645417,-5.4051667
g2359193-314348,1,0.200,0.043,0.209,0.124,0.150,0.056,0.350,0.097,6,359.8305000,-31.7299167
g2359266-242531,1,0.225,0.082,0.265,0.181,0.090,0.081,0.350,0.160,7,359.8607917,-24.4251389
g2359323-501039,1,0.300,0.059,0.080,0.127,0.180,0.071,0.250,0.110,9,359.8844583,-50.1774444
