pair_id,x_o,y_o,x_e,y_e
0,204.25911633846127,112.59188219786556,234.00195068659764,109.7328945115709
1,66.60786248450141,350.60776859067704,99.55506819818515,348.0454758894474
