pair_id,x,y,q,u,P,theta_deg,r_ap
0,204.25911633846127,112.59188219786556,0.0450053942960738,-0.030129486965975415,0.05415968519644436,-16.90044020211877,5
1,66.60786248450141,350.60776859067704,-0.4880547045332206,0.045366787687256674,0.49015868863264056,87.34468542033217,5
